[19:04:36.470][D][ldc1314:436]: TRACE,818324,932,941,969
[19:04:36.484][D][ldc1314:436]: TRACE,818338,932,941,969
[19:04:36.501][D][ldc1314:436]: TRACE,818354,932,941,969
[19:04:36.515][D][ldc1314:436]: TRACE,818368,932,941,969
[19:04:36.546][D][ldc1314:436]: TRACE,818387,932,941,969
[19:04:36.552][D][ldc1314:436]: TRACE,818404,932,941,969
[19:04:36.564][D][ldc1314:436]: TRACE,818415,932,941,969
[19:04:36.578][D][ldc1314:436]: TRACE,818433,932,941,969
[19:04:36.594][D][ldc1314:436]: TRACE,818447,932,941,969
[19:04:36.612][D][ldc1314:436]: TRACE,818462,932,941,969
[19:04:36.623][D][ldc1314:436]: TRACE,818476,932,941,969
[19:04:36.649][D][ldc1314:436]: TRACE,818495,932,941,969
[19:04:36.654][D][ldc1314:436]: TRACE,818509,932,941,969
[19:04:36.671][D][ldc1314:436]: TRACE,818523,932,941,969
[19:04:36.704][D][ldc1314:436]: TRACE,818535,932,941,969
[19:04:36.712][D][ldc1314:436]: TRACE,818547,932,941,969
[19:04:36.712][D][ldc1314:436]: TRACE,818557,932,941,969
[19:04:36.712][D][ldc1314:436]: TRACE,818568,932,941,969
[19:04:36.723][D][ldc1314:436]: TRACE,818579,932,941,969
[19:04:36.738][D][ldc1314:436]: TRACE,818591,932,941,969
[19:04:36.839][D][ldc1314:436]: TRACE,818606,932,941,969
[19:04:36.859][D][ldc1314:436]: TRACE,818621,932,941,969
[19:04:36.860][D][ldc1314:436]: TRACE,818630,932,941,969
[19:04:36.860][D][ldc1314:436]: TRACE,818641,932,941,969
[19:04:36.860][D][ldc1314:436]: TRACE,818651,932,941,969
[19:04:36.860][D][ldc1314:436]: TRACE,818661,932,941,969
[19:04:36.860][D][ldc1314:436]: TRACE,818671,932,941,969
[19:04:36.860][D][ldc1314:436]: TRACE,818681,932,941,969
[19:04:36.860][D][ldc1314:436]: TRACE,818691,932,941,969
[19:04:36.860][D][ldc1314:436]: TRACE,818701,932,941,969
[19:04:36.860][D][ldc1314:436]: TRACE,818711,932,941,969
[19:04:36.871][D][ldc1314:436]: TRACE,818722,932,941,969
[19:04:36.945][D][ldc1314:436]: TRACE,818740,932,941,969
[19:04:36.945][D][ldc1314:436]: TRACE,818754,932,941,969
[19:04:36.945][D][ldc1314:436]: TRACE,818764,932,941,969
[19:04:36.955][D][ldc1314:436]: TRACE,818774,932,941,969
[19:04:36.955][D][ldc1314:436]: TRACE,818784,932,941,969
[19:04:36.955][D][ldc1314:436]: TRACE,818795,932,941,969
[19:04:36.955][D][ldc1314:436]: TRACE,818805,932,941,969
[19:04:36.963][D][ldc1314:436]: TRACE,818816,932,941,969
[19:04:36.984][D][ldc1314:436]: TRACE,818837,932,941,969
[19:04:36.999][D][ldc1314:436]: TRACE,818852,932,941,969
[19:04:37.088][D][ldc1314:436]: TRACE,818867,932,941,969
[19:04:37.088][D][ldc1314:436]: TRACE,818879,932,941,969
[19:04:37.093][D][ldc1314:436]: TRACE,818889,932,941,969
[19:04:37.093][D][ldc1314:436]: TRACE,818900,932,941,969
[19:04:37.093][D][ldc1314:436]: TRACE,818909,932,941,969
[19:04:37.093][D][ldc1314:436]: TRACE,818919,932,941,969
[19:04:37.093][D][ldc1314:436]: TRACE,818932,933,941,969
[19:04:37.093][D][ldc1314:436]: TRACE,818943,932,941,969
[19:04:37.099][D][ldc1314:436]: TRACE,818953,932,941,969
[19:04:37.120][D][ldc1314:436]: TRACE,818968,932,941,969
[19:04:37.134][D][ldc1314:436]: TRACE,818990,932,941,969
[19:04:37.162][D][ldc1314:436]: TRACE,819002,932,941,969
[19:04:37.172][D][ldc1314:436]: TRACE,819020,932,941,969
[19:04:37.179][D][ldc1314:436]: TRACE,819030,932,941,969
[19:04:37.189][D][ldc1314:436]: TRACE,819042,932,941,969
[19:04:37.204][D][ldc1314:436]: TRACE,819057,933,941,969
[19:04:37.222][D][ldc1314:436]: TRACE,819071,932,941,969
[19:04:37.232][D][ldc1314:436]: TRACE,819086,932,941,969
[19:04:37.243][D][ldc1314:436]: TRACE,819096,932,941,969
[19:04:37.262][D][ldc1314:436]: TRACE,819111,932,941,969
[19:04:37.272][D][ldc1314:436]: TRACE,819124,932,941,969
[19:04:37.365][D][ldc1314:436]: TRACE,819141,932,941,969
[19:04:37.365][D][ldc1314:436]: TRACE,819152,932,941,969
[19:04:37.366][D][ldc1314:436]: TRACE,819162,932,941,969
[19:04:37.366][D][ldc1314:436]: TRACE,819172,932,941,969
[19:04:37.366][D][ldc1314:436]: TRACE,819184,932,941,969
[19:04:37.366][D][ldc1314:436]: TRACE,819195,932,941,969
[19:04:37.366][D][ldc1314:436]: TRACE,819205,932,941,969
[19:04:37.366][D][ldc1314:436]: TRACE,819215,932,941,969
[19:04:37.373][D][ldc1314:436]: TRACE,819225,932,941,969
[19:04:37.388][D][ldc1314:436]: TRACE,819242,932,941,969
[19:04:37.403][D][ldc1314:436]: TRACE,819256,932,941,969
[19:04:37.419][D][ldc1314:436]: TRACE,819273,933,941,969
[19:04:37.433][D][ldc1314:436]: TRACE,819287,932,941,969
[19:04:37.450][D][ldc1314:436]: TRACE,819304,932,941,969
[19:04:37.466][D][ldc1314:436]: TRACE,819320,932,941,969
[19:04:37.479][D][ldc1314:436]: TRACE,819332,932,941,969
[19:04:37.494][D][ldc1314:436]: TRACE,819347,932,941,969
[19:04:37.511][D][ldc1314:436]: TRACE,819364,932,941,969
[19:04:37.525][D][ldc1314:436]: TRACE,819378,932,941,969
[19:04:37.541][D][ldc1314:436]: TRACE,819393,932,941,969
[19:04:37.555][D][ldc1314:436]: TRACE,819408,932,941,969
[19:04:37.577][D][ldc1314:436]: TRACE,819426,932,941,969
[19:04:37.586][D][ldc1314:436]: TRACE,819439,932,941,969
[19:04:37.600][D][ldc1314:436]: TRACE,819454,932,941,969
[19:04:37.613][D][ldc1314:436]: TRACE,819469,932,941,969
[19:04:37.629][D][ldc1314:436]: TRACE,819482,932,941,969
[19:04:37.643][D][ldc1314:436]: TRACE,819498,932,941,969
[19:04:37.658][D][ldc1314:436]: TRACE,819511,932,941,969
[19:04:37.670][D][ldc1314:436]: TRACE,819525,932,941,969
[19:04:37.690][D][ldc1314:436]: TRACE,819543,932,941,969
[19:04:37.705][D][ldc1314:436]: TRACE,819559,932,941,969
[19:04:37.720][D][ldc1314:436]: TRACE,819573,932,941,969
[19:04:37.736][D][ldc1314:436]: TRACE,819590,932,941,969
[19:04:37.751][D][ldc1314:436]: TRACE,819605,932,941,969
[19:04:37.764][D][ldc1314:436]: TRACE,819617,932,941,969
[19:04:37.777][D][ldc1314:436]: TRACE,819631,932,941,969
[19:04:37.789][D][ldc1314:436]: TRACE,819641,932,941,969
[19:04:37.889][D][ldc1314:436]: TRACE,819664,932,941,969
[19:04:37.889][D][ldc1314:436]: TRACE,819676,932,941,969
[19:04:37.889][D][ldc1314:436]: TRACE,819686,932,941,969
[19:04:37.889][D][ldc1314:436]: TRACE,819696,932,941,969
[19:04:37.889][D][ldc1314:436]: TRACE,819706,932,941,969
[19:04:37.889][D][ldc1314:436]: TRACE,819716,932,941,969
[19:04:37.890][D][ldc1314:436]: TRACE,819726,932,941,969
[19:04:37.890][D][ldc1314:436]: TRACE,819736,932,941,969
[19:04:37.895][D][ldc1314:436]: TRACE,819747,932,941,969
[19:04:37.905][D][ldc1314:436]: TRACE,819758,932,941,969
[19:04:37.927][D][ldc1314:436]: TRACE,819779,932,941,969
[19:04:37.943][D][ldc1314:436]: TRACE,819794,932,941,969
[19:04:37.955][D][ldc1314:436]: TRACE,819811,932,941,969
[19:04:37.978][D][ldc1314:436]: TRACE,819825,932,941,969
[19:04:37.984][D][ldc1314:436]: TRACE,819838,932,941,969
[19:04:38.017][D][ldc1314:436]: TRACE,819852,932,941,969
[19:04:38.017][D][ldc1314:436]: TRACE,819866,932,941,969
[19:04:38.017][D][ldc1314:436]: TRACE,819876,932,941,969
[19:04:38.057][D][ldc1314:436]: TRACE,819888,932,941,969
[19:04:38.076][D][ldc1314:436]: TRACE,819903,932,941,969
[19:04:38.076][D][ldc1314:436]: TRACE,819913,932,941,969
[19:04:38.080][D][ldc1314:436]: TRACE,819924,932,941,969
[19:04:38.087][D][ldc1314:436]: TRACE,819938,932,941,969
[19:04:38.100][D][ldc1314:436]: TRACE,819949,932,941,969
[19:04:38.120][D][ldc1314:436]: TRACE,819968,932,941,969
[19:04:38.142][D][ldc1314:436]: TRACE,819994,932,941,969
[19:04:38.156][D][ldc1314:436]: TRACE,820008,932,941,969
[19:04:38.169][D][ldc1314:436]: TRACE,820022,932,941,969
[19:04:38.182][D][ldc1314:436]: TRACE,820039,932,941,969
[19:04:38.197][D][ldc1314:436]: TRACE,820050,932,941,969
[19:04:38.213][D][ldc1314:436]: TRACE,820067,932,941,969
[19:04:38.228][D][ldc1314:436]: TRACE,820081,932,941,969
[19:04:38.249][D][ldc1314:436]: TRACE,820102,932,941,969
[19:04:38.263][D][ldc1314:436]: TRACE,820117,932,941,969
[19:04:38.285][D][ldc1314:436]: TRACE,820131,932,941,969
[19:04:38.288][D][ldc1314:436]: TRACE,820146,932,941,969
[19:04:38.303][D][ldc1314:436]: TRACE,820156,932,941,969
[19:04:38.320][D][ldc1314:436]: TRACE,820173,932,941,969
[19:04:38.413][D][ldc1314:436]: TRACE,820188,932,941,969
[19:04:38.413][D][ldc1314:436]: TRACE,820201,932,941,969
[19:04:38.413][D][ldc1314:436]: TRACE,820211,932,941,969
[19:04:38.414][D][ldc1314:436]: TRACE,820222,932,941,969
[19:04:38.414][D][ldc1314:436]: TRACE,820233,932,941,969
[19:04:38.414][D][ldc1314:436]: TRACE,820244,932,941,969
[19:04:38.414][D][ldc1314:436]: TRACE,820254,932,941,969
[19:04:38.421][D][ldc1314:436]: TRACE,820266,932,941,969
[19:04:38.421][D][ldc1314:436]: TRACE,820275,932,941,969
[19:04:38.433][D][ldc1314:436]: TRACE,820288,932,941,969
[19:04:38.448][D][ldc1314:436]: TRACE,820302,932,941,969
[19:04:38.463][D][ldc1314:436]: TRACE,820317,932,941,969
[19:04:38.489][D][ldc1314:436]: TRACE,820332,932,941,969
[19:04:38.496][D][ldc1314:436]: TRACE,820350,932,941,969
[19:04:38.510][D][ldc1314:436]: TRACE,820364,932,941,969
[19:04:38.526][D][ldc1314:436]: TRACE,820379,932,941,969
[19:04:38.541][D][ldc1314:436]: TRACE,820393,933,941,969
[19:04:38.558][D][ldc1314:436]: TRACE,820410,933,941,969
[19:04:38.570][D][ldc1314:436]: TRACE,820425,933,941,969
[19:04:38.594][D][ldc1314:436]: TRACE,820440,933,941,969
[19:04:38.597][D][ldc1314:436]: TRACE,820453,933,941,969
[19:04:38.632][D][ldc1314:436]: TRACE,820483,933,941,969
[19:04:38.644][D][ldc1314:436]: TRACE,820498,933,941,969
[19:04:38.661][D][ldc1314:436]: TRACE,820512,933,941,969
[19:04:38.674][D][ldc1314:436]: TRACE,820529,933,941,969
[19:04:38.695][D][ldc1314:436]: TRACE,820541,933,941,969
[19:04:38.704][D][ldc1314:436]: TRACE,820556,933,941,969
[19:04:38.716][D][ldc1314:436]: TRACE,820571,933,941,969
[19:04:38.734][D][ldc1314:436]: TRACE,820590,933,941,969
[19:04:38.750][D][ldc1314:436]: TRACE,820604,933,941,969
[19:04:38.760][D][ldc1314:436]: TRACE,820616,933,941,969
[19:04:38.771][D][ldc1314:436]: TRACE,820628,933,941,969
[19:04:38.785][D][ldc1314:436]: TRACE,820640,933,941,969
[19:04:38.801][D][ldc1314:436]: TRACE,820654,933,941,969
[19:04:38.812][D][ldc1314:436]: TRACE,820663,933,941,969
[19:04:38.822][D][ldc1314:436]: TRACE,820679,933,941,969
[19:04:38.841][D][ldc1314:436]: TRACE,820694,933,941,969
[19:04:38.940][D][ldc1314:436]: TRACE,820709,933,941,969
[19:04:38.941][D][ldc1314:436]: TRACE,820722,933,941,969
[19:04:38.941][D][ldc1314:436]: TRACE,820733,933,941,969
[19:04:38.941][D][ldc1314:436]: TRACE,820743,933,941,969
[19:04:38.941][D][ldc1314:436]: TRACE,820754,933,941,969
[19:04:38.941][D][ldc1314:436]: TRACE,820764,933,941,969
[19:04:38.941][D][ldc1314:436]: TRACE,820774,933,941,969
[19:04:38.941][D][ldc1314:436]: TRACE,820784,933,941,969
[19:04:38.941][D][ldc1314:436]: TRACE,820794,933,941,969
[19:04:38.951][D][ldc1314:436]: TRACE,820804,933,941,969
[19:04:38.966][D][ldc1314:436]: TRACE,820819,933,941,969
[19:04:38.982][D][ldc1314:436]: TRACE,820835,933,941,969
[19:04:39.001][D][ldc1314:436]: TRACE,820849,933,941,969
[19:04:39.009][D][ldc1314:436]: TRACE,820863,933,941,969
[19:04:39.024][D][ldc1314:436]: TRACE,820877,933,941,969
[19:04:39.040][D][ldc1314:436]: TRACE,820893,933,941,969
[19:04:39.057][D][ldc1314:436]: TRACE,820908,933,941,969
[19:04:39.077][D][ldc1314:436]: TRACE,820927,933,941,969
[19:04:39.090][D][ldc1314:436]: TRACE,820943,933,941,969
[19:04:39.107][D][ldc1314:436]: TRACE,820958,933,941,969
[19:04:39.122][D][ldc1314:436]: TRACE,820969,933,941,969
[19:04:39.136][D][ldc1314:436]: TRACE,820990,933,941,969
[19:04:39.151][D][ldc1314:436]: TRACE,821004,933,941,969
[19:04:39.168][D][ldc1314:436]: TRACE,821019,933,941,969
[19:04:39.183][D][ldc1314:436]: TRACE,821038,933,941,969
[19:04:39.206][D][ldc1314:436]: TRACE,821051,933,941,969
[19:04:39.212][D][ldc1314:436]: TRACE,821066,933,941,969
[19:04:39.227][D][ldc1314:436]: TRACE,821080,933,941,969
[19:04:39.242][D][ldc1314:436]: TRACE,821095,933,941,969
[19:04:39.257][D][ldc1314:436]: TRACE,821110,933,941,969
[19:04:39.273][D][ldc1314:436]: TRACE,821126,933,941,969
[19:04:39.285][D][ldc1314:436]: TRACE,821141,933,941,969
[19:04:39.308][D][ldc1314:436]: TRACE,821158,933,941,969
[19:04:39.320][D][ldc1314:436]: TRACE,821172,933,941,969
[19:04:39.333][D][ldc1314:436]: TRACE,821188,933,941,969
[19:04:39.349][D][ldc1314:436]: TRACE,821202,933,941,969
[19:04:39.364][D][ldc1314:436]: TRACE,821217,933,941,969
[19:04:39.462][D][ldc1314:436]: TRACE,821232,933,941,969
[19:04:39.462][D][ldc1314:436]: TRACE,821246,933,941,969
[19:04:39.462][D][ldc1314:436]: TRACE,821256,933,941,969
[19:04:39.463][D][ldc1314:436]: TRACE,821268,932,941,969
[19:04:39.463][D][ldc1314:436]: TRACE,821277,933,941,969
[19:04:39.463][D][ldc1314:436]: TRACE,821288,933,941,969
[19:04:39.463][D][ldc1314:436]: TRACE,821298,933,941,969
[19:04:39.471][D][ldc1314:436]: TRACE,821308,933,941,969
[19:04:39.471][D][ldc1314:436]: TRACE,821319,933,941,969
[19:04:39.479][D][ldc1314:436]: TRACE,821329,933,941,969
[19:04:39.491][D][ldc1314:436]: TRACE,821343,933,941,969
[19:04:39.516][D][ldc1314:436]: TRACE,821359,933,941,969
[19:04:39.517][D][ldc1314:436]: TRACE,821373,933,941,969
[19:04:39.533][D][ldc1314:436]: TRACE,821385,933,941,969
[19:04:39.548][D][ldc1314:436]: TRACE,821401,933,941,969
[19:04:39.564][D][ldc1314:436]: TRACE,821417,933,941,969
[19:04:39.578][D][ldc1314:436]: TRACE,821431,932,941,969
[19:04:39.593][D][ldc1314:436]: TRACE,821446,933,941,969
[19:04:39.616][D][ldc1314:436]: TRACE,821461,933,941,969
[19:04:39.622][D][ldc1314:436]: TRACE,821475,933,941,969
[19:04:39.634][D][ldc1314:436]: TRACE,821486,933,941,969
[19:04:39.654][D][ldc1314:436]: TRACE,821507,933,941,969
[19:04:39.669][D][ldc1314:436]: TRACE,821522,933,941,969
[19:04:39.683][D][ldc1314:436]: TRACE,821538,933,941,969
[19:04:39.698][D][ldc1314:436]: TRACE,821551,933,941,969
[19:04:39.717][D][ldc1314:436]: TRACE,821567,933,941,969
[19:04:39.726][D][ldc1314:436]: TRACE,821580,933,941,969
[19:04:39.742][D][ldc1314:436]: TRACE,821596,933,941,969
[19:04:39.757][D][ldc1314:436]: TRACE,821610,933,941,969
[19:04:39.777][D][ldc1314:436]: TRACE,821627,933,941,969
[19:04:39.788][D][ldc1314:436]: TRACE,821644,933,941,969
[19:04:39.804][D][ldc1314:436]: TRACE,821658,933,941,969
[19:04:39.819][D][ldc1314:436]: TRACE,821674,933,941,969
[19:04:39.832][D][ldc1314:436]: TRACE,821686,933,941,969
[19:04:39.847][D][ldc1314:436]: TRACE,821700,933,941,969
[19:04:39.864][D][ldc1314:436]: TRACE,821715,933,941,969
[19:04:39.882][D][ldc1314:436]: TRACE,821736,933,941,969
[19:04:39.995][D][ldc1314:436]: TRACE,821750,933,941,969
[19:04:39.996][D][ldc1314:436]: TRACE,821765,933,941,969
[19:04:39.996][D][ldc1314:436]: TRACE,821775,933,941,969
[19:04:39.996][D][ldc1314:436]: TRACE,821786,933,941,969
[19:04:39.996][D][ldc1314:436]: TRACE,821796,932,941,969
[19:04:39.996][D][ldc1314:436]: TRACE,821806,933,941,969
[19:04:39.996][D][ldc1314:436]: TRACE,821816,933,941,969
[19:04:39.996][D][ldc1314:436]: TRACE,821826,933,941,969
[19:04:39.996][D][ldc1314:436]: TRACE,821837,933,941,969
[19:04:40.003][D][ldc1314:436]: TRACE,821848,933,941,969
[19:04:40.004][D][ldc1314:436]: TRACE,821861,933,941,969
[19:04:40.025][D][ldc1314:436]: TRACE,821872,933,941,969
[19:04:40.030][D][ldc1314:436]: TRACE,821885,933,941,969
[19:04:40.045][D][ldc1314:436]: TRACE,821899,933,941,969
[19:04:40.062][D][ldc1314:436]: TRACE,821913,933,941,969
[19:04:40.077][D][ldc1314:436]: TRACE,821930,933,941,969
[19:04:40.092][D][ldc1314:436]: TRACE,821945,933,941,969
[19:04:40.111][D][ldc1314:436]: TRACE,821965,933,941,969
[19:04:40.137][D][ldc1314:436]: TRACE,821979,933,941,969
[19:04:40.146][D][ldc1314:436]: TRACE,821998,933,941,969
[19:04:40.160][D][ldc1314:436]: TRACE,822014,933,941,969
[19:04:40.175][D][ldc1314:436]: TRACE,822028,933,941,969
[19:04:40.189][D][ldc1314:436]: TRACE,822045,933,941,969
[19:04:40.204][D][ldc1314:436]: TRACE,822057,933,941,969
[19:04:40.229][D][ldc1314:436]: TRACE,822073,933,941,969
[19:04:40.237][D][ldc1314:436]: TRACE,822090,933,941,969
[19:04:40.247][D][ldc1314:436]: TRACE,822099,933,941,969
[19:04:40.261][D][ldc1314:436]: TRACE,822115,933,941,969
[19:04:40.276][D][ldc1314:436]: TRACE,822129,933,941,969
[19:04:40.290][D][ldc1314:436]: TRACE,822144,933,941,969
[19:04:40.304][D][ldc1314:436]: TRACE,822159,933,941,969
[19:04:40.331][D][ldc1314:436]: TRACE,822177,933,941,969
[19:04:40.338][D][ldc1314:436]: TRACE,822192,933,941,969
[19:04:40.355][D][ldc1314:436]: TRACE,822206,933,941,969
[19:04:40.369][D][ldc1314:436]: TRACE,822222,932,941,969
[19:04:40.382][D][ldc1314:436]: TRACE,822237,932,941,969
[19:04:40.399][D][ldc1314:436]: TRACE,822252,932,941,969
[19:04:40.411][D][ldc1314:436]: TRACE,822266,932,941,969
[19:04:40.512][D][ldc1314:436]: TRACE,822285,932,941,969
[19:04:40.513][D][ldc1314:436]: TRACE,822298,932,941,969
[19:04:40.513][D][ldc1314:436]: TRACE,822309,932,941,969
[19:04:40.513][D][ldc1314:436]: TRACE,822319,932,941,969
[19:04:40.513][D][ldc1314:436]: TRACE,822329,932,941,969
[19:04:40.513][D][ldc1314:436]: TRACE,822339,932,941,969
[19:04:40.513][D][ldc1314:436]: TRACE,822349,932,941,969
[19:04:40.513][D][ldc1314:436]: TRACE,822359,932,941,969
[19:04:40.519][D][ldc1314:436]: TRACE,822369,932,941,969
[19:04:40.526][D][ldc1314:436]: TRACE,822379,932,941,969
[19:04:40.543][D][ldc1314:436]: TRACE,822397,932,941,969
[19:04:40.558][D][ldc1314:436]: TRACE,822411,932,941,969
[19:04:40.573][D][ldc1314:436]: TRACE,822426,933,941,969
[19:04:40.588][D][ldc1314:436]: TRACE,822441,933,941,969
[19:04:40.603][D][ldc1314:436]: TRACE,822457,933,941,969
[19:04:40.617][D][ldc1314:436]: TRACE,822471,933,941,969
[19:04:40.641][D][ldc1314:436]: TRACE,822486,933,941,969
[19:04:40.644][D][ldc1314:436]: TRACE,822499,933,941,969
[19:04:40.663][D][ldc1314:436]: TRACE,822517,932,941,969
[19:04:40.679][D][ldc1314:436]: TRACE,822531,932,941,969
[19:04:40.694][D][ldc1314:436]: TRACE,822548,932,941,969
[19:04:40.708][D][ldc1314:436]: TRACE,822564,932,941,969
[19:04:40.724][D][ldc1314:436]: TRACE,822578,932,941,969
[19:04:40.741][D][ldc1314:436]: TRACE,822593,933,941,969
[19:04:40.754][D][ldc1314:436]: TRACE,822607,933,941,969
[19:04:40.770][D][ldc1314:436]: TRACE,822622,933,941,969
[19:04:40.788][D][ldc1314:436]: TRACE,822641,933,941,969
[19:04:40.803][D][ldc1314:436]: TRACE,822656,933,941,969
[19:04:40.818][D][ldc1314:436]: TRACE,822671,933,941,969
[19:04:40.829][D][ldc1314:436]: TRACE,822685,933,941,969
[19:04:40.850][D][ldc1314:436]: TRACE,822700,933,941,969
[19:04:40.857][D][ldc1314:436]: TRACE,822710,933,941,969
[19:04:40.871][D][ldc1314:436]: TRACE,822723,933,941,969
[19:04:40.888][D][ldc1314:436]: TRACE,822740,933,941,969
[19:04:40.907][D][ldc1314:436]: TRACE,822760,932,941,969
[19:04:40.921][D][ldc1314:436]: TRACE,822775,933,941,969
[19:04:40.945][D][ldc1314:436]: TRACE,822790,933,941,969
[19:04:41.035][D][ldc1314:436]: TRACE,822804,933,941,969
[19:04:41.035][D][ldc1314:436]: TRACE,822817,933,941,969
[19:04:41.035][D][ldc1314:436]: TRACE,822826,933,941,969
[19:04:41.035][D][ldc1314:436]: TRACE,822836,933,941,969
[19:04:41.035][D][ldc1314:436]: TRACE,822846,933,941,969
[19:04:41.035][D][ldc1314:436]: TRACE,822856,933,941,969
[19:04:41.035][D][ldc1314:436]: TRACE,822866,933,941,969
[19:04:41.050][D][ldc1314:436]: TRACE,822876,933,941,969
[19:04:41.052][D][ldc1314:436]: TRACE,822886,933,941,969
[19:04:41.052][D][ldc1314:436]: TRACE,822896,933,941,969
[19:04:41.052][D][ldc1314:436]: TRACE,822906,933,941,969
[19:04:41.065][D][ldc1314:436]: TRACE,822916,933,941,969
[19:04:41.082][D][ldc1314:436]: TRACE,822934,933,941,969
[19:04:41.095][D][ldc1314:436]: TRACE,822949,933,941,969
[19:04:41.109][D][ldc1314:436]: TRACE,822963,933,941,969
[19:04:41.122][D][ldc1314:436]: TRACE,822977,933,941,969
[19:04:41.158][D][ldc1314:436]: TRACE,822996,933,941,969
[19:04:41.165][D][ldc1314:436]: TRACE,823012,933,941,969
[19:04:41.170][D][ldc1314:436]: TRACE,823025,933,941,969
[19:04:41.187][D][ldc1314:436]: TRACE,823041,933,941,969
[19:04:41.200][D][ldc1314:436]: TRACE,823055,933,941,969
[19:04:41.221][D][ldc1314:436]: TRACE,823069,933,941,969
[19:04:41.228][D][ldc1314:436]: TRACE,823082,933,941,969
[19:04:41.252][D][ldc1314:436]: TRACE,823094,933,941,969
[19:04:41.262][D][ldc1314:436]: TRACE,823115,933,941,969
[19:04:41.278][D][ldc1314:436]: TRACE,823130,933,941,969
[19:04:41.288][D][ldc1314:436]: TRACE,823144,933,941,969
[19:04:41.302][D][ldc1314:436]: TRACE,823156,933,941,969
[19:04:41.320][D][ldc1314:436]: TRACE,823171,933,941,969
[19:04:41.335][D][ldc1314:436]: TRACE,823188,933,941,969
[19:04:41.356][D][ldc1314:436]: TRACE,823203,933,941,969
[19:04:41.368][D][ldc1314:436]: TRACE,823218,933,941,969
[19:04:41.382][D][ldc1314:436]: TRACE,823236,933,941,969
[19:04:41.397][D][ldc1314:436]: TRACE,823251,933,941,969
[19:04:41.414][D][ldc1314:436]: TRACE,823267,933,941,969
[19:04:41.426][D][ldc1314:436]: TRACE,823281,933,941,969
[19:04:41.442][D][ldc1314:436]: TRACE,823295,933,941,969
[19:04:41.457][D][ldc1314:436]: TRACE,823310,933,941,969
[19:04:41.559][D][ldc1314:436]: TRACE,823325,933,941,969
[19:04:41.560][D][ldc1314:436]: TRACE,823342,933,941,969
[19:04:41.560][D][ldc1314:436]: TRACE,823352,933,941,969
[19:04:41.560][D][ldc1314:436]: TRACE,823362,933,941,969
[19:04:41.560][D][ldc1314:436]: TRACE,823372,933,941,969
[19:04:41.560][D][ldc1314:436]: TRACE,823382,932,941,969
[19:04:41.560][D][ldc1314:436]: TRACE,823392,932,941,969
[19:04:41.560][D][ldc1314:436]: TRACE,823402,932,941,969
[19:04:41.569][D][ldc1314:436]: TRACE,823412,932,941,969
[19:04:41.576][D][ldc1314:436]: TRACE,823423,932,941,969
[19:04:41.584][D][ldc1314:436]: TRACE,823437,932,941,969
[19:04:41.602][D][ldc1314:436]: TRACE,823455,932,941,969
[19:04:41.616][D][ldc1314:436]: TRACE,823470,932,941,969
[19:04:41.631][D][ldc1314:436]: TRACE,823485,932,941,969
[19:04:41.647][D][ldc1314:436]: TRACE,823499,933,941,969
[19:04:41.665][D][ldc1314:436]: TRACE,823513,932,941,969
[19:04:41.674][D][ldc1314:436]: TRACE,823525,932,941,969
[19:04:41.685][D][ldc1314:436]: TRACE,823541,932,941,969
[19:04:41.698][D][ldc1314:436]: TRACE,823553,932,941,969
[19:04:41.718][D][ldc1314:436]: TRACE,823570,932,941,969
[19:04:41.732][D][ldc1314:436]: TRACE,823585,932,941,969
[19:04:41.748][D][ldc1314:436]: TRACE,823602,932,941,969
[19:04:41.764][D][ldc1314:436]: TRACE,823617,932,941,969
[19:04:41.775][D][ldc1314:436]: TRACE,823630,932,941,969
[19:04:41.790][D][ldc1314:436]: TRACE,823643,932,941,969
[19:04:41.807][D][ldc1314:436]: TRACE,823659,932,941,969
[19:04:41.827][D][ldc1314:436]: TRACE,823680,932,941,969
[19:04:41.842][D][ldc1314:436]: TRACE,823695,932,941,969
[19:04:41.866][D][ldc1314:436]: TRACE,823709,932,941,969
[19:04:41.867][D][ldc1314:436]: TRACE,823725,932,941,969
[19:04:41.883][D][ldc1314:436]: TRACE,823735,932,941,969
[19:04:41.898][D][ldc1314:436]: TRACE,823752,933,941,969
[19:04:41.915][D][ldc1314:436]: TRACE,823767,933,941,969
[19:04:41.936][D][ldc1314:436]: TRACE,823790,932,941,969
[19:04:41.953][D][ldc1314:436]: TRACE,823806,932,941,969
[19:04:41.970][D][ldc1314:436]: TRACE,823821,932,941,969
[19:04:41.979][D][ldc1314:436]: TRACE,823835,933,941,969
[19:04:42.084][D][ldc1314:436]: TRACE,823847,932,941,969
[19:04:42.084][D][ldc1314:436]: TRACE,823862,932,941,969
[19:04:42.084][D][ldc1314:436]: TRACE,823872,932,941,969
[19:04:42.084][D][ldc1314:436]: TRACE,823882,932,941,969
[19:04:42.084][D][ldc1314:436]: TRACE,823892,932,941,969
[19:04:42.085][D][ldc1314:436]: TRACE,823903,932,941,969
[19:04:42.085][D][ldc1314:436]: TRACE,823913,932,941,969
[19:04:42.085][D][ldc1314:436]: TRACE,823923,932,941,969
[19:04:42.085][D][ldc1314:436]: TRACE,823933,932,941,969
[19:04:42.097][D][ldc1314:436]: TRACE,823944,932,941,969
[19:04:42.104][D][ldc1314:436]: TRACE,823956,932,941,969
[19:04:42.120][D][ldc1314:436]: TRACE,823973,932,941,969
[19:04:42.133][D][ldc1314:436]: TRACE,823988,932,941,969
[19:04:42.152][D][ldc1314:436]: TRACE,824002,932,941,969
[19:04:42.174][D][ldc1314:436]: TRACE,824023,932,941,969
[19:04:42.190][D][ldc1314:436]: TRACE,824038,932,941,969
[19:04:42.199][D][ldc1314:436]: TRACE,824053,932,941,969
[19:04:42.209][D][ldc1314:436]: TRACE,824065,932,941,969
[19:04:42.224][D][ldc1314:436]: TRACE,824075,932,941,969
[19:04:42.237][D][ldc1314:436]: TRACE,824089,932,941,969
[19:04:42.251][D][ldc1314:436]: TRACE,824105,932,941,969
[19:04:42.269][D][ldc1314:436]: TRACE,824120,932,941,969
[19:04:42.287][D][ldc1314:436]: TRACE,824136,932,941,969
[19:04:42.296][D][ldc1314:436]: TRACE,824150,932,941,969
[19:04:42.312][D][ldc1314:436]: TRACE,824165,932,941,969
[19:04:42.327][D][ldc1314:436]: TRACE,824180,932,941,969
[19:04:42.344][D][ldc1314:436]: TRACE,824197,932,941,969
[19:04:42.357][D][ldc1314:436]: TRACE,824212,932,941,969
[19:04:42.379][D][ldc1314:436]: TRACE,824226,932,941,969
[19:04:42.387][D][ldc1314:436]: TRACE,824239,932,941,969
[19:04:42.406][D][ldc1314:436]: TRACE,824259,932,941,969
[19:04:42.419][D][ldc1314:436]: TRACE,824273,932,941,969
[19:04:42.437][D][ldc1314:436]: TRACE,824288,932,941,969
[19:04:42.449][D][ldc1314:436]: TRACE,824304,932,941,969
[19:04:42.462][D][ldc1314:436]: TRACE,824317,932,941,969
[19:04:42.480][D][ldc1314:436]: TRACE,824332,932,941,969
[19:04:42.492][D][ldc1314:436]: TRACE,824345,932,941,969
[19:04:42.514][D][ldc1314:436]: TRACE,824367,933,941,969
[19:04:42.609][D][ldc1314:436]: TRACE,824381,933,941,969
[19:04:42.609][D][ldc1314:436]: TRACE,824394,933,941,969
[19:04:42.610][D][ldc1314:436]: TRACE,824404,933,941,969
[19:04:42.610][D][ldc1314:436]: TRACE,824414,933,941,969
[19:04:42.610][D][ldc1314:436]: TRACE,824424,933,941,969
[19:04:42.610][D][ldc1314:436]: TRACE,824434,933,941,969
[19:04:42.610][D][ldc1314:436]: TRACE,824444,933,941,969
[19:04:42.610][D][ldc1314:436]: TRACE,824454,933,941,969
[19:04:42.610][D][ldc1314:436]: TRACE,824465,933,941,969
[19:04:42.623][D][ldc1314:436]: TRACE,824478,933,941,969
[19:04:42.637][D][ldc1314:436]: TRACE,824493,933,941,969
[19:04:42.653][D][ldc1314:436]: TRACE,824506,933,941,969
[19:04:42.664][D][ldc1314:436]: TRACE,824520,933,941,969
[19:04:42.685][D][ldc1314:436]: TRACE,824532,933,941,969
[19:04:42.693][D][ldc1314:436]: TRACE,824547,933,941,969
[19:04:42.710][D][ldc1314:436]: TRACE,824561,933,941,969
[19:04:42.728][D][ldc1314:436]: TRACE,824581,933,941,969
[19:04:42.743][D][ldc1314:436]: TRACE,824596,933,941,969
[19:04:42.758][D][ldc1314:436]: TRACE,824612,933,941,969
[19:04:42.786][D][ldc1314:436]: TRACE,824625,933,941,969
[19:04:42.794][D][ldc1314:436]: TRACE,824639,933,941,969
[19:04:42.799][D][ldc1314:436]: TRACE,824649,933,941,969
[19:04:42.811][D][ldc1314:436]: TRACE,824664,933,941,969
[19:04:42.826][D][ldc1314:436]: TRACE,824681,933,941,969
[19:04:42.841][D][ldc1314:436]: TRACE,824696,932,941,969
[19:04:42.860][D][ldc1314:436]: TRACE,824713,933,941,969
[19:04:42.873][D][ldc1314:436]: TRACE,824728,933,941,969
[19:04:42.892][D][ldc1314:436]: TRACE,824741,933,941,969
[19:04:42.902][D][ldc1314:436]: TRACE,824755,932,941,969
[19:04:42.915][D][ldc1314:436]: TRACE,824770,933,941,969
[19:04:42.931][D][ldc1314:436]: TRACE,824783,933,941,969
[19:04:42.946][D][ldc1314:436]: TRACE,824799,933,941,969
[19:04:42.962][D][ldc1314:436]: TRACE,824816,933,941,969
[19:04:42.992][D][ldc1314:436]: TRACE,824836,933,941,969
[19:04:42.999][D][ldc1314:436]: TRACE,824851,933,941,969
[19:04:43.011][D][ldc1314:436]: TRACE,824863,933,941,969
[19:04:43.027][D][ldc1314:436]: TRACE,824880,933,941,969
[19:04:43.042][D][ldc1314:436]: TRACE,824896,933,941,969
[19:04:43.132][D][ldc1314:436]: TRACE,824911,933,941,969
[19:04:43.132][D][ldc1314:436]: TRACE,824921,933,941,969
[19:04:43.132][D][ldc1314:436]: TRACE,824931,933,941,969
[19:04:43.133][D][ldc1314:436]: TRACE,824942,933,941,969
[19:04:43.133][D][ldc1314:436]: TRACE,824954,933,941,969
[19:04:43.133][D][ldc1314:436]: TRACE,824964,933,941,969
[19:04:43.133][D][ldc1314:436]: TRACE,824974,933,941,969
[19:04:43.139][D][ldc1314:436]: TRACE,824984,933,941,969
[19:04:43.139][D][ldc1314:436]: TRACE,824994,933,941,969
[19:04:43.158][D][ldc1314:436]: TRACE,825004,933,941,969
[19:04:43.174][D][ldc1314:436]: TRACE,825027,933,941,969
[19:04:43.199][D][ldc1314:436]: TRACE,825040,932,941,969
[19:04:43.207][D][ldc1314:436]: TRACE,825058,932,941,969
[19:04:43.218][D][ldc1314:436]: TRACE,825070,932,941,969
[19:04:43.233][D][ldc1314:436]: TRACE,825086,932,941,969
[19:04:43.247][D][ldc1314:436]: TRACE,825101,932,941,969
[19:04:43.262][D][ldc1314:436]: TRACE,825116,932,941,969
[19:04:43.277][D][ldc1314:436]: TRACE,825130,932,941,969
[19:04:43.302][D][ldc1314:436]: TRACE,825145,932,941,969
[19:04:43.303][D][ldc1314:436]: TRACE,825159,932,941,969
[19:04:43.326][D][ldc1314:436]: TRACE,825177,932,941,969
[19:04:43.340][D][ldc1314:436]: TRACE,825192,932,941,969
[19:04:43.354][D][ldc1314:436]: TRACE,825209,932,941,969
[19:04:43.370][D][ldc1314:436]: TRACE,825223,932,941,969
[19:04:43.385][D][ldc1314:436]: TRACE,825238,932,941,969
[19:04:43.403][D][ldc1314:436]: TRACE,825252,932,941,969
[19:04:43.411][D][ldc1314:436]: TRACE,825266,932,941,969
[19:04:43.425][D][ldc1314:436]: TRACE,825278,932,941,969
[19:04:43.445][D][ldc1314:436]: TRACE,825297,932,941,969
[19:04:43.459][D][ldc1314:436]: TRACE,825313,932,941,969
[19:04:43.475][D][ldc1314:436]: TRACE,825328,932,941,969
[19:04:43.490][D][ldc1314:436]: TRACE,825342,932,941,969
[19:04:43.507][D][ldc1314:436]: TRACE,825360,932,941,969
[19:04:43.517][D][ldc1314:436]: TRACE,825369,932,941,969
[19:04:43.533][D][ldc1314:436]: TRACE,825385,932,941,969
[19:04:43.557][D][ldc1314:436]: TRACE,825404,932,941,969
[19:04:43.659][D][ldc1314:436]: TRACE,825420,932,941,969
[19:04:43.659][D][ldc1314:436]: TRACE,825434,933,941,969
[19:04:43.659][D][ldc1314:436]: TRACE,825445,933,941,969
[19:04:43.659][D][ldc1314:436]: TRACE,825456,933,941,969
[19:04:43.659][D][ldc1314:436]: TRACE,825466,933,941,969
[19:04:43.659][D][ldc1314:436]: TRACE,825476,933,941,969
[19:04:43.659][D][ldc1314:436]: TRACE,825486,933,941,969
[19:04:43.660][D][ldc1314:436]: TRACE,825496,933,941,969
[19:04:43.665][D][ldc1314:436]: TRACE,825507,933,941,969
[19:04:43.666][D][ldc1314:436]: TRACE,825518,933,941,969
[19:04:43.677][D][ldc1314:436]: TRACE,825529,933,941,969
[19:04:43.693][D][ldc1314:436]: TRACE,825545,933,941,969
[19:04:43.709][D][ldc1314:436]: TRACE,825562,933,941,969
[19:04:43.721][D][ldc1314:436]: TRACE,825574,933,941,969
[19:04:43.736][D][ldc1314:436]: TRACE,825589,933,941,969
[19:04:43.756][D][ldc1314:436]: TRACE,825606,933,941,969
[19:04:43.767][D][ldc1314:436]: TRACE,825620,933,941,969
[19:04:43.787][D][ldc1314:436]: TRACE,825636,933,941,969
[19:04:43.797][D][ldc1314:436]: TRACE,825651,933,941,969
[19:04:43.825][D][ldc1314:436]: TRACE,825667,932,941,969
[19:04:43.825][D][ldc1314:436]: TRACE,825678,933,941,969
[19:04:43.838][D][ldc1314:436]: TRACE,825692,933,941,969
[19:04:43.856][D][ldc1314:436]: TRACE,825706,933,941,969
[19:04:43.868][D][ldc1314:436]: TRACE,825721,933,941,969
[19:04:43.882][D][ldc1314:436]: TRACE,825735,933,941,969
[19:04:43.896][D][ldc1314:436]: TRACE,825752,932,941,969
[19:04:43.932][D][ldc1314:436]: TRACE,825765,933,941,969
[19:04:43.932][D][ldc1314:436]: TRACE,825776,932,941,969
[19:04:43.932][D][ldc1314:436]: TRACE,825787,933,941,969
[19:04:43.947][D][ldc1314:436]: TRACE,825801,933,941,969
[19:04:43.962][D][ldc1314:436]: TRACE,825815,933,941,969
[19:04:43.978][D][ldc1314:436]: TRACE,825830,933,941,969
[19:04:43.992][D][ldc1314:436]: TRACE,825847,933,941,969
[19:04:44.003][D][ldc1314:436]: TRACE,825860,933,941,969
[19:04:44.025][D][ldc1314:436]: TRACE,825870,933,941,969
[19:04:44.031][D][ldc1314:436]: TRACE,825881,933,941,969
[19:04:44.042][D][ldc1314:436]: TRACE,825893,933,941,969
[19:04:44.061][D][ldc1314:436]: TRACE,825911,933,941,969
[19:04:44.072][D][ldc1314:436]: TRACE,825926,933,941,969
[19:04:44.089][D][ldc1314:436]: TRACE,825942,933,941,969
[19:04:44.184][D][ldc1314:436]: TRACE,825957,933,941,969
[19:04:44.185][D][ldc1314:436]: TRACE,825968,933,941,969
[19:04:44.185][D][ldc1314:436]: TRACE,825978,933,941,969
[19:04:44.185][D][ldc1314:436]: TRACE,825990,933,941,969
[19:04:44.185][D][ldc1314:436]: TRACE,826001,933,941,969
[19:04:44.185][D][ldc1314:436]: TRACE,826011,933,941,969
[19:04:44.192][D][ldc1314:436]: TRACE,826022,933,941,969
[19:04:44.192][D][ldc1314:436]: TRACE,826032,933,941,969
[19:04:44.192][D][ldc1314:436]: TRACE,826042,933,941,969
[19:04:44.198][D][ldc1314:436]: TRACE,826053,933,941,969
[19:04:44.220][D][ldc1314:436]: TRACE,826066,933,941,969
[19:04:44.234][D][ldc1314:436]: TRACE,826080,933,941,969
[19:04:44.239][D][ldc1314:436]: TRACE,826091,933,941,969
[19:04:44.254][D][ldc1314:436]: TRACE,826106,933,941,969
[19:04:44.270][D][ldc1314:436]: TRACE,826123,933,941,969
[19:04:44.283][D][ldc1314:436]: TRACE,826136,933,941,969
[19:04:44.301][D][ldc1314:436]: TRACE,826151,933,941,969
[19:04:44.311][D][ldc1314:436]: TRACE,826163,933,941,969
[19:04:44.327][D][ldc1314:436]: TRACE,826175,933,941,969
[19:04:44.335][D][ldc1314:436]: TRACE,826185,933,941,969
[19:04:44.347][D][ldc1314:436]: TRACE,826198,933,941,969
[19:04:44.360][D][ldc1314:436]: TRACE,826213,933,941,969
[19:04:44.381][D][ldc1314:436]: TRACE,826234,933,941,969
[19:04:44.394][D][ldc1314:436]: TRACE,826248,933,941,969
[19:04:44.407][D][ldc1314:436]: TRACE,826263,933,941,969
[19:04:44.425][D][ldc1314:436]: TRACE,826275,933,941,969
[19:04:44.433][D][ldc1314:436]: TRACE,826289,933,941,969
[19:04:44.448][D][ldc1314:436]: TRACE,826302,933,941,969
[19:04:44.463][D][ldc1314:436]: TRACE,826316,933,941,969
[19:04:44.479][D][ldc1314:436]: TRACE,826331,933,941,969
[19:04:44.498][D][ldc1314:436]: TRACE,826350,933,941,969
[19:04:44.511][D][ldc1314:436]: TRACE,826366,933,941,969
[19:04:44.527][D][ldc1314:436]: TRACE,826379,933,941,969
[19:04:44.540][D][ldc1314:436]: TRACE,826393,933,941,969
[19:04:44.556][D][ldc1314:436]: TRACE,826410,933,941,969
[19:04:44.572][D][ldc1314:436]: TRACE,826425,933,941,969
[19:04:44.589][D][ldc1314:436]: TRACE,826441,933,941,969
[19:04:44.607][D][ldc1314:436]: TRACE,826460,933,941,969
[19:04:44.706][D][ldc1314:436]: TRACE,826474,932,941,969
[19:04:44.706][D][ldc1314:436]: TRACE,826487,932,941,969
[19:04:44.707][D][ldc1314:436]: TRACE,826497,932,941,969
[19:04:44.707][D][ldc1314:436]: TRACE,826507,932,941,969
[19:04:44.707][D][ldc1314:436]: TRACE,826518,932,941,969
[19:04:44.707][D][ldc1314:436]: TRACE,826529,932,941,969
[19:04:44.707][D][ldc1314:436]: TRACE,826539,932,941,969
[19:04:44.707][D][ldc1314:436]: TRACE,826549,932,941,969
[19:04:44.707][D][ldc1314:436]: TRACE,826560,932,941,969
[19:04:44.718][D][ldc1314:436]: TRACE,826571,932,941,969
[19:04:44.736][D][ldc1314:436]: TRACE,826586,932,941,969
[19:04:44.745][D][ldc1314:436]: TRACE,826598,932,941,969
[19:04:44.758][D][ldc1314:436]: TRACE,826613,932,941,969
[19:04:44.774][D][ldc1314:436]: TRACE,826627,932,941,969
[19:04:44.789][D][ldc1314:436]: TRACE,826642,932,941,969
[19:04:44.802][D][ldc1314:436]: TRACE,826657,933,941,969
[19:04:44.818][D][ldc1314:436]: TRACE,826671,932,941,969
[19:04:44.836][D][ldc1314:436]: TRACE,826688,932,941,969
[19:04:44.847][D][ldc1314:436]: TRACE,826701,932,941,969
[19:04:44.864][D][ldc1314:436]: TRACE,826717,932,941,969
[19:04:44.879][D][ldc1314:436]: TRACE,826733,932,941,969
[19:04:44.895][D][ldc1314:436]: TRACE,826749,932,941,969
[19:04:44.908][D][ldc1314:436]: TRACE,826764,932,941,969
[19:04:44.923][D][ldc1314:436]: TRACE,826778,932,941,969
[19:04:44.937][D][ldc1314:436]: TRACE,826792,932,941,969
[19:04:44.957][D][ldc1314:436]: TRACE,826810,932,941,969
[19:04:44.972][D][ldc1314:436]: TRACE,826824,932,941,969
[19:04:44.984][D][ldc1314:436]: TRACE,826839,933,941,969
[19:04:44.999][D][ldc1314:436]: TRACE,826853,932,941,969
[19:04:45.011][D][ldc1314:436]: TRACE,826866,932,941,969
[19:04:45.025][D][ldc1314:436]: TRACE,826881,932,941,969
[19:04:45.045][D][ldc1314:436]: TRACE,826894,932,941,969
[19:04:45.054][D][ldc1314:436]: TRACE,826905,932,941,969
[19:04:45.068][D][ldc1314:436]: TRACE,826923,932,941,969
[19:04:45.084][D][ldc1314:436]: TRACE,826937,932,941,969
[19:04:45.100][D][ldc1314:436]: TRACE,826953,932,941,969
[19:04:45.114][D][ldc1314:436]: TRACE,826967,933,941,969
[19:04:45.130][D][ldc1314:436]: TRACE,826982,932,941,969
[19:04:45.228][D][ldc1314:436]: TRACE,826999,932,941,969
[19:04:45.228][D][ldc1314:436]: TRACE,827009,932,941,969
[19:04:45.228][D][ldc1314:436]: TRACE,827020,932,941,969
[19:04:45.229][D][ldc1314:436]: TRACE,827034,932,941,969
[19:04:45.229][D][ldc1314:436]: TRACE,827046,932,941,969
[19:04:45.229][D][ldc1314:436]: TRACE,827055,932,941,969
[19:04:45.229][D][ldc1314:436]: TRACE,827065,932,941,969
[19:04:45.252][D][ldc1314:436]: TRACE,827075,932,941,969
[19:04:45.253][D][ldc1314:436]: TRACE,827086,932,941,969
[19:04:45.253][D][ldc1314:436]: TRACE,827097,932,941,969
[19:04:45.253][D][ldc1314:436]: TRACE,827106,932,941,969
[19:04:45.267][D][ldc1314:436]: TRACE,827121,932,941,969
[19:04:45.282][D][ldc1314:436]: TRACE,827135,932,941,969
[19:04:45.302][D][ldc1314:436]: TRACE,827155,932,941,969
[19:04:45.316][D][ldc1314:436]: TRACE,827171,932,941,969
[19:04:45.331][D][ldc1314:436]: TRACE,827184,932,941,969
[19:04:45.349][D][ldc1314:436]: TRACE,827199,932,941,969
[19:04:45.360][D][ldc1314:436]: TRACE,827216,932,941,969
[19:04:45.374][D][ldc1314:436]: TRACE,827228,932,941,969
[19:04:45.387][D][ldc1314:436]: TRACE,827242,932,941,969
[19:04:45.402][D][ldc1314:436]: TRACE,827255,932,941,969
[19:04:45.424][D][ldc1314:436]: TRACE,827272,932,941,969
[19:04:45.437][D][ldc1314:436]: TRACE,827290,932,941,969
[19:04:45.454][D][ldc1314:436]: TRACE,827302,932,941,969
[19:04:45.454][D][ldc1314:436]: TRACE,827311,932,941,969
[19:04:45.473][D][ldc1314:436]: TRACE,827324,932,941,969
[19:04:45.489][D][ldc1314:436]: TRACE,827339,932,941,969
[19:04:45.500][D][ldc1314:436]: TRACE,827354,932,941,969
[19:04:45.518][D][ldc1314:436]: TRACE,827369,932,941,969
[19:04:45.535][D][ldc1314:436]: TRACE,827388,932,941,969
[19:04:45.549][D][ldc1314:436]: TRACE,827404,932,941,969
[19:04:45.561][D][ldc1314:436]: TRACE,827415,932,941,969
[19:04:45.576][D][ldc1314:436]: TRACE,827429,932,941,969
[19:04:45.592][D][ldc1314:436]: TRACE,827445,932,941,969
[19:04:45.609][D][ldc1314:436]: TRACE,827460,933,941,969
[19:04:45.620][D][ldc1314:436]: TRACE,827474,932,941,969
[19:04:45.633][D][ldc1314:436]: TRACE,827486,932,941,969
[19:04:45.653][D][ldc1314:436]: TRACE,827504,932,941,969
[19:04:45.754][D][ldc1314:436]: TRACE,827517,932,941,969
[19:04:45.754][D][ldc1314:436]: TRACE,827532,932,941,969
[19:04:45.754][D][ldc1314:436]: TRACE,827543,932,941,969
[19:04:45.754][D][ldc1314:436]: TRACE,827553,932,941,969
[19:04:45.754][D][ldc1314:436]: TRACE,827564,932,941,969
[19:04:45.754][D][ldc1314:436]: TRACE,827574,932,941,969
[19:04:45.754][D][ldc1314:436]: TRACE,827584,932,941,969
[19:04:45.755][D][ldc1314:436]: TRACE,827594,932,941,969
[19:04:45.755][D][ldc1314:436]: TRACE,827605,932,941,969
[19:04:45.764][D][ldc1314:436]: TRACE,827617,932,941,969
[19:04:45.779][D][ldc1314:436]: TRACE,827632,932,941,969
[19:04:45.794][D][ldc1314:436]: TRACE,827649,932,941,969
[19:04:45.809][D][ldc1314:436]: TRACE,827662,932,941,969
[19:04:45.826][D][ldc1314:436]: TRACE,827679,932,941,969
[19:04:45.839][D][ldc1314:436]: TRACE,827694,932,941,969
[19:04:45.858][D][ldc1314:436]: TRACE,827708,932,941,969
[19:04:45.869][D][ldc1314:436]: TRACE,827722,932,941,969
[19:04:45.890][D][ldc1314:436]: TRACE,827743,932,941,969
[19:04:45.904][D][ldc1314:436]: TRACE,827758,932,941,969
[19:04:45.921][D][ldc1314:436]: TRACE,827774,932,941,969
[19:04:45.933][D][ldc1314:436]: TRACE,827788,932,941,969
[19:04:45.949][D][ldc1314:436]: TRACE,827803,932,941,969
[19:04:45.963][D][ldc1314:436]: TRACE,827818,932,941,969
[19:04:45.975][D][ldc1314:436]: TRACE,827830,932,941,969
[19:04:45.993][D][ldc1314:436]: TRACE,827844,932,941,969
[19:04:46.009][D][ldc1314:436]: TRACE,827862,932,941,969
[19:04:46.024][D][ldc1314:436]: TRACE,827877,932,941,969
[19:04:46.041][D][ldc1314:436]: TRACE,827892,933,941,969
[19:04:46.062][D][ldc1314:436]: TRACE,827906,933,941,969
[19:04:46.069][D][ldc1314:436]: TRACE,827921,932,941,969
[19:04:46.083][D][ldc1314:436]: TRACE,827936,933,941,969
[19:04:46.098][D][ldc1314:436]: TRACE,827952,933,941,969
[19:04:46.115][D][ldc1314:436]: TRACE,827966,932,941,969
[19:04:46.135][D][ldc1314:436]: TRACE,827988,932,941,969
[19:04:46.149][D][ldc1314:436]: TRACE,828004,932,941,969
[19:04:46.165][D][ldc1314:436]: TRACE,828018,932,941,969
[19:04:46.182][D][ldc1314:436]: TRACE,828029,932,941,969
[19:04:46.278][D][ldc1314:436]: TRACE,828050,932,941,969
[19:04:46.278][D][ldc1314:436]: TRACE,828063,933,941,969
[19:04:46.278][D][ldc1314:436]: TRACE,828073,932,941,969
[19:04:46.278][D][ldc1314:436]: TRACE,828083,932,941,969
[19:04:46.279][D][ldc1314:436]: TRACE,828095,932,941,969
[19:04:46.279][D][ldc1314:436]: TRACE,828104,932,941,969
[19:04:46.279][D][ldc1314:436]: TRACE,828114,932,941,969
[19:04:46.279][D][ldc1314:436]: TRACE,828124,932,941,969
[19:04:46.287][D][ldc1314:436]: TRACE,828135,932,941,969
[19:04:46.294][D][ldc1314:436]: TRACE,828146,932,941,969
[19:04:46.306][D][ldc1314:436]: TRACE,828158,932,941,969
[19:04:46.321][D][ldc1314:436]: TRACE,828174,932,941,969
[19:04:46.338][D][ldc1314:436]: TRACE,828189,932,941,969
[19:04:46.356][D][ldc1314:436]: TRACE,828209,932,941,969
[19:04:46.378][D][ldc1314:436]: TRACE,828224,932,941,969
[19:04:46.385][D][ldc1314:436]: TRACE,828235,932,941,969
[19:04:46.399][D][ldc1314:436]: TRACE,828250,932,941,969
[19:04:46.414][D][ldc1314:436]: TRACE,828267,932,941,969
[19:04:46.431][D][ldc1314:436]: TRACE,828284,932,941,969
[19:04:46.443][D][ldc1314:436]: TRACE,828298,932,941,969
[19:04:46.472][D][ldc1314:436]: TRACE,828316,932,941,969
[19:04:46.479][D][ldc1314:436]: TRACE,828331,932,941,969
[19:04:46.489][D][ldc1314:436]: TRACE,828341,932,941,969
[19:04:46.505][D][ldc1314:436]: TRACE,828356,932,941,969
[19:04:46.520][D][ldc1314:436]: TRACE,828373,932,941,969
[19:04:46.534][D][ldc1314:436]: TRACE,828387,932,941,969
[19:04:46.553][D][ldc1314:436]: TRACE,828402,932,941,969
[19:04:46.562][D][ldc1314:436]: TRACE,828417,932,941,969
[19:04:46.581][D][ldc1314:436]: TRACE,828432,932,941,969
[19:04:46.592][D][ldc1314:436]: TRACE,828445,932,941,969
[19:04:46.607][D][ldc1314:436]: TRACE,828460,932,941,969
[19:04:46.621][D][ldc1314:436]: TRACE,828475,932,941,969
[19:04:46.637][D][ldc1314:436]: TRACE,828490,932,941,969
[19:04:46.655][D][ldc1314:436]: TRACE,828507,932,941,969
[19:04:46.676][D][ldc1314:436]: TRACE,828521,932,941,969
[19:04:46.683][D][ldc1314:436]: TRACE,828538,932,941,969
[19:04:46.697][D][ldc1314:436]: TRACE,828552,932,941,969
[19:04:46.713][D][ldc1314:436]: TRACE,828566,932,941,969
[19:04:46.805][D][ldc1314:436]: TRACE,828581,932,941,969
[19:04:46.806][D][ldc1314:436]: TRACE,828590,932,941,969
[19:04:46.806][D][ldc1314:436]: TRACE,828601,932,941,969
[19:04:46.806][D][ldc1314:436]: TRACE,828611,932,941,969
[19:04:46.806][D][ldc1314:436]: TRACE,828621,932,941,969
[19:04:46.806][D][ldc1314:436]: TRACE,828631,932,941,969
[19:04:46.806][D][ldc1314:436]: TRACE,828641,932,941,969
[19:04:46.812][D][ldc1314:436]: TRACE,828652,932,941,969
[19:04:46.812][D][ldc1314:436]: TRACE,828663,932,941,969
[19:04:46.821][D][ldc1314:436]: TRACE,828673,932,941,969
[19:04:46.837][D][ldc1314:436]: TRACE,828689,932,941,969
[19:04:46.852][D][ldc1314:436]: TRACE,828706,932,941,969
[19:04:46.867][D][ldc1314:436]: TRACE,828720,932,941,969
[19:04:46.885][D][ldc1314:436]: TRACE,828735,932,941,969
[19:04:46.893][D][ldc1314:436]: TRACE,828745,932,941,969
[19:04:46.911][D][ldc1314:436]: TRACE,828763,932,941,969
[19:04:46.926][D][ldc1314:436]: TRACE,828778,933,941,969
[19:04:46.942][D][ldc1314:436]: TRACE,828795,932,941,969
[19:04:46.957][D][ldc1314:436]: TRACE,828810,932,941,969
[19:04:46.973][D][ldc1314:436]: TRACE,828825,932,941,969
[19:04:46.986][D][ldc1314:436]: TRACE,828841,932,941,969
[19:04:46.998][D][ldc1314:436]: TRACE,828850,932,941,969
[19:04:47.018][D][ldc1314:436]: TRACE,828870,932,941,969
[19:04:47.035][D][ldc1314:436]: TRACE,828886,932,941,969
[19:04:47.048][D][ldc1314:436]: TRACE,828902,932,941,969
[19:04:47.065][D][ldc1314:436]: TRACE,828917,932,941,969
[19:04:47.085][D][ldc1314:436]: TRACE,828932,932,941,969
[19:04:47.093][D][ldc1314:436]: TRACE,828947,932,941,969
[19:04:47.106][D][ldc1314:436]: TRACE,828960,932,941,969
[19:04:47.125][D][ldc1314:436]: TRACE,828979,932,941,969
[19:04:47.142][D][ldc1314:436]: TRACE,828994,932,941,969
[19:04:47.157][D][ldc1314:436]: TRACE,829010,932,941,969
[19:04:47.170][D][ldc1314:436]: TRACE,829026,932,941,969
[19:04:47.195][D][ldc1314:436]: TRACE,829038,932,941,969
[19:04:47.205][D][ldc1314:436]: TRACE,829054,932,941,969
[19:04:47.217][D][ldc1314:436]: TRACE,829073,932,941,969
[19:04:47.234][D][ldc1314:436]: TRACE,829086,932,941,969
[19:04:47.327][D][ldc1314:436]: TRACE,829104,932,941,969
[19:04:47.327][D][ldc1314:436]: TRACE,829115,932,941,969
[19:04:47.327][D][ldc1314:436]: TRACE,829125,932,941,969
[19:04:47.327][D][ldc1314:436]: TRACE,829135,933,941,969
[19:04:47.327][D][ldc1314:436]: TRACE,829145,932,941,969
[19:04:47.328][D][ldc1314:436]: TRACE,829155,932,941,969
[19:04:47.328][D][ldc1314:436]: TRACE,829165,932,941,969
[19:04:47.328][D][ldc1314:436]: TRACE,829175,932,941,969
[19:04:47.333][D][ldc1314:436]: TRACE,829186,932,941,969
[19:04:47.344][D][ldc1314:436]: TRACE,829197,932,941,969
[19:04:47.365][D][ldc1314:436]: TRACE,829218,932,941,969
[19:04:47.380][D][ldc1314:436]: TRACE,829233,932,941,969
[19:04:47.396][D][ldc1314:436]: TRACE,829248,932,941,969
[19:04:47.406][D][ldc1314:436]: TRACE,829259,932,941,969
[19:04:47.422][D][ldc1314:436]: TRACE,829275,932,941,969
[19:04:47.437][D][ldc1314:436]: TRACE,829290,932,941,969
[19:04:47.452][D][ldc1314:436]: TRACE,829305,932,941,969
[19:04:47.474][D][ldc1314:436]: TRACE,829324,932,941,969
[19:04:47.484][D][ldc1314:436]: TRACE,829340,932,941,969
[19:04:47.497][D][ldc1314:436]: TRACE,829353,932,941,969
[19:04:47.510][D][ldc1314:436]: TRACE,829362,932,941,969
[19:04:47.526][D][ldc1314:436]: TRACE,829380,932,941,969
[19:04:47.540][D][ldc1314:436]: TRACE,829394,932,941,969
[19:04:47.556][D][ldc1314:436]: TRACE,829409,932,941,969
[19:04:47.570][D][ldc1314:436]: TRACE,829423,932,941,969
[19:04:47.597][D][ldc1314:436]: TRACE,829443,932,941,969
[19:04:47.604][D][ldc1314:436]: TRACE,829458,932,941,969
[19:04:47.616][D][ldc1314:436]: TRACE,829468,932,941,969
[19:04:47.632][D][ldc1314:436]: TRACE,829486,932,941,969
[19:04:47.647][D][ldc1314:436]: TRACE,829500,932,941,969
[19:04:47.662][D][ldc1314:436]: TRACE,829515,932,941,969
[19:04:47.679][D][ldc1314:436]: TRACE,829532,932,941,969
[19:04:47.701][D][ldc1314:436]: TRACE,829546,932,941,969
[19:04:47.709][D][ldc1314:436]: TRACE,829561,932,941,969
[19:04:47.723][D][ldc1314:436]: TRACE,829577,933,941,969
[19:04:47.737][D][ldc1314:436]: TRACE,829590,932,941,969
[19:04:47.750][D][ldc1314:436]: TRACE,829605,932,941,969
[19:04:47.850][D][ldc1314:436]: TRACE,829619,932,941,969
[19:04:47.851][D][ldc1314:436]: TRACE,829634,932,941,969
[19:04:47.851][D][ldc1314:436]: TRACE,829644,932,941,969
[19:04:47.851][D][ldc1314:436]: TRACE,829654,932,941,969
[19:04:47.851][D][ldc1314:436]: TRACE,829664,932,941,969
[19:04:47.852][D][ldc1314:436]: TRACE,829678,932,941,969
[19:04:47.852][D][ldc1314:436]: TRACE,829688,932,941,969
[19:04:47.852][D][ldc1314:436]: TRACE,829698,933,941,969
[19:04:47.852][D][ldc1314:436]: TRACE,829708,932,941,969
[19:04:47.868][D][ldc1314:436]: TRACE,829721,932,941,969
[19:04:47.884][D][ldc1314:436]: TRACE,829735,932,941,969
[19:04:47.904][D][ldc1314:436]: TRACE,829750,933,941,969
[19:04:47.907][D][ldc1314:436]: TRACE,829765,933,941,969
[19:04:47.923][D][ldc1314:436]: TRACE,829775,932,941,969
[19:04:47.943][D][ldc1314:436]: TRACE,829797,932,941,969
[19:04:47.958][D][ldc1314:436]: TRACE,829811,932,941,969
[19:04:47.974][D][ldc1314:436]: TRACE,829827,932,941,969
[19:04:47.987][D][ldc1314:436]: TRACE,829842,932,941,969
[19:04:48.006][D][ldc1314:436]: TRACE,829856,932,941,969
[19:04:48.017][D][ldc1314:436]: TRACE,829870,932,941,969
[19:04:48.031][D][ldc1314:436]: TRACE,829885,933,941,969
[19:04:48.046][D][ldc1314:436]: TRACE,829900,932,941,969
[19:04:48.065][D][ldc1314:436]: TRACE,829917,932,941,969
[19:04:48.078][D][ldc1314:436]: TRACE,829933,932,941,969
[19:04:48.091][D][ldc1314:436]: TRACE,829947,932,941,969
[19:04:48.109][D][ldc1314:436]: TRACE,829960,932,941,969
[19:04:48.121][D][ldc1314:436]: TRACE,829973,932,941,969
[19:04:48.135][D][ldc1314:436]: TRACE,829989,932,941,969
[19:04:48.149][D][ldc1314:436]: TRACE,830003,932,941,969
[19:04:48.166][D][ldc1314:436]: TRACE,830018,932,941,969
[19:04:48.191][D][ldc1314:436]: TRACE,830038,932,941,969
[19:04:48.214][D][ldc1314:436]: TRACE,830059,932,941,969
[19:04:48.215][D][ldc1314:436]: TRACE,830072,932,941,969
[19:04:48.231][D][ldc1314:436]: TRACE,830085,932,941,969
[19:04:48.246][D][ldc1314:436]: TRACE,830100,932,941,969
[19:04:48.262][D][ldc1314:436]: TRACE,830114,932,941,969
[19:04:48.278][D][ldc1314:436]: TRACE,830131,933,941,969
[19:04:48.376][D][ldc1314:436]: TRACE,830146,933,941,969
[19:04:48.376][D][ldc1314:436]: TRACE,830161,932,941,969
[19:04:48.376][D][ldc1314:436]: TRACE,830171,932,941,969
[19:04:48.376][D][ldc1314:436]: TRACE,830180,932,941,969
[19:04:48.377][D][ldc1314:436]: TRACE,830190,932,941,969
[19:04:48.377][D][ldc1314:436]: TRACE,830200,932,941,969
[19:04:48.377][D][ldc1314:436]: TRACE,830211,932,941,969
[19:04:48.377][D][ldc1314:436]: TRACE,830221,932,941,969
[19:04:48.377][D][ldc1314:436]: TRACE,830232,932,941,969
[19:04:48.389][D][ldc1314:436]: TRACE,830242,932,941,969
[19:04:48.406][D][ldc1314:436]: TRACE,830256,932,941,969
[19:04:48.425][D][ldc1314:436]: TRACE,830275,932,941,969
[19:04:48.442][D][ldc1314:436]: TRACE,830287,932,941,969
[19:04:48.447][D][ldc1314:436]: TRACE,830302,932,941,969
[19:04:48.463][D][ldc1314:436]: TRACE,830312,932,941,969
[19:04:48.474][D][ldc1314:436]: TRACE,830328,932,941,969
[19:04:48.488][D][ldc1314:436]: TRACE,830342,932,941,969
[19:04:48.502][D][ldc1314:436]: TRACE,830357,932,941,969
[19:04:48.518][D][ldc1314:436]: TRACE,830371,932,941,969
[19:04:48.534][D][ldc1314:436]: TRACE,830386,933,941,969
[19:04:48.549][D][ldc1314:436]: TRACE,830403,933,941,969
[19:04:48.565][D][ldc1314:436]: TRACE,830417,932,941,969
[19:04:48.582][D][ldc1314:436]: TRACE,830432,932,941,969
[19:04:48.595][D][ldc1314:436]: TRACE,830449,932,941,969
[19:04:48.610][D][ldc1314:436]: TRACE,830463,932,941,969
[19:04:48.637][D][ldc1314:436]: TRACE,830485,932,941,969
[19:04:48.655][D][ldc1314:436]: TRACE,830507,932,941,969
[19:04:48.670][D][ldc1314:436]: TRACE,830522,932,941,969
[19:04:48.685][D][ldc1314:436]: TRACE,830539,932,941,969
[19:04:48.700][D][ldc1314:436]: TRACE,830553,932,941,969
[19:04:48.723][D][ldc1314:436]: TRACE,830568,932,941,969
[19:04:48.736][D][ldc1314:436]: TRACE,830583,932,941,969
[19:04:48.743][D][ldc1314:436]: TRACE,830592,932,941,969
[19:04:48.754][D][ldc1314:436]: TRACE,830607,932,941,969
[19:04:48.775][D][ldc1314:436]: TRACE,830627,932,941,969
[19:04:48.789][D][ldc1314:436]: TRACE,830642,932,941,969
[19:04:48.805][D][ldc1314:436]: TRACE,830657,932,941,969
[19:04:48.901][D][ldc1314:436]: TRACE,830671,932,941,969
[19:04:48.901][D][ldc1314:436]: TRACE,830686,932,941,969
[19:04:48.901][D][ldc1314:436]: TRACE,830696,932,941,969
[19:04:48.901][D][ldc1314:436]: TRACE,830706,932,941,969
[19:04:48.901][D][ldc1314:436]: TRACE,830716,932,941,969
[19:04:48.901][D][ldc1314:436]: TRACE,830726,932,941,969
[19:04:48.901][D][ldc1314:436]: TRACE,830737,932,941,969
[19:04:48.908][D][ldc1314:436]: TRACE,830747,932,941,969
[19:04:48.908][D][ldc1314:436]: TRACE,830759,932,941,969
[19:04:48.917][D][ldc1314:436]: TRACE,830769,932,941,969
[19:04:48.928][D][ldc1314:436]: TRACE,830785,932,941,969
[19:04:48.973][D][ldc1314:436]: TRACE,830795,932,941,969
[19:04:48.990][D][ldc1314:436]: TRACE,830808,932,941,969
[19:04:48.991][D][ldc1314:436]: TRACE,830818,932,941,969
[19:04:48.991][D][ldc1314:436]: TRACE,830829,932,941,969
[19:04:48.991][D][ldc1314:436]: TRACE,830839,932,941,969
[19:04:48.998][D][ldc1314:436]: TRACE,830850,932,941,969
[19:04:49.010][D][ldc1314:436]: TRACE,830860,932,941,969
[19:04:49.030][D][ldc1314:436]: TRACE,830876,932,941,969
[19:04:49.037][D][ldc1314:436]: TRACE,830891,932,941,969
[19:04:49.088][D][ldc1314:436]: TRACE,830906,932,941,969
[19:04:49.088][D][ldc1314:436]: TRACE,830917,932,941,969
[19:04:49.088][D][ldc1314:436]: TRACE,830929,933,941,969
[19:04:49.088][D][ldc1314:436]: TRACE,830939,932,941,969
[19:04:49.095][D][ldc1314:436]: TRACE,830949,932,941,969
[19:04:49.107][D][ldc1314:436]: TRACE,830959,932,941,969
[19:04:49.134][D][ldc1314:436]: TRACE,830981,932,941,969
[19:04:49.141][D][ldc1314:436]: TRACE,830994,932,941,969
[19:04:49.159][D][ldc1314:436]: TRACE,831006,932,941,969
[19:04:49.169][D][ldc1314:436]: TRACE,831024,932,941,969
[19:04:49.187][D][ldc1314:436]: TRACE,831038,932,941,969
[19:04:49.202][D][ldc1314:436]: TRACE,831057,933,941,969
[19:04:49.219][D][ldc1314:436]: TRACE,831071,932,941,969
[19:04:49.237][D][ldc1314:436]: TRACE,831088,932,941,969
[19:04:49.250][D][ldc1314:436]: TRACE,831101,932,941,969
[19:04:49.266][D][ldc1314:436]: TRACE,831120,932,941,969
[19:04:49.281][D][ldc1314:436]: TRACE,831134,932,941,969
[19:04:49.297][D][ldc1314:436]: TRACE,831151,932,941,969
[19:04:49.315][D][ldc1314:436]: TRACE,831167,932,941,969
[19:04:49.424][D][ldc1314:436]: TRACE,831182,932,941,969
[19:04:49.425][D][ldc1314:436]: TRACE,831199,932,941,969
[19:04:49.425][D][ldc1314:436]: TRACE,831212,932,941,969
[19:04:49.425][D][ldc1314:436]: TRACE,831222,932,941,969
[19:04:49.425][D][ldc1314:436]: TRACE,831232,932,941,969
[19:04:49.425][D][ldc1314:436]: TRACE,831243,932,941,969
[19:04:49.425][D][ldc1314:436]: TRACE,831253,932,941,969
[19:04:49.425][D][ldc1314:436]: TRACE,831263,932,941,969
[19:04:49.425][D][ldc1314:436]: TRACE,831273,932,941,969
[19:04:49.443][D][ldc1314:436]: TRACE,831286,932,941,969
[19:04:49.443][D][ldc1314:436]: TRACE,831298,932,941,969
[19:04:49.462][D][ldc1314:436]: TRACE,831316,932,941,969
[19:04:49.481][D][ldc1314:436]: TRACE,831330,932,941,969
[19:04:49.488][D][ldc1314:436]: TRACE,831344,932,941,969
[19:04:49.504][D][ldc1314:436]: TRACE,831356,932,941,969
[19:04:49.522][D][ldc1314:436]: TRACE,831371,932,941,969
[19:04:49.542][D][ldc1314:436]: TRACE,831386,932,941,969
[19:04:49.549][D][ldc1314:436]: TRACE,831400,932,941,969
[19:04:49.562][D][ldc1314:436]: TRACE,831413,932,941,969
[19:04:49.583][D][ldc1314:436]: TRACE,831436,932,941,969
[19:04:49.600][D][ldc1314:436]: TRACE,831451,932,941,969
[19:04:49.612][D][ldc1314:436]: TRACE,831467,932,941,969
[19:04:49.628][D][ldc1314:436]: TRACE,831480,932,941,969
[19:04:49.647][D][ldc1314:436]: TRACE,831495,932,941,969
[19:04:49.656][D][ldc1314:436]: TRACE,831507,932,941,969
[19:04:49.667][D][ldc1314:436]: TRACE,831523,933,941,969
[19:04:49.687][D][ldc1314:436]: TRACE,831535,933,941,969
[19:04:49.697][D][ldc1314:436]: TRACE,831553,932,941,969
[19:04:49.711][D][ldc1314:436]: TRACE,831565,932,941,969
[19:04:49.727][D][ldc1314:436]: TRACE,831580,933,941,969
[19:04:49.748][D][ldc1314:436]: TRACE,831595,932,941,969
[19:04:49.756][D][ldc1314:436]: TRACE,831604,932,941,969
[19:04:49.765][D][ldc1314:436]: TRACE,831617,932,941,969
[19:04:49.776][D][ldc1314:436]: TRACE,831632,933,941,969
[19:04:49.791][D][ldc1314:436]: TRACE,831644,932,941,969
[19:04:49.809][D][ldc1314:436]: TRACE,831664,932,941,969
[19:04:49.823][D][ldc1314:436]: TRACE,831676,932,941,969
[19:04:49.848][D][ldc1314:436]: TRACE,831691,932,941,969
[19:04:49.848][D][ldc1314:436]: TRACE,831706,932,941,969
[19:04:49.950][D][ldc1314:436]: TRACE,831717,932,941,969
[19:04:49.950][D][ldc1314:436]: TRACE,831732,932,941,969
[19:04:49.950][D][ldc1314:436]: TRACE,831742,933,941,969
[19:04:49.950][D][ldc1314:436]: TRACE,831752,932,941,969
[19:04:49.950][D][ldc1314:436]: TRACE,831762,932,941,969
[19:04:49.950][D][ldc1314:436]: TRACE,831772,932,941,969
[19:04:49.956][D][ldc1314:436]: TRACE,831782,932,941,969
[19:04:49.956][D][ldc1314:436]: TRACE,831792,932,941,969
[19:04:49.956][D][ldc1314:436]: TRACE,831803,932,941,969
[19:04:49.960][D][ldc1314:436]: TRACE,831814,932,941,969
[19:04:49.975][D][ldc1314:436]: TRACE,831831,932,941,969
[19:04:49.992][D][ldc1314:436]: TRACE,831845,932,941,969
[19:04:50.009][D][ldc1314:436]: TRACE,831860,932,941,969
[19:04:50.022][D][ldc1314:436]: TRACE,831877,932,941,969
[19:04:50.040][D][ldc1314:436]: TRACE,831894,933,941,969
[19:04:50.058][D][ldc1314:436]: TRACE,831910,932,941,969
[19:04:50.068][D][ldc1314:436]: TRACE,831919,932,941,969
[19:04:50.083][D][ldc1314:436]: TRACE,831936,932,941,969
[19:04:50.097][D][ldc1314:436]: TRACE,831951,932,941,969
[19:04:50.111][D][ldc1314:436]: TRACE,831965,932,941,969
[19:04:50.127][D][ldc1314:436]: TRACE,831980,932,941,969
[19:04:50.140][D][ldc1314:436]: TRACE,831993,932,941,969
[19:04:50.155][D][ldc1314:436]: TRACE,832007,932,941,969
[19:04:50.172][D][ldc1314:436]: TRACE,832024,932,941,969
[19:04:50.196][D][ldc1314:436]: TRACE,832040,932,941,969
[19:04:50.205][D][ldc1314:436]: TRACE,832060,932,941,969
[19:04:50.223][D][ldc1314:436]: TRACE,832072,932,941,969
[19:04:50.231][D][ldc1314:436]: TRACE,832087,932,941,969
[19:04:50.246][D][ldc1314:436]: TRACE,832099,932,941,969
[19:04:50.258][D][ldc1314:436]: TRACE,832114,932,941,969
[19:04:50.271][D][ldc1314:436]: TRACE,832124,932,941,969
[19:04:50.293][D][ldc1314:436]: TRACE,832146,932,941,969
[19:04:50.310][D][ldc1314:436]: TRACE,832163,932,941,969
[19:04:50.326][D][ldc1314:436]: TRACE,832180,932,941,969
[19:04:50.342][D][ldc1314:436]: TRACE,832194,932,941,969
[19:04:50.360][D][ldc1314:436]: TRACE,832211,932,941,969
[19:04:50.367][D][ldc1314:436]: TRACE,832224,932,941,969
[19:04:50.382][D][ldc1314:436]: TRACE,832236,932,941,969
[19:04:50.472][D][ldc1314:436]: TRACE,832250,932,941,969
[19:04:50.473][D][ldc1314:436]: TRACE,832262,932,941,969
[19:04:50.473][D][ldc1314:436]: TRACE,832273,932,941,969
[19:04:50.473][D][ldc1314:436]: TRACE,832283,932,941,969
[19:04:50.473][D][ldc1314:436]: TRACE,832293,932,941,969
[19:04:50.478][D][ldc1314:436]: TRACE,832303,933,941,969
[19:04:50.479][D][ldc1314:436]: TRACE,832314,933,941,969
[19:04:50.479][D][ldc1314:436]: TRACE,832324,933,941,969
[19:04:50.479][D][ldc1314:436]: TRACE,832334,933,941,969
[19:04:50.494][D][ldc1314:436]: TRACE,832348,933,941,969
[19:04:50.509][D][ldc1314:436]: TRACE,832363,933,941,969
[19:04:50.528][D][ldc1314:436]: TRACE,832383,933,941,969
[19:04:50.546][D][ldc1314:436]: TRACE,832396,933,941,969
[19:04:50.565][D][ldc1314:436]: TRACE,832413,933,941,969
[19:04:50.572][D][ldc1314:436]: TRACE,832426,933,941,969
[19:04:50.590][D][ldc1314:436]: TRACE,832442,933,941,969
[19:04:50.601][D][ldc1314:436]: TRACE,832456,933,941,969
[19:04:50.617][D][ldc1314:436]: TRACE,832470,933,941,969
[19:04:50.635][D][ldc1314:436]: TRACE,832485,933,941,969
[19:04:50.650][D][ldc1314:436]: TRACE,832503,933,941,969
[19:04:50.667][D][ldc1314:436]: TRACE,832518,933,941,969
[19:04:50.679][D][ldc1314:436]: TRACE,832532,933,941,969
[19:04:50.695][D][ldc1314:436]: TRACE,832547,933,941,969
[19:04:50.710][D][ldc1314:436]: TRACE,832563,933,941,969
[19:04:50.727][D][ldc1314:436]: TRACE,832581,933,941,969
[19:04:50.743][D][ldc1314:436]: TRACE,832595,933,941,969
[19:04:50.769][D][ldc1314:436]: TRACE,832612,933,941,969
[19:04:50.775][D][ldc1314:436]: TRACE,832628,933,941,969
[19:04:50.788][D][ldc1314:436]: TRACE,832640,933,941,969
[19:04:50.803][D][ldc1314:436]: TRACE,832656,933,941,969
[19:04:50.820][D][ldc1314:436]: TRACE,832672,933,941,969
[19:04:50.835][D][ldc1314:436]: TRACE,832688,933,941,969
[19:04:50.851][D][ldc1314:436]: TRACE,832704,933,941,969
[19:04:50.872][D][ldc1314:436]: TRACE,832719,933,941,969
[19:04:50.887][D][ldc1314:436]: TRACE,832734,933,941,969
[19:04:50.894][D][ldc1314:436]: TRACE,832750,933,941,969
[19:04:50.995][D][ldc1314:436]: TRACE,832762,933,941,969
[19:04:50.995][D][ldc1314:436]: TRACE,832777,933,941,969
[19:04:50.997][D][ldc1314:436]: TRACE,832786,933,941,969
[19:04:50.997][D][ldc1314:436]: TRACE,832796,933,941,969
[19:04:50.997][D][ldc1314:436]: TRACE,832806,933,941,969
[19:04:50.997][D][ldc1314:436]: TRACE,832817,933,941,969
[19:04:50.997][D][ldc1314:436]: TRACE,832827,933,941,969
[19:04:51.003][D][ldc1314:436]: TRACE,832839,933,941,969
[19:04:51.003][D][ldc1314:436]: TRACE,832850,933,941,969
[19:04:51.009][D][ldc1314:436]: TRACE,832860,933,941,969
[19:04:51.024][D][ldc1314:436]: TRACE,832874,933,941,969
[19:04:51.040][D][ldc1314:436]: TRACE,832892,933,941,969
[19:04:51.053][D][ldc1314:436]: TRACE,832907,933,941,969
[19:04:51.074][D][ldc1314:436]: TRACE,832921,932,941,969
[19:04:51.082][D][ldc1314:436]: TRACE,832936,932,941,969
[19:04:51.101][D][ldc1314:436]: TRACE,832953,932,941,969
[19:04:51.117][D][ldc1314:436]: TRACE,832969,932,941,969
[19:04:51.132][D][ldc1314:436]: TRACE,832985,932,941,969
[19:04:51.147][D][ldc1314:436]: TRACE,833000,932,941,969
[19:04:51.164][D][ldc1314:436]: TRACE,833016,932,941,969
[19:04:51.189][D][ldc1314:436]: TRACE,833033,932,941,969
[19:04:51.194][D][ldc1314:436]: TRACE,833044,932,941,969
[19:04:51.215][D][ldc1314:436]: TRACE,833068,932,941,969
[19:04:51.229][D][ldc1314:436]: TRACE,833083,932,941,969
[19:04:51.242][D][ldc1314:436]: TRACE,833097,932,941,969
[19:04:51.258][D][ldc1314:436]: TRACE,833111,932,941,969
[19:04:51.281][D][ldc1314:436]: TRACE,833126,932,941,969
[19:04:51.289][D][ldc1314:436]: TRACE,833141,932,941,969
[19:04:51.301][D][ldc1314:436]: TRACE,833153,932,941,969
[19:04:51.322][D][ldc1314:436]: TRACE,833175,932,941,969
[19:04:51.339][D][ldc1314:436]: TRACE,833191,932,941,969
[19:04:51.367][D][ldc1314:436]: TRACE,833208,932,941,969
[19:04:51.367][D][ldc1314:436]: TRACE,833225,933,941,969
[19:04:51.385][D][ldc1314:436]: TRACE,833235,932,941,969
[19:04:51.396][D][ldc1314:436]: TRACE,833251,932,941,969
[19:04:51.412][D][ldc1314:436]: TRACE,833264,933,941,969
[19:04:51.521][D][ldc1314:436]: TRACE,833284,932,941,969
[19:04:51.521][D][ldc1314:436]: TRACE,833300,933,941,969
[19:04:51.522][D][ldc1314:436]: TRACE,833310,932,941,969
[19:04:51.522][D][ldc1314:436]: TRACE,833320,932,941,969
[19:04:51.522][D][ldc1314:436]: TRACE,833330,933,941,969
[19:04:51.522][D][ldc1314:436]: TRACE,833340,932,941,969
[19:04:51.522][D][ldc1314:436]: TRACE,833350,932,941,969
[19:04:51.522][D][ldc1314:436]: TRACE,833360,932,941,969
[19:04:51.530][D][ldc1314:436]: TRACE,833370,933,941,969
[19:04:51.530][D][ldc1314:436]: TRACE,833380,932,941,969
[19:04:51.536][D][ldc1314:436]: TRACE,833390,932,941,969
[19:04:51.556][D][ldc1314:436]: TRACE,833408,932,941,969
[19:04:51.572][D][ldc1314:436]: TRACE,833423,933,941,969
[19:04:51.588][D][ldc1314:436]: TRACE,833439,932,941,969
[19:04:51.601][D][ldc1314:436]: TRACE,833453,933,941,969
[19:04:51.614][D][ldc1314:436]: TRACE,833469,932,941,969
[19:04:51.630][D][ldc1314:436]: TRACE,833483,932,941,969
[19:04:51.643][D][ldc1314:436]: TRACE,833498,932,941,969
[19:04:51.659][D][ldc1314:436]: TRACE,833512,932,941,969
[19:04:51.677][D][ldc1314:436]: TRACE,833529,932,941,969
[19:04:51.694][D][ldc1314:436]: TRACE,833546,932,941,969
[19:04:51.704][D][ldc1314:436]: TRACE,833556,933,941,969
[19:04:51.718][D][ldc1314:436]: TRACE,833572,932,941,969
[19:04:51.734][D][ldc1314:436]: TRACE,833588,933,941,969
[19:04:51.748][D][ldc1314:436]: TRACE,833603,932,941,969
[19:04:51.763][D][ldc1314:436]: TRACE,833618,932,941,969
[19:04:51.777][D][ldc1314:436]: TRACE,833632,932,941,969
[19:04:51.800][D][ldc1314:436]: TRACE,833651,932,941,969
[19:04:51.813][D][ldc1314:436]: TRACE,833663,932,941,969
[19:04:51.826][D][ldc1314:436]: TRACE,833679,932,941,969
[19:04:51.842][D][ldc1314:436]: TRACE,833696,932,941,969
[19:04:51.857][D][ldc1314:436]: TRACE,833710,932,941,969
[19:04:51.872][D][ldc1314:436]: TRACE,833725,932,941,969
[19:04:51.896][D][ldc1314:436]: TRACE,833739,933,941,969
[19:04:51.902][D][ldc1314:436]: TRACE,833756,932,941,969
[19:04:51.918][D][ldc1314:436]: TRACE,833771,932,941,969
[19:04:51.932][D][ldc1314:436]: TRACE,833785,932,941,969
[19:04:51.949][D][ldc1314:436]: TRACE,833802,933,941,969
[19:04:52.045][D][ldc1314:436]: TRACE,833816,932,941,969
[19:04:52.045][D][ldc1314:436]: TRACE,833829,932,941,969
[19:04:52.045][D][ldc1314:436]: TRACE,833839,932,941,969
[19:04:52.045][D][ldc1314:436]: TRACE,833849,932,941,969
[19:04:52.045][D][ldc1314:436]: TRACE,833859,933,941,969
[19:04:52.046][D][ldc1314:436]: TRACE,833871,932,941,969
[19:04:52.046][D][ldc1314:436]: TRACE,833881,933,941,969
[19:04:52.046][D][ldc1314:436]: TRACE,833890,932,941,969
[19:04:52.046][D][ldc1314:436]: TRACE,833901,932,941,969
[19:04:52.061][D][ldc1314:436]: TRACE,833914,932,941,969
[19:04:52.076][D][ldc1314:436]: TRACE,833929,933,941,969
[19:04:52.090][D][ldc1314:436]: TRACE,833943,932,941,969
[19:04:52.100][D][ldc1314:436]: TRACE,833957,932,941,969
[19:04:52.116][D][ldc1314:436]: TRACE,833967,932,941,969
[19:04:52.133][D][ldc1314:436]: TRACE,833986,932,941,969
[19:04:52.149][D][ldc1314:436]: TRACE,834002,933,941,969
[19:04:52.164][D][ldc1314:436]: TRACE,834016,932,941,969
[19:04:52.177][D][ldc1314:436]: TRACE,834031,933,941,969
[19:04:52.202][D][ldc1314:436]: TRACE,834045,932,941,969
[19:04:52.213][D][ldc1314:436]: TRACE,834063,933,941,969
[19:04:52.223][D][ldc1314:436]: TRACE,834076,932,941,969
[19:04:52.246][D][ldc1314:436]: TRACE,834097,932,941,969
[19:04:52.257][D][ldc1314:436]: TRACE,834112,932,941,969
[19:04:52.273][D][ldc1314:436]: TRACE,834126,932,941,969
[19:04:52.287][D][ldc1314:436]: TRACE,834141,932,941,969
[19:04:52.305][D][ldc1314:436]: TRACE,834156,932,941,969
[19:04:52.317][D][ldc1314:436]: TRACE,834169,932,941,969
[19:04:52.331][D][ldc1314:436]: TRACE,834185,932,941,969
[19:04:52.346][D][ldc1314:436]: TRACE,834199,932,941,969
[19:04:52.366][D][ldc1314:436]: TRACE,834219,932,941,969
[19:04:52.383][D][ldc1314:436]: TRACE,834237,933,941,969
[19:04:52.406][D][ldc1314:436]: TRACE,834251,932,941,969
[19:04:52.408][D][ldc1314:436]: TRACE,834266,932,941,969
[19:04:52.425][D][ldc1314:436]: TRACE,834278,932,941,969
[19:04:52.442][D][ldc1314:436]: TRACE,834295,933,941,969
[19:04:52.457][D][ldc1314:436]: TRACE,834310,933,941,969
[19:04:52.476][D][ldc1314:436]: TRACE,834330,933,941,969
[19:04:52.572][D][ldc1314:436]: TRACE,834344,933,941,969
[19:04:52.573][D][ldc1314:436]: TRACE,834357,933,941,969
[19:04:52.573][D][ldc1314:436]: TRACE,834367,933,941,969
[19:04:52.573][D][ldc1314:436]: TRACE,834377,933,941,969
[19:04:52.573][D][ldc1314:436]: TRACE,834387,933,941,969
[19:04:52.573][D][ldc1314:436]: TRACE,834397,933,941,969
[19:04:52.573][D][ldc1314:436]: TRACE,834407,933,941,969
[19:04:52.573][D][ldc1314:436]: TRACE,834417,933,941,969
[19:04:52.573][D][ldc1314:436]: TRACE,834427,933,941,969
[19:04:52.585][D][ldc1314:436]: TRACE,834438,933,941,969
[19:04:52.600][D][ldc1314:436]: TRACE,834453,933,941,969
[19:04:52.616][D][ldc1314:436]: TRACE,834468,933,941,969
[19:04:52.626][D][ldc1314:436]: TRACE,834478,933,941,969
[19:04:52.642][D][ldc1314:436]: TRACE,834494,933,941,969
[19:04:52.658][D][ldc1314:436]: TRACE,834511,933,941,969
[19:04:52.672][D][ldc1314:436]: TRACE,834526,933,941,969
[19:04:52.694][D][ldc1314:436]: TRACE,834545,933,941,969
[19:04:52.714][D][ldc1314:436]: TRACE,834560,933,941,969
[19:04:52.726][D][ldc1314:436]: TRACE,834575,933,941,969
[19:04:52.735][D][ldc1314:436]: TRACE,834586,933,941,969
[19:04:52.749][D][ldc1314:436]: TRACE,834602,933,941,969
[19:04:52.767][D][ldc1314:436]: TRACE,834617,933,941,969
[19:04:52.781][D][ldc1314:436]: TRACE,834634,933,941,969
[19:04:52.797][D][ldc1314:436]: TRACE,834649,933,941,969
[19:04:52.816][D][ldc1314:436]: TRACE,834668,933,941,969
[19:04:52.832][D][ldc1314:436]: TRACE,834683,933,941,969
[19:04:52.846][D][ldc1314:436]: TRACE,834697,933,941,969
[19:04:52.851][D][ldc1314:436]: TRACE,834709,933,941,969
[19:04:52.868][D][ldc1314:436]: TRACE,834721,933,941,969
[19:04:52.883][D][ldc1314:436]: TRACE,834736,933,941,969
[19:04:52.896][D][ldc1314:436]: TRACE,834751,933,941,969
[19:04:52.918][D][ldc1314:436]: TRACE,834765,933,941,969
[19:04:52.926][D][ldc1314:436]: TRACE,834779,933,941,969
[19:04:52.938][D][ldc1314:436]: TRACE,834793,933,941,969
[19:04:52.953][D][ldc1314:436]: TRACE,834808,933,941,969
[19:04:52.968][D][ldc1314:436]: TRACE,834822,933,941,969
[19:04:52.983][D][ldc1314:436]: TRACE,834836,933,941,969
[19:04:53.002][D][ldc1314:436]: TRACE,834851,933,941,969
[19:04:53.096][D][ldc1314:436]: TRACE,834866,933,941,969
[19:04:53.096][D][ldc1314:436]: TRACE,834880,933,941,969
[19:04:53.096][D][ldc1314:436]: TRACE,834893,933,941,969
[19:04:53.096][D][ldc1314:436]: TRACE,834903,933,941,969
[19:04:53.096][D][ldc1314:436]: TRACE,834913,933,941,969
[19:04:53.096][D][ldc1314:436]: TRACE,834924,933,941,969
[19:04:53.107][D][ldc1314:436]: TRACE,834934,933,941,969
[19:04:53.107][D][ldc1314:436]: TRACE,834945,933,941,969
[19:04:53.107][D][ldc1314:436]: TRACE,834955,933,941,969
[19:04:53.112][D][ldc1314:436]: TRACE,834966,933,941,969
[19:04:53.126][D][ldc1314:436]: TRACE,834982,933,941,969
[19:04:53.139][D][ldc1314:436]: TRACE,834994,933,941,969
[19:04:53.158][D][ldc1314:436]: TRACE,835012,933,941,969
[19:04:53.173][D][ldc1314:436]: TRACE,835026,933,941,969
[19:04:53.190][D][ldc1314:436]: TRACE,835043,933,941,969
[19:04:53.211][D][ldc1314:436]: TRACE,835057,933,941,969
[19:04:53.229][D][ldc1314:436]: TRACE,835079,933,941,969
[19:04:53.241][D][ldc1314:436]: TRACE,835090,933,941,969
[19:04:53.250][D][ldc1314:436]: TRACE,835103,933,941,969
[19:04:53.265][D][ldc1314:436]: TRACE,835118,933,941,969
[19:04:53.285][D][ldc1314:436]: TRACE,835139,933,941,969
[19:04:53.302][D][ldc1314:436]: TRACE,835153,933,941,969
[19:04:53.317][D][ldc1314:436]: TRACE,835170,933,941,969
[19:04:53.331][D][ldc1314:436]: TRACE,835186,933,941,969
[19:04:53.348][D][ldc1314:436]: TRACE,835200,933,941,969
[19:04:53.362][D][ldc1314:436]: TRACE,835217,933,941,969
[19:04:53.377][D][ldc1314:436]: TRACE,835232,933,941,969
[19:04:53.399][D][ldc1314:436]: TRACE,835251,933,941,969
[19:04:53.413][D][ldc1314:436]: TRACE,835265,933,941,969
[19:04:53.432][D][ldc1314:436]: TRACE,835279,933,941,969
[19:04:53.446][D][ldc1314:436]: TRACE,835297,933,941,969
[19:04:53.460][D][ldc1314:436]: TRACE,835314,933,941,969
[19:04:53.477][D][ldc1314:436]: TRACE,835329,933,941,969
[19:04:53.493][D][ldc1314:436]: TRACE,835345,933,941,969
[19:04:53.511][D][ldc1314:436]: TRACE,835364,933,941,969
[19:04:53.622][D][ldc1314:436]: TRACE,835378,933,941,969
[19:04:53.622][D][ldc1314:436]: TRACE,835393,933,941,969
[19:04:53.622][D][ldc1314:436]: TRACE,835406,933,941,969
[19:04:53.622][D][ldc1314:436]: TRACE,835415,933,941,969
[19:04:53.622][D][ldc1314:436]: TRACE,835425,933,941,969
[19:04:53.622][D][ldc1314:436]: TRACE,835435,933,941,969
[19:04:53.622][D][ldc1314:436]: TRACE,835445,933,941,969
[19:04:53.623][D][ldc1314:436]: TRACE,835455,933,941,969
[19:04:53.623][D][ldc1314:436]: TRACE,835466,933,941,969
[19:04:53.638][D][ldc1314:436]: TRACE,835478,933,941,969
[19:04:53.638][D][ldc1314:436]: TRACE,835488,933,941,969
[19:04:53.647][D][ldc1314:436]: TRACE,835498,933,941,969
[19:04:53.660][D][ldc1314:436]: TRACE,835514,933,941,969
[19:04:53.673][D][ldc1314:436]: TRACE,835529,933,941,969
[19:04:53.688][D][ldc1314:436]: TRACE,835541,933,941,969
[19:04:53.701][D][ldc1314:436]: TRACE,835557,933,941,969
[19:04:53.718][D][ldc1314:436]: TRACE,835569,933,941,969
[19:04:53.737][D][ldc1314:436]: TRACE,835584,933,941,969
[19:04:53.749][D][ldc1314:436]: TRACE,835602,933,941,969
[19:04:53.762][D][ldc1314:436]: TRACE,835618,933,941,969
[19:04:53.779][D][ldc1314:436]: TRACE,835630,933,941,969
[19:04:53.794][D][ldc1314:436]: TRACE,835647,933,941,969
[19:04:53.808][D][ldc1314:436]: TRACE,835661,933,941,969
[19:04:53.825][D][ldc1314:436]: TRACE,835676,933,941,969
[19:04:53.842][D][ldc1314:436]: TRACE,835691,933,941,969
[19:04:53.849][D][ldc1314:436]: TRACE,835701,933,941,969
[19:04:53.868][D][ldc1314:436]: TRACE,835723,933,941,969
[19:04:53.884][D][ldc1314:436]: TRACE,835737,933,941,969
[19:04:53.897][D][ldc1314:436]: TRACE,835752,933,941,969
[19:04:53.913][D][ldc1314:436]: TRACE,835766,933,941,969
[19:04:53.926][D][ldc1314:436]: TRACE,835781,933,941,969
[19:04:53.942][D][ldc1314:436]: TRACE,835795,933,941,969
[19:04:53.954][D][ldc1314:436]: TRACE,835807,933,941,969
[19:04:53.969][D][ldc1314:436]: TRACE,835822,933,941,969
[19:04:53.988][D][ldc1314:436]: TRACE,835842,933,941,969
[19:04:54.002][D][ldc1314:436]: TRACE,835856,933,941,969
[19:04:54.019][D][ldc1314:436]: TRACE,835870,933,941,969
[19:04:54.032][D][ldc1314:436]: TRACE,835885,933,941,969
[19:04:54.046][D][ldc1314:436]: TRACE,835901,933,941,969
[19:04:54.144][D][ldc1314:436]: TRACE,835915,933,941,969
[19:04:54.144][D][ldc1314:436]: TRACE,835928,933,941,969
[19:04:54.145][D][ldc1314:436]: TRACE,835938,933,941,969
[19:04:54.145][D][ldc1314:436]: TRACE,835950,933,941,969
[19:04:54.145][D][ldc1314:436]: TRACE,835960,933,941,969
[19:04:54.145][D][ldc1314:436]: TRACE,835970,933,941,969
[19:04:54.145][D][ldc1314:436]: TRACE,835980,933,941,969
[19:04:54.152][D][ldc1314:436]: TRACE,835990,933,941,969
[19:04:54.152][D][ldc1314:436]: TRACE,836000,933,941,969
[19:04:54.160][D][ldc1314:436]: TRACE,836010,933,941,969
[19:04:54.175][D][ldc1314:436]: TRACE,836025,933,941,969
[19:04:54.192][D][ldc1314:436]: TRACE,836042,933,941,969
[19:04:54.210][D][ldc1314:436]: TRACE,836057,933,941,969
[19:04:54.230][D][ldc1314:436]: TRACE,836085,933,941,969
[19:04:54.249][D][ldc1314:436]: TRACE,836099,933,941,969
[19:04:54.258][D][ldc1314:436]: TRACE,836111,933,941,969
[19:04:54.271][D][ldc1314:436]: TRACE,836127,933,941,969
[19:04:54.284][D][ldc1314:436]: TRACE,836139,933,941,969
[19:04:54.301][D][ldc1314:436]: TRACE,836154,933,941,969
[19:04:54.317][D][ldc1314:436]: TRACE,836168,933,941,969
[19:04:54.330][D][ldc1314:436]: TRACE,836183,933,941,969
[19:04:54.354][D][ldc1314:436]: TRACE,836201,933,941,969
[19:04:54.361][D][ldc1314:436]: TRACE,836213,933,941,969
[19:04:54.375][D][ldc1314:436]: TRACE,836226,933,941,969
[19:04:54.390][D][ldc1314:436]: TRACE,836243,933,941,969
[19:04:54.408][D][ldc1314:436]: TRACE,836257,933,941,969
[19:04:54.419][D][ldc1314:436]: TRACE,836273,933,941,969
[19:04:54.431][D][ldc1314:436]: TRACE,836285,933,941,969
[19:04:54.454][D][ldc1314:436]: TRACE,836299,933,941,969
[19:04:54.462][D][ldc1314:436]: TRACE,836313,933,941,969
[19:04:54.476][D][ldc1314:436]: TRACE,836330,933,941,969
[19:04:54.490][D][ldc1314:436]: TRACE,836347,933,941,969
[19:04:54.505][D][ldc1314:436]: TRACE,836359,933,941,969
[19:04:54.519][D][ldc1314:436]: TRACE,836375,933,941,969
[19:04:54.535][D][ldc1314:436]: TRACE,836388,933,941,969
[19:04:54.556][D][ldc1314:436]: TRACE,836405,932,941,969
[19:04:54.565][D][ldc1314:436]: TRACE,836417,932,941,969
[19:04:54.669][D][ldc1314:436]: TRACE,836437,932,941,969
[19:04:54.669][D][ldc1314:436]: TRACE,836452,932,941,969
[19:04:54.669][D][ldc1314:436]: TRACE,836461,932,941,969
[19:04:54.669][D][ldc1314:436]: TRACE,836471,933,941,969
[19:04:54.669][D][ldc1314:436]: TRACE,836481,932,941,969
[19:04:54.669][D][ldc1314:436]: TRACE,836491,932,941,969
[19:04:54.669][D][ldc1314:436]: TRACE,836502,932,941,969
[19:04:54.669][D][ldc1314:436]: TRACE,836512,933,941,969
[19:04:54.676][D][ldc1314:436]: TRACE,836523,932,941,969
[19:04:54.681][D][ldc1314:436]: TRACE,836532,932,941,969
[19:04:54.697][D][ldc1314:436]: TRACE,836547,933,941,969
[19:04:54.708][D][ldc1314:436]: TRACE,836563,932,941,969
[19:04:54.725][D][ldc1314:436]: TRACE,836577,932,941,969
[19:04:54.739][D][ldc1314:436]: TRACE,836592,932,941,969
[19:04:54.763][D][ldc1314:436]: TRACE,836606,932,941,969
[19:04:54.770][D][ldc1314:436]: TRACE,836618,932,941,969
[19:04:54.777][D][ldc1314:436]: TRACE,836628,932,941,969
[19:04:54.791][D][ldc1314:436]: TRACE,836646,932,941,969
[19:04:54.807][D][ldc1314:436]: TRACE,836660,932,941,969
[19:04:54.826][D][ldc1314:436]: TRACE,836677,932,941,969
[19:04:54.845][D][ldc1314:436]: TRACE,836694,932,941,969
[19:04:54.863][D][ldc1314:436]: TRACE,836710,932,941,969
[19:04:54.868][D][ldc1314:436]: TRACE,836723,932,941,969
[19:04:54.883][D][ldc1314:436]: TRACE,836736,932,941,969
[19:04:54.898][D][ldc1314:436]: TRACE,836751,932,941,969
[19:04:54.913][D][ldc1314:436]: TRACE,836767,932,941,969
[19:04:54.933][D][ldc1314:436]: TRACE,836785,933,941,969
[19:04:54.947][D][ldc1314:436]: TRACE,836801,933,941,969
[19:04:54.965][D][ldc1314:436]: TRACE,836815,932,941,969
[19:04:54.976][D][ldc1314:436]: TRACE,836829,933,941,969
[19:04:54.990][D][ldc1314:436]: TRACE,836844,932,941,969
[19:04:55.005][D][ldc1314:436]: TRACE,836859,933,941,969
[19:04:55.021][D][ldc1314:436]: TRACE,836873,933,941,969
[19:04:55.038][D][ldc1314:436]: TRACE,836891,933,941,969
[19:04:55.054][D][ldc1314:436]: TRACE,836906,933,941,969
[19:04:55.077][D][ldc1314:436]: TRACE,836921,933,941,969
[19:04:55.079][D][ldc1314:436]: TRACE,836933,933,941,969
[19:04:55.096][D][ldc1314:436]: TRACE,836947,932,941,969
[19:04:55.194][D][ldc1314:436]: TRACE,836962,933,941,969
[19:04:55.194][D][ldc1314:436]: TRACE,836976,932,941,969
[19:04:55.194][D][ldc1314:436]: TRACE,836986,932,941,969
[19:04:55.195][D][ldc1314:436]: TRACE,836997,932,941,969
[19:04:55.195][D][ldc1314:436]: TRACE,837007,933,941,969
[19:04:55.195][D][ldc1314:436]: TRACE,837018,933,941,969
[19:04:55.195][D][ldc1314:436]: TRACE,837029,932,941,969
[19:04:55.201][D][ldc1314:436]: TRACE,837039,932,941,969
[19:04:55.201][D][ldc1314:436]: TRACE,837050,932,941,969
[19:04:55.210][D][ldc1314:436]: TRACE,837062,933,941,969
[19:04:55.226][D][ldc1314:436]: TRACE,837080,932,941,969
[19:04:55.242][D][ldc1314:436]: TRACE,837092,933,941,969
[19:04:55.258][D][ldc1314:436]: TRACE,837113,932,941,969
[19:04:55.279][D][ldc1314:436]: TRACE,837125,933,941,969
[19:04:55.287][D][ldc1314:436]: TRACE,837138,932,941,969
[19:04:55.302][D][ldc1314:436]: TRACE,837156,932,941,969
[19:04:55.317][D][ldc1314:436]: TRACE,837170,932,941,969
[19:04:55.331][D][ldc1314:436]: TRACE,837185,932,941,969
[19:04:55.345][D][ldc1314:436]: TRACE,837198,932,941,969
[19:04:55.376][D][ldc1314:436]: TRACE,837219,932,941,969
[19:04:55.389][D][ldc1314:436]: TRACE,837235,932,941,969
[19:04:55.394][D][ldc1314:436]: TRACE,837244,933,941,969
[19:04:55.408][D][ldc1314:436]: TRACE,837259,932,941,969
[19:04:55.424][D][ldc1314:436]: TRACE,837275,933,941,969
[19:04:55.437][D][ldc1314:436]: TRACE,837290,933,941,969
[19:04:55.453][D][ldc1314:436]: TRACE,837307,933,941,969
[19:04:55.466][D][ldc1314:436]: TRACE,837321,932,941,969
[19:04:55.484][D][ldc1314:436]: TRACE,837336,932,941,969
[19:04:55.500][D][ldc1314:436]: TRACE,837350,932,941,969
[19:04:55.512][D][ldc1314:436]: TRACE,837366,932,941,969
[19:04:55.529][D][ldc1314:436]: TRACE,837382,932,941,969
[19:04:55.546][D][ldc1314:436]: TRACE,837399,932,941,969
[19:04:55.565][D][ldc1314:436]: TRACE,837414,932,941,969
[19:04:55.582][D][ldc1314:436]: TRACE,837430,933,941,969
[19:04:55.586][D][ldc1314:436]: TRACE,837440,932,941,969
[19:04:55.608][D][ldc1314:436]: TRACE,837461,932,941,969
[19:04:55.622][D][ldc1314:436]: TRACE,837475,932,941,969
[19:04:55.718][D][ldc1314:436]: TRACE,837490,932,941,969
[19:04:55.718][D][ldc1314:436]: TRACE,837502,932,941,969
[19:04:55.718][D][ldc1314:436]: TRACE,837513,932,941,969
[19:04:55.718][D][ldc1314:436]: TRACE,837524,932,941,969
[19:04:55.718][D][ldc1314:436]: TRACE,837534,933,941,969
[19:04:55.718][D][ldc1314:436]: TRACE,837544,932,941,969
[19:04:55.718][D][ldc1314:436]: TRACE,837554,932,941,969
[19:04:55.718][D][ldc1314:436]: TRACE,837564,932,941,969
[19:04:55.726][D][ldc1314:436]: TRACE,837575,932,941,969
[19:04:55.735][D][ldc1314:436]: TRACE,837588,933,941,969
[19:04:55.750][D][ldc1314:436]: TRACE,837603,932,941,969
[19:04:55.766][D][ldc1314:436]: TRACE,837619,932,941,969
[19:04:55.785][D][ldc1314:436]: TRACE,837632,932,941,969
[19:04:55.793][D][ldc1314:436]: TRACE,837645,932,941,969
[19:04:55.809][D][ldc1314:436]: TRACE,837662,932,941,969
[19:04:55.837][D][ldc1314:436]: TRACE,837676,933,941,969
[19:04:55.844][D][ldc1314:436]: TRACE,837693,932,941,969
[19:04:55.856][D][ldc1314:436]: TRACE,837706,933,941,969
[19:04:55.866][D][ldc1314:436]: TRACE,837721,932,941,969
[19:04:55.886][D][ldc1314:436]: TRACE,837733,932,941,969
[19:04:55.892][D][ldc1314:436]: TRACE,837746,932,941,969
[19:04:55.907][D][ldc1314:436]: TRACE,837760,932,941,969
[19:04:55.922][D][ldc1314:436]: TRACE,837775,932,941,969
[19:04:55.938][D][ldc1314:436]: TRACE,837792,932,941,969
[19:04:55.955][D][ldc1314:436]: TRACE,837806,932,941,969
[19:04:55.974][D][ldc1314:436]: TRACE,837826,932,941,969
[19:04:55.992][D][ldc1314:436]: TRACE,837841,932,941,969
[19:04:56.001][D][ldc1314:436]: TRACE,837853,932,941,969
[19:04:56.016][D][ldc1314:436]: TRACE,837869,932,941,969
[19:04:56.033][D][ldc1314:436]: TRACE,837884,932,941,969
[19:04:56.049][D][ldc1314:436]: TRACE,837901,932,941,969
[19:04:56.069][D][ldc1314:436]: TRACE,837916,932,941,969
[19:04:56.091][D][ldc1314:436]: TRACE,837934,932,941,969
[19:04:56.098][D][ldc1314:436]: TRACE,837951,932,941,969
[19:04:56.113][D][ldc1314:436]: TRACE,837963,932,941,969
[19:04:56.127][D][ldc1314:436]: TRACE,837980,932,941,969
[19:04:56.141][D][ldc1314:436]: TRACE,837995,933,941,969
[19:04:56.245][D][ldc1314:436]: TRACE,838009,932,941,969
[19:04:56.245][D][ldc1314:436]: TRACE,838025,932,941,969
[19:04:56.246][D][ldc1314:436]: TRACE,838035,932,941,969
[19:04:56.246][D][ldc1314:436]: TRACE,838045,932,941,969
[19:04:56.246][D][ldc1314:436]: TRACE,838058,932,941,969
[19:04:56.246][D][ldc1314:436]: TRACE,838068,933,941,969
[19:04:56.246][D][ldc1314:436]: TRACE,838078,932,941,969
[19:04:56.259][D][ldc1314:436]: TRACE,838088,933,941,969
[19:04:56.260][D][ldc1314:436]: TRACE,838098,932,941,969
[19:04:56.260][D][ldc1314:436]: TRACE,838108,932,941,969
[19:04:56.263][D][ldc1314:436]: TRACE,838118,932,941,969
[19:04:56.281][D][ldc1314:436]: TRACE,838131,932,941,969
[19:04:56.299][D][ldc1314:436]: TRACE,838149,933,941,969
[19:04:56.307][D][ldc1314:436]: TRACE,838159,932,941,969
[19:04:56.326][D][ldc1314:436]: TRACE,838179,932,941,969
[19:04:56.341][D][ldc1314:436]: TRACE,838194,932,941,969
[19:04:56.358][D][ldc1314:436]: TRACE,838208,932,941,969
[19:04:56.373][D][ldc1314:436]: TRACE,838225,932,941,969
[19:04:56.385][D][ldc1314:436]: TRACE,838240,932,941,969
[19:04:56.404][D][ldc1314:436]: TRACE,838253,932,941,969
[19:04:56.414][D][ldc1314:436]: TRACE,838264,932,941,969
[19:04:56.431][D][ldc1314:436]: TRACE,838287,933,941,969
[19:04:56.444][D][ldc1314:436]: TRACE,838299,933,941,969
[19:04:56.459][D][ldc1314:436]: TRACE,838313,932,941,969
[19:04:56.476][D][ldc1314:436]: TRACE,838328,932,941,969
[19:04:56.503][D][ldc1314:436]: TRACE,838342,932,941,969
[19:04:56.511][D][ldc1314:436]: TRACE,838359,932,941,969
[19:04:56.517][D][ldc1314:436]: TRACE,838368,932,941,969
[19:04:56.529][D][ldc1314:436]: TRACE,838381,932,941,969
[19:04:56.549][D][ldc1314:436]: TRACE,838401,932,941,969
[19:04:56.563][D][ldc1314:436]: TRACE,838417,933,941,969
[19:04:56.580][D][ldc1314:436]: TRACE,838431,932,941,969
[19:04:56.602][D][ldc1314:436]: TRACE,838448,932,941,969
[19:04:56.609][D][ldc1314:436]: TRACE,838462,933,941,969
[19:04:56.620][D][ldc1314:436]: TRACE,838472,932,941,969
[19:04:56.636][D][ldc1314:436]: TRACE,838490,932,941,969
[19:04:56.653][D][ldc1314:436]: TRACE,838504,932,941,969
[19:04:56.672][D][ldc1314:436]: TRACE,838525,933,941,969
[19:04:56.766][D][ldc1314:436]: TRACE,838540,932,941,969
[19:04:56.767][D][ldc1314:436]: TRACE,838553,932,941,969
[19:04:56.767][D][ldc1314:436]: TRACE,838562,933,941,969
[19:04:56.767][D][ldc1314:436]: TRACE,838572,932,941,969
[19:04:56.767][D][ldc1314:436]: TRACE,838582,932,941,969
[19:04:56.767][D][ldc1314:436]: TRACE,838592,932,941,969
[19:04:56.767][D][ldc1314:436]: TRACE,838602,932,941,969
[19:04:56.775][D][ldc1314:436]: TRACE,838612,932,941,969
[19:04:56.776][D][ldc1314:436]: TRACE,838622,932,941,969
[19:04:56.783][D][ldc1314:436]: TRACE,838632,932,941,969
[19:04:56.796][D][ldc1314:436]: TRACE,838651,932,941,969
[19:04:56.810][D][ldc1314:436]: TRACE,838665,932,941,969
[19:04:56.824][D][ldc1314:436]: TRACE,838675,932,941,969
[19:04:56.841][D][ldc1314:436]: TRACE,838692,932,941,969
[19:04:56.856][D][ldc1314:436]: TRACE,838709,932,941,969
[19:04:56.870][D][ldc1314:436]: TRACE,838723,932,941,969
[19:04:56.885][D][ldc1314:436]: TRACE,838738,932,941,969
[19:04:56.909][D][ldc1314:436]: TRACE,838753,932,941,969
[19:04:56.916][D][ldc1314:436]: TRACE,838770,932,941,969
[19:04:56.931][D][ldc1314:436]: TRACE,838784,932,941,969
[19:04:56.945][D][ldc1314:436]: TRACE,838799,932,941,969
[19:04:56.961][D][ldc1314:436]: TRACE,838815,932,941,969
[19:04:56.977][D][ldc1314:436]: TRACE,838830,932,941,969
[19:04:56.991][D][ldc1314:436]: TRACE,838844,932,941,969
[19:04:57.012][D][ldc1314:436]: TRACE,838859,932,941,969
[19:04:57.024][D][ldc1314:436]: TRACE,838876,932,941,969
[19:04:57.039][D][ldc1314:436]: TRACE,838892,932,941,969
[19:04:57.054][D][ldc1314:436]: TRACE,838906,932,941,969
[19:04:57.069][D][ldc1314:436]: TRACE,838923,932,941,969
[19:04:57.084][D][ldc1314:436]: TRACE,838938,932,941,969
[19:04:57.100][D][ldc1314:436]: TRACE,838953,932,941,969
[19:04:57.117][D][ldc1314:436]: TRACE,838967,932,941,969
[19:04:57.133][D][ldc1314:436]: TRACE,838983,932,941,969
[19:04:57.149][D][ldc1314:436]: TRACE,839002,932,941,969
[19:04:57.162][D][ldc1314:436]: TRACE,839017,932,941,969
[19:04:57.177][D][ldc1314:436]: TRACE,839031,932,941,969
[19:04:57.194][D][ldc1314:436]: TRACE,839046,932,941,969
[19:04:57.292][D][ldc1314:436]: TRACE,839059,932,941,969
[19:04:57.292][D][ldc1314:436]: TRACE,839074,932,941,969
[19:04:57.292][D][ldc1314:436]: TRACE,839088,933,941,969
[19:04:57.292][D][ldc1314:436]: TRACE,839099,932,941,969
[19:04:57.292][D][ldc1314:436]: TRACE,839108,932,941,969
[19:04:57.292][D][ldc1314:436]: TRACE,839118,932,941,969
[19:04:57.298][D][ldc1314:436]: TRACE,839128,932,941,969
[19:04:57.299][D][ldc1314:436]: TRACE,839138,932,941,969
[19:04:57.299][D][ldc1314:436]: TRACE,839148,932,941,969
[19:04:57.305][D][ldc1314:436]: TRACE,839158,932,941,969
[19:04:57.322][D][ldc1314:436]: TRACE,839174,932,941,969
[19:04:57.333][D][ldc1314:436]: TRACE,839185,932,941,969
[19:04:57.354][D][ldc1314:436]: TRACE,839205,932,941,969
[19:04:57.369][D][ldc1314:436]: TRACE,839222,932,941,969
[19:04:57.383][D][ldc1314:436]: TRACE,839238,932,941,969
[19:04:57.398][D][ldc1314:436]: TRACE,839252,932,941,969
[19:04:57.422][D][ldc1314:436]: TRACE,839265,932,941,969
[19:04:57.428][D][ldc1314:436]: TRACE,839280,932,941,969
[19:04:57.441][D][ldc1314:436]: TRACE,839295,932,941,969
[19:04:57.462][D][ldc1314:436]: TRACE,839314,932,941,969
[19:04:57.477][D][ldc1314:436]: TRACE,839329,932,941,969
[19:04:57.493][D][ldc1314:436]: TRACE,839346,932,941,969
[19:04:57.507][D][ldc1314:436]: TRACE,839360,933,941,969
[19:04:57.525][D][ldc1314:436]: TRACE,839375,932,941,969
[19:04:57.537][D][ldc1314:436]: TRACE,839389,932,941,969
[19:04:57.551][D][ldc1314:436]: TRACE,839405,933,941,969
[19:04:57.566][D][ldc1314:436]: TRACE,839418,932,941,969
[19:04:57.586][D][ldc1314:436]: TRACE,839440,933,941,969
[19:04:57.603][D][ldc1314:436]: TRACE,839454,932,941,969
[19:04:57.626][D][ldc1314:436]: TRACE,839468,932,941,969
[19:04:57.629][D][ldc1314:436]: TRACE,839486,933,941,969
[19:04:57.646][D][ldc1314:436]: TRACE,839497,932,941,969
[19:04:57.660][D][ldc1314:436]: TRACE,839514,933,941,969
[19:04:57.677][D][ldc1314:436]: TRACE,839529,932,941,969
[19:04:57.696][D][ldc1314:436]: TRACE,839548,933,941,969
[19:04:57.717][D][ldc1314:436]: TRACE,839564,932,941,969
[19:04:57.819][D][ldc1314:436]: TRACE,839579,932,941,969
[19:04:57.820][D][ldc1314:436]: TRACE,839590,932,941,969
[19:04:57.820][D][ldc1314:436]: TRACE,839605,932,941,969
[19:04:57.820][D][ldc1314:436]: TRACE,839615,933,941,969
[19:04:57.820][D][ldc1314:436]: TRACE,839625,932,941,969
[19:04:57.820][D][ldc1314:436]: TRACE,839635,932,941,969
[19:04:57.820][D][ldc1314:436]: TRACE,839645,932,941,969
[19:04:57.820][D][ldc1314:436]: TRACE,839656,932,941,969
[19:04:57.834][D][ldc1314:436]: TRACE,839668,932,941,969
[19:04:57.834][D][ldc1314:436]: TRACE,839678,932,941,969
[19:04:57.834][D][ldc1314:436]: TRACE,839689,932,941,969
[19:04:57.847][D][ldc1314:436]: TRACE,839701,932,941,969
[19:04:57.859][D][ldc1314:436]: TRACE,839714,932,941,969
[19:04:57.875][D][ldc1314:436]: TRACE,839727,932,941,969
[19:04:57.885][D][ldc1314:436]: TRACE,839741,932,941,969
[19:04:57.901][D][ldc1314:436]: TRACE,839753,933,941,969
[19:04:57.921][D][ldc1314:436]: TRACE,839772,933,941,969
[19:04:57.938][D][ldc1314:436]: TRACE,839788,933,941,969
[19:04:57.947][D][ldc1314:436]: TRACE,839798,932,941,969
[19:04:57.960][D][ldc1314:436]: TRACE,839815,932,941,969
[19:04:57.974][D][ldc1314:436]: TRACE,839828,933,941,969
[19:04:57.989][D][ldc1314:436]: TRACE,839844,932,941,969
[19:04:58.005][D][ldc1314:436]: TRACE,839858,933,941,969
[19:04:58.022][D][ldc1314:436]: TRACE,839873,932,941,969
[19:04:58.043][D][ldc1314:436]: TRACE,839890,932,941,969
[19:04:58.051][D][ldc1314:436]: TRACE,839902,933,941,969
[19:04:58.063][D][ldc1314:436]: TRACE,839919,932,941,969
[19:04:58.080][D][ldc1314:436]: TRACE,839931,932,941,969
[19:04:58.096][D][ldc1314:436]: TRACE,839949,932,941,969
[19:04:58.111][D][ldc1314:436]: TRACE,839965,932,941,969
[19:04:58.125][D][ldc1314:436]: TRACE,839975,932,941,969
[19:04:58.146][D][ldc1314:436]: TRACE,839996,932,941,969
[19:04:58.157][D][ldc1314:436]: TRACE,840009,932,941,969
[19:04:58.174][D][ldc1314:436]: TRACE,840025,932,941,969
[19:04:58.184][D][ldc1314:436]: TRACE,840039,932,941,969
[19:04:58.197][D][ldc1314:436]: TRACE,840052,932,941,969
[19:04:58.212][D][ldc1314:436]: TRACE,840065,932,941,969
[19:04:58.242][D][ldc1314:436]: TRACE,840081,932,941,969
[19:04:58.253][D][ldc1314:436]: TRACE,840099,932,941,969
[19:04:58.338][D][ldc1314:436]: TRACE,840112,932,941,969
[19:04:58.338][D][ldc1314:436]: TRACE,840125,932,941,969
[19:04:58.338][D][ldc1314:436]: TRACE,840135,932,941,969
[19:04:58.338][D][ldc1314:436]: TRACE,840145,932,941,969
[19:04:58.338][D][ldc1314:436]: TRACE,840155,932,941,969
[19:04:58.338][D][ldc1314:436]: TRACE,840165,932,941,969
[19:04:58.339][D][ldc1314:436]: TRACE,840175,932,941,969
[19:04:58.343][D][ldc1314:436]: TRACE,840185,932,941,969
[19:04:58.343][D][ldc1314:436]: TRACE,840196,932,941,969
[19:04:58.358][D][ldc1314:436]: TRACE,840207,932,941,969
[19:04:58.372][D][ldc1314:436]: TRACE,840225,932,941,969
[19:04:58.385][D][ldc1314:436]: TRACE,840239,932,941,969
[19:04:58.400][D][ldc1314:436]: TRACE,840254,932,941,969
[19:04:58.418][D][ldc1314:436]: TRACE,840268,933,941,969
[19:04:58.432][D][ldc1314:436]: TRACE,840286,932,941,969
[19:04:58.446][D][ldc1314:436]: TRACE,840298,932,941,969
[19:04:58.458][D][ldc1314:436]: TRACE,840310,932,941,969
[19:04:58.474][D][ldc1314:436]: TRACE,840328,932,941,969
[19:04:58.488][D][ldc1314:436]: TRACE,840342,932,941,969
[19:04:58.506][D][ldc1314:436]: TRACE,840356,932,941,969
[19:04:58.517][D][ldc1314:436]: TRACE,840371,932,941,969
[19:04:58.534][D][ldc1314:436]: TRACE,840386,932,941,969
[19:04:58.548][D][ldc1314:436]: TRACE,840401,932,941,969
[19:04:58.561][D][ldc1314:436]: TRACE,840413,932,941,969
[19:04:58.576][D][ldc1314:436]: TRACE,840430,932,941,969
[19:04:58.595][D][ldc1314:436]: TRACE,840446,932,941,969
[19:04:58.604][D][ldc1314:436]: TRACE,840460,932,941,969
[19:04:58.624][D][ldc1314:436]: TRACE,840472,932,941,969
[19:04:58.650][D][ldc1314:436]: TRACE,840499,932,941,969
[19:04:58.662][D][ldc1314:436]: TRACE,840514,932,941,969
[19:04:58.681][D][ldc1314:436]: TRACE,840533,933,941,969
[19:04:58.696][D][ldc1314:436]: TRACE,840549,932,941,969
[19:04:58.711][D][ldc1314:436]: TRACE,840565,932,941,969
[19:04:58.731][D][ldc1314:436]: TRACE,840580,932,941,969
[19:04:58.752][D][ldc1314:436]: TRACE,840597,932,941,969
[19:04:58.758][D][ldc1314:436]: TRACE,840610,932,941,969
[19:04:58.773][D][ldc1314:436]: TRACE,840622,932,941,969
[19:04:58.865][D][ldc1314:436]: TRACE,840642,932,941,969
[19:04:58.865][D][ldc1314:436]: TRACE,840652,932,941,969
[19:04:58.865][D][ldc1314:436]: TRACE,840662,932,941,969
[19:04:58.865][D][ldc1314:436]: TRACE,840672,932,941,969
[19:04:58.865][D][ldc1314:436]: TRACE,840682,933,941,969
[19:04:58.865][D][ldc1314:436]: TRACE,840692,933,941,969
[19:04:58.865][D][ldc1314:436]: TRACE,840702,933,941,969
[19:04:58.865][D][ldc1314:436]: TRACE,840712,932,941,969
[19:04:58.871][D][ldc1314:436]: TRACE,840723,932,941,969
[19:04:58.882][D][ldc1314:436]: TRACE,840734,932,941,969
[19:04:58.903][D][ldc1314:436]: TRACE,840755,933,941,969
[19:04:58.917][D][ldc1314:436]: TRACE,840772,933,941,969
[19:04:58.933][D][ldc1314:436]: TRACE,840785,933,941,969
[19:04:58.957][D][ldc1314:436]: TRACE,840799,933,941,969
[19:04:58.963][D][ldc1314:436]: TRACE,840814,933,941,969
[19:04:58.975][D][ldc1314:436]: TRACE,840826,933,941,969
[19:04:58.991][D][ldc1314:436]: TRACE,840844,932,941,969
[19:04:59.009][D][ldc1314:436]: TRACE,840858,933,941,969
[19:04:59.023][D][ldc1314:436]: TRACE,840876,933,941,969
[19:04:59.038][D][ldc1314:436]: TRACE,840891,932,941,969
[19:04:59.059][D][ldc1314:436]: TRACE,840905,933,941,969
[19:04:59.061][D][ldc1314:436]: TRACE,840918,932,941,969
[19:04:59.077][D][ldc1314:436]: TRACE,840930,932,941,969
[19:04:59.097][D][ldc1314:436]: TRACE,840944,932,941,969
[19:04:59.108][D][ldc1314:436]: TRACE,840961,932,941,969
[19:04:59.121][D][ldc1314:436]: TRACE,840975,932,941,969
[19:04:59.142][D][ldc1314:436]: TRACE,840995,932,941,969
[19:04:59.165][D][ldc1314:436]: TRACE,841009,932,941,969
[19:04:59.173][D][ldc1314:436]: TRACE,841023,932,941,969
[19:04:59.178][D][ldc1314:436]: TRACE,841033,932,941,969
[19:04:59.193][D][ldc1314:436]: TRACE,841048,932,941,969
[19:04:59.207][D][ldc1314:436]: TRACE,841061,932,941,969
[19:04:59.224][D][ldc1314:436]: TRACE,841076,932,941,969
[19:04:59.245][D][ldc1314:436]: TRACE,841093,932,941,969
[19:04:59.269][D][ldc1314:436]: TRACE,841116,932,941,969
[19:04:59.280][D][ldc1314:436]: TRACE,841129,932,941,969
[19:04:59.295][D][ldc1314:436]: TRACE,841148,933,941,969
[19:04:59.388][D][ldc1314:436]: TRACE,841163,932,941,969
[19:04:59.388][D][ldc1314:436]: TRACE,841175,932,941,969
[19:04:59.388][D][ldc1314:436]: TRACE,841185,933,941,969
[19:04:59.388][D][ldc1314:436]: TRACE,841195,933,941,969
[19:04:59.388][D][ldc1314:436]: TRACE,841205,932,941,969
[19:04:59.388][D][ldc1314:436]: TRACE,841215,932,941,969
[19:04:59.388][D][ldc1314:436]: TRACE,841225,933,941,969
[19:04:59.394][D][ldc1314:436]: TRACE,841237,933,941,969
[19:04:59.395][D][ldc1314:436]: TRACE,841248,933,941,969
[19:04:59.406][D][ldc1314:436]: TRACE,841258,933,941,969
[19:04:59.422][D][ldc1314:436]: TRACE,841276,933,941,969
[19:04:59.435][D][ldc1314:436]: TRACE,841290,933,941,969
[19:04:59.450][D][ldc1314:436]: TRACE,841303,933,941,969
[19:04:59.468][D][ldc1314:436]: TRACE,841315,932,941,969
[19:04:59.477][D][ldc1314:436]: TRACE,841329,932,941,969
[19:04:59.490][D][ldc1314:436]: TRACE,841345,933,941,969
[19:04:59.510][D][ldc1314:436]: TRACE,841363,932,941,969
[19:04:59.526][D][ldc1314:436]: TRACE,841378,932,941,969
[19:04:59.539][D][ldc1314:436]: TRACE,841394,932,941,969
[19:04:59.558][D][ldc1314:436]: TRACE,841408,932,941,969
[19:04:59.573][D][ldc1314:436]: TRACE,841423,932,941,969
[19:04:59.581][D][ldc1314:436]: TRACE,841433,932,941,969
[19:04:59.597][D][ldc1314:436]: TRACE,841449,932,941,969
[19:04:59.610][D][ldc1314:436]: TRACE,841464,932,941,969
[19:04:59.632][D][ldc1314:436]: TRACE,841484,932,941,969
[19:04:59.647][D][ldc1314:436]: TRACE,841499,932,941,969
[19:04:59.661][D][ldc1314:436]: TRACE,841516,932,941,969
[19:04:59.674][D][ldc1314:436]: TRACE,841529,932,941,969
[19:04:59.686][D][ldc1314:436]: TRACE,841539,932,941,969
[19:04:59.700][D][ldc1314:436]: TRACE,841554,932,941,969
[19:04:59.714][D][ldc1314:436]: TRACE,841568,932,941,969
[19:04:59.730][D][ldc1314:436]: TRACE,841583,932,941,969
[19:04:59.749][D][ldc1314:436]: TRACE,841603,932,941,969
[19:04:59.764][D][ldc1314:436]: TRACE,841619,932,941,969
[19:04:59.778][D][ldc1314:436]: TRACE,841632,932,941,969
[19:04:59.792][D][ldc1314:436]: TRACE,841642,932,941,969
[19:04:59.806][D][ldc1314:436]: TRACE,841660,932,941,969
[19:04:59.911][D][ldc1314:436]: TRACE,841674,932,941,969
[19:04:59.912][D][ldc1314:436]: TRACE,841689,932,941,969
[19:04:59.912][D][ldc1314:436]: TRACE,841700,932,941,969
[19:04:59.912][D][ldc1314:436]: TRACE,841712,933,941,969
[19:04:59.912][D][ldc1314:436]: TRACE,841722,932,941,969
[19:04:59.912][D][ldc1314:436]: TRACE,841733,932,941,969
[19:04:59.912][D][ldc1314:436]: TRACE,841743,932,941,969
[19:04:59.917][D][ldc1314:436]: TRACE,841753,932,941,969
[19:04:59.917][D][ldc1314:436]: TRACE,841764,932,941,969
[19:04:59.917][D][ldc1314:436]: TRACE,841774,932,941,969
[19:04:59.933][D][ldc1314:436]: TRACE,841787,932,941,969
[19:04:59.947][D][ldc1314:436]: TRACE,841801,932,941,969
[19:04:59.965][D][ldc1314:436]: TRACE,841814,932,941,969
[19:04:59.983][D][ldc1314:436]: TRACE,841832,933,941,969
[19:04:59.993][D][ldc1314:436]: TRACE,841844,932,941,969
[19:05:00.009][D][ldc1314:436]: TRACE,841860,932,941,969
[19:05:00.026][D][ldc1314:436]: TRACE,841877,932,941,969
[19:05:00.040][D][ldc1314:436]: TRACE,841892,932,941,969
[19:05:00.053][D][ldc1314:436]: TRACE,841907,932,941,969
[19:05:00.067][D][ldc1314:436]: TRACE,841921,932,941,969
[19:05:00.088][D][ldc1314:436]: TRACE,841939,932,941,969
[19:05:00.098][D][ldc1314:436]: TRACE,841949,932,941,969
[19:05:00.115][D][ldc1314:436]: TRACE,841966,933,941,969
[19:05:00.130][D][ldc1314:436]: TRACE,841983,932,941,969
[19:05:00.147][D][ldc1314:436]: TRACE,841997,933,941,969
[19:05:00.157][D][ldc1314:436]: TRACE,842012,932,941,969
[19:05:00.170][D][ldc1314:436]: TRACE,842026,933,941,969
[19:05:00.190][D][ldc1314:436]: TRACE,842042,932,941,969
[19:05:00.201][D][ldc1314:436]: TRACE,842055,932,941,969
[19:05:00.217][D][ldc1314:436]: TRACE,842070,932,941,969
[19:05:00.233][D][ldc1314:436]: TRACE,842085,932,941,969
[19:05:00.252][D][ldc1314:436]: TRACE,842103,933,941,969
[19:05:00.267][D][ldc1314:436]: TRACE,842122,932,941,969
[19:05:00.286][D][ldc1314:436]: TRACE,842135,932,941,969
[19:05:00.300][D][ldc1314:436]: TRACE,842150,933,941,969
[19:05:00.315][D][ldc1314:436]: TRACE,842168,933,941,969
[19:05:00.329][D][ldc1314:436]: TRACE,842183,933,941,969
[19:05:00.345][D][ldc1314:436]: TRACE,842198,933,941,969
[19:05:00.436][D][ldc1314:436]: TRACE,842212,932,941,969
[19:05:00.437][D][ldc1314:436]: TRACE,842224,933,941,969
[19:05:00.437][D][ldc1314:436]: TRACE,842234,932,941,969
[19:05:00.437][D][ldc1314:436]: TRACE,842244,933,941,969
[19:05:00.437][D][ldc1314:436]: TRACE,842255,933,941,969
[19:05:00.438][D][ldc1314:436]: TRACE,842265,932,941,969
[19:05:00.438][D][ldc1314:436]: TRACE,842275,932,941,969
[19:05:00.438][D][ldc1314:436]: TRACE,842285,932,941,969
[19:05:00.438][D][ldc1314:436]: TRACE,842295,932,941,969
[19:05:00.454][D][ldc1314:436]: TRACE,842307,932,941,969
[19:05:00.467][D][ldc1314:436]: TRACE,842321,933,941,969
[19:05:00.491][D][ldc1314:436]: TRACE,842336,932,941,969
[19:05:00.493][D][ldc1314:436]: TRACE,842350,932,941,969
[19:05:00.509][D][ldc1314:436]: TRACE,842362,933,941,969
[19:05:00.519][D][ldc1314:436]: TRACE,842374,932,941,969
[19:05:00.542][D][ldc1314:436]: TRACE,842392,932,941,969
[19:05:00.555][D][ldc1314:436]: TRACE,842408,932,941,969
[19:05:00.572][D][ldc1314:436]: TRACE,842423,932,941,969
[19:05:00.587][D][ldc1314:436]: TRACE,842437,932,941,969
[19:05:00.597][D][ldc1314:436]: TRACE,842451,932,941,969
[19:05:00.612][D][ldc1314:436]: TRACE,842464,932,941,969
[19:05:00.628][D][ldc1314:436]: TRACE,842478,932,941,969
[19:05:00.633][D][ldc1314:436]: TRACE,842491,932,941,969
[19:05:00.652][D][ldc1314:436]: TRACE,842505,932,941,969
[19:05:00.666][D][ldc1314:436]: TRACE,842520,932,941,969
[19:05:00.680][D][ldc1314:436]: TRACE,842534,932,941,969
[19:05:00.697][D][ldc1314:436]: TRACE,842547,932,941,969
[19:05:00.706][D][ldc1314:436]: TRACE,842560,933,941,969
[19:05:00.726][D][ldc1314:436]: TRACE,842575,933,941,969
[19:05:00.735][D][ldc1314:436]: TRACE,842587,932,941,969
[19:05:00.743][D][ldc1314:436]: TRACE,842598,933,941,969
[19:05:00.762][D][ldc1314:436]: TRACE,842615,932,941,969
[19:05:00.778][D][ldc1314:436]: TRACE,842630,932,941,969
[19:05:00.798][D][ldc1314:436]: TRACE,842644,932,941,969
[19:05:00.799][D][ldc1314:436]: TRACE,842656,932,941,969
[19:05:00.815][D][ldc1314:436]: TRACE,842670,932,941,969
[19:05:00.832][D][ldc1314:436]: TRACE,842685,932,941,969
[19:05:00.846][D][ldc1314:436]: TRACE,842699,933,941,969
[19:05:00.861][D][ldc1314:436]: TRACE,842714,932,941,969
[19:05:00.960][D][ldc1314:436]: TRACE,842731,932,941,969
[19:05:00.961][D][ldc1314:436]: TRACE,842744,932,941,969
[19:05:00.961][D][ldc1314:436]: TRACE,842754,932,941,969
[19:05:00.961][D][ldc1314:436]: TRACE,842764,933,941,969
[19:05:00.961][D][ldc1314:436]: TRACE,842774,932,941,969
[19:05:00.961][D][ldc1314:436]: TRACE,842785,932,941,969
[19:05:00.961][D][ldc1314:436]: TRACE,842795,932,941,969
[19:05:00.961][D][ldc1314:436]: TRACE,842805,932,941,969
[19:05:00.967][D][ldc1314:436]: TRACE,842815,932,941,969
[19:05:00.973][D][ldc1314:436]: TRACE,842825,932,941,969
[19:05:00.992][D][ldc1314:436]: TRACE,842844,932,941,969
[19:05:01.006][D][ldc1314:436]: TRACE,842859,932,941,969
[19:05:01.017][D][ldc1314:436]: TRACE,842869,932,941,969
[19:05:01.034][D][ldc1314:436]: TRACE,842885,932,941,969
[19:05:01.049][D][ldc1314:436]: TRACE,842902,932,941,969
[19:05:01.061][D][ldc1314:436]: TRACE,842916,932,941,969
[19:05:01.077][D][ldc1314:436]: TRACE,842929,932,941,969
[19:05:01.092][D][ldc1314:436]: TRACE,842946,932,941,969
[19:05:01.113][D][ldc1314:436]: TRACE,842963,932,941,969
[19:05:01.122][D][ldc1314:436]: TRACE,842973,932,941,969
[19:05:01.140][D][ldc1314:436]: TRACE,842992,932,941,969
[19:05:01.154][D][ldc1314:436]: TRACE,843007,932,941,969
[19:05:01.168][D][ldc1314:436]: TRACE,843022,932,941,969
[19:05:01.182][D][ldc1314:436]: TRACE,843036,932,941,969
[19:05:01.208][D][ldc1314:436]: TRACE,843051,933,941,969
[19:05:01.208][D][ldc1314:436]: TRACE,843066,932,941,969
[19:05:01.227][D][ldc1314:436]: TRACE,843081,932,941,969
[19:05:01.242][D][ldc1314:436]: TRACE,843096,932,941,969
[19:05:01.264][D][ldc1314:436]: TRACE,843111,932,941,969
[19:05:01.273][D][ldc1314:436]: TRACE,843129,932,941,969
[19:05:01.290][D][ldc1314:436]: TRACE,843141,933,941,969
[19:05:01.310][D][ldc1314:436]: TRACE,843158,932,941,969
[19:05:01.315][D][ldc1314:436]: TRACE,843170,932,941,969
[19:05:01.338][D][ldc1314:436]: TRACE,843191,932,941,969
[19:05:01.354][D][ldc1314:436]: TRACE,843206,932,941,969
[19:05:01.368][D][ldc1314:436]: TRACE,843223,933,941,969
[19:05:01.380][D][ldc1314:436]: TRACE,843235,932,941,969
[19:05:01.485][D][ldc1314:436]: TRACE,843249,932,941,969
[19:05:01.485][D][ldc1314:436]: TRACE,843259,932,941,969
[19:05:01.485][D][ldc1314:436]: TRACE,843269,932,941,969
[19:05:01.485][D][ldc1314:436]: TRACE,843279,932,941,969
[19:05:01.485][D][ldc1314:436]: TRACE,843289,932,941,969
[19:05:01.485][D][ldc1314:436]: TRACE,843300,932,941,969
[19:05:01.485][D][ldc1314:436]: TRACE,843310,932,941,969
[19:05:01.485][D][ldc1314:436]: TRACE,843320,932,941,969
[19:05:01.486][D][ldc1314:436]: TRACE,843330,932,941,969
[19:05:01.486][D][ldc1314:436]: TRACE,843340,932,941,969
[19:05:01.504][D][ldc1314:436]: TRACE,843350,932,941,969
[19:05:01.518][D][ldc1314:436]: TRACE,843362,932,941,969
[19:05:01.525][D][ldc1314:436]: TRACE,843375,932,941,969
[19:05:01.533][D][ldc1314:436]: TRACE,843387,932,941,969
[19:05:01.547][D][ldc1314:436]: TRACE,843402,932,941,969
[19:05:01.558][D][ldc1314:436]: TRACE,843415,932,941,969
[19:05:01.579][D][ldc1314:436]: TRACE,843431,932,941,969
[19:05:01.590][D][ldc1314:436]: TRACE,843444,932,941,969
[19:05:01.617][D][ldc1314:436]: TRACE,843459,932,941,969
[19:05:01.617][D][ldc1314:436]: TRACE,843469,932,941,969
[19:05:01.624][D][ldc1314:436]: TRACE,843479,932,941,969
[19:05:01.634][D][ldc1314:436]: TRACE,843491,932,941,969
[19:05:01.646][D][ldc1314:436]: TRACE,843502,932,941,969
[19:05:01.662][D][ldc1314:436]: TRACE,843514,932,941,969
[19:05:01.677][D][ldc1314:436]: TRACE,843531,932,941,969
[19:05:01.692][D][ldc1314:436]: TRACE,843545,932,941,969
[19:05:01.719][D][ldc1314:436]: TRACE,843562,932,941,969
[19:05:01.727][D][ldc1314:436]: TRACE,843578,932,941,969
[19:05:01.739][D][ldc1314:436]: TRACE,843590,932,941,969
[19:05:01.753][D][ldc1314:436]: TRACE,843606,932,941,969
[19:05:01.767][D][ldc1314:436]: TRACE,843621,932,941,969
[19:05:01.782][D][ldc1314:436]: TRACE,843635,932,941,969
[19:05:01.796][D][ldc1314:436]: TRACE,843649,933,941,969
[19:05:01.826][D][ldc1314:436]: TRACE,843668,932,941,969
[19:05:01.827][D][ldc1314:436]: TRACE,843680,932,941,969
[19:05:01.841][D][ldc1314:436]: TRACE,843693,932,941,969
[19:05:01.855][D][ldc1314:436]: TRACE,843708,932,941,969
[19:05:01.871][D][ldc1314:436]: TRACE,843725,932,941,969
[19:05:01.886][D][ldc1314:436]: TRACE,843739,932,941,969
[19:05:01.903][D][ldc1314:436]: TRACE,843756,932,941,969
[19:05:02.009][D][ldc1314:436]: TRACE,843770,932,941,969
[19:05:02.010][D][ldc1314:436]: TRACE,843784,932,941,969
[19:05:02.010][D][ldc1314:436]: TRACE,843798,932,941,969
[19:05:02.010][D][ldc1314:436]: TRACE,843808,932,941,969
[19:05:02.010][D][ldc1314:436]: TRACE,843818,932,941,969
[19:05:02.010][D][ldc1314:436]: TRACE,843828,932,941,969
[19:05:02.010][D][ldc1314:436]: TRACE,843838,932,941,969
[19:05:02.010][D][ldc1314:436]: TRACE,843848,932,941,969
[19:05:02.010][D][ldc1314:436]: TRACE,843858,932,941,969
[19:05:02.026][D][ldc1314:436]: TRACE,843868,932,941,969
[19:05:02.026][D][ldc1314:436]: TRACE,843881,932,941,969
[19:05:02.042][D][ldc1314:436]: TRACE,843892,932,941,969
[19:05:02.055][D][ldc1314:436]: TRACE,843908,932,941,969
[19:05:02.069][D][ldc1314:436]: TRACE,843924,932,941,969
[19:05:02.086][D][ldc1314:436]: TRACE,843937,932,941,969
[19:05:02.099][D][ldc1314:436]: TRACE,843952,932,941,969
[19:05:02.111][D][ldc1314:436]: TRACE,843962,932,941,969
[19:05:02.129][D][ldc1314:436]: TRACE,843978,932,941,969
[19:05:02.140][D][ldc1314:436]: TRACE,843993,932,941,969
[19:05:02.159][D][ldc1314:436]: TRACE,844012,932,941,969
[19:05:02.172][D][ldc1314:436]: TRACE,844027,932,941,969
[19:05:02.187][D][ldc1314:436]: TRACE,844041,932,941,969
[19:05:02.202][D][ldc1314:436]: TRACE,844055,932,941,969
[19:05:02.215][D][ldc1314:436]: TRACE,844070,932,941,969
[19:05:02.234][D][ldc1314:436]: TRACE,844083,932,941,969
[19:05:02.241][D][ldc1314:436]: TRACE,844095,932,941,969
[19:05:02.261][D][ldc1314:436]: TRACE,844110,932,941,969
[19:05:02.279][D][ldc1314:436]: TRACE,844127,932,941,969
[19:05:02.291][D][ldc1314:436]: TRACE,844143,932,941,969
[19:05:02.306][D][ldc1314:436]: TRACE,844159,932,941,969
[19:05:02.323][D][ldc1314:436]: TRACE,844176,932,941,969
[19:05:02.340][D][ldc1314:436]: TRACE,844190,932,941,969
[19:05:02.351][D][ldc1314:436]: TRACE,844202,932,941,969
[19:05:02.368][D][ldc1314:436]: TRACE,844219,932,941,969
[19:05:02.386][D][ldc1314:436]: TRACE,844238,932,941,969
[19:05:02.402][D][ldc1314:436]: TRACE,844256,932,941,969
[19:05:02.416][D][ldc1314:436]: TRACE,844270,932,941,969
[19:05:02.436][D][ldc1314:436]: TRACE,844284,932,941,969
[19:05:02.533][D][ldc1314:436]: TRACE,844296,932,941,969
[19:05:02.533][D][ldc1314:436]: TRACE,844309,932,941,969
[19:05:02.533][D][ldc1314:436]: TRACE,844321,932,941,969
[19:05:02.533][D][ldc1314:436]: TRACE,844332,932,941,969
[19:05:02.533][D][ldc1314:436]: TRACE,844342,932,941,969
[19:05:02.533][D][ldc1314:436]: TRACE,844353,932,941,969
[19:05:02.533][D][ldc1314:436]: TRACE,844363,932,941,969
[19:05:02.533][D][ldc1314:436]: TRACE,844373,932,941,969
[19:05:02.534][D][ldc1314:436]: TRACE,844383,933,941,969
[19:05:02.541][D][ldc1314:436]: TRACE,844394,933,941,969
[19:05:02.553][D][ldc1314:436]: TRACE,844404,933,941,969
[19:05:02.568][D][ldc1314:436]: TRACE,844422,932,941,969
[19:05:02.583][D][ldc1314:436]: TRACE,844435,932,941,969
[19:05:02.603][D][ldc1314:436]: TRACE,844452,932,941,969
[19:05:02.611][D][ldc1314:436]: TRACE,844466,932,941,969
[19:05:02.628][D][ldc1314:436]: TRACE,844480,932,941,969
[19:05:02.643][D][ldc1314:436]: TRACE,844497,932,941,969
[19:05:02.656][D][ldc1314:436]: TRACE,844507,933,941,969
[19:05:02.671][D][ldc1314:436]: TRACE,844524,932,941,969
[19:05:02.688][D][ldc1314:436]: TRACE,844541,932,941,969
[19:05:02.701][D][ldc1314:436]: TRACE,844555,932,941,969
[19:05:02.723][D][ldc1314:436]: TRACE,844570,932,941,969
[19:05:02.726][D][ldc1314:436]: TRACE,844584,932,941,969
[19:05:02.747][D][ldc1314:436]: TRACE,844600,932,941,969
[19:05:02.759][D][ldc1314:436]: TRACE,844609,932,941,969
[19:05:02.773][D][ldc1314:436]: TRACE,844626,932,941,969
[19:05:02.786][D][ldc1314:436]: TRACE,844641,932,941,969
[19:05:02.801][D][ldc1314:436]: TRACE,844655,932,941,969
[19:05:02.817][D][ldc1314:436]: TRACE,844669,932,941,969
[19:05:02.835][D][ldc1314:436]: TRACE,844685,932,941,969
[19:05:02.853][D][ldc1314:436]: TRACE,844704,932,941,969
[19:05:02.864][D][ldc1314:436]: TRACE,844717,932,941,969
[19:05:02.878][D][ldc1314:436]: TRACE,844732,932,941,969
[19:05:02.897][D][ldc1314:436]: TRACE,844746,932,941,969
[19:05:02.905][D][ldc1314:436]: TRACE,844761,932,941,969
[19:05:02.922][D][ldc1314:436]: TRACE,844774,932,941,969
[19:05:02.938][D][ldc1314:436]: TRACE,844790,932,941,969
[19:05:02.947][D][ldc1314:436]: TRACE,844805,932,941,969
[19:05:03.058][D][ldc1314:436]: TRACE,844821,932,941,969
[19:05:03.058][D][ldc1314:436]: TRACE,844836,932,941,969
[19:05:03.058][D][ldc1314:436]: TRACE,844846,932,941,969
[19:05:03.058][D][ldc1314:436]: TRACE,844856,932,941,969
[19:05:03.058][D][ldc1314:436]: TRACE,844866,932,941,969
[19:05:03.058][D][ldc1314:436]: TRACE,844876,932,941,969
[19:05:03.058][D][ldc1314:436]: TRACE,844886,932,941,969
[19:05:03.058][D][ldc1314:436]: TRACE,844896,932,941,969
[19:05:03.062][D][ldc1314:436]: TRACE,844906,932,941,969
[19:05:03.062][D][ldc1314:436]: TRACE,844916,932,941,969
[19:05:03.082][D][ldc1314:436]: TRACE,844932,932,941,969
[19:05:03.094][D][ldc1314:436]: TRACE,844947,932,941,969
[19:05:03.106][D][ldc1314:436]: TRACE,844959,932,941,969
[19:05:03.121][D][ldc1314:436]: TRACE,844976,932,941,969
[19:05:03.135][D][ldc1314:436]: TRACE,844989,932,941,969
[19:05:03.155][D][ldc1314:436]: TRACE,845003,932,941,969
[19:05:03.163][D][ldc1314:436]: TRACE,845015,932,941,969
[19:05:03.183][D][ldc1314:436]: TRACE,845033,932,941,969
[19:05:03.202][D][ldc1314:436]: TRACE,845053,932,941,969
[19:05:03.214][D][ldc1314:436]: TRACE,845068,932,941,969
[19:05:03.226][D][ldc1314:436]: TRACE,845078,932,941,969
[19:05:03.254][D][ldc1314:436]: TRACE,845095,932,941,969
[19:05:03.261][D][ldc1314:436]: TRACE,845108,932,941,969
[19:05:03.271][D][ldc1314:436]: TRACE,845119,932,941,969
[19:05:03.293][D][ldc1314:436]: TRACE,845141,932,941,969
[19:05:03.308][D][ldc1314:436]: TRACE,845161,932,941,969
[19:05:03.323][D][ldc1314:436]: TRACE,845177,932,941,969
[19:05:03.337][D][ldc1314:436]: TRACE,845192,932,941,969
[19:05:03.360][D][ldc1314:436]: TRACE,845204,932,941,969
[19:05:03.367][D][ldc1314:436]: TRACE,845217,932,941,969
[19:05:03.378][D][ldc1314:436]: TRACE,845230,932,941,969
[19:05:03.397][D][ldc1314:436]: TRACE,845251,932,941,969
[19:05:03.411][D][ldc1314:436]: TRACE,845266,932,941,969
[19:05:03.425][D][ldc1314:436]: TRACE,845278,932,941,969
[19:05:03.447][D][ldc1314:436]: TRACE,845293,932,941,969
[19:05:03.462][D][ldc1314:436]: TRACE,845307,932,941,969
[19:05:03.462][D][ldc1314:436]: TRACE,845317,932,941,969
[19:05:03.474][D][ldc1314:436]: TRACE,845330,932,941,969
[19:05:03.487][D][ldc1314:436]: TRACE,845344,932,941,969
[19:05:03.582][D][ldc1314:436]: TRACE,845356,932,941,969
[19:05:03.583][D][ldc1314:436]: TRACE,845372,932,941,969
[19:05:03.583][D][ldc1314:436]: TRACE,845382,932,941,969
[19:05:03.583][D][ldc1314:436]: TRACE,845392,932,941,969
[19:05:03.583][D][ldc1314:436]: TRACE,845402,932,941,969
[19:05:03.584][D][ldc1314:436]: TRACE,845412,932,941,969
[19:05:03.584][D][ldc1314:436]: TRACE,845422,932,941,969
[19:05:03.585][D][ldc1314:436]: TRACE,845432,932,941,969
[19:05:03.585][D][ldc1314:436]: TRACE,845442,932,941,969
[19:05:03.600][D][ldc1314:436]: TRACE,845453,932,941,969
[19:05:03.612][D][ldc1314:436]: TRACE,845467,932,941,969
[19:05:03.633][D][ldc1314:436]: TRACE,845485,932,941,969
[19:05:03.647][D][ldc1314:436]: TRACE,845500,932,941,969
[19:05:03.668][D][ldc1314:436]: TRACE,845515,932,941,969
[19:05:03.675][D][ldc1314:436]: TRACE,845527,932,941,969
[19:05:03.690][D][ldc1314:436]: TRACE,845543,932,941,969
[19:05:03.703][D][ldc1314:436]: TRACE,845557,932,941,969
[19:05:03.719][D][ldc1314:436]: TRACE,845572,932,941,969
[19:05:03.734][D][ldc1314:436]: TRACE,845587,932,941,969
[19:05:03.754][D][ldc1314:436]: TRACE,845605,932,941,969
[19:05:03.775][D][ldc1314:436]: TRACE,845620,932,941,969
[19:05:03.782][D][ldc1314:436]: TRACE,845629,932,941,969
[19:05:03.787][D][ldc1314:436]: TRACE,845641,932,941,969
[19:05:03.806][D][ldc1314:436]: TRACE,845656,932,941,969
[19:05:03.817][D][ldc1314:436]: TRACE,845671,932,941,969
[19:05:03.831][D][ldc1314:436]: TRACE,845683,932,941,969
[19:05:03.843][D][ldc1314:436]: TRACE,845698,932,941,969
[19:05:03.869][D][ldc1314:436]: TRACE,845717,932,941,969
[19:05:03.875][D][ldc1314:436]: TRACE,845730,932,941,969
[19:05:03.890][D][ldc1314:436]: TRACE,845744,932,941,969
[19:05:03.904][D][ldc1314:436]: TRACE,845758,932,941,969
[19:05:03.921][D][ldc1314:436]: TRACE,845773,932,941,969
[19:05:03.936][D][ldc1314:436]: TRACE,845789,932,941,969
[19:05:03.953][D][ldc1314:436]: TRACE,845804,932,941,969
[19:05:03.973][D][ldc1314:436]: TRACE,845823,932,941,969
[19:05:03.983][D][ldc1314:436]: TRACE,845837,932,941,969
[19:05:03.999][D][ldc1314:436]: TRACE,845851,932,941,969
[19:05:04.012][D][ldc1314:436]: TRACE,845868,932,941,969
[19:05:04.106][D][ldc1314:436]: TRACE,845880,932,941,969
[19:05:04.106][D][ldc1314:436]: TRACE,845893,932,941,969
[19:05:04.106][D][ldc1314:436]: TRACE,845904,932,941,969
[19:05:04.106][D][ldc1314:436]: TRACE,845914,932,941,969
[19:05:04.107][D][ldc1314:436]: TRACE,845924,932,941,969
[19:05:04.111][D][ldc1314:436]: TRACE,845935,932,941,969
[19:05:04.111][D][ldc1314:436]: TRACE,845946,932,941,969
[19:05:04.111][D][ldc1314:436]: TRACE,845956,932,941,969
[19:05:04.111][D][ldc1314:436]: TRACE,845966,932,941,969
[19:05:04.125][D][ldc1314:436]: TRACE,845976,932,941,969
[19:05:04.138][D][ldc1314:436]: TRACE,845993,932,941,969
[19:05:04.153][D][ldc1314:436]: TRACE,846007,932,941,969
[19:05:04.176][D][ldc1314:436]: TRACE,846022,932,941,969
[19:05:04.183][D][ldc1314:436]: TRACE,846035,932,941,969
[19:05:04.198][D][ldc1314:436]: TRACE,846052,932,941,969
[19:05:04.213][D][ldc1314:436]: TRACE,846067,932,941,969
[19:05:04.227][D][ldc1314:436]: TRACE,846082,932,941,969
[19:05:04.242][D][ldc1314:436]: TRACE,846094,932,941,969
[19:05:04.256][D][ldc1314:436]: TRACE,846109,932,941,969
[19:05:04.278][D][ldc1314:436]: TRACE,846125,932,941,969
[19:05:04.287][D][ldc1314:436]: TRACE,846138,932,941,969
[19:05:04.305][D][ldc1314:436]: TRACE,846151,932,941,969
[19:05:04.325][D][ldc1314:436]: TRACE,846177,932,941,969
[19:05:04.338][D][ldc1314:436]: TRACE,846192,932,941,969
[19:05:04.354][D][ldc1314:436]: TRACE,846207,932,941,969
[19:05:04.368][D][ldc1314:436]: TRACE,846222,932,941,969
[19:05:04.383][D][ldc1314:436]: TRACE,846236,932,941,969
[19:05:04.397][D][ldc1314:436]: TRACE,846247,932,941,969
[19:05:04.412][D][ldc1314:436]: TRACE,846266,932,941,969
[19:05:04.425][D][ldc1314:436]: TRACE,846279,932,941,969
[19:05:04.446][D][ldc1314:436]: TRACE,846299,932,941,969
[19:05:04.461][D][ldc1314:436]: TRACE,846313,932,941,969
[19:05:04.483][D][ldc1314:436]: TRACE,846329,932,941,969
[19:05:04.490][D][ldc1314:436]: TRACE,846343,932,941,969
[19:05:04.506][D][ldc1314:436]: TRACE,846359,932,941,969
[19:05:04.519][D][ldc1314:436]: TRACE,846374,932,941,969
[19:05:04.536][D][ldc1314:436]: TRACE,846388,932,941,969
[19:05:04.631][D][ldc1314:436]: TRACE,846403,932,941,969
[19:05:04.632][D][ldc1314:436]: TRACE,846418,932,941,969
[19:05:04.632][D][ldc1314:436]: TRACE,846429,932,941,969
[19:05:04.632][D][ldc1314:436]: TRACE,846439,932,941,969
[19:05:04.632][D][ldc1314:436]: TRACE,846449,932,941,969
[19:05:04.638][D][ldc1314:436]: TRACE,846460,932,941,969
[19:05:04.638][D][ldc1314:436]: TRACE,846471,932,941,969
[19:05:04.638][D][ldc1314:436]: TRACE,846481,932,941,969
[19:05:04.638][D][ldc1314:436]: TRACE,846492,932,941,969
[19:05:04.650][D][ldc1314:436]: TRACE,846503,932,941,969
[19:05:04.668][D][ldc1314:436]: TRACE,846518,932,941,969
[19:05:04.686][D][ldc1314:436]: TRACE,846534,932,941,969
[19:05:04.697][D][ldc1314:436]: TRACE,846550,932,941,969
[19:05:04.712][D][ldc1314:436]: TRACE,846565,932,941,969
[19:05:04.727][D][ldc1314:436]: TRACE,846580,932,941,969
[19:05:04.743][D][ldc1314:436]: TRACE,846594,932,941,969
[19:05:04.757][D][ldc1314:436]: TRACE,846609,932,941,969
[19:05:04.770][D][ldc1314:436]: TRACE,846624,932,941,969
[19:05:04.789][D][ldc1314:436]: TRACE,846639,932,941,969
[19:05:04.802][D][ldc1314:436]: TRACE,846654,932,941,969
[19:05:04.818][D][ldc1314:436]: TRACE,846670,932,941,969
[19:05:04.832][D][ldc1314:436]: TRACE,846685,932,941,969
[19:05:04.847][D][ldc1314:436]: TRACE,846700,932,940,969
[19:05:04.862][D][ldc1314:436]: TRACE,846715,932,941,969
[19:05:04.876][D][ldc1314:436]: TRACE,846729,932,941,969
[19:05:04.897][D][ldc1314:436]: TRACE,846743,932,941,969
[19:05:04.901][D][ldc1314:436]: TRACE,846753,932,941,969
[19:05:04.922][D][ldc1314:436]: TRACE,846775,932,941,969
[19:05:04.935][D][ldc1314:436]: TRACE,846789,932,941,969
[19:05:04.950][D][ldc1314:436]: TRACE,846804,932,941,969
[19:05:04.966][D][ldc1314:436]: TRACE,846820,932,940,969
[19:05:04.980][D][ldc1314:436]: TRACE,846835,932,941,969
[19:05:04.997][D][ldc1314:436]: TRACE,846850,932,940,969
[19:05:05.007][D][ldc1314:436]: TRACE,846859,932,941,969
[19:05:05.024][D][ldc1314:436]: TRACE,846879,932,940,969
[19:05:05.039][D][ldc1314:436]: TRACE,846894,932,941,969
[19:05:05.052][D][ldc1314:436]: TRACE,846907,932,940,969
[19:05:05.155][D][ldc1314:436]: TRACE,846921,932,940,969
[19:05:05.155][D][ldc1314:436]: TRACE,846933,932,940,969
[19:05:05.155][D][ldc1314:436]: TRACE,846944,932,941,969
[19:05:05.155][D][ldc1314:436]: TRACE,846954,932,940,969
[19:05:05.155][D][ldc1314:436]: TRACE,846964,932,941,969
[19:05:05.155][D][ldc1314:436]: TRACE,846974,932,940,969
[19:05:05.159][D][ldc1314:436]: TRACE,846985,932,940,969
[19:05:05.159][D][ldc1314:436]: TRACE,846995,932,940,969
[19:05:05.159][D][ldc1314:436]: TRACE,847005,932,940,969
[19:05:05.159][D][ldc1314:436]: TRACE,847016,932,940,969
[19:05:05.175][D][ldc1314:436]: TRACE,847027,932,940,969
[19:05:05.199][D][ldc1314:436]: TRACE,847044,932,940,969
[19:05:05.205][D][ldc1314:436]: TRACE,847057,932,940,969
[19:05:05.217][D][ldc1314:436]: TRACE,847068,932,940,969
[19:05:05.231][D][ldc1314:436]: TRACE,847085,932,940,969
[19:05:05.250][D][ldc1314:436]: TRACE,847099,932,940,969
[19:05:05.264][D][ldc1314:436]: TRACE,847119,932,940,969
[19:05:05.281][D][ldc1314:436]: TRACE,847132,932,940,969
[19:05:05.301][D][ldc1314:436]: TRACE,847147,932,940,969
[19:05:05.312][D][ldc1314:436]: TRACE,847159,932,940,969
[19:05:05.323][D][ldc1314:436]: TRACE,847178,932,940,969
[19:05:05.339][D][ldc1314:436]: TRACE,847191,932,940,969
[19:05:05.355][D][ldc1314:436]: TRACE,847208,932,940,969
[19:05:05.374][D][ldc1314:436]: TRACE,847228,932,940,969
[19:05:05.388][D][ldc1314:436]: TRACE,847242,932,940,969
[19:05:05.406][D][ldc1314:436]: TRACE,847256,932,940,969
[19:05:05.418][D][ldc1314:436]: TRACE,847269,932,940,969
[19:05:05.431][D][ldc1314:436]: TRACE,847286,932,940,969
[19:05:05.445][D][ldc1314:436]: TRACE,847299,932,940,969
[19:05:05.460][D][ldc1314:436]: TRACE,847313,932,940,969
[19:05:05.479][D][ldc1314:436]: TRACE,847327,932,940,969
[19:05:05.506][D][ldc1314:436]: TRACE,847352,932,940,969
[19:05:05.515][D][ldc1314:436]: TRACE,847366,932,940,969
[19:05:05.525][D][ldc1314:436]: TRACE,847377,932,940,969
[19:05:05.539][D][ldc1314:436]: TRACE,847393,932,940,969
[19:05:05.556][D][ldc1314:436]: TRACE,847407,932,940,969
[19:05:05.571][D][ldc1314:436]: TRACE,847424,932,940,969
[19:05:05.584][D][ldc1314:436]: TRACE,847439,932,940,969
[19:05:05.678][D][ldc1314:436]: TRACE,847452,932,940,969
[19:05:05.679][D][ldc1314:436]: TRACE,847469,932,940,969
[19:05:05.679][D][ldc1314:436]: TRACE,847481,932,940,969
[19:05:05.679][D][ldc1314:436]: TRACE,847491,932,940,969
[19:05:05.679][D][ldc1314:436]: TRACE,847502,932,940,969
[19:05:05.685][D][ldc1314:436]: TRACE,847512,932,940,969
[19:05:05.685][D][ldc1314:436]: TRACE,847523,932,940,969
[19:05:05.685][D][ldc1314:436]: TRACE,847533,932,940,969
[19:05:05.692][D][ldc1314:436]: TRACE,847544,932,940,969
[19:05:05.711][D][ldc1314:436]: TRACE,847561,932,940,969
[19:05:05.724][D][ldc1314:436]: TRACE,847572,932,940,969
[19:05:05.741][D][ldc1314:436]: TRACE,847593,932,940,969
[19:05:05.754][D][ldc1314:436]: TRACE,847609,932,940,969
[19:05:05.768][D][ldc1314:436]: TRACE,847621,932,940,969
[19:05:05.775][D][ldc1314:436]: TRACE,847632,932,940,969
[19:05:05.790][D][ldc1314:436]: TRACE,847644,932,940,969
[19:05:05.822][D][ldc1314:436]: TRACE,847656,932,940,969
[19:05:05.822][D][ldc1314:436]: TRACE,847666,932,940,969
[19:05:05.823][D][ldc1314:436]: TRACE,847676,932,940,969
[19:05:05.837][D][ldc1314:436]: TRACE,847691,932,940,969
[19:05:05.850][D][ldc1314:436]: TRACE,847706,932,940,969
[19:05:05.867][D][ldc1314:436]: TRACE,847720,932,940,969
[19:05:05.879][D][ldc1314:436]: TRACE,847734,932,940,969
[19:05:05.891][D][ldc1314:436]: TRACE,847747,932,940,969
[19:05:05.915][D][ldc1314:436]: TRACE,847759,932,940,969
[19:05:05.924][D][ldc1314:436]: TRACE,847773,932,940,969
[19:05:05.932][D][ldc1314:436]: TRACE,847783,932,940,969
[19:05:05.944][D][ldc1314:436]: TRACE,847795,932,940,969
[19:05:05.959][D][ldc1314:436]: TRACE,847813,932,940,969
[19:05:05.974][D][ldc1314:436]: TRACE,847827,932,940,969
[19:05:05.994][D][ldc1314:436]: TRACE,847847,932,940,969
[19:05:06.017][D][ldc1314:436]: TRACE,847861,932,940,969
[19:05:06.022][D][ldc1314:436]: TRACE,847876,932,940,969
[19:05:06.037][D][ldc1314:436]: TRACE,847888,932,940,969
[19:05:06.050][D][ldc1314:436]: TRACE,847904,932,940,969
[19:05:06.074][D][ldc1314:436]: TRACE,847919,932,940,969
[19:05:06.094][D][ldc1314:436]: TRACE,847933,932,940,969
[19:05:06.094][D][ldc1314:436]: TRACE,847943,932,940,969
[19:05:06.109][D][ldc1314:436]: TRACE,847959,932,940,969
[19:05:06.207][D][ldc1314:436]: TRACE,847972,932,940,969
[19:05:06.207][D][ldc1314:436]: TRACE,847982,932,940,969
[19:05:06.207][D][ldc1314:436]: TRACE,847995,932,940,969
[19:05:06.207][D][ldc1314:436]: TRACE,848005,932,940,969
[19:05:06.207][D][ldc1314:436]: TRACE,848015,932,940,969
[19:05:06.207][D][ldc1314:436]: TRACE,848025,932,940,969
[19:05:06.207][D][ldc1314:436]: TRACE,848036,932,940,969
[19:05:06.207][D][ldc1314:436]: TRACE,848046,932,940,969
[19:05:06.207][D][ldc1314:436]: TRACE,848056,932,940,969
[19:05:06.225][D][ldc1314:436]: TRACE,848068,932,940,969
[19:05:06.225][D][ldc1314:436]: TRACE,848080,932,940,969
[19:05:06.238][D][ldc1314:436]: TRACE,848093,932,940,969
[19:05:06.255][D][ldc1314:436]: TRACE,848107,932,940,969
[19:05:06.269][D][ldc1314:436]: TRACE,848122,932,940,969
[19:05:06.283][D][ldc1314:436]: TRACE,848137,932,940,969
[19:05:06.298][D][ldc1314:436]: TRACE,848151,932,940,969
[19:05:06.325][D][ldc1314:436]: TRACE,848166,932,940,969
[19:05:06.337][D][ldc1314:436]: TRACE,848188,932,940,969
[19:05:06.351][D][ldc1314:436]: TRACE,848204,932,940,969
[19:05:06.365][D][ldc1314:436]: TRACE,848219,932,940,969
[19:05:06.378][D][ldc1314:436]: TRACE,848233,932,940,969
[19:05:06.394][D][ldc1314:436]: TRACE,848246,932,940,969
[19:05:06.409][D][ldc1314:436]: TRACE,848262,932,940,969
[19:05:06.427][D][ldc1314:436]: TRACE,848276,932,940,969
[19:05:06.440][D][ldc1314:436]: TRACE,848292,932,940,969
[19:05:06.456][D][ldc1314:436]: TRACE,848308,932,940,969
[19:05:06.472][D][ldc1314:436]: TRACE,848324,932,940,969
[19:05:06.486][D][ldc1314:436]: TRACE,848339,932,940,969
[19:05:06.500][D][ldc1314:436]: TRACE,848353,932,940,969
[19:05:06.516][D][ldc1314:436]: TRACE,848368,932,940,969
[19:05:06.533][D][ldc1314:436]: TRACE,848380,932,940,969
[19:05:06.538][D][ldc1314:436]: TRACE,848393,932,940,969
[19:05:06.559][D][ldc1314:436]: TRACE,848410,932,940,969
[19:05:06.573][D][ldc1314:436]: TRACE,848427,932,940,969
[19:05:06.588][D][ldc1314:436]: TRACE,848441,932,940,969
[19:05:06.605][D][ldc1314:436]: TRACE,848456,932,940,970
[19:05:06.619][D][ldc1314:436]: TRACE,848473,932,940,970
[19:05:06.637][D][ldc1314:436]: TRACE,848486,932,940,970
[19:05:06.728][D][ldc1314:436]: TRACE,848498,932,940,970
[19:05:06.728][D][ldc1314:436]: TRACE,848512,932,940,970
[19:05:06.728][D][ldc1314:436]: TRACE,848522,932,940,970
[19:05:06.728][D][ldc1314:436]: TRACE,848532,932,940,970
[19:05:06.728][D][ldc1314:436]: TRACE,848542,932,940,970
[19:05:06.728][D][ldc1314:436]: TRACE,848552,932,940,970
[19:05:06.738][D][ldc1314:436]: TRACE,848562,932,940,970
[19:05:06.738][D][ldc1314:436]: TRACE,848572,932,940,970
[19:05:06.738][D][ldc1314:436]: TRACE,848583,932,940,970
[19:05:06.742][D][ldc1314:436]: TRACE,848594,932,940,970
[19:05:06.757][D][ldc1314:436]: TRACE,848608,932,940,970
[19:05:06.778][D][ldc1314:436]: TRACE,848628,932,940,970
[19:05:06.791][D][ldc1314:436]: TRACE,848644,932,940,970
[19:05:06.805][D][ldc1314:436]: TRACE,848658,932,940,970
[19:05:06.820][D][ldc1314:436]: TRACE,848673,932,940,970
[19:05:06.836][D][ldc1314:436]: TRACE,848688,932,940,970
[19:05:06.846][D][ldc1314:436]: TRACE,848701,932,940,970
[19:05:06.862][D][ldc1314:436]: TRACE,848714,932,940,970
[19:05:06.881][D][ldc1314:436]: TRACE,848734,932,940,970
[19:05:06.897][D][ldc1314:436]: TRACE,848749,932,940,970
[19:05:06.913][D][ldc1314:436]: TRACE,848766,932,940,970
[19:05:06.931][D][ldc1314:436]: TRACE,848780,932,940,970
[19:05:06.942][D][ldc1314:436]: TRACE,848795,932,940,970
[19:05:06.956][D][ldc1314:436]: TRACE,848809,932,940,970
[19:05:06.968][D][ldc1314:436]: TRACE,848823,932,940,970
[19:05:06.981][D][ldc1314:436]: TRACE,848837,932,940,970
[19:05:07.002][D][ldc1314:436]: TRACE,848855,932,940,970
[19:05:07.015][D][ldc1314:436]: TRACE,848869,932,940,970
[19:05:07.031][D][ldc1314:436]: TRACE,848884,932,940,970
[19:05:07.041][D][ldc1314:436]: TRACE,848898,932,940,970
[19:05:07.056][D][ldc1314:436]: TRACE,848909,932,940,970
[19:05:07.071][D][ldc1314:436]: TRACE,848924,932,940,970
[19:05:07.086][D][ldc1314:436]: TRACE,848940,932,940,970
[19:05:07.102][D][ldc1314:436]: TRACE,848955,932,940,970
[19:05:07.123][D][ldc1314:436]: TRACE,848976,932,940,970
[19:05:07.143][D][ldc1314:436]: TRACE,848990,932,940,970
[19:05:07.154][D][ldc1314:436]: TRACE,849006,932,940,970
[19:05:07.251][D][ldc1314:436]: TRACE,849021,932,940,970
[19:05:07.251][D][ldc1314:436]: TRACE,849034,932,940,970
[19:05:07.251][D][ldc1314:436]: TRACE,849044,932,940,970
[19:05:07.252][D][ldc1314:436]: TRACE,849054,932,940,970
[19:05:07.252][D][ldc1314:436]: TRACE,849064,932,940,970
[19:05:07.252][D][ldc1314:436]: TRACE,849074,932,940,970
[19:05:07.252][D][ldc1314:436]: TRACE,849085,932,940,970
[19:05:07.260][D][ldc1314:436]: TRACE,849095,932,940,970
[19:05:07.260][D][ldc1314:436]: TRACE,849107,932,940,970
[19:05:07.269][D][ldc1314:436]: TRACE,849117,932,940,970
[19:05:07.279][D][ldc1314:436]: TRACE,849131,932,940,970
[19:05:07.293][D][ldc1314:436]: TRACE,849147,932,940,970
[19:05:07.306][D][ldc1314:436]: TRACE,849161,932,940,970
[19:05:07.324][D][ldc1314:436]: TRACE,849174,932,940,970
[19:05:07.338][D][ldc1314:436]: TRACE,849193,932,940,970
[19:05:07.353][D][ldc1314:436]: TRACE,849205,932,940,970
[19:05:07.374][D][ldc1314:436]: TRACE,849221,932,940,970
[19:05:07.380][D][ldc1314:436]: TRACE,849233,932,940,970
[19:05:07.397][D][ldc1314:436]: TRACE,849243,932,940,970
[19:05:07.407][D][ldc1314:436]: TRACE,849259,932,940,970
[19:05:07.420][D][ldc1314:436]: TRACE,849269,932,940,970
[19:05:07.434][D][ldc1314:436]: TRACE,849282,932,940,970
[19:05:07.459][D][ldc1314:436]: TRACE,849295,932,940,970
[19:05:07.459][D][ldc1314:436]: TRACE,849306,932,940,970
[19:05:07.471][D][ldc1314:436]: TRACE,849316,932,940,970
[19:05:07.482][D][ldc1314:436]: TRACE,849332,932,940,970
[19:05:07.491][D][ldc1314:436]: TRACE,849341,932,940,970
[19:05:07.504][D][ldc1314:436]: TRACE,849358,932,940,970
[19:05:07.524][D][ldc1314:436]: TRACE,849372,932,940,970
[19:05:07.537][D][ldc1314:436]: TRACE,849385,932,940,970
[19:05:07.559][D][ldc1314:436]: TRACE,849396,932,940,970
[19:05:07.559][D][ldc1314:436]: TRACE,849407,932,940,970
[19:05:07.574][D][ldc1314:436]: TRACE,849419,932,940,970
[19:05:07.583][D][ldc1314:436]: TRACE,849438,932,940,970
[19:05:07.594][D][ldc1314:436]: TRACE,849450,932,940,970
[19:05:07.611][D][ldc1314:436]: TRACE,849462,932,940,970
[19:05:07.625][D][ldc1314:436]: TRACE,849475,932,940,970
[19:05:07.660][D][ldc1314:436]: TRACE,849489,932,940,970
[19:05:07.661][D][ldc1314:436]: TRACE,849499,932,940,970
[19:05:07.661][D][ldc1314:436]: TRACE,849509,932,940,970
[19:05:07.666][D][ldc1314:436]: TRACE,849519,932,940,970
[19:05:07.679][D][ldc1314:436]: TRACE,849533,932,940,970
[19:05:07.777][D][ldc1314:436]: TRACE,849545,932,940,970
[19:05:07.777][D][ldc1314:436]: TRACE,849563,932,940,970
[19:05:07.777][D][ldc1314:436]: TRACE,849574,932,940,970
[19:05:07.778][D][ldc1314:436]: TRACE,849584,932,940,970
[19:05:07.778][D][ldc1314:436]: TRACE,849594,932,940,970
[19:05:07.778][D][ldc1314:436]: TRACE,849604,932,940,970
[19:05:07.779][D][ldc1314:436]: TRACE,849614,932,940,970
[19:05:07.779][D][ldc1314:436]: TRACE,849624,932,940,970
[19:05:07.779][D][ldc1314:436]: TRACE,849634,932,940,970
[19:05:07.797][D][ldc1314:436]: TRACE,849645,932,940,970
[19:05:07.802][D][ldc1314:436]: TRACE,849659,932,940,970
[19:05:07.820][D][ldc1314:436]: TRACE,849670,932,940,970
[19:05:07.850][D][ldc1314:436]: TRACE,849685,932,940,970
[19:05:07.877][D][ldc1314:436]: TRACE,849699,932,940,970
[19:05:07.878][D][ldc1314:436]: TRACE,849709,932,940,970
[19:05:07.896][D][ldc1314:436]: TRACE,849719,932,940,970
[19:05:07.896][D][ldc1314:436]: TRACE,849732,932,940,970
[19:05:07.896][D][ldc1314:436]: TRACE,849742,932,940,970
[19:05:07.901][D][ldc1314:436]: TRACE,849752,932,940,970
[19:05:07.930][D][ldc1314:436]: TRACE,849764,932,940,970
[19:05:07.937][D][ldc1314:436]: TRACE,849776,932,940,970
[19:05:07.963][D][ldc1314:436]: TRACE,849787,932,940,970
[19:05:07.964][D][ldc1314:436]: TRACE,849797,932,940,970
[19:05:07.964][D][ldc1314:436]: TRACE,849809,932,940,970
[19:05:07.964][D][ldc1314:436]: TRACE,849819,932,940,970
[19:05:07.976][D][ldc1314:436]: TRACE,849829,932,940,970
[19:05:07.987][D][ldc1314:436]: TRACE,849841,932,940,970
[19:05:08.000][D][ldc1314:436]: TRACE,849853,932,940,970
[19:05:08.010][D][ldc1314:436]: TRACE,849866,932,940,970
[19:05:08.023][D][ldc1314:436]: TRACE,849876,932,940,970
[19:05:08.037][D][ldc1314:436]: TRACE,849889,932,940,970
[19:05:08.065][D][ldc1314:436]: TRACE,849905,932,940,970
[19:05:08.079][D][ldc1314:436]: TRACE,849917,932,940,970
[19:05:08.085][D][ldc1314:436]: TRACE,849929,932,940,970
[19:05:08.085][D][ldc1314:436]: TRACE,849943,932,940,970
[19:05:08.101][D][ldc1314:436]: TRACE,849955,932,940,970
[19:05:08.114][D][ldc1314:436]: TRACE,849967,932,940,970
[19:05:08.123][D][ldc1314:436]: TRACE,849978,932,940,970
[19:05:08.133][D][ldc1314:436]: TRACE,849990,932,940,970
[19:05:08.145][D][ldc1314:436]: TRACE,850000,932,940,970
[19:05:08.166][D][ldc1314:436]: TRACE,850014,932,940,970
[19:05:08.179][D][ldc1314:436]: TRACE,850029,932,940,970
[19:05:08.188][D][ldc1314:436]: TRACE,850041,932,940,970
[19:05:08.202][D][ldc1314:436]: TRACE,850057,932,940,970
[19:05:08.300][D][ldc1314:436]: TRACE,850071,932,940,970
[19:05:08.301][D][ldc1314:436]: TRACE,850084,932,940,970
[19:05:08.301][D][ldc1314:436]: TRACE,850094,932,940,970
[19:05:08.301][D][ldc1314:436]: TRACE,850104,932,940,970
[19:05:08.301][D][ldc1314:436]: TRACE,850114,932,940,970
[19:05:08.301][D][ldc1314:436]: TRACE,850125,932,940,970
[19:05:08.301][D][ldc1314:436]: TRACE,850135,932,940,970
[19:05:08.308][D][ldc1314:436]: TRACE,850146,932,940,970
[19:05:08.308][D][ldc1314:436]: TRACE,850157,932,940,970
[19:05:08.316][D][ldc1314:436]: TRACE,850168,932,940,970
[19:05:08.335][D][ldc1314:436]: TRACE,850180,932,940,970
[19:05:08.352][D][ldc1314:436]: TRACE,850202,932,940,970
[19:05:08.371][D][ldc1314:436]: TRACE,850219,932,940,970
[19:05:08.376][D][ldc1314:436]: TRACE,850231,932,940,970
[19:05:08.392][D][ldc1314:436]: TRACE,850245,932,940,970
[19:05:08.406][D][ldc1314:436]: TRACE,850259,932,940,970
[19:05:08.429][D][ldc1314:436]: TRACE,850279,932,940,970
[19:05:08.442][D][ldc1314:436]: TRACE,850294,932,940,970
[19:05:08.457][D][ldc1314:436]: TRACE,850310,932,940,970
[19:05:08.474][D][ldc1314:436]: TRACE,850323,932,940,970
[19:05:08.485][D][ldc1314:436]: TRACE,850335,932,940,970
[19:05:08.492][D][ldc1314:436]: TRACE,850345,932,940,970
[19:05:08.508][D][ldc1314:436]: TRACE,850361,932,940,970
[19:05:08.521][D][ldc1314:436]: TRACE,850375,932,940,970
[19:05:08.543][D][ldc1314:436]: TRACE,850393,932,940,970
[19:05:08.553][D][ldc1314:436]: TRACE,850408,932,940,970
[19:05:08.576][D][ldc1314:436]: TRACE,850420,932,940,970
[19:05:08.576][D][ldc1314:436]: TRACE,850434,932,940,970
[19:05:08.592][D][ldc1314:436]: TRACE,850444,932,940,970
[19:05:08.607][D][ldc1314:436]: TRACE,850461,932,940,970
[19:05:08.622][D][ldc1314:436]: TRACE,850476,932,940,970
[19:05:08.655][D][ldc1314:436]: TRACE,850508,932,940,970
[19:05:08.678][D][ldc1314:436]: TRACE,850522,932,940,970
[19:05:08.685][D][ldc1314:436]: TRACE,850535,932,940,970
[19:05:08.696][D][ldc1314:436]: TRACE,850545,932,940,970
[19:05:08.709][D][ldc1314:436]: TRACE,850564,932,940,970
[19:05:08.722][D][ldc1314:436]: TRACE,850576,932,939,970
[19:05:08.826][D][ldc1314:436]: TRACE,850591,932,939,970
[19:05:08.826][D][ldc1314:436]: TRACE,850605,932,939,970
[19:05:08.827][D][ldc1314:436]: TRACE,850616,932,939,970
[19:05:08.827][D][ldc1314:436]: TRACE,850626,932,939,970
[19:05:08.827][D][ldc1314:436]: TRACE,850636,932,939,970
[19:05:08.827][D][ldc1314:436]: TRACE,850646,932,939,970
[19:05:08.833][D][ldc1314:436]: TRACE,850656,932,939,970
[19:05:08.833][D][ldc1314:436]: TRACE,850666,932,939,970
[19:05:08.833][D][ldc1314:436]: TRACE,850676,932,939,970
[19:05:08.833][D][ldc1314:436]: TRACE,850686,932,939,970
[19:05:08.849][D][ldc1314:436]: TRACE,850697,932,939,970
[19:05:08.862][D][ldc1314:436]: TRACE,850713,932,939,970
[19:05:08.889][D][ldc1314:436]: TRACE,850728,932,939,970
[19:05:08.904][D][ldc1314:436]: TRACE,850741,932,939,970
[19:05:08.904][D][ldc1314:436]: TRACE,850751,932,939,970
[19:05:08.907][D][ldc1314:436]: TRACE,850761,932,939,970
[19:05:08.922][D][ldc1314:436]: TRACE,850774,932,939,970
[19:05:08.937][D][ldc1314:436]: TRACE,850789,932,939,971
[19:05:08.952][D][ldc1314:436]: TRACE,850806,932,939,970
[19:05:08.971][D][ldc1314:436]: TRACE,850820,932,939,971
[19:05:08.990][D][ldc1314:436]: TRACE,850838,932,939,971
[19:05:08.996][D][ldc1314:436]: TRACE,850848,932,939,971
[19:05:09.009][D][ldc1314:436]: TRACE,850861,932,939,971
[19:05:09.021][D][ldc1314:436]: TRACE,850876,932,939,971
[19:05:09.035][D][ldc1314:436]: TRACE,850889,932,939,971
[19:05:09.050][D][ldc1314:436]: TRACE,850903,932,939,971
[19:05:09.065][D][ldc1314:436]: TRACE,850919,932,939,971
[19:05:09.088][D][ldc1314:436]: TRACE,850934,932,939,971
[19:05:09.099][D][ldc1314:436]: TRACE,850952,932,939,971
[19:05:09.112][D][ldc1314:436]: TRACE,850965,932,939,971
[19:05:09.127][D][ldc1314:436]: TRACE,850979,932,939,971
[19:05:09.142][D][ldc1314:436]: TRACE,850994,932,939,971
[19:05:09.151][D][ldc1314:436]: TRACE,851007,932,939,971
[19:05:09.166][D][ldc1314:436]: TRACE,851020,932,939,971
[19:05:09.189][D][ldc1314:436]: TRACE,851036,932,939,971
[19:05:09.194][D][ldc1314:436]: TRACE,851051,932,939,971
[19:05:09.215][D][ldc1314:436]: TRACE,851068,932,939,971
[19:05:09.234][D][ldc1314:436]: TRACE,851082,932,939,971
[19:05:09.242][D][ldc1314:436]: TRACE,851098,932,939,971
[19:05:09.257][D][ldc1314:436]: TRACE,851110,932,939,971
[19:05:09.349][D][ldc1314:436]: TRACE,851125,932,939,971
[19:05:09.349][D][ldc1314:436]: TRACE,851135,932,939,971
[19:05:09.350][D][ldc1314:436]: TRACE,851145,932,939,971
[19:05:09.350][D][ldc1314:436]: TRACE,851155,932,939,971
[19:05:09.350][D][ldc1314:436]: TRACE,851165,932,939,971
[19:05:09.350][D][ldc1314:436]: TRACE,851175,932,939,971
[19:05:09.354][D][ldc1314:436]: TRACE,851186,932,939,971
[19:05:09.354][D][ldc1314:436]: TRACE,851200,932,939,971
[19:05:09.354][D][ldc1314:436]: TRACE,851210,932,939,971
[19:05:09.369][D][ldc1314:436]: TRACE,851221,932,939,971
[19:05:09.386][D][ldc1314:436]: TRACE,851236,932,939,971
[19:05:09.401][D][ldc1314:436]: TRACE,851251,932,939,971
[19:05:09.407][D][ldc1314:436]: TRACE,851261,932,939,971
[19:05:09.424][D][ldc1314:436]: TRACE,851274,932,939,971
[19:05:09.443][D][ldc1314:436]: TRACE,851295,932,939,971
[19:05:09.458][D][ldc1314:436]: TRACE,851310,932,939,971
[19:05:09.473][D][ldc1314:436]: TRACE,851327,932,939,971
[19:05:09.497][D][ldc1314:436]: TRACE,851342,932,939,971
[19:05:09.504][D][ldc1314:436]: TRACE,851356,932,939,971
[19:05:09.519][D][ldc1314:436]: TRACE,851367,932,939,971
[19:05:09.529][D][ldc1314:436]: TRACE,851384,932,939,971
[19:05:09.543][D][ldc1314:436]: TRACE,851396,932,939,971
[19:05:09.563][D][ldc1314:436]: TRACE,851416,932,939,971
[19:05:09.578][D][ldc1314:436]: TRACE,851431,932,939,971
[19:05:09.599][D][ldc1314:436]: TRACE,851446,932,939,971
[19:05:09.602][D][ldc1314:436]: TRACE,851459,932,939,971
[19:05:09.619][D][ldc1314:436]: TRACE,851472,932,939,971
[19:05:09.636][D][ldc1314:436]: TRACE,851486,932,939,971
[19:05:09.648][D][ldc1314:436]: TRACE,851503,932,939,971
[19:05:09.666][D][ldc1314:436]: TRACE,851517,932,939,971
[19:05:09.689][D][ldc1314:436]: TRACE,851535,932,939,971
[19:05:09.708][D][ldc1314:436]: TRACE,851552,932,939,971
[19:05:09.715][D][ldc1314:436]: TRACE,851562,932,939,971
[19:05:09.725][D][ldc1314:436]: TRACE,851577,932,939,971
[19:05:09.742][D][ldc1314:436]: TRACE,851595,932,939,971
[19:05:09.755][D][ldc1314:436]: TRACE,851609,932,939,971
[19:05:09.773][D][ldc1314:436]: TRACE,851624,932,939,971
[19:05:09.877][D][ldc1314:436]: TRACE,851638,932,939,971
[19:05:09.877][D][ldc1314:436]: TRACE,851660,932,939,971
[19:05:09.877][D][ldc1314:436]: TRACE,851670,932,939,971
[19:05:09.877][D][ldc1314:436]: TRACE,851680,932,939,971
[19:05:09.877][D][ldc1314:436]: TRACE,851690,932,939,971
[19:05:09.877][D][ldc1314:436]: TRACE,851700,932,939,971
[19:05:09.877][D][ldc1314:436]: TRACE,851710,932,939,971
[19:05:09.877][D][ldc1314:436]: TRACE,851720,932,939,971
[19:05:09.877][D][ldc1314:436]: TRACE,851730,932,939,971
[19:05:09.887][D][ldc1314:436]: TRACE,851740,932,939,971
[19:05:09.907][D][ldc1314:436]: TRACE,851754,932,939,971
[19:05:09.920][D][ldc1314:436]: TRACE,851770,932,939,971
[19:05:09.933][D][ldc1314:436]: TRACE,851787,932,939,971
[19:05:09.946][D][ldc1314:436]: TRACE,851800,932,939,971
[19:05:09.960][D][ldc1314:436]: TRACE,851814,932,939,971
[19:05:09.977][D][ldc1314:436]: TRACE,851829,932,939,971
[19:05:09.994][D][ldc1314:436]: TRACE,851845,932,939,971
[19:05:10.009][D][ldc1314:436]: TRACE,851860,932,939,971
[19:05:10.024][D][ldc1314:436]: TRACE,851875,932,939,971
[19:05:10.038][D][ldc1314:436]: TRACE,851893,932,939,971
[19:05:10.053][D][ldc1314:436]: TRACE,851907,932,939,971
[19:05:10.069][D][ldc1314:436]: TRACE,851922,932,939,971
[19:05:10.086][D][ldc1314:436]: TRACE,851936,932,939,971
[19:05:10.099][D][ldc1314:436]: TRACE,851953,932,939,971
[19:05:10.114][D][ldc1314:436]: TRACE,851967,932,939,971
[19:05:10.130][D][ldc1314:436]: TRACE,851984,932,939,971
[19:05:10.145][D][ldc1314:436]: TRACE,851999,932,939,971
[19:05:10.164][D][ldc1314:436]: TRACE,852014,932,939,971
[19:05:10.173][D][ldc1314:436]: TRACE,852028,932,939,971
[19:05:10.187][D][ldc1314:436]: TRACE,852040,932,939,971
[19:05:10.201][D][ldc1314:436]: TRACE,852055,932,939,971
[19:05:10.216][D][ldc1314:436]: TRACE,852071,932,939,971
[19:05:10.232][D][ldc1314:436]: TRACE,852083,932,939,971
[19:05:10.250][D][ldc1314:436]: TRACE,852102,932,939,971
[19:05:10.269][D][ldc1314:436]: TRACE,852118,932,939,971
[19:05:10.284][D][ldc1314:436]: TRACE,852135,932,939,971
[19:05:10.301][D][ldc1314:436]: TRACE,852151,932,939,971
[19:05:10.396][D][ldc1314:436]: TRACE,852166,932,939,971
[19:05:10.396][D][ldc1314:436]: TRACE,852178,932,939,971
[19:05:10.397][D][ldc1314:436]: TRACE,852190,932,939,971
[19:05:10.409][D][ldc1314:436]: TRACE,852201,932,939,971
[19:05:10.409][D][ldc1314:436]: TRACE,852212,932,939,971
[19:05:10.409][D][ldc1314:436]: TRACE,852222,932,939,971
[19:05:10.409][D][ldc1314:436]: TRACE,852232,932,939,971
[19:05:10.410][D][ldc1314:436]: TRACE,852242,932,939,971
[19:05:10.410][D][ldc1314:436]: TRACE,852252,932,939,971
[19:05:10.422][D][ldc1314:436]: TRACE,852263,932,939,971
[19:05:10.422][D][ldc1314:436]: TRACE,852275,932,939,971
[19:05:10.434][D][ldc1314:436]: TRACE,852285,932,939,971
[19:05:10.448][D][ldc1314:436]: TRACE,852301,932,939,972
[19:05:10.465][D][ldc1314:436]: TRACE,852317,932,939,971
[19:05:10.480][D][ldc1314:436]: TRACE,852332,932,939,971
[19:05:10.499][D][ldc1314:436]: TRACE,852353,932,939,971
[19:05:10.520][D][ldc1314:436]: TRACE,852367,932,939,972
[19:05:10.527][D][ldc1314:436]: TRACE,852380,932,939,972
[19:05:10.542][D][ldc1314:436]: TRACE,852394,932,939,972
[19:05:10.558][D][ldc1314:436]: TRACE,852411,932,939,972
[19:05:10.571][D][ldc1314:436]: TRACE,852425,932,939,972
[19:05:10.587][D][ldc1314:436]: TRACE,852440,932,939,972
[19:05:10.600][D][ldc1314:436]: TRACE,852454,932,939,972
[19:05:10.623][D][ldc1314:436]: TRACE,852471,932,939,972
[19:05:10.633][D][ldc1314:436]: TRACE,852487,932,939,972
[19:05:10.648][D][ldc1314:436]: TRACE,852502,932,939,972
[19:05:10.664][D][ldc1314:436]: TRACE,852517,932,938,972
[19:05:10.678][D][ldc1314:436]: TRACE,852531,932,939,972
[19:05:10.693][D][ldc1314:436]: TRACE,852546,932,938,972
[19:05:10.711][D][ldc1314:436]: TRACE,852560,932,938,972
[19:05:10.725][D][ldc1314:436]: TRACE,852574,932,938,972
[19:05:10.736][D][ldc1314:436]: TRACE,852587,932,938,972
[19:05:10.751][D][ldc1314:436]: TRACE,852604,932,938,972
[19:05:10.764][D][ldc1314:436]: TRACE,852618,932,938,972
[19:05:10.780][D][ldc1314:436]: TRACE,852632,932,938,972
[19:05:10.794][D][ldc1314:436]: TRACE,852647,932,938,972
[19:05:10.809][D][ldc1314:436]: TRACE,852664,932,938,972
[19:05:10.828][D][ldc1314:436]: TRACE,852676,932,938,972
[19:05:10.921][D][ldc1314:436]: TRACE,852691,932,938,972
[19:05:10.922][D][ldc1314:436]: TRACE,852706,932,938,972
[19:05:10.922][D][ldc1314:436]: TRACE,852717,932,938,972
[19:05:10.922][D][ldc1314:436]: TRACE,852727,932,938,972
[19:05:10.922][D][ldc1314:436]: TRACE,852737,932,938,972
[19:05:10.922][D][ldc1314:436]: TRACE,852747,932,938,972
[19:05:10.922][D][ldc1314:436]: TRACE,852757,932,938,972
[19:05:10.922][D][ldc1314:436]: TRACE,852767,932,938,972
[19:05:10.933][D][ldc1314:436]: TRACE,852777,932,938,972
[19:05:10.933][D][ldc1314:436]: TRACE,852787,932,938,972
[19:05:10.951][D][ldc1314:436]: TRACE,852803,932,938,972
[19:05:10.966][D][ldc1314:436]: TRACE,852819,932,938,972
[19:05:10.983][D][ldc1314:436]: TRACE,852833,932,938,972
[19:05:10.995][D][ldc1314:436]: TRACE,852850,932,938,972
[19:05:11.018][D][ldc1314:436]: TRACE,852864,932,938,972
[19:05:11.035][D][ldc1314:436]: TRACE,852879,932,938,972
[19:05:11.035][D][ldc1314:436]: TRACE,852890,932,938,972
[19:05:11.050][D][ldc1314:436]: TRACE,852903,932,938,972
[19:05:11.063][D][ldc1314:436]: TRACE,852917,932,938,972
[19:05:11.084][D][ldc1314:436]: TRACE,852934,932,938,972
[19:05:11.099][D][ldc1314:436]: TRACE,852951,932,938,972
[19:05:11.111][D][ldc1314:436]: TRACE,852964,932,938,972
[19:05:11.137][D][ldc1314:436]: TRACE,852978,932,938,972
[19:05:11.145][D][ldc1314:436]: TRACE,852994,932,938,972
[19:05:11.155][D][ldc1314:436]: TRACE,853007,932,938,972
[19:05:11.171][D][ldc1314:436]: TRACE,853024,932,938,972
[19:05:11.186][D][ldc1314:436]: TRACE,853037,932,938,972
[19:05:11.204][D][ldc1314:436]: TRACE,853054,932,938,972
[19:05:11.216][D][ldc1314:436]: TRACE,853070,932,938,972
[19:05:11.237][D][ldc1314:436]: TRACE,853083,932,938,972
[19:05:11.240][D][ldc1314:436]: TRACE,853096,932,938,972
[19:05:11.256][D][ldc1314:436]: TRACE,853109,932,938,972
[19:05:11.270][D][ldc1314:436]: TRACE,853124,932,938,972
[19:05:11.282][D][ldc1314:436]: TRACE,853138,932,938,972
[19:05:11.300][D][ldc1314:436]: TRACE,853150,932,938,972
[19:05:11.319][D][ldc1314:436]: TRACE,853170,932,938,972
[19:05:11.339][D][ldc1314:436]: TRACE,853185,932,938,972
[19:05:11.349][D][ldc1314:436]: TRACE,853199,932,938,972
[19:05:11.446][D][ldc1314:436]: TRACE,853219,932,938,972
[19:05:11.446][D][ldc1314:436]: TRACE,853231,932,938,972
[19:05:11.446][D][ldc1314:436]: TRACE,853241,932,938,972
[19:05:11.446][D][ldc1314:436]: TRACE,853251,932,938,972
[19:05:11.446][D][ldc1314:436]: TRACE,853261,932,938,972
[19:05:11.446][D][ldc1314:436]: TRACE,853271,932,938,972
[19:05:11.453][D][ldc1314:436]: TRACE,853281,932,938,972
[19:05:11.453][D][ldc1314:436]: TRACE,853292,932,938,972
[19:05:11.453][D][ldc1314:436]: TRACE,853302,932,938,972
[19:05:11.459][D][ldc1314:436]: TRACE,853312,932,938,972
[19:05:11.474][D][ldc1314:436]: TRACE,853328,932,938,972
[19:05:11.488][D][ldc1314:436]: TRACE,853342,932,938,972
[19:05:11.503][D][ldc1314:436]: TRACE,853357,932,938,972
[19:05:11.518][D][ldc1314:436]: TRACE,853371,932,938,972
[19:05:11.544][D][ldc1314:436]: TRACE,853388,932,938,972
[19:05:11.552][D][ldc1314:436]: TRACE,853403,932,938,972
[19:05:11.563][D][ldc1314:436]: TRACE,853415,932,938,972
[19:05:11.576][D][ldc1314:436]: TRACE,853430,932,938,972
[19:05:11.587][D][ldc1314:436]: TRACE,853443,932,938,972
[19:05:11.600][D][ldc1314:436]: TRACE,853455,932,938,972
[19:05:11.614][D][ldc1314:436]: TRACE,853469,932,938,972
[19:05:11.627][D][ldc1314:436]: TRACE,853482,932,938,972
[19:05:11.651][D][ldc1314:436]: TRACE,853498,932,938,972
[19:05:11.665][D][ldc1314:436]: TRACE,853508,932,938,972
[19:05:11.673][D][ldc1314:436]: TRACE,853521,932,938,972
[19:05:11.678][D][ldc1314:436]: TRACE,853533,932,938,972
[19:05:11.693][D][ldc1314:436]: TRACE,853546,932,938,972
[19:05:11.709][D][ldc1314:436]: TRACE,853561,932,938,972
[19:05:11.725][D][ldc1314:436]: TRACE,853576,932,938,973
[19:05:11.748][D][ldc1314:436]: TRACE,853593,932,938,973
[19:05:11.756][D][ldc1314:436]: TRACE,853608,932,938,973
[19:05:11.769][D][ldc1314:436]: TRACE,853620,932,938,973
[19:05:11.785][D][ldc1314:436]: TRACE,853638,932,938,973
[19:05:11.796][D][ldc1314:436]: TRACE,853652,932,938,973
[19:05:11.813][D][ldc1314:436]: TRACE,853665,932,938,973
[19:05:11.829][D][ldc1314:436]: TRACE,853681,932,938,973
[19:05:11.852][D][ldc1314:436]: TRACE,853696,932,938,973
[19:05:11.860][D][ldc1314:436]: TRACE,853710,932,938,973
[19:05:11.870][D][ldc1314:436]: TRACE,853722,932,938,973
[19:05:11.970][D][ldc1314:436]: TRACE,853743,932,938,973
[19:05:11.971][D][ldc1314:436]: TRACE,853756,932,938,973
[19:05:11.971][D][ldc1314:436]: TRACE,853766,932,938,973
[19:05:11.971][D][ldc1314:436]: TRACE,853776,932,938,973
[19:05:11.971][D][ldc1314:436]: TRACE,853786,932,938,973
[19:05:11.971][D][ldc1314:436]: TRACE,853796,932,938,973
[19:05:11.971][D][ldc1314:436]: TRACE,853806,932,938,973
[19:05:11.971][D][ldc1314:436]: TRACE,853816,932,938,973
[19:05:11.977][D][ldc1314:436]: TRACE,853826,932,938,973
[19:05:11.985][D][ldc1314:436]: TRACE,853836,932,938,973
[19:05:12.004][D][ldc1314:436]: TRACE,853857,932,938,973
[19:05:12.020][D][ldc1314:436]: TRACE,853872,932,938,973
[19:05:12.034][D][ldc1314:436]: TRACE,853889,932,938,973
[19:05:12.057][D][ldc1314:436]: TRACE,853903,932,938,973
[19:05:12.064][D][ldc1314:436]: TRACE,853916,932,938,973
[19:05:12.077][D][ldc1314:436]: TRACE,853928,932,938,973
[19:05:12.093][D][ldc1314:436]: TRACE,853946,932,938,973
[19:05:12.113][D][ldc1314:436]: TRACE,853966,932,938,973
[19:05:12.127][D][ldc1314:436]: TRACE,853980,932,938,973
[19:05:12.144][D][ldc1314:436]: TRACE,853995,932,938,973
[19:05:12.158][D][ldc1314:436]: TRACE,854010,932,937,973
[19:05:12.171][D][ldc1314:436]: TRACE,854023,932,937,973
[19:05:12.185][D][ldc1314:436]: TRACE,854038,932,937,973
[19:05:12.200][D][ldc1314:436]: TRACE,854053,932,937,973
[19:05:12.222][D][ldc1314:436]: TRACE,854073,932,937,973
[19:05:12.235][D][ldc1314:436]: TRACE,854088,932,937,973
[19:05:12.261][D][ldc1314:436]: TRACE,854104,932,937,973
[19:05:12.262][D][ldc1314:436]: TRACE,854119,932,937,973
[19:05:12.275][D][ldc1314:436]: TRACE,854129,932,937,973
[19:05:12.289][D][ldc1314:436]: TRACE,854143,932,937,973
[19:05:12.304][D][ldc1314:436]: TRACE,854157,932,937,973
[19:05:12.316][D][ldc1314:436]: TRACE,854171,932,937,973
[19:05:12.338][D][ldc1314:436]: TRACE,854190,932,937,973
[19:05:12.362][D][ldc1314:436]: TRACE,854205,932,937,973
[19:05:12.374][D][ldc1314:436]: TRACE,854225,932,937,973
[19:05:12.388][D][ldc1314:436]: TRACE,854241,932,937,973
[19:05:12.401][D][ldc1314:436]: TRACE,854256,932,937,973
[19:05:12.497][D][ldc1314:436]: TRACE,854270,932,937,973
[19:05:12.497][D][ldc1314:436]: TRACE,854281,932,937,973
[19:05:12.498][D][ldc1314:436]: TRACE,854292,932,937,973
[19:05:12.498][D][ldc1314:436]: TRACE,854302,932,937,973
[19:05:12.498][D][ldc1314:436]: TRACE,854312,932,937,973
[19:05:12.498][D][ldc1314:436]: TRACE,854323,932,937,973
[19:05:12.509][D][ldc1314:436]: TRACE,854333,932,937,973
[19:05:12.510][D][ldc1314:436]: TRACE,854344,932,937,973
[19:05:12.510][D][ldc1314:436]: TRACE,854355,932,937,973
[19:05:12.511][D][ldc1314:436]: TRACE,854365,932,937,973
[19:05:12.525][D][ldc1314:436]: TRACE,854378,932,937,973
[19:05:12.539][D][ldc1314:436]: TRACE,854393,932,937,973
[19:05:12.566][D][ldc1314:436]: TRACE,854410,932,937,973
[19:05:12.574][D][ldc1314:436]: TRACE,854426,932,937,973
[19:05:12.585][D][ldc1314:436]: TRACE,854437,932,937,973
[19:05:12.601][D][ldc1314:436]: TRACE,854455,932,937,973
[19:05:12.617][D][ldc1314:436]: TRACE,854469,932,937,974
[19:05:12.633][D][ldc1314:436]: TRACE,854484,932,937,974
[19:05:12.647][D][ldc1314:436]: TRACE,854501,932,937,974
[19:05:12.669][D][ldc1314:436]: TRACE,854515,932,937,974
[19:05:12.678][D][ldc1314:436]: TRACE,854532,932,937,974
[19:05:12.691][D][ldc1314:436]: TRACE,854543,932,937,974
[19:05:12.707][D][ldc1314:436]: TRACE,854560,932,937,974
[19:05:12.723][D][ldc1314:436]: TRACE,854575,932,937,974
[19:05:12.739][D][ldc1314:436]: TRACE,854592,932,937,974
[19:05:12.754][D][ldc1314:436]: TRACE,854606,932,937,974
[19:05:12.772][D][ldc1314:436]: TRACE,854621,932,937,974
[19:05:12.781][D][ldc1314:436]: TRACE,854635,932,937,974
[19:05:12.801][D][ldc1314:436]: TRACE,854654,932,937,974
[19:05:12.816][D][ldc1314:436]: TRACE,854669,932,937,974
[19:05:12.831][D][ldc1314:436]: TRACE,854684,932,937,974
[19:05:12.848][D][ldc1314:436]: TRACE,854700,932,937,974
[19:05:12.862][D][ldc1314:436]: TRACE,854715,932,937,974
[19:05:12.877][D][ldc1314:436]: TRACE,854730,932,937,974
[19:05:12.889][D][ldc1314:436]: TRACE,854740,932,937,974
[19:05:12.909][D][ldc1314:436]: TRACE,854761,932,937,974
[19:05:12.923][D][ldc1314:436]: TRACE,854776,932,937,974
[19:05:13.019][D][ldc1314:436]: TRACE,854791,932,937,974
[19:05:13.019][D][ldc1314:436]: TRACE,854803,932,937,974
[19:05:13.019][D][ldc1314:436]: TRACE,854813,932,937,974
[19:05:13.020][D][ldc1314:436]: TRACE,854823,932,937,974
[19:05:13.020][D][ldc1314:436]: TRACE,854834,932,937,974
[19:05:13.020][D][ldc1314:436]: TRACE,854844,932,937,974
[19:05:13.020][D][ldc1314:436]: TRACE,854854,932,937,974
[19:05:13.020][D][ldc1314:436]: TRACE,854865,932,937,974
[19:05:13.028][D][ldc1314:436]: TRACE,854877,932,937,974
[19:05:13.041][D][ldc1314:436]: TRACE,854889,932,937,974
[19:05:13.047][D][ldc1314:436]: TRACE,854904,932,937,974
[19:05:13.063][D][ldc1314:436]: TRACE,854916,932,937,974
[19:05:13.079][D][ldc1314:436]: TRACE,854930,932,937,974
[19:05:13.089][D][ldc1314:436]: TRACE,854943,932,937,974
[19:05:13.103][D][ldc1314:436]: TRACE,854957,932,937,974
[19:05:13.119][D][ldc1314:436]: TRACE,854971,932,937,974
[19:05:13.139][D][ldc1314:436]: TRACE,854992,932,937,974
[19:05:13.151][D][ldc1314:436]: TRACE,855006,932,937,974
[19:05:13.167][D][ldc1314:436]: TRACE,855020,932,937,974
[19:05:13.181][D][ldc1314:436]: TRACE,855035,932,937,974
[19:05:13.194][D][ldc1314:436]: TRACE,855045,932,937,974
[19:05:13.208][D][ldc1314:436]: TRACE,855061,932,937,974
[19:05:13.223][D][ldc1314:436]: TRACE,855076,932,937,974
[19:05:13.237][D][ldc1314:436]: TRACE,855091,932,937,974
[19:05:13.250][D][ldc1314:436]: TRACE,855103,932,937,974
[19:05:13.284][D][ldc1314:436]: TRACE,855124,932,937,974
[19:05:13.306][D][ldc1314:436]: TRACE,855139,932,937,974
[19:05:13.313][D][ldc1314:436]: TRACE,855149,932,937,974
[19:05:13.313][D][ldc1314:436]: TRACE,855163,932,937,974
[19:05:13.324][D][ldc1314:436]: TRACE,855173,932,937,974
[19:05:13.332][D][ldc1314:436]: TRACE,855183,932,936,974
[19:05:13.343][D][ldc1314:436]: TRACE,855196,932,936,974
[19:05:13.364][D][ldc1314:436]: TRACE,855213,932,936,974
[19:05:13.390][D][ldc1314:436]: TRACE,855237,932,936,974
[19:05:13.397][D][ldc1314:436]: TRACE,855250,932,936,974
[19:05:13.412][D][ldc1314:436]: TRACE,855265,932,936,974
[19:05:13.428][D][ldc1314:436]: TRACE,855281,932,936,974
[19:05:13.445][D][ldc1314:436]: TRACE,855296,932,936,974
[19:05:13.544][D][ldc1314:436]: TRACE,855310,932,936,974
[19:05:13.544][D][ldc1314:436]: TRACE,855325,932,936,974
[19:05:13.544][D][ldc1314:436]: TRACE,855334,932,936,974
[19:05:13.544][D][ldc1314:436]: TRACE,855344,932,936,974
[19:05:13.544][D][ldc1314:436]: TRACE,855356,932,936,974
[19:05:13.544][D][ldc1314:436]: TRACE,855367,932,936,974
[19:05:13.544][D][ldc1314:436]: TRACE,855377,932,936,974
[19:05:13.544][D][ldc1314:436]: TRACE,855387,932,936,974
[19:05:13.554][D][ldc1314:436]: TRACE,855397,932,936,974
[19:05:13.571][D][ldc1314:436]: TRACE,855407,932,936,974
[19:05:13.574][D][ldc1314:436]: TRACE,855421,932,936,974
[19:05:13.574][D][ldc1314:436]: TRACE,855433,932,936,974
[19:05:13.590][D][ldc1314:436]: TRACE,855444,932,936,974
[19:05:13.604][D][ldc1314:436]: TRACE,855456,932,936,974
[19:05:13.625][D][ldc1314:436]: TRACE,855478,932,936,975
[19:05:13.639][D][ldc1314:436]: TRACE,855492,932,936,975
[19:05:13.655][D][ldc1314:436]: TRACE,855508,932,936,975
[19:05:13.674][D][ldc1314:436]: TRACE,855523,932,936,975
[19:05:13.681][D][ldc1314:436]: TRACE,855537,932,936,975
[19:05:13.697][D][ldc1314:436]: TRACE,855549,932,936,975
[19:05:13.711][D][ldc1314:436]: TRACE,855564,932,936,975
[19:05:13.729][D][ldc1314:436]: TRACE,855582,932,936,975
[19:05:13.745][D][ldc1314:436]: TRACE,855597,932,936,975
[19:05:13.763][D][ldc1314:436]: TRACE,855614,932,936,975
[19:05:13.773][D][ldc1314:436]: TRACE,855627,932,936,975
[19:05:13.795][D][ldc1314:436]: TRACE,855640,932,936,975
[19:05:13.804][D][ldc1314:436]: TRACE,855656,932,936,975
[19:05:13.819][D][ldc1314:436]: TRACE,855669,932,936,975
[19:05:13.839][D][ldc1314:436]: TRACE,855692,932,936,975
[19:05:13.853][D][ldc1314:436]: TRACE,855706,932,936,975
[19:05:13.866][D][ldc1314:436]: TRACE,855722,932,936,975
[19:05:13.882][D][ldc1314:436]: TRACE,855735,932,936,975
[19:05:13.904][D][ldc1314:436]: TRACE,855749,932,936,975
[19:05:13.910][D][ldc1314:436]: TRACE,855762,932,936,975
[19:05:13.924][D][ldc1314:436]: TRACE,855778,932,936,975
[19:05:13.939][D][ldc1314:436]: TRACE,855792,932,936,975
[19:05:13.959][D][ldc1314:436]: TRACE,855812,932,936,975
[19:05:13.970][D][ldc1314:436]: TRACE,855826,932,936,975
[19:05:14.068][D][ldc1314:436]: TRACE,855838,932,936,975
[19:05:14.068][D][ldc1314:436]: TRACE,855852,932,936,975
[19:05:14.068][D][ldc1314:436]: TRACE,855862,932,936,975
[19:05:14.068][D][ldc1314:436]: TRACE,855872,932,936,975
[19:05:14.068][D][ldc1314:436]: TRACE,855883,932,936,975
[19:05:14.068][D][ldc1314:436]: TRACE,855893,932,936,975
[19:05:14.068][D][ldc1314:436]: TRACE,855903,932,936,975
[19:05:14.068][D][ldc1314:436]: TRACE,855913,932,936,975
[19:05:14.074][D][ldc1314:436]: TRACE,855924,932,936,975
[19:05:14.082][D][ldc1314:436]: TRACE,855935,932,936,975
[19:05:14.102][D][ldc1314:436]: TRACE,855950,932,936,975
[19:05:14.110][D][ldc1314:436]: TRACE,855963,932,936,975
[19:05:14.126][D][ldc1314:436]: TRACE,855979,932,936,975
[19:05:14.141][D][ldc1314:436]: TRACE,855993,932,936,975
[19:05:14.153][D][ldc1314:436]: TRACE,856008,932,936,975
[19:05:14.169][D][ldc1314:436]: TRACE,856022,932,936,975
[19:05:14.187][D][ldc1314:436]: TRACE,856039,932,936,975
[19:05:14.204][D][ldc1314:436]: TRACE,856055,932,936,975
[19:05:14.216][D][ldc1314:436]: TRACE,856069,932,936,975
[19:05:14.232][D][ldc1314:436]: TRACE,856084,932,936,975
[19:05:14.249][D][ldc1314:436]: TRACE,856101,932,936,975
[19:05:14.260][D][ldc1314:436]: TRACE,856115,932,936,975
[19:05:14.275][D][ldc1314:436]: TRACE,856128,932,936,975
[19:05:14.290][D][ldc1314:436]: TRACE,856144,932,936,975
[19:05:14.309][D][ldc1314:436]: TRACE,856161,932,936,975
[19:05:14.322][D][ldc1314:436]: TRACE,856172,932,936,975
[19:05:14.336][D][ldc1314:436]: TRACE,856190,932,936,975
[19:05:14.350][D][ldc1314:436]: TRACE,856205,932,936,975
[19:05:14.370][D][ldc1314:436]: TRACE,856218,932,936,975
[19:05:14.384][D][ldc1314:436]: TRACE,856238,932,936,975
[19:05:14.409][D][ldc1314:436]: TRACE,856252,932,936,975
[19:05:14.415][D][ldc1314:436]: TRACE,856269,932,936,975
[19:05:14.430][D][ldc1314:436]: TRACE,856284,932,936,975
[19:05:14.447][D][ldc1314:436]: TRACE,856299,932,936,975
[19:05:14.466][D][ldc1314:436]: TRACE,856316,932,936,975
[19:05:14.480][D][ldc1314:436]: TRACE,856332,932,936,975
[19:05:14.496][D][ldc1314:436]: TRACE,856347,932,936,975
[19:05:14.592][D][ldc1314:436]: TRACE,856361,932,936,975
[19:05:14.592][D][ldc1314:436]: TRACE,856372,932,936,975
[19:05:14.592][D][ldc1314:436]: TRACE,856388,932,936,975
[19:05:14.592][D][ldc1314:436]: TRACE,856398,932,936,975
[19:05:14.592][D][ldc1314:436]: TRACE,856408,932,936,975
[19:05:14.592][D][ldc1314:436]: TRACE,856418,932,936,975
[19:05:14.598][D][ldc1314:436]: TRACE,856428,932,936,975
[19:05:14.598][D][ldc1314:436]: TRACE,856438,932,936,975
[19:05:14.598][D][ldc1314:436]: TRACE,856448,932,936,975
[19:05:14.614][D][ldc1314:436]: TRACE,856458,932,936,975
[19:05:14.622][D][ldc1314:436]: TRACE,856474,932,936,975
[19:05:14.636][D][ldc1314:436]: TRACE,856489,932,936,975
[19:05:14.655][D][ldc1314:436]: TRACE,856508,932,936,975
[19:05:14.668][D][ldc1314:436]: TRACE,856523,932,936,975
[19:05:14.683][D][ldc1314:436]: TRACE,856536,932,936,975
[19:05:14.697][D][ldc1314:436]: TRACE,856550,932,936,975
[19:05:14.716][D][ldc1314:436]: TRACE,856565,932,936,975
[19:05:14.725][D][ldc1314:436]: TRACE,856578,932,936,975
[19:05:14.739][D][ldc1314:436]: TRACE,856593,932,936,975
[19:05:14.752][D][ldc1314:436]: TRACE,856607,932,936,975
[19:05:14.772][D][ldc1314:436]: TRACE,856625,932,936,975
[19:05:14.784][D][ldc1314:436]: TRACE,856639,932,936,975
[19:05:14.801][D][ldc1314:436]: TRACE,856652,932,936,975
[19:05:14.818][D][ldc1314:436]: TRACE,856668,932,936,975
[19:05:14.830][D][ldc1314:436]: TRACE,856682,932,936,975
[19:05:14.843][D][ldc1314:436]: TRACE,856697,932,936,975
[19:05:14.857][D][ldc1314:436]: TRACE,856710,932,936,975
[19:05:14.871][D][ldc1314:436]: TRACE,856724,932,936,975
[19:05:14.887][D][ldc1314:436]: TRACE,856739,932,936,975
[19:05:14.907][D][ldc1314:436]: TRACE,856759,932,936,975
[19:05:14.925][D][ldc1314:436]: TRACE,856773,932,936,975
[19:05:14.934][D][ldc1314:436]: TRACE,856786,932,936,975
[19:05:14.947][D][ldc1314:436]: TRACE,856803,932,936,975
[19:05:14.962][D][ldc1314:436]: TRACE,856815,932,936,975
[19:05:14.978][D][ldc1314:436]: TRACE,856829,932,936,975
[19:05:14.993][D][ldc1314:436]: TRACE,856846,932,936,975
[19:05:15.007][D][ldc1314:436]: TRACE,856860,932,936,975
[19:05:15.117][D][ldc1314:436]: TRACE,856880,932,936,975
[19:05:15.118][D][ldc1314:436]: TRACE,856893,932,936,975
[19:05:15.118][D][ldc1314:436]: TRACE,856903,932,936,975
[19:05:15.118][D][ldc1314:436]: TRACE,856913,932,936,975
[19:05:15.118][D][ldc1314:436]: TRACE,856923,932,936,975
[19:05:15.118][D][ldc1314:436]: TRACE,856933,932,936,975
[19:05:15.118][D][ldc1314:436]: TRACE,856943,932,936,975
[19:05:15.118][D][ldc1314:436]: TRACE,856953,932,936,975
[19:05:15.129][D][ldc1314:436]: TRACE,856963,932,936,975
[19:05:15.129][D][ldc1314:436]: TRACE,856973,932,936,975
[19:05:15.138][D][ldc1314:436]: TRACE,856984,932,936,975
[19:05:15.144][D][ldc1314:436]: TRACE,856995,932,936,975
[19:05:15.158][D][ldc1314:436]: TRACE,857008,932,936,975
[19:05:15.167][D][ldc1314:436]: TRACE,857020,932,936,975
[19:05:15.181][D][ldc1314:436]: TRACE,857035,932,936,975
[19:05:15.201][D][ldc1314:436]: TRACE,857047,932,936,975
[19:05:15.213][D][ldc1314:436]: TRACE,857059,932,936,975
[19:05:15.229][D][ldc1314:436]: TRACE,857069,932,936,975
[19:05:15.240][D][ldc1314:436]: TRACE,857083,932,936,975
[19:05:15.246][D][ldc1314:436]: TRACE,857093,932,936,975
[19:05:15.262][D][ldc1314:436]: TRACE,857114,932,936,975
[19:05:15.276][D][ldc1314:436]: TRACE,857129,932,936,975
[19:05:15.293][D][ldc1314:436]: TRACE,857146,932,936,975
[19:05:15.307][D][ldc1314:436]: TRACE,857160,932,936,975
[19:05:15.330][D][ldc1314:436]: TRACE,857175,932,936,975
[19:05:15.337][D][ldc1314:436]: TRACE,857188,932,936,975
[19:05:15.349][D][ldc1314:436]: TRACE,857198,932,936,975
[19:05:15.376][D][ldc1314:436]: TRACE,857223,932,936,975
[19:05:15.391][D][ldc1314:436]: TRACE,857244,932,936,975
[19:05:15.405][D][ldc1314:436]: TRACE,857258,932,936,975
[19:05:15.422][D][ldc1314:436]: TRACE,857274,932,936,975
[19:05:15.436][D][ldc1314:436]: TRACE,857289,932,936,975
[19:05:15.450][D][ldc1314:436]: TRACE,857304,932,936,975
[19:05:15.467][D][ldc1314:436]: TRACE,857319,932,936,975
[19:05:15.486][D][ldc1314:436]: TRACE,857338,932,936,975
[19:05:15.499][D][ldc1314:436]: TRACE,857353,932,936,975
[19:05:15.514][D][ldc1314:436]: TRACE,857368,932,936,975
[19:05:15.535][D][ldc1314:436]: TRACE,857382,932,936,975
[19:05:15.546][D][ldc1314:436]: TRACE,857398,932,936,975
[19:05:15.641][D][ldc1314:436]: TRACE,857413,932,936,975
[19:05:15.641][D][ldc1314:436]: TRACE,857426,932,936,975
[19:05:15.641][D][ldc1314:436]: TRACE,857435,932,936,975
[19:05:15.642][D][ldc1314:436]: TRACE,857447,932,936,975
[19:05:15.642][D][ldc1314:436]: TRACE,857457,932,936,975
[19:05:15.642][D][ldc1314:436]: TRACE,857468,932,936,975
[19:05:15.642][D][ldc1314:436]: TRACE,857478,932,936,975
[19:05:15.649][D][ldc1314:436]: TRACE,857488,932,936,975
[19:05:15.649][D][ldc1314:436]: TRACE,857498,932,936,975
[19:05:15.656][D][ldc1314:436]: TRACE,857509,932,936,975
[19:05:15.671][D][ldc1314:436]: TRACE,857524,932,936,975
[19:05:15.686][D][ldc1314:436]: TRACE,857538,932,936,975
[19:05:15.700][D][ldc1314:436]: TRACE,857553,932,936,975
[19:05:15.719][D][ldc1314:436]: TRACE,857571,932,936,975
[19:05:15.739][D][ldc1314:436]: TRACE,857586,932,936,975
[19:05:15.746][D][ldc1314:436]: TRACE,857601,932,936,975
[19:05:15.761][D][ldc1314:436]: TRACE,857614,932,936,975
[19:05:15.776][D][ldc1314:436]: TRACE,857628,932,936,975
[19:05:15.790][D][ldc1314:436]: TRACE,857643,932,936,975
[19:05:15.805][D][ldc1314:436]: TRACE,857658,932,936,975
[19:05:15.819][D][ldc1314:436]: TRACE,857672,932,936,975
[19:05:15.842][D][ldc1314:436]: TRACE,857692,932,936,975
[19:05:15.853][D][ldc1314:436]: TRACE,857706,932,936,975
[19:05:15.871][D][ldc1314:436]: TRACE,857718,932,936,975
[19:05:15.875][D][ldc1314:436]: TRACE,857732,932,936,975
[19:05:15.890][D][ldc1314:436]: TRACE,857743,932,936,975
[19:05:15.904][D][ldc1314:436]: TRACE,857758,932,936,975
[19:05:15.920][D][ldc1314:436]: TRACE,857772,932,936,975
[19:05:15.944][D][ldc1314:436]: TRACE,857789,932,936,975
[19:05:15.947][D][ldc1314:436]: TRACE,857803,932,936,975
[19:05:15.963][D][ldc1314:436]: TRACE,857815,932,936,975
[19:05:15.978][D][ldc1314:436]: TRACE,857830,932,936,975
[19:05:15.992][D][ldc1314:436]: TRACE,857845,932,936,975
[19:05:16.005][D][ldc1314:436]: TRACE,857857,932,936,975
[19:05:16.026][D][ldc1314:436]: TRACE,857872,932,936,975
[19:05:16.046][D][ldc1314:436]: TRACE,857889,932,936,975
[19:05:16.060][D][ldc1314:436]: TRACE,857903,932,936,975
[19:05:16.061][D][ldc1314:436]: TRACE,857913,932,936,975
[19:05:16.073][D][ldc1314:436]: TRACE,857927,932,936,975
[19:05:16.167][D][ldc1314:436]: TRACE,857944,932,936,975
[19:05:16.167][D][ldc1314:436]: TRACE,857954,932,936,975
[19:05:16.167][D][ldc1314:436]: TRACE,857964,932,936,975
[19:05:16.167][D][ldc1314:436]: TRACE,857974,932,936,975
[19:05:16.168][D][ldc1314:436]: TRACE,857985,932,936,975
[19:05:16.168][D][ldc1314:436]: TRACE,857995,932,936,975
[19:05:16.168][D][ldc1314:436]: TRACE,858005,932,936,975
[19:05:16.168][D][ldc1314:436]: TRACE,858015,932,936,975
[19:05:16.173][D][ldc1314:436]: TRACE,858026,932,936,975
[19:05:16.186][D][ldc1314:436]: TRACE,858037,932,936,975
[19:05:16.207][D][ldc1314:436]: TRACE,858059,932,936,975
[19:05:16.222][D][ldc1314:436]: TRACE,858075,932,936,975
[19:05:16.236][D][ldc1314:436]: TRACE,858089,932,936,975
[19:05:16.251][D][ldc1314:436]: TRACE,858104,932,936,976
[19:05:16.263][D][ldc1314:436]: TRACE,858117,932,936,976
[19:05:16.280][D][ldc1314:436]: TRACE,858132,932,936,976
[19:05:16.294][D][ldc1314:436]: TRACE,858147,932,936,976
[19:05:16.317][D][ldc1314:436]: TRACE,858167,932,936,976
[19:05:16.327][D][ldc1314:436]: TRACE,858182,932,936,976
[19:05:16.356][D][ldc1314:436]: TRACE,858196,932,936,976
[19:05:16.356][D][ldc1314:436]: TRACE,858210,932,936,976
[19:05:16.369][D][ldc1314:436]: TRACE,858220,932,936,976
[19:05:16.387][D][ldc1314:436]: TRACE,858232,932,936,976
[19:05:16.391][D][ldc1314:436]: TRACE,858247,932,936,976
[19:05:16.409][D][ldc1314:436]: TRACE,858260,932,936,976
[19:05:16.426][D][ldc1314:436]: TRACE,858274,932,936,976
[19:05:16.458][D][ldc1314:436]: TRACE,858287,932,936,976
[19:05:16.459][D][ldc1314:436]: TRACE,858298,932,936,976
[19:05:16.459][D][ldc1314:436]: TRACE,858308,932,936,976
[19:05:16.479][D][ldc1314:436]: TRACE,858322,932,936,976
[19:05:16.494][D][ldc1314:436]: TRACE,858332,932,936,976
[19:05:16.494][D][ldc1314:436]: TRACE,858345,932,936,976
[19:05:16.499][D][ldc1314:436]: TRACE,858354,932,936,976
[19:05:16.515][D][ldc1314:436]: TRACE,858367,932,936,976
[19:05:16.539][D][ldc1314:436]: TRACE,858380,932,936,976
[19:05:16.546][D][ldc1314:436]: TRACE,858393,932,936,976
[19:05:16.567][D][ldc1314:436]: TRACE,858405,932,936,976
[19:05:16.567][D][ldc1314:436]: TRACE,858417,932,936,976
[19:05:16.573][D][ldc1314:436]: TRACE,858429,932,936,976
[19:05:16.589][D][ldc1314:436]: TRACE,858441,932,936,976
[19:05:16.597][D][ldc1314:436]: TRACE,858454,932,936,976
[19:05:16.690][D][ldc1314:436]: TRACE,858466,932,936,976
[19:05:16.690][D][ldc1314:436]: TRACE,858475,932,936,976
[19:05:16.690][D][ldc1314:436]: TRACE,858485,932,936,976
[19:05:16.690][D][ldc1314:436]: TRACE,858496,932,936,976
[19:05:16.691][D][ldc1314:436]: TRACE,858507,932,936,976
[19:05:16.691][D][ldc1314:436]: TRACE,858517,932,936,976
[19:05:16.691][D][ldc1314:436]: TRACE,858527,932,936,976
[19:05:16.691][D][ldc1314:436]: TRACE,858537,932,936,976
[19:05:16.697][D][ldc1314:436]: TRACE,858548,932,936,976
[19:05:16.705][D][ldc1314:436]: TRACE,858558,932,936,976
[19:05:16.721][D][ldc1314:436]: TRACE,858573,932,936,976
[19:05:16.737][D][ldc1314:436]: TRACE,858588,932,936,976
[19:05:16.763][D][ldc1314:436]: TRACE,858605,932,936,976
[19:05:16.768][D][ldc1314:436]: TRACE,858620,932,936,976
[19:05:16.783][D][ldc1314:436]: TRACE,858636,932,936,976
[19:05:16.800][D][ldc1314:436]: TRACE,858650,932,936,976
[19:05:16.814][D][ldc1314:436]: TRACE,858667,932,936,976
[19:05:16.832][D][ldc1314:436]: TRACE,858682,932,936,976
[19:05:16.844][D][ldc1314:436]: TRACE,858696,932,936,976
[19:05:16.865][D][ldc1314:436]: TRACE,858711,932,936,976
[19:05:16.872][D][ldc1314:436]: TRACE,858726,932,936,976
[19:05:16.886][D][ldc1314:436]: TRACE,858741,932,936,976
[19:05:16.906][D][ldc1314:436]: TRACE,858760,932,936,976
[19:05:16.920][D][ldc1314:436]: TRACE,858772,932,936,976
[19:05:16.934][D][ldc1314:436]: TRACE,858787,932,936,976
[19:05:16.947][D][ldc1314:436]: TRACE,858800,932,936,976
[19:05:16.973][D][ldc1314:436]: TRACE,858813,932,936,976
[19:05:16.990][D][ldc1314:436]: TRACE,858826,932,936,976
[19:05:16.990][D][ldc1314:436]: TRACE,858836,932,936,976
[19:05:16.991][D][ldc1314:436]: TRACE,858846,932,936,976
[19:05:17.016][D][ldc1314:436]: TRACE,858859,932,936,976
[19:05:17.018][D][ldc1314:436]: TRACE,858870,932,936,976
[19:05:17.032][D][ldc1314:436]: TRACE,858883,932,936,976
[19:05:17.044][D][ldc1314:436]: TRACE,858898,932,936,976
[19:05:17.059][D][ldc1314:436]: TRACE,858911,932,936,976
[19:05:17.069][D][ldc1314:436]: TRACE,858923,932,936,976
[19:05:17.084][D][ldc1314:436]: TRACE,858936,932,936,976
[19:05:17.098][D][ldc1314:436]: TRACE,858951,932,936,976
[19:05:17.112][D][ldc1314:436]: TRACE,858966,932,936,976
[19:05:17.213][D][ldc1314:436]: TRACE,858980,932,936,976
[19:05:17.214][D][ldc1314:436]: TRACE,858998,932,936,976
[19:05:17.214][D][ldc1314:436]: TRACE,859008,932,936,976
[19:05:17.214][D][ldc1314:436]: TRACE,859018,932,936,976
[19:05:17.214][D][ldc1314:436]: TRACE,859028,932,936,976
[19:05:17.214][D][ldc1314:436]: TRACE,859039,932,936,976
[19:05:17.214][D][ldc1314:436]: TRACE,859049,932,936,976
[19:05:17.214][D][ldc1314:436]: TRACE,859059,932,936,976
[19:05:17.214][D][ldc1314:436]: TRACE,859069,932,936,976
[19:05:17.229][D][ldc1314:436]: TRACE,859082,932,936,976
[19:05:17.244][D][ldc1314:436]: TRACE,859096,932,936,976
[19:05:17.258][D][ldc1314:436]: TRACE,859111,932,936,976
[19:05:17.277][D][ldc1314:436]: TRACE,859127,932,936,976
[19:05:17.288][D][ldc1314:436]: TRACE,859141,932,936,976
[19:05:17.303][D][ldc1314:436]: TRACE,859157,932,936,976
[19:05:17.321][D][ldc1314:436]: TRACE,859172,932,936,976
[19:05:17.330][D][ldc1314:436]: TRACE,859185,932,936,976
[19:05:17.342][D][ldc1314:436]: TRACE,859197,932,936,976
[19:05:17.357][D][ldc1314:436]: TRACE,859211,932,936,976
[19:05:17.377][D][ldc1314:436]: TRACE,859224,932,936,976
[19:05:17.395][D][ldc1314:436]: TRACE,859240,932,936,976
[19:05:17.412][D][ldc1314:436]: TRACE,859264,932,935,976
[19:05:17.426][D][ldc1314:436]: TRACE,859279,932,936,976
[19:05:17.441][D][ldc1314:436]: TRACE,859293,932,935,976
[19:05:17.454][D][ldc1314:436]: TRACE,859308,932,935,976
[19:05:17.480][D][ldc1314:436]: TRACE,859322,932,935,976
[19:05:17.481][D][ldc1314:436]: TRACE,859337,932,935,976
[19:05:17.501][D][ldc1314:436]: TRACE,859352,932,935,976
[19:05:17.512][D][ldc1314:436]: TRACE,859368,932,935,976
[19:05:17.527][D][ldc1314:436]: TRACE,859380,932,935,976
[19:05:17.544][D][ldc1314:436]: TRACE,859395,932,935,976
[19:05:17.558][D][ldc1314:436]: TRACE,859412,932,935,976
[19:05:17.582][D][ldc1314:436]: TRACE,859428,932,935,976
[19:05:17.594][D][ldc1314:436]: TRACE,859441,932,935,976
[19:05:17.596][D][ldc1314:436]: TRACE,859452,932,935,976
[19:05:17.614][D][ldc1314:436]: TRACE,859466,932,935,976
[19:05:17.628][D][ldc1314:436]: TRACE,859482,932,935,976
[19:05:17.642][D][ldc1314:436]: TRACE,859496,932,935,976
[19:05:17.739][D][ldc1314:436]: TRACE,859511,932,935,976
[19:05:17.744][D][ldc1314:436]: TRACE,859524,932,935,976
[19:05:17.744][D][ldc1314:436]: TRACE,859535,932,935,976
[19:05:17.744][D][ldc1314:436]: TRACE,859545,932,935,976
[19:05:17.744][D][ldc1314:436]: TRACE,859555,932,935,976
[19:05:17.744][D][ldc1314:436]: TRACE,859565,932,935,976
[19:05:17.754][D][ldc1314:436]: TRACE,859576,932,935,976
[19:05:17.754][D][ldc1314:436]: TRACE,859586,932,935,976
[19:05:17.754][D][ldc1314:436]: TRACE,859596,932,935,976
[19:05:17.754][D][ldc1314:436]: TRACE,859607,932,935,976
[19:05:17.769][D][ldc1314:436]: TRACE,859619,932,935,976
[19:05:17.791][D][ldc1314:436]: TRACE,859632,932,935,976
[19:05:17.800][D][ldc1314:436]: TRACE,859644,932,935,976
[19:05:17.801][D][ldc1314:436]: TRACE,859653,932,935,976
[19:05:17.813][D][ldc1314:436]: TRACE,859667,932,935,976
[19:05:17.826][D][ldc1314:436]: TRACE,859680,932,935,976
[19:05:17.848][D][ldc1314:436]: TRACE,859695,932,935,976
[19:05:17.862][D][ldc1314:436]: TRACE,859705,932,935,976
[19:05:17.878][D][ldc1314:436]: TRACE,859718,932,935,976
[19:05:17.890][D][ldc1314:436]: TRACE,859730,932,935,976
[19:05:17.900][D][ldc1314:436]: TRACE,859746,932,935,976
[19:05:17.908][D][ldc1314:436]: TRACE,859756,932,935,976
[19:05:17.922][D][ldc1314:436]: TRACE,859770,932,935,976
[19:05:17.935][D][ldc1314:436]: TRACE,859786,932,935,976
[19:05:17.948][D][ldc1314:436]: TRACE,859801,932,935,976
[19:05:17.973][D][ldc1314:436]: TRACE,859818,932,935,976
[19:05:18.000][D][ldc1314:436]: TRACE,859833,932,935,976
[19:05:18.002][D][ldc1314:436]: TRACE,859843,932,935,976
[19:05:18.002][D][ldc1314:436]: TRACE,859857,932,935,976
[19:05:18.019][D][ldc1314:436]: TRACE,859868,932,935,976
[19:05:18.034][D][ldc1314:436]: TRACE,859880,932,935,976
[19:05:18.041][D][ldc1314:436]: TRACE,859892,932,935,976
[19:05:18.051][D][ldc1314:436]: TRACE,859905,932,935,976
[19:05:18.072][D][ldc1314:436]: TRACE,859922,932,935,976
[19:05:18.094][D][ldc1314:436]: TRACE,859935,932,935,976
[19:05:18.102][D][ldc1314:436]: TRACE,859946,932,935,976
[19:05:18.109][D][ldc1314:436]: TRACE,859959,932,935,976
[19:05:18.118][D][ldc1314:436]: TRACE,859972,932,935,976
[19:05:18.134][D][ldc1314:436]: TRACE,859987,932,935,976
[19:05:18.147][D][ldc1314:436]: TRACE,860001,932,935,976
[19:05:18.161][D][ldc1314:436]: TRACE,860016,932,935,976
[19:05:18.262][D][ldc1314:436]: TRACE,860034,932,935,976
[19:05:18.262][D][ldc1314:436]: TRACE,860047,932,935,976
[19:05:18.262][D][ldc1314:436]: TRACE,860056,932,935,976
[19:05:18.262][D][ldc1314:436]: TRACE,860066,932,935,976
[19:05:18.262][D][ldc1314:436]: TRACE,860076,932,935,976
[19:05:18.262][D][ldc1314:436]: TRACE,860086,932,935,976
[19:05:18.262][D][ldc1314:436]: TRACE,860096,932,935,976
[19:05:18.263][D][ldc1314:436]: TRACE,860106,932,935,976
[19:05:18.268][D][ldc1314:436]: TRACE,860116,932,935,976
[19:05:18.280][D][ldc1314:436]: TRACE,860126,932,935,976
[19:05:18.298][D][ldc1314:436]: TRACE,860146,932,935,976
[19:05:18.306][D][ldc1314:436]: TRACE,860159,932,935,976
[19:05:18.323][D][ldc1314:436]: TRACE,860174,932,935,976
[19:05:18.336][D][ldc1314:436]: TRACE,860189,932,935,976
[19:05:18.352][D][ldc1314:436]: TRACE,860205,932,935,976
[19:05:18.366][D][ldc1314:436]: TRACE,860221,932,935,976
[19:05:18.381][D][ldc1314:436]: TRACE,860235,932,935,976
[19:05:18.403][D][ldc1314:436]: TRACE,860249,932,935,976
[19:05:18.414][D][ldc1314:436]: TRACE,860271,932,935,976
[19:05:18.432][D][ldc1314:436]: TRACE,860282,932,935,976
[19:05:18.444][D][ldc1314:436]: TRACE,860298,932,935,976
[19:05:18.463][D][ldc1314:436]: TRACE,860313,932,935,976
[19:05:18.474][D][ldc1314:436]: TRACE,860327,932,935,976
[19:05:18.490][D][ldc1314:436]: TRACE,860342,932,935,976
[19:05:18.509][D][ldc1314:436]: TRACE,860358,932,935,976
[19:05:18.519][D][ldc1314:436]: TRACE,860369,932,935,976
[19:05:18.539][D][ldc1314:436]: TRACE,860392,932,935,976
[19:05:18.553][D][ldc1314:436]: TRACE,860407,932,935,976
[19:05:18.569][D][ldc1314:436]: TRACE,860421,932,935,976
[19:05:18.583][D][ldc1314:436]: TRACE,860438,932,935,976
[19:05:18.604][D][ldc1314:436]: TRACE,860451,932,935,976
[19:05:18.612][D][ldc1314:436]: TRACE,860466,932,935,976
[19:05:18.628][D][ldc1314:436]: TRACE,860481,932,935,976
[19:05:18.667][D][ldc1314:436]: TRACE,860523,932,935,976
[19:05:18.682][D][ldc1314:436]: TRACE,860535,932,935,976
[19:05:18.695][D][ldc1314:436]: TRACE,860549,932,935,976
[19:05:18.789][D][ldc1314:436]: TRACE,860562,932,935,976
[19:05:18.789][D][ldc1314:436]: TRACE,860572,932,935,976
[19:05:18.789][D][ldc1314:436]: TRACE,860584,932,935,976
[19:05:18.789][D][ldc1314:436]: TRACE,860594,932,935,976
[19:05:18.789][D][ldc1314:436]: TRACE,860604,932,935,976
[19:05:18.790][D][ldc1314:436]: TRACE,860614,932,935,976
[19:05:18.790][D][ldc1314:436]: TRACE,860624,932,935,976
[19:05:18.798][D][ldc1314:436]: TRACE,860634,932,935,976
[19:05:18.798][D][ldc1314:436]: TRACE,860644,932,935,976
[19:05:18.812][D][ldc1314:436]: TRACE,860655,932,935,976
[19:05:18.813][D][ldc1314:436]: TRACE,860668,932,935,976
[19:05:18.828][D][ldc1314:436]: TRACE,860681,932,935,976
[19:05:18.843][D][ldc1314:436]: TRACE,860695,932,935,976
[19:05:18.859][D][ldc1314:436]: TRACE,860712,932,935,976
[19:05:18.874][D][ldc1314:436]: TRACE,860727,932,935,976
[19:05:18.895][D][ldc1314:436]: TRACE,860747,932,935,976
[19:05:18.912][D][ldc1314:436]: TRACE,860762,932,935,976
[19:05:18.924][D][ldc1314:436]: TRACE,860777,932,935,976
[19:05:18.940][D][ldc1314:436]: TRACE,860791,932,935,976
[19:05:18.953][D][ldc1314:436]: TRACE,860808,932,935,976
[19:05:18.969][D][ldc1314:436]: TRACE,860822,932,935,976
[19:05:18.983][D][ldc1314:436]: TRACE,860836,932,935,976
[19:05:19.000][D][ldc1314:436]: TRACE,860851,932,935,976
[19:05:19.023][D][ldc1314:436]: TRACE,860870,932,935,976
[19:05:19.034][D][ldc1314:436]: TRACE,860881,932,935,976
[19:05:19.045][D][ldc1314:436]: TRACE,860900,932,935,976
[19:05:19.060][D][ldc1314:436]: TRACE,860912,932,935,976
[19:05:19.076][D][ldc1314:436]: TRACE,860929,932,935,976
[19:05:19.095][D][ldc1314:436]: TRACE,860943,932,935,976
[19:05:19.117][D][ldc1314:436]: TRACE,860960,932,935,976
[19:05:19.120][D][ldc1314:436]: TRACE,860976,932,935,976
[19:05:19.140][D][ldc1314:436]: TRACE,860993,932,935,976
[19:05:19.155][D][ldc1314:436]: TRACE,861007,932,935,976
[19:05:19.171][D][ldc1314:436]: TRACE,861022,932,935,976
[19:05:19.186][D][ldc1314:436]: TRACE,861039,932,935,976
[19:05:19.203][D][ldc1314:436]: TRACE,861056,932,935,976
[19:05:19.220][D][ldc1314:436]: TRACE,861070,932,935,976
[19:05:19.312][D][ldc1314:436]: TRACE,861084,932,935,976
[19:05:19.312][D][ldc1314:436]: TRACE,861096,932,935,976
[19:05:19.313][D][ldc1314:436]: TRACE,861107,932,935,976
[19:05:19.313][D][ldc1314:436]: TRACE,861118,932,935,976
[19:05:19.313][D][ldc1314:436]: TRACE,861128,932,935,976
[19:05:19.313][D][ldc1314:436]: TRACE,861138,932,935,976
[19:05:19.326][D][ldc1314:436]: TRACE,861148,932,935,976
[19:05:19.327][D][ldc1314:436]: TRACE,861159,932,935,976
[19:05:19.327][D][ldc1314:436]: TRACE,861170,932,935,976
[19:05:19.327][D][ldc1314:436]: TRACE,861180,932,935,976
[19:05:19.342][D][ldc1314:436]: TRACE,861194,932,935,976
[19:05:19.354][D][ldc1314:436]: TRACE,861209,932,935,976
[19:05:19.373][D][ldc1314:436]: TRACE,861228,932,935,976
[19:05:19.390][D][ldc1314:436]: TRACE,861241,932,935,976
[19:05:19.406][D][ldc1314:436]: TRACE,861258,932,935,976
[19:05:19.428][D][ldc1314:436]: TRACE,861276,932,935,976
[19:05:19.435][D][ldc1314:436]: TRACE,861286,932,935,976
[19:05:19.447][D][ldc1314:436]: TRACE,861299,932,935,976
[19:05:19.464][D][ldc1314:436]: TRACE,861317,932,935,976
[19:05:19.478][D][ldc1314:436]: TRACE,861331,932,935,976
[19:05:19.497][D][ldc1314:436]: TRACE,861351,932,935,976
[19:05:19.511][D][ldc1314:436]: TRACE,861366,932,935,976
[19:05:19.529][D][ldc1314:436]: TRACE,861379,932,935,976
[19:05:19.539][D][ldc1314:436]: TRACE,861391,932,935,976
[19:05:19.554][D][ldc1314:436]: TRACE,861406,932,935,976
[19:05:19.572][D][ldc1314:436]: TRACE,861421,932,935,976
[19:05:19.583][D][ldc1314:436]: TRACE,861436,932,935,976
[19:05:19.599][D][ldc1314:436]: TRACE,861451,932,935,976
[19:05:19.629][D][ldc1314:436]: TRACE,861470,932,935,976
[19:05:19.635][D][ldc1314:436]: TRACE,861486,932,935,976
[19:05:19.646][D][ldc1314:436]: TRACE,861498,932,935,976
[19:05:19.664][D][ldc1314:436]: TRACE,861516,932,935,976
[19:05:19.680][D][ldc1314:436]: TRACE,861531,932,935,976
[19:05:19.698][D][ldc1314:436]: TRACE,861548,932,935,976
[19:05:19.712][D][ldc1314:436]: TRACE,861565,932,935,976
[19:05:19.732][D][ldc1314:436]: TRACE,861580,932,935,976
[19:05:19.744][D][ldc1314:436]: TRACE,861595,932,935,976
[19:05:19.836][D][ldc1314:436]: TRACE,861613,932,935,976
[19:05:19.836][D][ldc1314:436]: TRACE,861623,932,935,976
[19:05:19.836][D][ldc1314:436]: TRACE,861633,932,935,976
[19:05:19.836][D][ldc1314:436]: TRACE,861643,932,935,976
[19:05:19.836][D][ldc1314:436]: TRACE,861654,932,935,976
[19:05:19.836][D][ldc1314:436]: TRACE,861664,932,935,976
[19:05:19.836][D][ldc1314:436]: TRACE,861674,932,935,976
[19:05:19.843][D][ldc1314:436]: TRACE,861684,932,935,976
[19:05:19.843][D][ldc1314:436]: TRACE,861694,932,935,976
[19:05:19.853][D][ldc1314:436]: TRACE,861705,932,935,976
[19:05:19.871][D][ldc1314:436]: TRACE,861723,932,935,976
[19:05:19.885][D][ldc1314:436]: TRACE,861738,932,935,976
[19:05:19.900][D][ldc1314:436]: TRACE,861753,932,935,976
[19:05:19.917][D][ldc1314:436]: TRACE,861769,932,935,976
[19:05:19.937][D][ldc1314:436]: TRACE,861784,932,935,976
[19:05:19.944][D][ldc1314:436]: TRACE,861797,932,935,976
[19:05:19.960][D][ldc1314:436]: TRACE,861812,932,935,976
[19:05:19.974][D][ldc1314:436]: TRACE,861827,932,935,976
[19:05:19.995][D][ldc1314:436]: TRACE,861844,932,935,976
[19:05:20.009][D][ldc1314:436]: TRACE,861861,932,935,976
[19:05:20.023][D][ldc1314:436]: TRACE,861876,932,935,976
[19:05:20.039][D][ldc1314:436]: TRACE,861891,932,935,976
[19:05:20.051][D][ldc1314:436]: TRACE,861903,932,935,976
[19:05:20.066][D][ldc1314:436]: TRACE,861920,932,935,976
[19:05:20.083][D][ldc1314:436]: TRACE,861933,932,935,976
[19:05:20.101][D][ldc1314:436]: TRACE,861953,932,935,976
[19:05:20.118][D][ldc1314:436]: TRACE,861969,932,935,976
[19:05:20.141][D][ldc1314:436]: TRACE,861985,932,935,976
[19:05:20.147][D][ldc1314:436]: TRACE,862000,932,935,976
[19:05:20.159][D][ldc1314:436]: TRACE,862011,932,935,976
[19:05:20.175][D][ldc1314:436]: TRACE,862026,932,935,976
[19:05:20.188][D][ldc1314:436]: TRACE,862041,932,935,976
[19:05:20.206][D][ldc1314:436]: TRACE,862058,932,935,976
[19:05:20.221][D][ldc1314:436]: TRACE,862074,932,935,976
[19:05:20.242][D][ldc1314:436]: TRACE,862088,932,935,976
[19:05:20.253][D][ldc1314:436]: TRACE,862105,932,935,976
[19:05:20.268][D][ldc1314:436]: TRACE,862120,932,935,977
[19:05:20.359][D][ldc1314:436]: TRACE,862134,932,935,977
[19:05:20.359][D][ldc1314:436]: TRACE,862144,932,935,977
[19:05:20.359][D][ldc1314:436]: TRACE,862154,932,935,977
[19:05:20.360][D][ldc1314:436]: TRACE,862164,932,935,977
[19:05:20.360][D][ldc1314:436]: TRACE,862176,932,935,977
[19:05:20.360][D][ldc1314:436]: TRACE,862186,932,935,977
[19:05:20.360][D][ldc1314:436]: TRACE,862197,932,935,977
[19:05:20.360][D][ldc1314:436]: TRACE,862207,932,935,977
[19:05:20.367][D][ldc1314:436]: TRACE,862218,932,935,977
[19:05:20.376][D][ldc1314:436]: TRACE,862228,932,935,977
[19:05:20.391][D][ldc1314:436]: TRACE,862244,932,935,977
[19:05:20.413][D][ldc1314:436]: TRACE,862258,932,935,977
[19:05:20.430][D][ldc1314:436]: TRACE,862284,932,935,977
[19:05:20.447][D][ldc1314:436]: TRACE,862298,932,935,977
[19:05:20.457][D][ldc1314:436]: TRACE,862311,932,935,977
[19:05:20.470][D][ldc1314:436]: TRACE,862324,932,935,977
[19:05:20.485][D][ldc1314:436]: TRACE,862339,932,935,977
[19:05:20.498][D][ldc1314:436]: TRACE,862353,932,935,977
[19:05:20.513][D][ldc1314:436]: TRACE,862368,932,935,977
[19:05:20.528][D][ldc1314:436]: TRACE,862380,932,935,977
[19:05:20.552][D][ldc1314:436]: TRACE,862402,932,935,977
[19:05:20.560][D][ldc1314:436]: TRACE,862412,932,935,977
[19:05:20.577][D][ldc1314:436]: TRACE,862428,932,935,977
[19:05:20.587][D][ldc1314:436]: TRACE,862442,932,935,977
[19:05:20.605][D][ldc1314:436]: TRACE,862456,932,935,977
[19:05:20.624][D][ldc1314:436]: TRACE,862471,932,935,977
[19:05:20.638][D][ldc1314:436]: TRACE,862485,932,935,977
[19:05:20.644][D][ldc1314:436]: TRACE,862495,932,935,977
[19:05:20.660][D][ldc1314:436]: TRACE,862511,932,935,977
[19:05:20.674][D][ldc1314:436]: TRACE,862525,932,935,977
[19:05:20.690][D][ldc1314:436]: TRACE,862541,932,935,977
[19:05:20.704][D][ldc1314:436]: TRACE,862560,932,935,977
[19:05:20.721][D][ldc1314:436]: TRACE,862574,932,935,977
[19:05:20.737][D][ldc1314:436]: TRACE,862592,932,935,977
[19:05:20.754][D][ldc1314:436]: TRACE,862605,932,935,977
[19:05:20.770][D][ldc1314:436]: TRACE,862621,932,935,977
[19:05:20.787][D][ldc1314:436]: TRACE,862638,932,935,977
[19:05:20.889][D][ldc1314:436]: TRACE,862652,932,935,977
[19:05:20.890][D][ldc1314:436]: TRACE,862667,932,935,977
[19:05:20.890][D][ldc1314:436]: TRACE,862677,932,935,977
[19:05:20.890][D][ldc1314:436]: TRACE,862687,932,935,977
[19:05:20.890][D][ldc1314:436]: TRACE,862697,932,935,977
[19:05:20.890][D][ldc1314:436]: TRACE,862707,932,935,977
[19:05:20.890][D][ldc1314:436]: TRACE,862717,932,935,977
[19:05:20.895][D][ldc1314:436]: TRACE,862729,932,935,977
[19:05:20.895][D][ldc1314:436]: TRACE,862740,932,935,977
[19:05:20.895][D][ldc1314:436]: TRACE,862751,932,935,977
[19:05:20.910][D][ldc1314:436]: TRACE,862763,932,935,977
[19:05:20.927][D][ldc1314:436]: TRACE,862778,932,935,977
[19:05:20.942][D][ldc1314:436]: TRACE,862795,932,935,977
[19:05:20.959][D][ldc1314:436]: TRACE,862809,932,935,977
[19:05:20.970][D][ldc1314:436]: TRACE,862823,932,935,977
[19:05:20.986][D][ldc1314:436]: TRACE,862838,932,935,977
[19:05:21.003][D][ldc1314:436]: TRACE,862858,932,935,977
[19:05:21.019][D][ldc1314:436]: TRACE,862871,932,935,977
[19:05:21.034][D][ldc1314:436]: TRACE,862885,932,935,977
[19:05:21.050][D][ldc1314:436]: TRACE,862902,932,935,977
[19:05:21.063][D][ldc1314:436]: TRACE,862917,932,935,977
[19:05:21.077][D][ldc1314:436]: TRACE,862931,932,935,977
[19:05:21.093][D][ldc1314:436]: TRACE,862945,932,935,977
[19:05:21.107][D][ldc1314:436]: TRACE,862960,932,935,977
[19:05:21.128][D][ldc1314:436]: TRACE,862981,932,935,977
[19:05:21.143][D][ldc1314:436]: TRACE,862995,932,935,977
[19:05:21.163][D][ldc1314:436]: TRACE,863011,932,935,977
[19:05:21.174][D][ldc1314:436]: TRACE,863025,932,935,977
[19:05:21.191][D][ldc1314:436]: TRACE,863041,932,935,977
[19:05:21.203][D][ldc1314:436]: TRACE,863053,932,935,977
[19:05:21.215][D][ldc1314:436]: TRACE,863068,932,935,977
[19:05:21.228][D][ldc1314:436]: TRACE,863080,932,935,977
[19:05:21.253][D][ldc1314:436]: TRACE,863101,932,935,977
[19:05:21.270][D][ldc1314:436]: TRACE,863115,932,935,977
[19:05:21.279][D][ldc1314:436]: TRACE,863126,932,935,977
[19:05:21.291][D][ldc1314:436]: TRACE,863139,932,935,977
[19:05:21.303][D][ldc1314:436]: TRACE,863155,932,935,977
[19:05:21.318][D][ldc1314:436]: TRACE,863170,932,935,977
[19:05:21.407][D][ldc1314:436]: TRACE,863185,932,935,977
[19:05:21.407][D][ldc1314:436]: TRACE,863195,932,935,977
[19:05:21.410][D][ldc1314:436]: TRACE,863208,932,935,977
[19:05:21.410][D][ldc1314:436]: TRACE,863218,932,935,977
[19:05:21.410][D][ldc1314:436]: TRACE,863228,932,935,977
[19:05:21.410][D][ldc1314:436]: TRACE,863239,932,935,977
[19:05:21.416][D][ldc1314:436]: TRACE,863248,932,935,977
[19:05:21.416][D][ldc1314:436]: TRACE,863258,932,935,977
[19:05:21.416][D][ldc1314:436]: TRACE,863270,932,935,977
[19:05:21.430][D][ldc1314:436]: TRACE,863284,932,935,977
[19:05:21.445][D][ldc1314:436]: TRACE,863297,932,935,977
[19:05:21.471][D][ldc1314:436]: TRACE,863312,932,935,977
[19:05:21.476][D][ldc1314:436]: TRACE,863329,932,935,977
[19:05:21.488][D][ldc1314:436]: TRACE,863342,932,935,977
[19:05:21.517][D][ldc1314:436]: TRACE,863358,932,935,977
[19:05:21.529][D][ldc1314:436]: TRACE,863371,932,935,977
[19:05:21.535][D][ldc1314:436]: TRACE,863382,932,935,977
[19:05:21.543][D][ldc1314:436]: TRACE,863392,932,935,977
[19:05:21.553][D][ldc1314:436]: TRACE,863405,932,935,977
[19:05:21.575][D][ldc1314:436]: TRACE,863420,932,935,977
[19:05:21.583][D][ldc1314:436]: TRACE,863436,932,935,977
[19:05:21.597][D][ldc1314:436]: TRACE,863451,932,935,977
[19:05:21.614][D][ldc1314:436]: TRACE,863464,932,935,977
[19:05:21.626][D][ldc1314:436]: TRACE,863480,932,935,977
[19:05:21.641][D][ldc1314:436]: TRACE,863495,932,935,977
[19:05:21.655][D][ldc1314:436]: TRACE,863509,932,935,977
[19:05:21.679][D][ldc1314:436]: TRACE,863524,932,935,977
[19:05:21.688][D][ldc1314:436]: TRACE,863540,932,935,977
[19:05:21.697][D][ldc1314:436]: TRACE,863550,932,935,977
[19:05:21.712][D][ldc1314:436]: TRACE,863565,932,935,977
[19:05:21.724][D][ldc1314:436]: TRACE,863577,932,935,977
[19:05:21.741][D][ldc1314:436]: TRACE,863594,932,935,977
[19:05:21.756][D][ldc1314:436]: TRACE,863608,932,935,977
[19:05:21.780][D][ldc1314:436]: TRACE,863625,932,935,977
[19:05:21.785][D][ldc1314:436]: TRACE,863638,932,935,977
[19:05:21.806][D][ldc1314:436]: TRACE,863659,932,935,977
[19:05:21.823][D][ldc1314:436]: TRACE,863673,932,935,977
[19:05:21.839][D][ldc1314:436]: TRACE,863692,932,935,977
[19:05:21.938][D][ldc1314:436]: TRACE,863705,932,935,977
[19:05:21.938][D][ldc1314:436]: TRACE,863718,932,935,977
[19:05:21.938][D][ldc1314:436]: TRACE,863728,932,935,977
[19:05:21.938][D][ldc1314:436]: TRACE,863739,932,935,977
[19:05:21.938][D][ldc1314:436]: TRACE,863749,932,935,977
[19:05:21.939][D][ldc1314:436]: TRACE,863761,932,935,977
[19:05:21.939][D][ldc1314:436]: TRACE,863771,932,935,977
[19:05:21.939][D][ldc1314:436]: TRACE,863781,932,935,977
[19:05:21.939][D][ldc1314:436]: TRACE,863792,932,935,977
[19:05:21.948][D][ldc1314:436]: TRACE,863803,932,935,977
[19:05:21.963][D][ldc1314:436]: TRACE,863815,932,935,977
[19:05:21.985][D][ldc1314:436]: TRACE,863832,932,935,977
[19:05:21.991][D][ldc1314:436]: TRACE,863845,932,935,977
[19:05:22.007][D][ldc1314:436]: TRACE,863861,932,935,977
[19:05:22.023][D][ldc1314:436]: TRACE,863873,932,935,977
[19:05:22.041][D][ldc1314:436]: TRACE,863892,932,935,977
[19:05:22.057][D][ldc1314:436]: TRACE,863908,932,935,977
[19:05:22.074][D][ldc1314:436]: TRACE,863924,932,935,977
[19:05:22.084][D][ldc1314:436]: TRACE,863940,932,935,977
[19:05:22.101][D][ldc1314:436]: TRACE,863951,932,935,977
[19:05:22.115][D][ldc1314:436]: TRACE,863968,932,935,977
[19:05:22.130][D][ldc1314:436]: TRACE,863983,932,935,977
[19:05:22.149][D][ldc1314:436]: TRACE,864002,932,935,977
[19:05:22.162][D][ldc1314:436]: TRACE,864017,932,935,977
[19:05:22.186][D][ldc1314:436]: TRACE,864031,932,935,977
[19:05:22.190][D][ldc1314:436]: TRACE,864045,932,935,977
[19:05:22.202][D][ldc1314:436]: TRACE,864056,932,935,977
[19:05:22.216][D][ldc1314:436]: TRACE,864069,932,935,977
[19:05:22.231][D][ldc1314:436]: TRACE,864083,932,935,977
[19:05:22.247][D][ldc1314:436]: TRACE,864098,932,935,977
[19:05:22.263][D][ldc1314:436]: TRACE,864117,932,935,977
[19:05:22.281][D][ldc1314:436]: TRACE,864132,932,935,977
[19:05:22.292][D][ldc1314:436]: TRACE,864145,932,935,977
[19:05:22.303][D][ldc1314:436]: TRACE,864155,932,935,977
[19:05:22.318][D][ldc1314:436]: TRACE,864172,932,935,977
[19:05:22.333][D][ldc1314:436]: TRACE,864185,932,935,977
[19:05:22.348][D][ldc1314:436]: TRACE,864202,932,935,977
[19:05:22.362][D][ldc1314:436]: TRACE,864217,932,935,977
[19:05:22.463][D][ldc1314:436]: TRACE,864234,932,935,977
[19:05:22.463][D][ldc1314:436]: TRACE,864246,932,935,977
[19:05:22.464][D][ldc1314:436]: TRACE,864256,932,935,977
[19:05:22.464][D][ldc1314:436]: TRACE,864266,932,935,977
[19:05:22.464][D][ldc1314:436]: TRACE,864279,932,935,977
[19:05:22.464][D][ldc1314:436]: TRACE,864289,932,935,977
[19:05:22.464][D][ldc1314:436]: TRACE,864299,932,935,977
[19:05:22.470][D][ldc1314:436]: TRACE,864309,932,935,977
[19:05:22.471][D][ldc1314:436]: TRACE,864319,932,935,977
[19:05:22.478][D][ldc1314:436]: TRACE,864329,932,935,977
[19:05:22.496][D][ldc1314:436]: TRACE,864348,932,935,977
[19:05:22.509][D][ldc1314:436]: TRACE,864359,932,935,977
[19:05:22.520][D][ldc1314:436]: TRACE,864375,932,935,977
[19:05:22.534][D][ldc1314:436]: TRACE,864387,932,935,977
[19:05:22.552][D][ldc1314:436]: TRACE,864404,932,935,977
[19:05:22.566][D][ldc1314:436]: TRACE,864419,932,935,977
[19:05:22.580][D][ldc1314:436]: TRACE,864432,932,935,977
[19:05:22.599][D][ldc1314:436]: TRACE,864447,932,935,977
[19:05:22.615][D][ldc1314:436]: TRACE,864466,932,935,977
[19:05:22.626][D][ldc1314:436]: TRACE,864480,932,934,977
[19:05:22.641][D][ldc1314:436]: TRACE,864495,932,935,977
[19:05:22.658][D][ldc1314:436]: TRACE,864509,932,935,977
[19:05:22.671][D][ldc1314:436]: TRACE,864525,932,935,977
[19:05:22.687][D][ldc1314:436]: TRACE,864539,932,935,977
[19:05:22.701][D][ldc1314:436]: TRACE,864554,932,935,977
[19:05:22.712][D][ldc1314:436]: TRACE,864564,932,935,977
[19:05:22.733][D][ldc1314:436]: TRACE,864585,932,934,977
[19:05:22.748][D][ldc1314:436]: TRACE,864600,932,934,977
[19:05:22.763][D][ldc1314:436]: TRACE,864617,932,935,977
[19:05:22.777][D][ldc1314:436]: TRACE,864631,932,934,977
[19:05:22.800][D][ldc1314:436]: TRACE,864646,932,934,977
[19:05:22.807][D][ldc1314:436]: TRACE,864660,932,934,977
[19:05:22.822][D][ldc1314:436]: TRACE,864676,932,934,977
[19:05:22.837][D][ldc1314:436]: TRACE,864691,932,934,977
[19:05:22.859][D][ldc1314:436]: TRACE,864711,932,934,977
[19:05:22.872][D][ldc1314:436]: TRACE,864726,932,934,977
[19:05:22.887][D][ldc1314:436]: TRACE,864741,932,934,977
[19:05:22.981][D][ldc1314:436]: TRACE,864756,932,934,977
[19:05:22.981][D][ldc1314:436]: TRACE,864768,932,934,977
[19:05:22.981][D][ldc1314:436]: TRACE,864779,932,934,977
[19:05:22.981][D][ldc1314:436]: TRACE,864789,932,934,977
[19:05:22.981][D][ldc1314:436]: TRACE,864799,932,934,977
[19:05:22.981][D][ldc1314:436]: TRACE,864809,932,934,977
[19:05:22.981][D][ldc1314:436]: TRACE,864820,932,934,977
[19:05:22.990][D][ldc1314:436]: TRACE,864830,932,934,977
[19:05:22.990][D][ldc1314:436]: TRACE,864842,932,934,977
[19:05:23.009][D][ldc1314:436]: TRACE,864855,932,934,977
[19:05:23.011][D][ldc1314:436]: TRACE,864865,932,934,977
[19:05:23.034][D][ldc1314:436]: TRACE,864879,932,934,977
[19:05:23.042][D][ldc1314:436]: TRACE,864896,932,934,977
[19:05:23.055][D][ldc1314:436]: TRACE,864909,932,934,977
[19:05:23.070][D][ldc1314:436]: TRACE,864924,932,934,977
[19:05:23.085][D][ldc1314:436]: TRACE,864938,932,934,977
[19:05:23.108][D][ldc1314:436]: TRACE,864959,932,934,977
[19:05:23.118][D][ldc1314:436]: TRACE,864973,932,934,977
[19:05:23.133][D][ldc1314:436]: TRACE,864986,932,934,977
[19:05:23.148][D][ldc1314:436]: TRACE,865000,932,934,977
[19:05:23.160][D][ldc1314:436]: TRACE,865015,932,934,977
[19:05:23.175][D][ldc1314:436]: TRACE,865027,932,934,977
[19:05:23.189][D][ldc1314:436]: TRACE,865042,932,934,977
[19:05:23.214][D][ldc1314:436]: TRACE,865057,932,934,977
[19:05:23.222][D][ldc1314:436]: TRACE,865074,932,934,977
[19:05:23.238][D][ldc1314:436]: TRACE,865089,932,934,977
[19:05:23.252][D][ldc1314:436]: TRACE,865105,932,934,977
[19:05:23.268][D][ldc1314:436]: TRACE,865120,932,934,977
[19:05:23.284][D][ldc1314:436]: TRACE,865136,932,934,977
[19:05:23.298][D][ldc1314:436]: TRACE,865151,932,934,977
[19:05:23.319][D][ldc1314:436]: TRACE,865166,932,934,977
[19:05:23.326][D][ldc1314:436]: TRACE,865177,932,934,977
[19:05:23.346][D][ldc1314:436]: TRACE,865199,932,934,977
[19:05:23.362][D][ldc1314:436]: TRACE,865214,932,934,977
[19:05:23.377][D][ldc1314:436]: TRACE,865229,932,934,977
[19:05:23.393][D][ldc1314:436]: TRACE,865244,932,934,977
[19:05:23.506][D][ldc1314:436]: TRACE,865261,932,934,977
[19:05:23.506][D][ldc1314:436]: TRACE,865273,932,934,977
[19:05:23.506][D][ldc1314:436]: TRACE,865288,932,934,977
[19:05:23.506][D][ldc1314:436]: TRACE,865298,932,934,977
[19:05:23.507][D][ldc1314:436]: TRACE,865309,932,934,977
[19:05:23.507][D][ldc1314:436]: TRACE,865320,932,934,977
[19:05:23.507][D][ldc1314:436]: TRACE,865330,932,934,977
[19:05:23.507][D][ldc1314:436]: TRACE,865340,932,934,977
[19:05:23.520][D][ldc1314:436]: TRACE,865350,932,934,977
[19:05:23.520][D][ldc1314:436]: TRACE,865360,932,934,977
[19:05:23.520][D][ldc1314:436]: TRACE,865370,932,934,977
[19:05:23.527][D][ldc1314:436]: TRACE,865380,932,934,977
[19:05:23.544][D][ldc1314:436]: TRACE,865396,932,934,977
[19:05:23.558][D][ldc1314:436]: TRACE,865411,932,934,977
[19:05:23.576][D][ldc1314:436]: TRACE,865428,932,934,977
[19:05:23.592][D][ldc1314:436]: TRACE,865444,932,934,977
[19:05:23.608][D][ldc1314:436]: TRACE,865460,932,934,977
[19:05:23.620][D][ldc1314:436]: TRACE,865475,932,934,977
[19:05:23.634][D][ldc1314:436]: TRACE,865485,932,934,977
[19:05:23.650][D][ldc1314:436]: TRACE,865503,932,934,977
[19:05:23.664][D][ldc1314:436]: TRACE,865517,932,934,977
[19:05:23.685][D][ldc1314:436]: TRACE,865537,932,934,977
[19:05:23.700][D][ldc1314:436]: TRACE,865552,932,934,977
[19:05:23.722][D][ldc1314:436]: TRACE,865568,932,934,977
[19:05:23.727][D][ldc1314:436]: TRACE,865581,932,934,977
[19:05:23.742][D][ldc1314:436]: TRACE,865594,932,934,977
[19:05:23.756][D][ldc1314:436]: TRACE,865609,932,934,977
[19:05:23.771][D][ldc1314:436]: TRACE,865623,932,934,977
[19:05:23.798][D][ldc1314:436]: TRACE,865638,932,934,977
[19:05:23.805][D][ldc1314:436]: TRACE,865655,932,934,977
[19:05:23.824][D][ldc1314:436]: TRACE,865667,932,934,977
[19:05:23.830][D][ldc1314:436]: TRACE,865683,932,934,977
[19:05:23.844][D][ldc1314:436]: TRACE,865695,932,934,977
[19:05:23.857][D][ldc1314:436]: TRACE,865711,932,934,977
[19:05:23.872][D][ldc1314:436]: TRACE,865724,932,934,977
[19:05:23.888][D][ldc1314:436]: TRACE,865741,932,934,977
[19:05:23.909][D][ldc1314:436]: TRACE,865760,932,934,977
[19:05:23.927][D][ldc1314:436]: TRACE,865776,932,934,977
[19:05:23.936][D][ldc1314:436]: TRACE,865790,932,934,977
[19:05:24.029][D][ldc1314:436]: TRACE,865805,932,934,977
[19:05:24.029][D][ldc1314:436]: TRACE,865817,932,934,977
[19:05:24.029][D][ldc1314:436]: TRACE,865827,932,934,977
[19:05:24.029][D][ldc1314:436]: TRACE,865837,932,934,977
[19:05:24.029][D][ldc1314:436]: TRACE,865847,932,934,977
[19:05:24.029][D][ldc1314:436]: TRACE,865857,932,934,977
[19:05:24.037][D][ldc1314:436]: TRACE,865868,932,934,977
[19:05:24.037][D][ldc1314:436]: TRACE,865879,932,934,977
[19:05:24.037][D][ldc1314:436]: TRACE,865889,932,934,977
[19:05:24.049][D][ldc1314:436]: TRACE,865900,932,934,977
[19:05:24.065][D][ldc1314:436]: TRACE,865917,932,934,977
[19:05:24.081][D][ldc1314:436]: TRACE,865932,932,934,977
[19:05:24.096][D][ldc1314:436]: TRACE,865948,932,934,977
[19:05:24.111][D][ldc1314:436]: TRACE,865963,932,934,977
[19:05:24.135][D][ldc1314:436]: TRACE,865984,932,934,977
[19:05:24.145][D][ldc1314:436]: TRACE,865997,932,934,977
[19:05:24.164][D][ldc1314:436]: TRACE,866014,932,934,977
[19:05:24.175][D][ldc1314:436]: TRACE,866028,932,934,977
[19:05:24.190][D][ldc1314:436]: TRACE,866042,932,934,977
[19:05:24.205][D][ldc1314:436]: TRACE,866059,932,934,977
[19:05:24.222][D][ldc1314:436]: TRACE,866072,932,934,977
[19:05:24.250][D][ldc1314:436]: TRACE,866091,932,934,977
[19:05:24.250][D][ldc1314:436]: TRACE,866104,932,934,977
[19:05:24.262][D][ldc1314:436]: TRACE,866117,932,934,977
[19:05:24.277][D][ldc1314:436]: TRACE,866131,932,934,977
[19:05:24.292][D][ldc1314:436]: TRACE,866144,932,934,977
[19:05:24.308][D][ldc1314:436]: TRACE,866160,932,934,977
[19:05:24.323][D][ldc1314:436]: TRACE,866175,932,934,977
[19:05:24.340][D][ldc1314:436]: TRACE,866191,932,934,977
[19:05:24.350][D][ldc1314:436]: TRACE,866203,932,934,977
[19:05:24.370][D][ldc1314:436]: TRACE,866221,932,934,977
[19:05:24.384][D][ldc1314:436]: TRACE,866237,932,934,977
[19:05:24.399][D][ldc1314:436]: TRACE,866252,932,934,977
[19:05:24.413][D][ldc1314:436]: TRACE,866267,932,934,977
[19:05:24.439][D][ldc1314:436]: TRACE,866281,932,934,977
[19:05:24.448][D][ldc1314:436]: TRACE,866302,932,934,977
[19:05:24.462][D][ldc1314:436]: TRACE,866317,932,934,977
[19:05:24.553][D][ldc1314:436]: TRACE,866335,932,934,977
[19:05:24.553][D][ldc1314:436]: TRACE,866345,932,934,977
[19:05:24.553][D][ldc1314:436]: TRACE,866355,932,934,977
[19:05:24.553][D][ldc1314:436]: TRACE,866365,932,934,977
[19:05:24.553][D][ldc1314:436]: TRACE,866375,932,934,977
[19:05:24.553][D][ldc1314:436]: TRACE,866385,932,934,977
[19:05:24.553][D][ldc1314:436]: TRACE,866395,932,934,977
[19:05:24.553][D][ldc1314:436]: TRACE,866405,932,934,977
[19:05:24.563][D][ldc1314:436]: TRACE,866416,932,934,977
[19:05:24.577][D][ldc1314:436]: TRACE,866430,932,934,977
[19:05:24.599][D][ldc1314:436]: TRACE,866450,932,934,977
[19:05:24.612][D][ldc1314:436]: TRACE,866465,932,934,977
[19:05:24.629][D][ldc1314:436]: TRACE,866480,932,934,977
[19:05:24.644][D][ldc1314:436]: TRACE,866497,932,934,977
[19:05:24.655][D][ldc1314:436]: TRACE,866507,932,934,978
[19:05:24.670][D][ldc1314:436]: TRACE,866524,932,934,977
[19:05:24.685][D][ldc1314:436]: TRACE,866538,932,934,978
[19:05:24.703][D][ldc1314:436]: TRACE,866557,932,934,978
[19:05:24.720][D][ldc1314:436]: TRACE,866571,932,934,977
[19:05:24.749][D][ldc1314:436]: TRACE,866588,932,934,977
[19:05:24.750][D][ldc1314:436]: TRACE,866602,932,934,978
[19:05:24.764][D][ldc1314:436]: TRACE,866617,932,934,978
[19:05:24.778][D][ldc1314:436]: TRACE,866632,932,934,978
[19:05:24.794][D][ldc1314:436]: TRACE,866646,932,934,977
[19:05:24.808][D][ldc1314:436]: TRACE,866661,932,934,978
[19:05:24.830][D][ldc1314:436]: TRACE,866682,932,934,978
[19:05:24.849][D][ldc1314:436]: TRACE,866696,932,934,978
[19:05:24.857][D][ldc1314:436]: TRACE,866710,932,934,978
[19:05:24.871][D][ldc1314:436]: TRACE,866724,932,934,978
[19:05:24.888][D][ldc1314:436]: TRACE,866739,932,934,978
[19:05:24.900][D][ldc1314:436]: TRACE,866755,932,934,978
[19:05:24.916][D][ldc1314:436]: TRACE,866770,932,934,978
[19:05:24.937][D][ldc1314:436]: TRACE,866791,932,934,978
[19:05:24.954][D][ldc1314:436]: TRACE,866805,932,934,978
[19:05:24.964][D][ldc1314:436]: TRACE,866817,932,934,978
[19:05:24.978][D][ldc1314:436]: TRACE,866831,932,934,978
[19:05:25.078][D][ldc1314:436]: TRACE,866848,932,934,978
[19:05:25.078][D][ldc1314:436]: TRACE,866860,932,934,978
[19:05:25.078][D][ldc1314:436]: TRACE,866870,932,934,978
[19:05:25.078][D][ldc1314:436]: TRACE,866880,932,934,978
[19:05:25.079][D][ldc1314:436]: TRACE,866892,932,934,978
[19:05:25.079][D][ldc1314:436]: TRACE,866902,932,934,978
[19:05:25.079][D][ldc1314:436]: TRACE,866912,932,934,978
[19:05:25.079][D][ldc1314:436]: TRACE,866922,932,934,978
[19:05:25.085][D][ldc1314:436]: TRACE,866932,932,934,978
[19:05:25.095][D][ldc1314:436]: TRACE,866942,932,934,978
[19:05:25.106][D][ldc1314:436]: TRACE,866956,932,934,978
[19:05:25.122][D][ldc1314:436]: TRACE,866972,932,934,978
[19:05:25.133][D][ldc1314:436]: TRACE,866988,932,934,978
[19:05:25.159][D][ldc1314:436]: TRACE,867007,932,934,978
[19:05:25.166][D][ldc1314:436]: TRACE,867019,932,934,978
[19:05:25.182][D][ldc1314:436]: TRACE,867034,932,934,978
[19:05:25.198][D][ldc1314:436]: TRACE,867050,932,934,978
[19:05:25.209][D][ldc1314:436]: TRACE,867065,932,934,978
[19:05:25.225][D][ldc1314:436]: TRACE,867077,932,934,978
[19:05:25.239][D][ldc1314:436]: TRACE,867091,932,934,978
[19:05:25.256][D][ldc1314:436]: TRACE,867106,932,934,978
[19:05:25.267][D][ldc1314:436]: TRACE,867120,932,934,978
[19:05:25.287][D][ldc1314:436]: TRACE,867138,932,934,978
[19:05:25.303][D][ldc1314:436]: TRACE,867155,932,934,978
[19:05:25.316][D][ldc1314:436]: TRACE,867170,932,934,978
[19:05:25.332][D][ldc1314:436]: TRACE,867185,932,934,978
[19:05:25.361][D][ldc1314:436]: TRACE,867200,932,934,978
[19:05:25.368][D][ldc1314:436]: TRACE,867217,932,934,978
[19:05:25.376][D][ldc1314:436]: TRACE,867228,932,934,978
[19:05:25.395][D][ldc1314:436]: TRACE,867248,932,934,978
[19:05:25.410][D][ldc1314:436]: TRACE,867262,932,934,978
[19:05:25.427][D][ldc1314:436]: TRACE,867279,932,934,978
[19:05:25.447][D][ldc1314:436]: TRACE,867294,932,934,978
[19:05:25.464][D][ldc1314:436]: TRACE,867315,932,934,978
[19:05:25.476][D][ldc1314:436]: TRACE,867326,932,934,978
[19:05:25.490][D][ldc1314:436]: TRACE,867342,932,934,978
[19:05:25.509][D][ldc1314:436]: TRACE,867362,932,934,978
[19:05:25.602][D][ldc1314:436]: TRACE,867377,932,934,978
[19:05:25.602][D][ldc1314:436]: TRACE,867390,932,934,978
[19:05:25.602][D][ldc1314:436]: TRACE,867400,932,934,978
[19:05:25.602][D][ldc1314:436]: TRACE,867410,932,934,978
[19:05:25.602][D][ldc1314:436]: TRACE,867420,932,934,978
[19:05:25.602][D][ldc1314:436]: TRACE,867430,932,934,978
[19:05:25.602][D][ldc1314:436]: TRACE,867440,932,934,978
[19:05:25.611][D][ldc1314:436]: TRACE,867450,932,934,978
[19:05:25.611][D][ldc1314:436]: TRACE,867460,932,934,978
[19:05:25.618][D][ldc1314:436]: TRACE,867470,932,934,978
[19:05:25.638][D][ldc1314:436]: TRACE,867490,932,934,978
[19:05:25.654][D][ldc1314:436]: TRACE,867505,932,934,978
[19:05:25.671][D][ldc1314:436]: TRACE,867523,932,934,978
[19:05:25.680][D][ldc1314:436]: TRACE,867532,932,934,978
[19:05:25.699][D][ldc1314:436]: TRACE,867547,932,934,978
[19:05:25.708][D][ldc1314:436]: TRACE,867561,932,934,978
[19:05:25.724][D][ldc1314:436]: TRACE,867576,932,934,978
[19:05:25.738][D][ldc1314:436]: TRACE,867591,932,934,978
[19:05:25.767][D][ldc1314:436]: TRACE,867612,932,934,978
[19:05:25.776][D][ldc1314:436]: TRACE,867626,932,934,978
[19:05:25.785][D][ldc1314:436]: TRACE,867639,932,934,978
[19:05:25.801][D][ldc1314:436]: TRACE,867653,932,934,978
[19:05:25.816][D][ldc1314:436]: TRACE,867670,932,934,978
[19:05:25.833][D][ldc1314:436]: TRACE,867685,932,934,978
[19:05:25.848][D][ldc1314:436]: TRACE,867700,932,934,978
[19:05:25.870][D][ldc1314:436]: TRACE,867714,932,934,978
[19:05:25.886][D][ldc1314:436]: TRACE,867735,932,934,978
[19:05:25.900][D][ldc1314:436]: TRACE,867752,932,934,978
[19:05:25.915][D][ldc1314:436]: TRACE,867767,932,934,978
[19:05:25.932][D][ldc1314:436]: TRACE,867784,932,934,978
[19:05:25.947][D][ldc1314:436]: TRACE,867800,932,934,978
[19:05:25.976][D][ldc1314:436]: TRACE,867816,932,934,978
[19:05:25.980][D][ldc1314:436]: TRACE,867831,932,934,978
[19:05:25.996][D][ldc1314:436]: TRACE,867847,932,934,978
[19:05:26.011][D][ldc1314:436]: TRACE,867863,932,934,978
[19:05:26.027][D][ldc1314:436]: TRACE,867880,932,934,978
[19:05:26.126][D][ldc1314:436]: TRACE,867895,932,934,978
[19:05:26.127][D][ldc1314:436]: TRACE,867910,932,934,978
[19:05:26.127][D][ldc1314:436]: TRACE,867920,932,934,978
[19:05:26.127][D][ldc1314:436]: TRACE,867931,932,934,978
[19:05:26.127][D][ldc1314:436]: TRACE,867941,932,934,978
[19:05:26.130][D][ldc1314:436]: TRACE,867954,932,934,978
[19:05:26.130][D][ldc1314:436]: TRACE,867964,932,934,978
[19:05:26.130][D][ldc1314:436]: TRACE,867975,932,934,978
[19:05:26.130][D][ldc1314:436]: TRACE,867985,932,934,978
[19:05:26.147][D][ldc1314:436]: TRACE,867997,932,934,978
[19:05:26.163][D][ldc1314:436]: TRACE,868015,932,934,978
[19:05:26.181][D][ldc1314:436]: TRACE,868031,932,934,978
[19:05:26.189][D][ldc1314:436]: TRACE,868041,932,934,978
[19:05:26.207][D][ldc1314:436]: TRACE,868059,932,934,978
[19:05:26.222][D][ldc1314:436]: TRACE,868075,932,934,978
[19:05:26.238][D][ldc1314:436]: TRACE,868091,932,934,978
[19:05:26.251][D][ldc1314:436]: TRACE,868106,932,934,978
[19:05:26.266][D][ldc1314:436]: TRACE,868119,932,934,978
[19:05:26.285][D][ldc1314:436]: TRACE,868134,932,934,978
[19:05:26.296][D][ldc1314:436]: TRACE,868146,932,934,978
[19:05:26.314][D][ldc1314:436]: TRACE,868166,932,934,978
[19:05:26.329][D][ldc1314:436]: TRACE,868182,932,934,978
[19:05:26.346][D][ldc1314:436]: TRACE,868198,932,934,978
[19:05:26.360][D][ldc1314:436]: TRACE,868213,932,934,978
[19:05:26.388][D][ldc1314:436]: TRACE,868226,932,934,978
[19:05:26.396][D][ldc1314:436]: TRACE,868241,932,934,978
[19:05:26.403][D][ldc1314:436]: TRACE,868254,932,934,978
[19:05:26.414][D][ldc1314:436]: TRACE,868266,932,934,978
[19:05:26.434][D][ldc1314:436]: TRACE,868287,932,934,978
[19:05:26.455][D][ldc1314:436]: TRACE,868302,932,934,978
[19:05:26.467][D][ldc1314:436]: TRACE,868322,932,934,978
[19:05:26.484][D][ldc1314:436]: TRACE,868336,932,934,978
[19:05:26.508][D][ldc1314:436]: TRACE,868350,932,934,978
[19:05:26.518][D][ldc1314:436]: TRACE,868361,932,934,978
[19:05:26.526][D][ldc1314:436]: TRACE,868374,932,934,978
[19:05:26.534][D][ldc1314:436]: TRACE,868386,932,934,978
[19:05:26.549][D][ldc1314:436]: TRACE,868400,932,934,978
[19:05:26.651][D][ldc1314:436]: TRACE,868417,932,934,978
[19:05:26.651][D][ldc1314:436]: TRACE,868432,932,934,978
[19:05:26.651][D][ldc1314:436]: TRACE,868442,932,934,978
[19:05:26.651][D][ldc1314:436]: TRACE,868452,932,934,978
[19:05:26.651][D][ldc1314:436]: TRACE,868462,932,934,978
[19:05:26.651][D][ldc1314:436]: TRACE,868472,932,934,978
[19:05:26.651][D][ldc1314:436]: TRACE,868482,932,934,978
[19:05:26.651][D][ldc1314:436]: TRACE,868492,932,934,978
[19:05:26.658][D][ldc1314:436]: TRACE,868503,932,934,978
[19:05:26.665][D][ldc1314:436]: TRACE,868514,932,934,978
[19:05:26.676][D][ldc1314:436]: TRACE,868527,932,934,978
[19:05:26.692][D][ldc1314:436]: TRACE,868544,932,934,978
[19:05:26.703][D][ldc1314:436]: TRACE,868555,932,934,978
[19:05:26.718][D][ldc1314:436]: TRACE,868570,932,934,978
[19:05:26.734][D][ldc1314:436]: TRACE,868587,932,934,978
[19:05:26.746][D][ldc1314:436]: TRACE,868602,932,934,978
[19:05:26.768][D][ldc1314:436]: TRACE,868621,932,934,978
[19:05:26.791][D][ldc1314:436]: TRACE,868635,932,934,978
[19:05:26.798][D][ldc1314:436]: TRACE,868650,932,934,978
[19:05:26.808][D][ldc1314:436]: TRACE,868662,932,934,978
[19:05:26.824][D][ldc1314:436]: TRACE,868676,932,934,978
[19:05:26.840][D][ldc1314:436]: TRACE,868692,932,934,978
[19:05:26.855][D][ldc1314:436]: TRACE,868707,932,934,978
[19:05:26.876][D][ldc1314:436]: TRACE,868728,932,934,978
[19:05:26.894][D][ldc1314:436]: TRACE,868743,932,934,978
[19:05:26.905][D][ldc1314:436]: TRACE,868756,932,934,978
[19:05:26.917][D][ldc1314:436]: TRACE,868771,932,934,978
[19:05:26.933][D][ldc1314:436]: TRACE,868786,932,934,978
[19:05:26.947][D][ldc1314:436]: TRACE,868801,932,934,978
[19:05:26.961][D][ldc1314:436]: TRACE,868815,932,934,978
[19:05:26.975][D][ldc1314:436]: TRACE,868828,932,934,978
[19:05:26.995][D][ldc1314:436]: TRACE,868847,932,934,978
[19:05:27.009][D][ldc1314:436]: TRACE,868861,932,934,978
[19:05:27.025][D][ldc1314:436]: TRACE,868878,932,934,978
[19:05:27.043][D][ldc1314:436]: TRACE,868893,932,934,978
[19:05:27.060][D][ldc1314:436]: TRACE,868910,932,934,978
[19:05:27.069][D][ldc1314:436]: TRACE,868924,932,934,978
[19:05:27.083][D][ldc1314:436]: TRACE,868936,932,934,978
[19:05:27.175][D][ldc1314:436]: TRACE,868951,932,934,978
[19:05:27.176][D][ldc1314:436]: TRACE,868966,932,934,978
[19:05:27.176][D][ldc1314:436]: TRACE,868977,932,934,978
[19:05:27.176][D][ldc1314:436]: TRACE,868986,932,934,978
[19:05:27.176][D][ldc1314:436]: TRACE,868996,932,934,978
[19:05:27.182][D][ldc1314:436]: TRACE,869006,932,934,978
[19:05:27.182][D][ldc1314:436]: TRACE,869017,932,934,978
[19:05:27.182][D][ldc1314:436]: TRACE,869027,932,934,978
[19:05:27.183][D][ldc1314:436]: TRACE,869037,932,934,978
[19:05:27.201][D][ldc1314:436]: TRACE,869051,932,934,978
[19:05:27.213][D][ldc1314:436]: TRACE,869065,932,934,978
[19:05:27.229][D][ldc1314:436]: TRACE,869081,932,934,978
[19:05:27.242][D][ldc1314:436]: TRACE,869096,932,934,978
[19:05:27.256][D][ldc1314:436]: TRACE,869110,932,934,978
[19:05:27.271][D][ldc1314:436]: TRACE,869124,932,934,978
[19:05:27.286][D][ldc1314:436]: TRACE,869139,932,934,978
[19:05:27.303][D][ldc1314:436]: TRACE,869153,932,934,978
[19:05:27.316][D][ldc1314:436]: TRACE,869167,932,934,978
[19:05:27.334][D][ldc1314:436]: TRACE,869186,932,934,978
[19:05:27.351][D][ldc1314:436]: TRACE,869201,932,934,978
[19:05:27.364][D][ldc1314:436]: TRACE,869218,932,934,978
[19:05:27.379][D][ldc1314:436]: TRACE,869231,932,934,978
[19:05:27.394][D][ldc1314:436]: TRACE,869245,932,934,978
[19:05:27.410][D][ldc1314:436]: TRACE,869262,932,934,978
[19:05:27.420][D][ldc1314:436]: TRACE,869275,932,934,978
[19:05:27.441][D][ldc1314:436]: TRACE,869293,932,934,978
[19:05:27.460][D][ldc1314:436]: TRACE,869308,932,934,978
[19:05:27.475][D][ldc1314:436]: TRACE,869329,932,934,978
[19:05:27.491][D][ldc1314:436]: TRACE,869342,932,934,978
[19:05:27.507][D][ldc1314:436]: TRACE,869357,932,934,978
[19:05:27.517][D][ldc1314:436]: TRACE,869371,932,934,978
[19:05:27.530][D][ldc1314:436]: TRACE,869385,932,934,978
[19:05:27.545][D][ldc1314:436]: TRACE,869399,932,934,978
[19:05:27.564][D][ldc1314:436]: TRACE,869418,932,934,978
[19:05:27.579][D][ldc1314:436]: TRACE,869432,932,934,978
[19:05:27.595][D][ldc1314:436]: TRACE,869448,932,934,978
[19:05:27.700][D][ldc1314:436]: TRACE,869463,932,934,978
[19:05:27.700][D][ldc1314:436]: TRACE,869476,932,934,978
[19:05:27.701][D][ldc1314:436]: TRACE,869487,932,934,978
[19:05:27.701][D][ldc1314:436]: TRACE,869497,932,934,978
[19:05:27.701][D][ldc1314:436]: TRACE,869507,932,934,978
[19:05:27.701][D][ldc1314:436]: TRACE,869517,932,934,978
[19:05:27.701][D][ldc1314:436]: TRACE,869527,932,934,978
[19:05:27.712][D][ldc1314:436]: TRACE,869537,932,934,978
[19:05:27.713][D][ldc1314:436]: TRACE,869547,932,934,978
[19:05:27.713][D][ldc1314:436]: TRACE,869557,932,934,978
[19:05:27.713][D][ldc1314:436]: TRACE,869567,932,934,978
[19:05:27.726][D][ldc1314:436]: TRACE,869577,932,934,978
[19:05:27.742][D][ldc1314:436]: TRACE,869593,932,934,978
[19:05:27.757][D][ldc1314:436]: TRACE,869610,932,934,978
[19:05:27.773][D][ldc1314:436]: TRACE,869625,932,934,978
[19:05:27.790][D][ldc1314:436]: TRACE,869642,932,934,978
[19:05:27.815][D][ldc1314:436]: TRACE,869658,932,934,978
[19:05:27.823][D][ldc1314:436]: TRACE,869673,932,934,978
[19:05:27.833][D][ldc1314:436]: TRACE,869685,932,934,978
[19:05:27.849][D][ldc1314:436]: TRACE,869701,932,934,978
[19:05:27.865][D][ldc1314:436]: TRACE,869717,932,934,978
[19:05:27.879][D][ldc1314:436]: TRACE,869732,932,934,978
[19:05:27.887][D][ldc1314:436]: TRACE,869745,932,934,978
[19:05:27.916][D][ldc1314:436]: TRACE,869761,932,934,978
[19:05:27.924][D][ldc1314:436]: TRACE,869775,932,934,978
[19:05:27.934][D][ldc1314:436]: TRACE,869785,932,934,978
[19:05:27.953][D][ldc1314:436]: TRACE,869801,932,934,978
[19:05:27.963][D][ldc1314:436]: TRACE,869818,932,934,978
[19:05:27.978][D][ldc1314:436]: TRACE,869832,932,934,978
[19:05:27.996][D][ldc1314:436]: TRACE,869847,932,934,978
[19:05:28.005][D][ldc1314:436]: TRACE,869861,932,934,978
[19:05:28.027][D][ldc1314:436]: TRACE,869873,932,934,978
[19:05:28.034][D][ldc1314:436]: TRACE,869884,932,934,978
[19:05:28.045][D][ldc1314:436]: TRACE,869898,932,934,978
[19:05:28.061][D][ldc1314:436]: TRACE,869913,932,934,978
[19:05:28.073][D][ldc1314:436]: TRACE,869926,932,934,978
[19:05:28.088][D][ldc1314:436]: TRACE,869940,932,934,978
[19:05:28.099][D][ldc1314:436]: TRACE,869955,932,934,978
[19:05:28.122][D][ldc1314:436]: TRACE,869967,932,934,978
[19:05:28.132][D][ldc1314:436]: TRACE,869985,932,934,978
[19:05:28.225][D][ldc1314:436]: TRACE,869998,932,934,978
[19:05:28.225][D][ldc1314:436]: TRACE,870010,932,934,978
[19:05:28.225][D][ldc1314:436]: TRACE,870020,932,934,978
[19:05:28.225][D][ldc1314:436]: TRACE,870030,932,934,978
[19:05:28.225][D][ldc1314:436]: TRACE,870041,932,934,978
[19:05:28.225][D][ldc1314:436]: TRACE,870051,932,934,978
[19:05:28.225][D][ldc1314:436]: TRACE,870061,932,934,978
[19:05:28.233][D][ldc1314:436]: TRACE,870071,932,934,978
[19:05:28.233][D][ldc1314:436]: TRACE,870081,932,934,978
[19:05:28.245][D][ldc1314:436]: TRACE,870096,932,934,978
[19:05:28.257][D][ldc1314:436]: TRACE,870111,932,934,978
[19:05:28.274][D][ldc1314:436]: TRACE,870126,932,934,978
[19:05:28.285][D][ldc1314:436]: TRACE,870140,932,934,978
[19:05:28.300][D][ldc1314:436]: TRACE,870152,932,934,978
[19:05:28.326][D][ldc1314:436]: TRACE,870167,932,934,978
[19:05:28.337][D][ldc1314:436]: TRACE,870183,932,934,978
[19:05:28.341][D][ldc1314:436]: TRACE,870192,932,934,978
[19:05:28.364][D][ldc1314:436]: TRACE,870214,932,934,978
[19:05:28.374][D][ldc1314:436]: TRACE,870229,932,934,978
[19:05:28.390][D][ldc1314:436]: TRACE,870243,932,934,978
[19:05:28.405][D][ldc1314:436]: TRACE,870258,932,934,978
[19:05:28.429][D][ldc1314:436]: TRACE,870272,932,934,978
[19:05:28.437][D][ldc1314:436]: TRACE,870288,932,934,978
[19:05:28.448][D][ldc1314:436]: TRACE,870299,932,934,978
[19:05:28.477][D][ldc1314:436]: TRACE,870322,932,934,978
[19:05:28.491][D][ldc1314:436]: TRACE,870343,932,934,978
[19:05:28.507][D][ldc1314:436]: TRACE,870359,932,934,978
[19:05:28.531][D][ldc1314:436]: TRACE,870374,932,934,978
[19:05:28.538][D][ldc1314:436]: TRACE,870389,932,934,978
[19:05:28.549][D][ldc1314:436]: TRACE,870401,932,934,978
[19:05:28.563][D][ldc1314:436]: TRACE,870418,932,934,978
[19:05:28.578][D][ldc1314:436]: TRACE,870432,932,934,978
[19:05:28.599][D][ldc1314:436]: TRACE,870451,932,934,978
[19:05:28.617][D][ldc1314:436]: TRACE,870466,932,934,978
[19:05:28.633][D][ldc1314:436]: TRACE,870481,932,934,978
[19:05:28.645][D][ldc1314:436]: TRACE,870499,932,934,978
[19:05:28.747][D][ldc1314:436]: TRACE,870512,932,934,978
[19:05:28.747][D][ldc1314:436]: TRACE,870527,932,934,978
[19:05:28.748][D][ldc1314:436]: TRACE,870537,932,934,978
[19:05:28.748][D][ldc1314:436]: TRACE,870547,932,934,978
[19:05:28.748][D][ldc1314:436]: TRACE,870557,932,934,978
[19:05:28.748][D][ldc1314:436]: TRACE,870569,932,934,978
[19:05:28.748][D][ldc1314:436]: TRACE,870580,932,934,978
[19:05:28.748][D][ldc1314:436]: TRACE,870590,932,934,978
[19:05:28.748][D][ldc1314:436]: TRACE,870600,932,934,978
[19:05:28.759][D][ldc1314:436]: TRACE,870611,932,934,978
[19:05:28.775][D][ldc1314:436]: TRACE,870626,932,934,978
[19:05:28.789][D][ldc1314:436]: TRACE,870642,932,934,978
[19:05:28.804][D][ldc1314:436]: TRACE,870657,932,934,978
[19:05:28.823][D][ldc1314:436]: TRACE,870674,932,934,978
[19:05:28.843][D][ldc1314:436]: TRACE,870691,932,934,978
[19:05:28.851][D][ldc1314:436]: TRACE,870703,932,934,978
[19:05:28.867][D][ldc1314:436]: TRACE,870719,932,934,978
[19:05:28.882][D][ldc1314:436]: TRACE,870735,932,934,978
[19:05:28.897][D][ldc1314:436]: TRACE,870751,932,934,978
[19:05:28.912][D][ldc1314:436]: TRACE,870765,932,934,978
[19:05:28.945][D][ldc1314:436]: TRACE,870786,932,934,978
[19:05:28.954][D][ldc1314:436]: TRACE,870800,932,934,978
[19:05:28.964][D][ldc1314:436]: TRACE,870810,932,934,978
[19:05:28.967][D][ldc1314:436]: TRACE,870822,932,934,978
[19:05:28.982][D][ldc1314:436]: TRACE,870835,932,934,978
[19:05:28.997][D][ldc1314:436]: TRACE,870851,932,934,978
[19:05:29.009][D][ldc1314:436]: TRACE,870864,932,934,978
[19:05:29.024][D][ldc1314:436]: TRACE,870876,932,934,978
[19:05:29.047][D][ldc1314:436]: TRACE,870893,932,934,978
[19:05:29.055][D][ldc1314:436]: TRACE,870906,932,934,978
[19:05:29.066][D][ldc1314:436]: TRACE,870919,932,934,978
[19:05:29.083][D][ldc1314:436]: TRACE,870936,932,934,978
[19:05:29.098][D][ldc1314:436]: TRACE,870951,932,934,978
[19:05:29.112][D][ldc1314:436]: TRACE,870965,932,934,978
[19:05:29.127][D][ldc1314:436]: TRACE,870980,932,934,978
[19:05:29.150][D][ldc1314:436]: TRACE,870999,932,934,978
[19:05:29.159][D][ldc1314:436]: TRACE,871011,932,934,978
[19:05:29.175][D][ldc1314:436]: TRACE,871028,932,934,978
[19:05:29.271][D][ldc1314:436]: TRACE,871043,932,934,978
[19:05:29.272][D][ldc1314:436]: TRACE,871055,932,934,978
[19:05:29.272][D][ldc1314:436]: TRACE,871065,932,934,978
[19:05:29.272][D][ldc1314:436]: TRACE,871075,932,934,978
[19:05:29.272][D][ldc1314:436]: TRACE,871085,932,934,978
[19:05:29.272][D][ldc1314:436]: TRACE,871095,932,934,978
[19:05:29.272][D][ldc1314:436]: TRACE,871105,932,934,978
[19:05:29.279][D][ldc1314:436]: TRACE,871116,932,934,978
[19:05:29.280][D][ldc1314:436]: TRACE,871128,932,934,978
[19:05:29.288][D][ldc1314:436]: TRACE,871138,932,934,978
[19:05:29.304][D][ldc1314:436]: TRACE,871156,932,934,978
[19:05:29.320][D][ldc1314:436]: TRACE,871172,932,934,978
[19:05:29.335][D][ldc1314:436]: TRACE,871187,932,934,978
[19:05:29.355][D][ldc1314:436]: TRACE,871204,932,934,978
[19:05:29.362][D][ldc1314:436]: TRACE,871215,932,934,978
[19:05:29.381][D][ldc1314:436]: TRACE,871234,932,934,978
[19:05:29.396][D][ldc1314:436]: TRACE,871250,932,934,978
[19:05:29.408][D][ldc1314:436]: TRACE,871262,932,934,978
[19:05:29.422][D][ldc1314:436]: TRACE,871274,932,934,978
[19:05:29.439][D][ldc1314:436]: TRACE,871289,932,933,978
[19:05:29.458][D][ldc1314:436]: TRACE,871306,932,934,978
[19:05:29.465][D][ldc1314:436]: TRACE,871316,932,934,978
[19:05:29.481][D][ldc1314:436]: TRACE,871328,932,933,978
[19:05:29.500][D][ldc1314:436]: TRACE,871352,932,934,978
[19:05:29.514][D][ldc1314:436]: TRACE,871366,932,934,978
[19:05:29.530][D][ldc1314:436]: TRACE,871383,932,934,978
[19:05:29.544][D][ldc1314:436]: TRACE,871398,932,933,978
[19:05:29.559][D][ldc1314:436]: TRACE,871413,932,933,978
[19:05:29.572][D][ldc1314:436]: TRACE,871425,932,934,978
[19:05:29.587][D][ldc1314:436]: TRACE,871439,932,934,978
[19:05:29.603][D][ldc1314:436]: TRACE,871456,932,933,978
[19:05:29.622][D][ldc1314:436]: TRACE,871476,932,934,979
[19:05:29.637][D][ldc1314:436]: TRACE,871490,932,934,979
[19:05:29.657][D][ldc1314:436]: TRACE,871504,932,934,979
[19:05:29.665][D][ldc1314:436]: TRACE,871520,932,934,979
[19:05:29.677][D][ldc1314:436]: TRACE,871532,932,934,979
[19:05:29.692][D][ldc1314:436]: TRACE,871545,932,934,979
[19:05:29.797][D][ldc1314:436]: TRACE,871561,932,934,979
[19:05:29.797][D][ldc1314:436]: TRACE,871575,932,934,979
[19:05:29.797][D][ldc1314:436]: TRACE,871589,932,934,979
[19:05:29.797][D][ldc1314:436]: TRACE,871597,932,934,979
[19:05:29.797][D][ldc1314:436]: TRACE,871607,932,934,979
[19:05:29.797][D][ldc1314:436]: TRACE,871617,932,934,979
[19:05:29.801][D][ldc1314:436]: TRACE,871628,932,934,979
[19:05:29.801][D][ldc1314:436]: TRACE,871637,932,934,979
[19:05:29.801][D][ldc1314:436]: TRACE,871647,932,934,979
[19:05:29.801][D][ldc1314:436]: TRACE,871657,932,934,979
[19:05:29.819][D][ldc1314:436]: TRACE,871670,932,934,979
[19:05:29.830][D][ldc1314:436]: TRACE,871685,932,934,979
[19:05:29.844][D][ldc1314:436]: TRACE,871698,932,934,979
[19:05:29.866][D][ldc1314:436]: TRACE,871716,932,934,979
[19:05:29.876][D][ldc1314:436]: TRACE,871727,932,934,979
[19:05:29.891][D][ldc1314:436]: TRACE,871745,932,934,979
[19:05:29.907][D][ldc1314:436]: TRACE,871759,932,934,979
[19:05:29.920][D][ldc1314:436]: TRACE,871774,932,933,979
[19:05:29.936][D][ldc1314:436]: TRACE,871789,932,934,979
[19:05:29.952][D][ldc1314:436]: TRACE,871803,932,933,979
[19:05:29.964][D][ldc1314:436]: TRACE,871818,932,934,979
[19:05:29.985][D][ldc1314:436]: TRACE,871838,932,934,979
[19:05:29.998][D][ldc1314:436]: TRACE,871853,932,933,979
[19:05:30.013][D][ldc1314:436]: TRACE,871865,932,934,979
[19:05:30.030][D][ldc1314:436]: TRACE,871882,932,934,979
[19:05:30.046][D][ldc1314:436]: TRACE,871897,932,934,979
[19:05:30.065][D][ldc1314:436]: TRACE,871913,932,933,979
[19:05:30.081][D][ldc1314:436]: TRACE,871930,932,933,979
[19:05:30.082][D][ldc1314:436]: TRACE,871939,932,934,979
[19:05:30.103][D][ldc1314:436]: TRACE,871954,932,934,979
[19:05:30.115][D][ldc1314:436]: TRACE,871967,932,934,979
[19:05:30.131][D][ldc1314:436]: TRACE,871983,932,934,979
[19:05:30.148][D][ldc1314:436]: TRACE,872001,932,934,979
[19:05:30.168][D][ldc1314:436]: TRACE,872015,932,933,979
[19:05:30.178][D][ldc1314:436]: TRACE,872030,932,933,979
[19:05:30.195][D][ldc1314:436]: TRACE,872046,932,933,979
[19:05:30.214][D][ldc1314:436]: TRACE,872065,932,933,979
[19:05:30.228][D][ldc1314:436]: TRACE,872081,932,933,979
[19:05:30.321][D][ldc1314:436]: TRACE,872096,932,933,979
[19:05:30.321][D][ldc1314:436]: TRACE,872108,932,933,979
[19:05:30.321][D][ldc1314:436]: TRACE,872118,932,933,979
[19:05:30.321][D][ldc1314:436]: TRACE,872128,932,933,979
[19:05:30.321][D][ldc1314:436]: TRACE,872138,932,933,979
[19:05:30.321][D][ldc1314:436]: TRACE,872148,932,933,979
[19:05:30.321][D][ldc1314:436]: TRACE,872158,932,933,979
[19:05:30.328][D][ldc1314:436]: TRACE,872169,932,933,978
[19:05:30.328][D][ldc1314:436]: TRACE,872181,932,933,978
[19:05:30.340][D][ldc1314:436]: TRACE,872191,932,933,978
[19:05:30.356][D][ldc1314:436]: TRACE,872209,932,933,978
[19:05:30.373][D][ldc1314:436]: TRACE,872223,932,933,978
[19:05:30.384][D][ldc1314:436]: TRACE,872238,932,933,978
[19:05:30.400][D][ldc1314:436]: TRACE,872253,932,933,978
[19:05:30.412][D][ldc1314:436]: TRACE,872264,932,933,978
[19:05:30.431][D][ldc1314:436]: TRACE,872283,932,933,978
[19:05:30.446][D][ldc1314:436]: TRACE,872299,932,933,978
[19:05:30.460][D][ldc1314:436]: TRACE,872313,932,933,978
[19:05:30.482][D][ldc1314:436]: TRACE,872327,932,933,978
[19:05:30.496][D][ldc1314:436]: TRACE,872341,932,933,978
[19:05:30.508][D][ldc1314:436]: TRACE,872359,932,933,979
[19:05:30.523][D][ldc1314:436]: TRACE,872377,932,933,979
[19:05:30.536][D][ldc1314:436]: TRACE,872391,932,933,979
[19:05:30.555][D][ldc1314:436]: TRACE,872408,932,933,979
[19:05:30.578][D][ldc1314:436]: TRACE,872422,932,933,979
[19:05:30.586][D][ldc1314:436]: TRACE,872440,932,933,979
[19:05:30.601][D][ldc1314:436]: TRACE,872454,932,933,979
[19:05:30.619][D][ldc1314:436]: TRACE,872471,932,933,979
[19:05:30.633][D][ldc1314:436]: TRACE,872486,932,933,979
[19:05:30.651][D][ldc1314:436]: TRACE,872500,932,933,979
[19:05:30.669][D][ldc1314:436]: TRACE,872521,932,933,979
[19:05:30.689][D][ldc1314:436]: TRACE,872536,932,933,979
[19:05:30.697][D][ldc1314:436]: TRACE,872546,932,933,979
[19:05:30.708][D][ldc1314:436]: TRACE,872560,932,933,979
[19:05:30.723][D][ldc1314:436]: TRACE,872577,932,933,979
[19:05:30.737][D][ldc1314:436]: TRACE,872591,932,933,979
[19:05:30.752][D][ldc1314:436]: TRACE,872605,932,933,979
[19:05:30.847][D][ldc1314:436]: TRACE,872619,932,933,979
[19:05:30.847][D][ldc1314:436]: TRACE,872637,932,933,979
[19:05:30.848][D][ldc1314:436]: TRACE,872646,932,933,979
[19:05:30.848][D][ldc1314:436]: TRACE,872656,932,933,979
[19:05:30.848][D][ldc1314:436]: TRACE,872666,932,933,979
[19:05:30.853][D][ldc1314:436]: TRACE,872677,932,933,979
[19:05:30.853][D][ldc1314:436]: TRACE,872687,932,933,979
[19:05:30.853][D][ldc1314:436]: TRACE,872697,932,933,979
[19:05:30.853][D][ldc1314:436]: TRACE,872707,932,933,979
[19:05:30.868][D][ldc1314:436]: TRACE,872721,932,933,979
[19:05:30.887][D][ldc1314:436]: TRACE,872735,932,933,979
[19:05:30.900][D][ldc1314:436]: TRACE,872751,932,933,979
[19:05:30.914][D][ldc1314:436]: TRACE,872769,932,933,979
[19:05:30.930][D][ldc1314:436]: TRACE,872781,932,933,979
[19:05:30.945][D][ldc1314:436]: TRACE,872796,932,933,979
[19:05:30.958][D][ldc1314:436]: TRACE,872808,932,933,979
[19:05:30.969][D][ldc1314:436]: TRACE,872823,932,933,979
[19:05:30.987][D][ldc1314:436]: TRACE,872838,932,933,979
[19:05:31.001][D][ldc1314:436]: TRACE,872855,932,933,979
[19:05:31.016][D][ldc1314:436]: TRACE,872868,932,933,979
[19:05:31.033][D][ldc1314:436]: TRACE,872883,932,933,979
[19:05:31.045][D][ldc1314:436]: TRACE,872898,932,933,979
[19:05:31.062][D][ldc1314:436]: TRACE,872913,932,933,979
[19:05:31.079][D][ldc1314:436]: TRACE,872930,932,933,979
[19:05:31.093][D][ldc1314:436]: TRACE,872945,932,933,979
[19:05:31.104][D][ldc1314:436]: TRACE,872955,932,933,979
[19:05:31.129][D][ldc1314:436]: TRACE,872977,932,933,979
[19:05:31.140][D][ldc1314:436]: TRACE,872992,932,933,979
[19:05:31.150][D][ldc1314:436]: TRACE,873003,932,933,979
[19:05:31.166][D][ldc1314:436]: TRACE,873018,932,933,979
[19:05:31.177][D][ldc1314:436]: TRACE,873032,932,933,979
[19:05:31.200][D][ldc1314:436]: TRACE,873047,932,933,979
[19:05:31.208][D][ldc1314:436]: TRACE,873057,932,933,979
[19:05:31.223][D][ldc1314:436]: TRACE,873071,932,933,979
[19:05:31.239][D][ldc1314:436]: TRACE,873090,932,933,979
[19:05:31.254][D][ldc1314:436]: TRACE,873106,932,933,979
[19:05:31.270][D][ldc1314:436]: TRACE,873123,932,933,979
[19:05:31.375][D][ldc1314:436]: TRACE,873138,932,933,979
[19:05:31.375][D][ldc1314:436]: TRACE,873153,932,933,979
[19:05:31.375][D][ldc1314:436]: TRACE,873162,932,933,979
[19:05:31.375][D][ldc1314:436]: TRACE,873172,932,933,979
[19:05:31.376][D][ldc1314:436]: TRACE,873183,932,933,979
[19:05:31.376][D][ldc1314:436]: TRACE,873197,932,933,979
[19:05:31.376][D][ldc1314:436]: TRACE,873208,932,933,979
[19:05:31.376][D][ldc1314:436]: TRACE,873218,932,933,979
[19:05:31.376][D][ldc1314:436]: TRACE,873228,932,933,979
[19:05:31.387][D][ldc1314:436]: TRACE,873240,932,933,979
[19:05:31.404][D][ldc1314:436]: TRACE,873253,932,933,979
[19:05:31.413][D][ldc1314:436]: TRACE,873266,932,933,979
[19:05:31.425][D][ldc1314:436]: TRACE,873276,932,933,979
[19:05:31.439][D][ldc1314:436]: TRACE,873292,932,933,979
[19:05:31.455][D][ldc1314:436]: TRACE,873308,932,933,979
[19:05:31.473][D][ldc1314:436]: TRACE,873325,932,933,979
[19:05:31.506][D][ldc1314:436]: TRACE,873341,932,933,979
[19:05:31.506][D][ldc1314:436]: TRACE,873358,932,933,979
[19:05:31.520][D][ldc1314:436]: TRACE,873373,932,933,979
[19:05:31.535][D][ldc1314:436]: TRACE,873389,932,933,979
[19:05:31.550][D][ldc1314:436]: TRACE,873403,932,933,979
[19:05:31.566][D][ldc1314:436]: TRACE,873418,932,933,979
[19:05:31.585][D][ldc1314:436]: TRACE,873436,932,933,979
[19:05:31.604][D][ldc1314:436]: TRACE,873452,932,933,979
[19:05:31.612][D][ldc1314:436]: TRACE,873464,932,933,979
[19:05:31.628][D][ldc1314:436]: TRACE,873480,932,933,979
[19:05:31.642][D][ldc1314:436]: TRACE,873495,932,933,979
[19:05:31.660][D][ldc1314:436]: TRACE,873510,932,933,979
[19:05:31.671][D][ldc1314:436]: TRACE,873525,932,933,979
[19:05:31.693][D][ldc1314:436]: TRACE,873542,932,933,979
[19:05:31.707][D][ldc1314:436]: TRACE,873560,932,933,979
[19:05:31.719][D][ldc1314:436]: TRACE,873570,932,933,979
[19:05:31.734][D][ldc1314:436]: TRACE,873588,932,933,979
[19:05:31.749][D][ldc1314:436]: TRACE,873602,932,933,979
[19:05:31.762][D][ldc1314:436]: TRACE,873616,932,933,979
[19:05:31.780][D][ldc1314:436]: TRACE,873629,932,933,979
[19:05:31.894][D][ldc1314:436]: TRACE,873649,932,933,979
[19:05:31.894][D][ldc1314:436]: TRACE,873664,932,933,979
[19:05:31.894][D][ldc1314:436]: TRACE,873673,932,933,979
[19:05:31.894][D][ldc1314:436]: TRACE,873683,932,933,979
[19:05:31.894][D][ldc1314:436]: TRACE,873693,932,933,979
[19:05:31.894][D][ldc1314:436]: TRACE,873704,932,933,979
[19:05:31.894][D][ldc1314:436]: TRACE,873714,932,933,979
[19:05:31.895][D][ldc1314:436]: TRACE,873724,932,933,979
[19:05:31.895][D][ldc1314:436]: TRACE,873734,932,933,979
[19:05:31.895][D][ldc1314:436]: TRACE,873744,932,933,979
[19:05:31.911][D][ldc1314:436]: TRACE,873756,932,933,979
[19:05:31.921][D][ldc1314:436]: TRACE,873768,932,933,979
[19:05:31.930][D][ldc1314:436]: TRACE,873782,932,933,979
[19:05:31.945][D][ldc1314:436]: TRACE,873798,932,933,979
[19:05:31.962][D][ldc1314:436]: TRACE,873812,932,933,979
[19:05:31.977][D][ldc1314:436]: TRACE,873829,932,933,979
[19:05:31.990][D][ldc1314:436]: TRACE,873844,932,933,979
[19:05:32.011][D][ldc1314:436]: TRACE,873862,932,933,979
[19:05:32.024][D][ldc1314:436]: TRACE,873876,932,933,979
[19:05:32.039][D][ldc1314:436]: TRACE,873891,932,933,979
[19:05:32.053][D][ldc1314:436]: TRACE,873906,932,933,979
[19:05:32.068][D][ldc1314:436]: TRACE,873922,932,933,979
[19:05:32.084][D][ldc1314:436]: TRACE,873936,932,933,979
[19:05:32.100][D][ldc1314:436]: TRACE,873951,932,933,979
[19:05:32.115][D][ldc1314:436]: TRACE,873966,932,933,979
[19:05:32.131][D][ldc1314:436]: TRACE,873982,932,933,979
[19:05:32.145][D][ldc1314:436]: TRACE,873998,932,933,979
[19:05:32.161][D][ldc1314:436]: TRACE,874013,932,933,979
[19:05:32.177][D][ldc1314:436]: TRACE,874028,932,933,979
[19:05:32.191][D][ldc1314:436]: TRACE,874045,932,933,979
[19:05:32.214][D][ldc1314:436]: TRACE,874059,932,933,979
[19:05:32.222][D][ldc1314:436]: TRACE,874074,932,933,979
[19:05:32.232][D][ldc1314:436]: TRACE,874084,932,933,979
[19:05:32.253][D][ldc1314:436]: TRACE,874105,932,933,979
[19:05:32.271][D][ldc1314:436]: TRACE,874122,932,933,979
[19:05:32.286][D][ldc1314:436]: TRACE,874137,932,933,979
[19:05:32.301][D][ldc1314:436]: TRACE,874154,932,933,979
[19:05:32.317][D][ldc1314:436]: TRACE,874168,932,933,979
[19:05:32.418][D][ldc1314:436]: TRACE,874183,932,933,979
[19:05:32.418][D][ldc1314:436]: TRACE,874196,932,933,979
[19:05:32.418][D][ldc1314:436]: TRACE,874206,932,933,979
[19:05:32.418][D][ldc1314:436]: TRACE,874216,932,933,979
[19:05:32.418][D][ldc1314:436]: TRACE,874228,932,933,979
[19:05:32.418][D][ldc1314:436]: TRACE,874238,932,933,979
[19:05:32.418][D][ldc1314:436]: TRACE,874248,932,933,979
[19:05:32.418][D][ldc1314:436]: TRACE,874258,932,933,979
[19:05:32.425][D][ldc1314:436]: TRACE,874268,932,933,979
[19:05:32.425][D][ldc1314:436]: TRACE,874278,932,933,979
[19:05:32.436][D][ldc1314:436]: TRACE,874288,932,933,979
[19:05:32.450][D][ldc1314:436]: TRACE,874303,932,933,979
[19:05:32.463][D][ldc1314:436]: TRACE,874318,932,933,979
[19:05:32.476][D][ldc1314:436]: TRACE,874330,932,933,979
[19:05:32.501][D][ldc1314:436]: TRACE,874348,932,933,979
[19:05:32.522][D][ldc1314:436]: TRACE,874370,932,933,979
[19:05:32.530][D][ldc1314:436]: TRACE,874382,932,933,979
[19:05:32.542][D][ldc1314:436]: TRACE,874396,932,933,979
[19:05:32.558][D][ldc1314:436]: TRACE,874409,932,933,979
[19:05:32.572][D][ldc1314:436]: TRACE,874425,932,933,979
[19:05:32.590][D][ldc1314:436]: TRACE,874440,932,933,979
[19:05:32.605][D][ldc1314:436]: TRACE,874457,932,933,979
[19:05:32.625][D][ldc1314:436]: TRACE,874472,932,933,979
[19:05:32.634][D][ldc1314:436]: TRACE,874487,932,933,979
[19:05:32.648][D][ldc1314:436]: TRACE,874502,932,933,979
[19:05:32.664][D][ldc1314:436]: TRACE,874517,932,933,979
[19:05:32.678][D][ldc1314:436]: TRACE,874531,932,933,979
[19:05:32.695][D][ldc1314:436]: TRACE,874547,932,933,979
[19:05:32.708][D][ldc1314:436]: TRACE,874561,932,933,979
[19:05:32.734][D][ldc1314:436]: TRACE,874580,932,933,979
[19:05:32.741][D][ldc1314:436]: TRACE,874591,932,933,979
[19:05:32.760][D][ldc1314:436]: TRACE,874605,932,933,979
[19:05:32.766][D][ldc1314:436]: TRACE,874622,932,933,979
[19:05:32.780][D][ldc1314:436]: TRACE,874635,932,933,979
[19:05:32.796][D][ldc1314:436]: TRACE,874648,932,933,979
[19:05:32.812][D][ldc1314:436]: TRACE,874665,932,933,979
[19:05:32.831][D][ldc1314:436]: TRACE,874679,932,933,979
[19:05:32.844][D][ldc1314:436]: TRACE,874696,932,933,979
[19:05:32.942][D][ldc1314:436]: TRACE,874712,932,933,979
[19:05:32.942][D][ldc1314:436]: TRACE,874725,932,933,979
[19:05:32.942][D][ldc1314:436]: TRACE,874736,932,933,979
[19:05:32.942][D][ldc1314:436]: TRACE,874746,932,933,979
[19:05:32.942][D][ldc1314:436]: TRACE,874757,932,933,979
[19:05:32.942][D][ldc1314:436]: TRACE,874767,932,933,979
[19:05:32.942][D][ldc1314:436]: TRACE,874777,932,933,979
[19:05:32.942][D][ldc1314:436]: TRACE,874787,932,933,979
[19:05:32.948][D][ldc1314:436]: TRACE,874800,932,933,979
[19:05:32.959][D][ldc1314:436]: TRACE,874810,932,933,979
[19:05:32.974][D][ldc1314:436]: TRACE,874826,932,933,979
[19:05:32.990][D][ldc1314:436]: TRACE,874842,932,933,979
[19:05:33.004][D][ldc1314:436]: TRACE,874857,932,933,979
[19:05:33.020][D][ldc1314:436]: TRACE,874872,932,933,979
[19:05:33.037][D][ldc1314:436]: TRACE,874889,932,933,979
[19:05:33.048][D][ldc1314:436]: TRACE,874900,932,933,979
[19:05:33.069][D][ldc1314:436]: TRACE,874921,932,933,979
[19:05:33.083][D][ldc1314:436]: TRACE,874936,932,933,979
[19:05:33.101][D][ldc1314:436]: TRACE,874951,932,933,979
[19:05:33.111][D][ldc1314:436]: TRACE,874961,932,933,979
[19:05:33.140][D][ldc1314:436]: TRACE,874980,932,933,979
[19:05:33.152][D][ldc1314:436]: TRACE,874995,932,933,979
[19:05:33.153][D][ldc1314:436]: TRACE,875004,932,933,979
[19:05:33.159][D][ldc1314:436]: TRACE,875015,932,933,979
[19:05:33.179][D][ldc1314:436]: TRACE,875030,932,933,979
[19:05:33.191][D][ldc1314:436]: TRACE,875046,932,933,979
[19:05:33.207][D][ldc1314:436]: TRACE,875060,932,933,979
[19:05:33.222][D][ldc1314:436]: TRACE,875074,932,933,979
[19:05:33.239][D][ldc1314:436]: TRACE,875089,932,933,979
[19:05:33.251][D][ldc1314:436]: TRACE,875103,932,933,979
[19:05:33.265][D][ldc1314:436]: TRACE,875118,932,933,979
[19:05:33.280][D][ldc1314:436]: TRACE,875133,932,933,979
[19:05:33.301][D][ldc1314:436]: TRACE,875153,932,933,979
[19:05:33.318][D][ldc1314:436]: TRACE,875170,932,933,979
[19:05:33.341][D][ldc1314:436]: TRACE,875185,932,933,979
[19:05:33.349][D][ldc1314:436]: TRACE,875200,932,933,979
[19:05:33.359][D][ldc1314:436]: TRACE,875214,932,933,979
[19:05:33.375][D][ldc1314:436]: TRACE,875226,932,933,979
[19:05:33.467][D][ldc1314:436]: TRACE,875243,932,933,979
[19:05:33.467][D][ldc1314:436]: TRACE,875253,932,933,979
[19:05:33.467][D][ldc1314:436]: TRACE,875266,932,933,979
[19:05:33.467][D][ldc1314:436]: TRACE,875275,932,933,979
[19:05:33.467][D][ldc1314:436]: TRACE,875286,932,933,979
[19:05:33.467][D][ldc1314:436]: TRACE,875296,932,933,979
[19:05:33.498][D][ldc1314:436]: TRACE,875307,932,933,979
[19:05:33.498][D][ldc1314:436]: TRACE,875318,932,933,979
[19:05:33.498][D][ldc1314:436]: TRACE,875328,932,933,979
[19:05:33.498][D][ldc1314:436]: TRACE,875338,932,933,979
[19:05:33.512][D][ldc1314:436]: TRACE,875352,932,933,979
[19:05:33.512][D][ldc1314:436]: TRACE,875362,932,933,979
[19:05:33.521][D][ldc1314:436]: TRACE,875372,932,933,979
[19:05:33.537][D][ldc1314:436]: TRACE,875383,932,933,979
[19:05:33.549][D][ldc1314:436]: TRACE,875398,932,933,979
[19:05:33.557][D][ldc1314:436]: TRACE,875410,932,933,979
[19:05:33.570][D][ldc1314:436]: TRACE,875422,932,933,979
[19:05:33.585][D][ldc1314:436]: TRACE,875437,932,933,979
[19:05:33.596][D][ldc1314:436]: TRACE,875452,932,933,979
[19:05:33.610][D][ldc1314:436]: TRACE,875464,932,933,979
[19:05:33.629][D][ldc1314:436]: TRACE,875481,932,933,979
[19:05:33.649][D][ldc1314:436]: TRACE,875496,932,933,979
[19:05:33.666][D][ldc1314:436]: TRACE,875512,932,933,979
[19:05:33.675][D][ldc1314:436]: TRACE,875527,932,933,979
[19:05:33.692][D][ldc1314:436]: TRACE,875542,932,933,979
[19:05:33.707][D][ldc1314:436]: TRACE,875559,932,933,979
[19:05:33.723][D][ldc1314:436]: TRACE,875575,932,933,979
[19:05:33.751][D][ldc1314:436]: TRACE,875593,932,933,979
[19:05:33.758][D][ldc1314:436]: TRACE,875608,932,933,979
[19:05:33.769][D][ldc1314:436]: TRACE,875620,932,933,979
[19:05:33.786][D][ldc1314:436]: TRACE,875636,932,933,979
[19:05:33.799][D][ldc1314:436]: TRACE,875651,932,933,979
[19:05:33.816][D][ldc1314:436]: TRACE,875666,932,933,979
[19:05:33.829][D][ldc1314:436]: TRACE,875683,932,933,979
[19:05:33.853][D][ldc1314:436]: TRACE,875697,932,933,979
[19:05:33.864][D][ldc1314:436]: TRACE,875714,932,933,979
[19:05:33.874][D][ldc1314:436]: TRACE,875728,932,933,979
[19:05:33.890][D][ldc1314:436]: TRACE,875741,932,933,979
[19:05:33.991][D][ldc1314:436]: TRACE,875755,932,933,979
[19:05:33.991][D][ldc1314:436]: TRACE,875770,932,933,979
[19:05:33.991][D][ldc1314:436]: TRACE,875781,932,933,979
[19:05:33.991][D][ldc1314:436]: TRACE,875791,932,933,979
[19:05:33.991][D][ldc1314:436]: TRACE,875801,932,933,979
[19:05:33.991][D][ldc1314:436]: TRACE,875812,932,933,979
[19:05:33.991][D][ldc1314:436]: TRACE,875822,932,933,979
[19:05:33.997][D][ldc1314:436]: TRACE,875833,932,933,979
[19:05:33.998][D][ldc1314:436]: TRACE,875844,932,933,979
[19:05:34.005][D][ldc1314:436]: TRACE,875854,932,933,979
[19:05:34.015][D][ldc1314:436]: TRACE,875868,932,933,979
[19:05:34.033][D][ldc1314:436]: TRACE,875885,932,933,980
[19:05:34.058][D][ldc1314:436]: TRACE,875900,932,933,980
[19:05:34.065][D][ldc1314:436]: TRACE,875915,932,933,980
[19:05:34.076][D][ldc1314:436]: TRACE,875927,932,933,980
[19:05:34.094][D][ldc1314:436]: TRACE,875945,932,933,979
[19:05:34.110][D][ldc1314:436]: TRACE,875961,932,933,980
[19:05:34.127][D][ldc1314:436]: TRACE,875979,932,933,980
[19:05:34.141][D][ldc1314:436]: TRACE,875994,932,933,980
[19:05:34.165][D][ldc1314:436]: TRACE,876010,932,933,980
[19:05:34.172][D][ldc1314:436]: TRACE,876021,932,933,980
[19:05:34.184][D][ldc1314:436]: TRACE,876035,932,933,980
[19:05:34.204][D][ldc1314:436]: TRACE,876057,932,933,980
[19:05:34.220][D][ldc1314:436]: TRACE,876072,932,933,980
[19:05:34.236][D][ldc1314:436]: TRACE,876089,932,933,980
[19:05:34.263][D][ldc1314:436]: TRACE,876103,932,933,980
[19:05:34.275][D][ldc1314:436]: TRACE,876122,932,933,980
[19:05:34.281][D][ldc1314:436]: TRACE,876132,932,933,980
[19:05:34.295][D][ldc1314:436]: TRACE,876148,932,933,980
[19:05:34.309][D][ldc1314:436]: TRACE,876163,932,933,980
[19:05:34.332][D][ldc1314:436]: TRACE,876183,932,933,980
[19:05:34.347][D][ldc1314:436]: TRACE,876200,932,933,980
[19:05:34.365][D][ldc1314:436]: TRACE,876216,932,933,980
[19:05:34.376][D][ldc1314:436]: TRACE,876230,932,933,980
[19:05:34.391][D][ldc1314:436]: TRACE,876243,932,933,980
[19:05:34.405][D][ldc1314:436]: TRACE,876258,932,933,980
[19:05:34.424][D][ldc1314:436]: TRACE,876272,932,933,980
[19:05:34.515][D][ldc1314:436]: TRACE,876288,932,933,980
[19:05:34.516][D][ldc1314:436]: TRACE,876303,932,933,980
[19:05:34.516][D][ldc1314:436]: TRACE,876314,932,933,980
[19:05:34.516][D][ldc1314:436]: TRACE,876324,932,933,980
[19:05:34.516][D][ldc1314:436]: TRACE,876334,932,933,980
[19:05:34.516][D][ldc1314:436]: TRACE,876345,932,933,980
[19:05:34.516][D][ldc1314:436]: TRACE,876356,932,933,980
[19:05:34.516][D][ldc1314:436]: TRACE,876366,932,933,980
[19:05:34.524][D][ldc1314:436]: TRACE,876377,932,933,980
[19:05:34.539][D][ldc1314:436]: TRACE,876392,932,933,980
[19:05:34.554][D][ldc1314:436]: TRACE,876406,932,933,980
[19:05:34.577][D][ldc1314:436]: TRACE,876425,932,933,980
[19:05:34.586][D][ldc1314:436]: TRACE,876435,932,933,980
[19:05:34.602][D][ldc1314:436]: TRACE,876454,932,933,980
[19:05:34.617][D][ldc1314:436]: TRACE,876469,932,933,980
[19:05:34.633][D][ldc1314:436]: TRACE,876486,932,933,980
[19:05:34.648][D][ldc1314:436]: TRACE,876501,932,933,980
[19:05:34.676][D][ldc1314:436]: TRACE,876515,932,933,980
[19:05:34.676][D][ldc1314:436]: TRACE,876530,932,933,980
[19:05:34.697][D][ldc1314:436]: TRACE,876547,932,933,980
[19:05:34.713][D][ldc1314:436]: TRACE,876566,932,933,980
[19:05:34.728][D][ldc1314:436]: TRACE,876582,932,933,980
[19:05:34.744][D][ldc1314:436]: TRACE,876596,932,933,980
[19:05:34.760][D][ldc1314:436]: TRACE,876611,932,933,980
[19:05:34.777][D][ldc1314:436]: TRACE,876628,932,933,980
[19:05:34.790][D][ldc1314:436]: TRACE,876640,932,933,980
[19:05:34.808][D][ldc1314:436]: TRACE,876660,932,933,980
[19:05:34.823][D][ldc1314:436]: TRACE,876675,932,933,980
[19:05:34.838][D][ldc1314:436]: TRACE,876690,932,933,980
[19:05:34.852][D][ldc1314:436]: TRACE,876705,932,933,980
[19:05:34.877][D][ldc1314:436]: TRACE,876720,932,933,980
[19:05:34.884][D][ldc1314:436]: TRACE,876735,932,933,980
[19:05:34.896][D][ldc1314:436]: TRACE,876747,932,933,980
[19:05:34.917][D][ldc1314:436]: TRACE,876769,932,933,980
[19:05:34.933][D][ldc1314:436]: TRACE,876784,932,933,980
[19:05:34.947][D][ldc1314:436]: TRACE,876801,932,933,980
[19:05:35.039][D][ldc1314:436]: TRACE,876816,932,933,980
[19:05:35.039][D][ldc1314:436]: TRACE,876825,932,933,980
[19:05:35.039][D][ldc1314:436]: TRACE,876835,932,933,980
[19:05:35.039][D][ldc1314:436]: TRACE,876845,932,933,980
[19:05:35.039][D][ldc1314:436]: TRACE,876856,932,933,980
[19:05:35.040][D][ldc1314:436]: TRACE,876866,932,933,980
[19:05:35.040][D][ldc1314:436]: TRACE,876877,932,933,980
[19:05:35.046][D][ldc1314:436]: TRACE,876888,932,933,980
[19:05:35.046][D][ldc1314:436]: TRACE,876899,932,933,980
[19:05:35.060][D][ldc1314:436]: TRACE,876913,932,933,980
[19:05:35.082][D][ldc1314:436]: TRACE,876928,932,933,980
[19:05:35.089][D][ldc1314:436]: TRACE,876940,932,933,980
[19:05:35.101][D][ldc1314:436]: TRACE,876952,932,933,980
[19:05:35.117][D][ldc1314:436]: TRACE,876969,932,933,980
[19:05:35.134][D][ldc1314:436]: TRACE,876986,932,933,980
[19:05:35.146][D][ldc1314:436]: TRACE,877000,932,933,980
[19:05:35.164][D][ldc1314:436]: TRACE,877018,932,933,980
[19:05:35.183][D][ldc1314:436]: TRACE,877033,932,933,980
[19:05:35.192][D][ldc1314:436]: TRACE,877046,932,933,980
[19:05:35.203][D][ldc1314:436]: TRACE,877058,932,933,980
[19:05:35.218][D][ldc1314:436]: TRACE,877072,932,933,980
[19:05:35.235][D][ldc1314:436]: TRACE,877087,932,933,980
[19:05:35.248][D][ldc1314:436]: TRACE,877102,932,933,980
[19:05:35.264][D][ldc1314:436]: TRACE,877117,932,933,980
[19:05:35.286][D][ldc1314:436]: TRACE,877136,932,933,980
[19:05:35.297][D][ldc1314:436]: TRACE,877149,932,933,980
[19:05:35.312][D][ldc1314:436]: TRACE,877165,932,933,980
[19:05:35.327][D][ldc1314:436]: TRACE,877181,932,933,980
[19:05:35.342][D][ldc1314:436]: TRACE,877197,932,933,980
[19:05:35.357][D][ldc1314:436]: TRACE,877209,932,933,980
[19:05:35.372][D][ldc1314:436]: TRACE,877225,932,933,980
[19:05:35.389][D][ldc1314:436]: TRACE,877239,932,933,980
[19:05:35.401][D][ldc1314:436]: TRACE,877255,932,933,980
[19:05:35.417][D][ldc1314:436]: TRACE,877269,932,933,980
[19:05:35.436][D][ldc1314:436]: TRACE,877286,932,933,980
[19:05:35.447][D][ldc1314:436]: TRACE,877300,932,933,980
[19:05:35.462][D][ldc1314:436]: TRACE,877314,932,933,980
[19:05:35.564][D][ldc1314:436]: TRACE,877329,932,933,980
[19:05:35.564][D][ldc1314:436]: TRACE,877344,932,933,980
[19:05:35.564][D][ldc1314:436]: TRACE,877354,932,933,980
[19:05:35.565][D][ldc1314:436]: TRACE,877366,932,933,980
[19:05:35.565][D][ldc1314:436]: TRACE,877379,932,933,980
[19:05:35.565][D][ldc1314:436]: TRACE,877389,932,933,980
[19:05:35.572][D][ldc1314:436]: TRACE,877399,932,933,980
[19:05:35.572][D][ldc1314:436]: TRACE,877409,932,933,980
[19:05:35.572][D][ldc1314:436]: TRACE,877419,932,933,980
[19:05:35.576][D][ldc1314:436]: TRACE,877429,932,933,980
[19:05:35.593][D][ldc1314:436]: TRACE,877446,932,933,980
[19:05:35.605][D][ldc1314:436]: TRACE,877457,932,933,980
[19:05:35.626][D][ldc1314:436]: TRACE,877478,932,933,980
[19:05:35.643][D][ldc1314:436]: TRACE,877493,932,933,980
[19:05:35.655][D][ldc1314:436]: TRACE,877510,932,933,980
[19:05:35.670][D][ldc1314:436]: TRACE,877525,932,933,980
[19:05:35.696][D][ldc1314:436]: TRACE,877539,932,933,980
[19:05:35.704][D][ldc1314:436]: TRACE,877553,932,933,980
[19:05:35.714][D][ldc1314:436]: TRACE,877565,932,933,980
[19:05:35.726][D][ldc1314:436]: TRACE,877578,932,933,980
[19:05:35.748][D][ldc1314:436]: TRACE,877599,932,933,980
[19:05:35.761][D][ldc1314:436]: TRACE,877613,932,933,980
[19:05:35.777][D][ldc1314:436]: TRACE,877630,932,933,980
[19:05:35.798][D][ldc1314:436]: TRACE,877644,932,933,980
[19:05:35.806][D][ldc1314:436]: TRACE,877658,932,933,980
[19:05:35.819][D][ldc1314:436]: TRACE,877670,932,933,980
[19:05:35.833][D][ldc1314:436]: TRACE,877686,932,933,980
[19:05:35.848][D][ldc1314:436]: TRACE,877700,932,933,980
[19:05:35.869][D][ldc1314:436]: TRACE,877721,932,933,980
[19:05:35.883][D][ldc1314:436]: TRACE,877736,932,933,980
[19:05:35.902][D][ldc1314:436]: TRACE,877753,932,933,980
[19:05:35.911][D][ldc1314:436]: TRACE,877763,932,933,980
[19:05:35.926][D][ldc1314:436]: TRACE,877779,932,932,980
[19:05:35.940][D][ldc1314:436]: TRACE,877793,932,932,980
[19:05:35.956][D][ldc1314:436]: TRACE,877808,932,932,980
[19:05:35.976][D][ldc1314:436]: TRACE,877826,932,932,980
[19:05:36.088][D][ldc1314:436]: TRACE,877842,932,932,980
[19:05:36.088][D][ldc1314:436]: TRACE,877859,932,932,980
[19:05:36.088][D][ldc1314:436]: TRACE,877869,932,932,980
[19:05:36.088][D][ldc1314:436]: TRACE,877880,932,932,980
[19:05:36.088][D][ldc1314:436]: TRACE,877890,932,932,980
[19:05:36.088][D][ldc1314:436]: TRACE,877900,932,932,980
[19:05:36.088][D][ldc1314:436]: TRACE,877910,932,932,980
[19:05:36.089][D][ldc1314:436]: TRACE,877920,932,932,980
[19:05:36.089][D][ldc1314:436]: TRACE,877931,932,932,980
[19:05:36.108][D][ldc1314:436]: TRACE,877941,932,932,980
[19:05:36.116][D][ldc1314:436]: TRACE,877953,932,932,980
[19:05:36.116][D][ldc1314:436]: TRACE,877967,932,932,980
[19:05:36.126][D][ldc1314:436]: TRACE,877977,932,932,980
[19:05:36.142][D][ldc1314:436]: TRACE,877993,932,932,980
[19:05:36.158][D][ldc1314:436]: TRACE,878010,932,932,980
[19:05:36.169][D][ldc1314:436]: TRACE,878024,932,932,980
[19:05:36.186][D][ldc1314:436]: TRACE,878038,932,932,980
[19:05:36.209][D][ldc1314:436]: TRACE,878053,932,932,980
[19:05:36.217][D][ldc1314:436]: TRACE,878068,932,932,980
[19:05:36.229][D][ldc1314:436]: TRACE,878081,932,932,980
[19:05:36.246][D][ldc1314:436]: TRACE,878098,932,932,980
[19:05:36.261][D][ldc1314:436]: TRACE,878112,932,932,980
[19:05:36.272][D][ldc1314:436]: TRACE,878126,932,932,980
[19:05:36.289][D][ldc1314:436]: TRACE,878141,932,932,980
[19:05:36.311][D][ldc1314:436]: TRACE,878154,932,932,980
[19:05:36.313][D][ldc1314:436]: TRACE,878169,932,932,980
[19:05:36.335][D][ldc1314:436]: TRACE,878187,932,932,980
[19:05:36.349][D][ldc1314:436]: TRACE,878202,932,932,980
[19:05:36.365][D][ldc1314:436]: TRACE,878217,932,932,980
[19:05:36.382][D][ldc1314:436]: TRACE,878234,932,932,980
[19:05:36.395][D][ldc1314:436]: TRACE,878248,932,932,980
[19:05:36.412][D][ldc1314:436]: TRACE,878263,932,932,980
[19:05:36.425][D][ldc1314:436]: TRACE,878277,932,932,980
[19:05:36.436][D][ldc1314:436]: TRACE,878289,932,932,980
[19:05:36.455][D][ldc1314:436]: TRACE,878308,932,932,980
[19:05:36.471][D][ldc1314:436]: TRACE,878325,932,932,980
[19:05:36.489][D][ldc1314:436]: TRACE,878339,932,932,980
[19:05:36.501][D][ldc1314:436]: TRACE,878356,932,932,980
[19:05:36.612][D][ldc1314:436]: TRACE,878370,932,932,980
[19:05:36.612][D][ldc1314:436]: TRACE,878385,932,932,980
[19:05:36.612][D][ldc1314:436]: TRACE,878398,932,932,980
[19:05:36.613][D][ldc1314:436]: TRACE,878407,932,932,980
[19:05:36.613][D][ldc1314:436]: TRACE,878417,932,932,980
[19:05:36.613][D][ldc1314:436]: TRACE,878428,932,932,980
[19:05:36.613][D][ldc1314:436]: TRACE,878438,932,932,980
[19:05:36.613][D][ldc1314:436]: TRACE,878448,932,932,980
[19:05:36.613][D][ldc1314:436]: TRACE,878458,932,932,980
[19:05:36.623][D][ldc1314:436]: TRACE,878468,932,932,980
[19:05:36.632][D][ldc1314:436]: TRACE,878478,932,932,980
[19:05:36.640][D][ldc1314:436]: TRACE,878492,932,932,980
[19:05:36.653][D][ldc1314:436]: TRACE,878507,932,932,980
[19:05:36.667][D][ldc1314:436]: TRACE,878522,932,932,980
[19:05:36.682][D][ldc1314:436]: TRACE,878535,932,932,980
[19:05:36.700][D][ldc1314:436]: TRACE,878551,932,932,980
[19:05:36.719][D][ldc1314:436]: TRACE,878567,932,932,980
[19:05:36.729][D][ldc1314:436]: TRACE,878580,932,932,980
[19:05:36.744][D][ldc1314:436]: TRACE,878596,932,932,980
[19:05:36.757][D][ldc1314:436]: TRACE,878611,932,932,980
[19:05:36.773][D][ldc1314:436]: TRACE,878625,932,932,980
[19:05:36.787][D][ldc1314:436]: TRACE,878640,932,932,980
[19:05:36.807][D][ldc1314:436]: TRACE,878660,932,932,980
[19:05:36.824][D][ldc1314:436]: TRACE,878675,932,932,980
[19:05:36.835][D][ldc1314:436]: TRACE,878685,932,932,980
[19:05:36.846][D][ldc1314:436]: TRACE,878701,932,932,980
[19:05:36.861][D][ldc1314:436]: TRACE,878714,932,932,980
[19:05:36.877][D][ldc1314:436]: TRACE,878731,932,932,980
[19:05:36.893][D][ldc1314:436]: TRACE,878745,932,932,980
[19:05:36.909][D][ldc1314:436]: TRACE,878764,932,932,980
[19:05:36.927][D][ldc1314:436]: TRACE,878776,932,932,980
[19:05:36.935][D][ldc1314:436]: TRACE,878786,932,932,980
[19:05:36.948][D][ldc1314:436]: TRACE,878802,932,932,980
[19:05:36.964][D][ldc1314:436]: TRACE,878816,932,932,980
[19:05:36.977][D][ldc1314:436]: TRACE,878831,932,932,980
[19:05:36.993][D][ldc1314:436]: TRACE,878845,932,932,980
[19:05:37.008][D][ldc1314:436]: TRACE,878860,932,932,980
[19:05:37.027][D][ldc1314:436]: TRACE,878875,932,932,980
[19:05:37.040][D][ldc1314:436]: TRACE,878891,932,932,980
[19:05:37.136][D][ldc1314:436]: TRACE,878908,932,932,980
[19:05:37.136][D][ldc1314:436]: TRACE,878921,932,932,980
[19:05:37.136][D][ldc1314:436]: TRACE,878931,932,932,980
[19:05:37.136][D][ldc1314:436]: TRACE,878941,932,932,980
[19:05:37.136][D][ldc1314:436]: TRACE,878952,932,932,980
[19:05:37.136][D][ldc1314:436]: TRACE,878962,932,932,980
[19:05:37.136][D][ldc1314:436]: TRACE,878972,932,932,980
[19:05:37.137][D][ldc1314:436]: TRACE,878982,932,932,980
[19:05:37.137][D][ldc1314:436]: TRACE,878992,932,932,980
[19:05:37.151][D][ldc1314:436]: TRACE,879003,932,932,980
[19:05:37.167][D][ldc1314:436]: TRACE,879020,932,932,980
[19:05:37.179][D][ldc1314:436]: TRACE,879032,932,932,980
[19:05:37.194][D][ldc1314:436]: TRACE,879047,932,932,980
[19:05:37.213][D][ldc1314:436]: TRACE,879062,932,932,980
[19:05:37.233][D][ldc1314:436]: TRACE,879077,932,932,980
[19:05:37.233][D][ldc1314:436]: TRACE,879089,932,932,980
[19:05:37.247][D][ldc1314:436]: TRACE,879101,932,932,980
[19:05:37.261][D][ldc1314:436]: TRACE,879115,932,932,980
[19:05:37.281][D][ldc1314:436]: TRACE,879132,932,932,980
[19:05:37.296][D][ldc1314:436]: TRACE,879149,932,932,980
[19:05:37.312][D][ldc1314:436]: TRACE,879163,932,932,980
[19:05:37.332][D][ldc1314:436]: TRACE,879180,932,932,980
[19:05:37.342][D][ldc1314:436]: TRACE,879193,932,932,980
[19:05:37.353][D][ldc1314:436]: TRACE,879208,932,932,980
[19:05:37.368][D][ldc1314:436]: TRACE,879220,932,932,980
[19:05:37.387][D][ldc1314:436]: TRACE,879240,932,932,980
[19:05:37.400][D][ldc1314:436]: TRACE,879254,932,932,980
[19:05:37.416][D][ldc1314:436]: TRACE,879269,932,932,980
[19:05:37.439][D][ldc1314:436]: TRACE,879281,932,932,980
[19:05:37.450][D][ldc1314:436]: TRACE,879295,932,932,980
[19:05:37.459][D][ldc1314:436]: TRACE,879308,932,932,980
[19:05:37.470][D][ldc1314:436]: TRACE,879326,932,932,980
[19:05:37.488][D][ldc1314:436]: TRACE,879338,932,932,980
[19:05:37.505][D][ldc1314:436]: TRACE,879357,932,932,980
[19:05:37.539][D][ldc1314:436]: TRACE,879372,932,932,980
[19:05:37.539][D][ldc1314:436]: TRACE,879395,932,932,980
[19:05:37.553][D][ldc1314:436]: TRACE,879408,932,932,980
[19:05:37.570][D][ldc1314:436]: TRACE,879422,932,932,980
[19:05:37.661][D][ldc1314:436]: TRACE,879436,932,932,980
[19:05:37.661][D][ldc1314:436]: TRACE,879448,932,932,980
[19:05:37.661][D][ldc1314:436]: TRACE,879458,932,932,980
[19:05:37.661][D][ldc1314:436]: TRACE,879469,932,932,980
[19:05:37.661][D][ldc1314:436]: TRACE,879480,932,932,980
[19:05:37.661][D][ldc1314:436]: TRACE,879490,932,932,980
[19:05:37.662][D][ldc1314:436]: TRACE,879500,932,932,980
[19:05:37.669][D][ldc1314:436]: TRACE,879510,932,932,980
[19:05:37.669][D][ldc1314:436]: TRACE,879520,932,932,980
[19:05:37.678][D][ldc1314:436]: TRACE,879530,932,932,980
[19:05:37.693][D][ldc1314:436]: TRACE,879546,932,932,980
[19:05:37.709][D][ldc1314:436]: TRACE,879560,932,932,980
[19:05:37.723][D][ldc1314:436]: TRACE,879575,932,932,980
[19:05:37.745][D][ldc1314:436]: TRACE,879596,932,932,980
[19:05:37.756][D][ldc1314:436]: TRACE,879607,932,932,980
[19:05:37.776][D][ldc1314:436]: TRACE,879625,932,932,980
[19:05:37.785][D][ldc1314:436]: TRACE,879639,932,932,980
[19:05:37.799][D][ldc1314:436]: TRACE,879652,932,932,980
[19:05:37.815][D][ldc1314:436]: TRACE,879667,932,932,980
[19:05:37.831][D][ldc1314:436]: TRACE,879683,932,932,980
[19:05:37.846][D][ldc1314:436]: TRACE,879698,932,932,980
[19:05:37.859][D][ldc1314:436]: TRACE,879711,932,932,980
[19:05:37.875][D][ldc1314:436]: TRACE,879728,932,932,980
[19:05:37.892][D][ldc1314:436]: TRACE,879743,932,932,980
[19:05:37.906][D][ldc1314:436]: TRACE,879759,932,932,980
[19:05:37.922][D][ldc1314:436]: TRACE,879774,932,932,980
[19:05:37.946][D][ldc1314:436]: TRACE,879789,932,932,980
[19:05:37.957][D][ldc1314:436]: TRACE,879803,932,932,980
[19:05:37.960][D][ldc1314:436]: TRACE,879815,932,932,980
[19:05:37.982][D][ldc1314:436]: TRACE,879832,932,932,980
[19:05:37.995][D][ldc1314:436]: TRACE,879847,932,932,980
[19:05:38.009][D][ldc1314:436]: TRACE,879861,932,932,980
[19:05:38.025][D][ldc1314:436]: TRACE,879878,932,932,980
[19:05:38.051][D][ldc1314:436]: TRACE,879893,932,932,980
[19:05:38.059][D][ldc1314:436]: TRACE,879908,932,932,980
[19:05:38.066][D][ldc1314:436]: TRACE,879918,932,932,980
[19:05:38.081][D][ldc1314:436]: TRACE,879934,932,932,980
[19:05:38.184][D][ldc1314:436]: TRACE,879952,932,932,980
[19:05:38.185][D][ldc1314:436]: TRACE,879967,932,932,980
[19:05:38.185][D][ldc1314:436]: TRACE,879976,932,932,980
[19:05:38.185][D][ldc1314:436]: TRACE,879986,932,932,980
[19:05:38.185][D][ldc1314:436]: TRACE,879996,932,932,980
[19:05:38.185][D][ldc1314:436]: TRACE,880008,932,932,980
[19:05:38.185][D][ldc1314:436]: TRACE,880018,932,932,980
[19:05:38.185][D][ldc1314:436]: TRACE,880028,932,932,980
[19:05:38.192][D][ldc1314:436]: TRACE,880038,932,932,980
[19:05:38.197][D][ldc1314:436]: TRACE,880048,932,932,980
[19:05:38.215][D][ldc1314:436]: TRACE,880063,932,932,980
[19:05:38.226][D][ldc1314:436]: TRACE,880079,932,932,980
[19:05:38.240][D][ldc1314:436]: TRACE,880093,932,932,980
[19:05:38.256][D][ldc1314:436]: TRACE,880108,932,932,980
[19:05:38.268][D][ldc1314:436]: TRACE,880119,932,932,980
[19:05:38.283][D][ldc1314:436]: TRACE,880136,932,932,980
[19:05:38.299][D][ldc1314:436]: TRACE,880150,932,932,980
[19:05:38.321][D][ldc1314:436]: TRACE,880170,932,932,980
[19:05:38.336][D][ldc1314:436]: TRACE,880188,932,932,980
[19:05:38.356][D][ldc1314:436]: TRACE,880205,932,932,980
[19:05:38.366][D][ldc1314:436]: TRACE,880221,932,932,980
[19:05:38.379][D][ldc1314:436]: TRACE,880233,932,932,980
[19:05:38.400][D][ldc1314:436]: TRACE,880248,932,932,980
[19:05:38.406][D][ldc1314:436]: TRACE,880262,932,932,980
[19:05:38.425][D][ldc1314:436]: TRACE,880277,932,932,980
[19:05:38.439][D][ldc1314:436]: TRACE,880292,932,932,980
[19:05:38.458][D][ldc1314:436]: TRACE,880307,932,932,980
[19:05:38.469][D][ldc1314:436]: TRACE,880320,932,932,980
[19:05:38.485][D][ldc1314:436]: TRACE,880336,932,932,980
[19:05:38.496][D][ldc1314:436]: TRACE,880348,932,932,980
[19:05:38.512][D][ldc1314:436]: TRACE,880363,932,932,980
[19:05:38.539][D][ldc1314:436]: TRACE,880385,932,932,980
[19:05:38.560][D][ldc1314:436]: TRACE,880409,932,932,980
[19:05:38.571][D][ldc1314:436]: TRACE,880423,932,932,980
[19:05:38.584][D][ldc1314:436]: TRACE,880438,932,932,980
[19:05:38.600][D][ldc1314:436]: TRACE,880453,932,932,980
[19:05:38.616][D][ldc1314:436]: TRACE,880468,932,932,980
[19:05:38.710][D][ldc1314:436]: TRACE,880483,932,932,980
[19:05:38.711][D][ldc1314:436]: TRACE,880505,932,932,980
[19:05:38.711][D][ldc1314:436]: TRACE,880514,932,932,980
[19:05:38.711][D][ldc1314:436]: TRACE,880524,932,932,980
[19:05:38.711][D][ldc1314:436]: TRACE,880534,932,932,980
[19:05:38.716][D][ldc1314:436]: TRACE,880544,932,932,980
[19:05:38.716][D][ldc1314:436]: TRACE,880555,932,932,980
[19:05:38.716][D][ldc1314:436]: TRACE,880565,932,932,980
[19:05:38.722][D][ldc1314:436]: TRACE,880575,932,932,980
[19:05:38.738][D][ldc1314:436]: TRACE,880592,932,932,980
[19:05:38.753][D][ldc1314:436]: TRACE,880605,932,932,980
[19:05:38.779][D][ldc1314:436]: TRACE,880624,932,932,980
[19:05:38.790][D][ldc1314:436]: TRACE,880638,932,932,980
[19:05:38.800][D][ldc1314:436]: TRACE,880651,932,932,980
[19:05:38.814][D][ldc1314:436]: TRACE,880664,932,932,980
[19:05:38.829][D][ldc1314:436]: TRACE,880681,932,932,980
[19:05:38.843][D][ldc1314:436]: TRACE,880696,932,932,980
[19:05:38.871][D][ldc1314:436]: TRACE,880712,932,932,980
[19:05:38.888][D][ldc1314:436]: TRACE,880732,932,932,980
[19:05:38.897][D][ldc1314:436]: TRACE,880749,932,932,980
[19:05:38.911][D][ldc1314:436]: TRACE,880764,932,932,980
[19:05:38.927][D][ldc1314:436]: TRACE,880778,932,932,980
[19:05:38.938][D][ldc1314:436]: TRACE,880793,932,932,980
[19:05:38.957][D][ldc1314:436]: TRACE,880805,932,932,980
[19:05:38.984][D][ldc1314:436]: TRACE,880820,932,932,980
[19:05:39.001][D][ldc1314:436]: TRACE,880837,932,932,980
[19:05:39.001][D][ldc1314:436]: TRACE,880848,932,932,980
[19:05:39.007][D][ldc1314:436]: TRACE,880858,932,932,980
[19:05:39.019][D][ldc1314:436]: TRACE,880870,932,932,980
[19:05:39.033][D][ldc1314:436]: TRACE,880888,932,932,980
[19:05:39.049][D][ldc1314:436]: TRACE,880901,932,932,980
[19:05:39.078][D][ldc1314:436]: TRACE,880915,932,932,980
[19:05:39.078][D][ldc1314:436]: TRACE,880931,932,932,980
[19:05:39.088][D][ldc1314:436]: TRACE,880942,932,932,980
[19:05:39.106][D][ldc1314:436]: TRACE,880958,932,932,980
[19:05:39.119][D][ldc1314:436]: TRACE,880973,932,932,980
[19:05:39.133][D][ldc1314:436]: TRACE,880988,932,932,980
[19:05:39.235][D][ldc1314:436]: TRACE,881002,932,932,980
[19:05:39.235][D][ldc1314:436]: TRACE,881014,932,932,980
[19:05:39.235][D][ldc1314:436]: TRACE,881025,932,932,980
[19:05:39.235][D][ldc1314:436]: TRACE,881035,932,932,980
[19:05:39.235][D][ldc1314:436]: TRACE,881046,932,932,980
[19:05:39.235][D][ldc1314:436]: TRACE,881056,932,932,980
[19:05:39.235][D][ldc1314:436]: TRACE,881067,932,932,980
[19:05:39.242][D][ldc1314:436]: TRACE,881077,932,932,980
[19:05:39.243][D][ldc1314:436]: TRACE,881089,932,932,980
[19:05:39.251][D][ldc1314:436]: TRACE,881098,932,932,980
[19:05:39.263][D][ldc1314:436]: TRACE,881112,932,932,980
[19:05:39.283][D][ldc1314:436]: TRACE,881129,932,932,980
[19:05:39.297][D][ldc1314:436]: TRACE,881142,932,932,980
[19:05:39.305][D][ldc1314:436]: TRACE,881156,932,932,980
[19:05:39.316][D][ldc1314:436]: TRACE,881168,932,932,980
[19:05:39.336][D][ldc1314:436]: TRACE,881189,932,932,980
[19:05:39.350][D][ldc1314:436]: TRACE,881203,932,932,980
[19:05:39.367][D][ldc1314:436]: TRACE,881218,932,932,980
[19:05:39.382][D][ldc1314:436]: TRACE,881234,932,932,980
[19:05:39.393][D][ldc1314:436]: TRACE,881246,932,932,980
[19:05:39.406][D][ldc1314:436]: TRACE,881260,932,932,980
[19:05:39.420][D][ldc1314:436]: TRACE,881273,932,932,980
[19:05:39.433][D][ldc1314:436]: TRACE,881287,932,932,980
[19:05:39.448][D][ldc1314:436]: TRACE,881300,932,932,980
[19:05:39.470][D][ldc1314:436]: TRACE,881319,932,932,980
[19:05:39.484][D][ldc1314:436]: TRACE,881339,932,932,980
[19:05:39.496][D][ldc1314:436]: TRACE,881349,932,932,980
[19:05:39.511][D][ldc1314:436]: TRACE,881363,932,932,980
[19:05:39.525][D][ldc1314:436]: TRACE,881378,932,932,980
[19:05:39.544][D][ldc1314:436]: TRACE,881389,932,932,980
[19:05:39.557][D][ldc1314:436]: TRACE,881411,932,932,980
[19:05:39.584][D][ldc1314:436]: TRACE,881427,932,932,980
[19:05:39.592][D][ldc1314:436]: TRACE,881444,932,932,980
[19:05:39.605][D][ldc1314:436]: TRACE,881460,932,932,980
[19:05:39.619][D][ldc1314:436]: TRACE,881472,932,932,980
[19:05:39.636][D][ldc1314:436]: TRACE,881488,932,932,980
[19:05:39.649][D][ldc1314:436]: TRACE,881502,932,932,980
[19:05:39.665][D][ldc1314:436]: TRACE,881517,932,932,980
[19:05:39.769][D][ldc1314:436]: TRACE,881531,932,932,980
[19:05:39.769][D][ldc1314:436]: TRACE,881546,932,932,980
[19:05:39.769][D][ldc1314:436]: TRACE,881558,932,932,980
[19:05:39.769][D][ldc1314:436]: TRACE,881568,932,932,980
[19:05:39.769][D][ldc1314:436]: TRACE,881578,932,932,980
[19:05:39.769][D][ldc1314:436]: TRACE,881588,932,932,980
[19:05:39.769][D][ldc1314:436]: TRACE,881599,932,932,980
[19:05:39.769][D][ldc1314:436]: TRACE,881609,932,932,980
[19:05:39.769][D][ldc1314:436]: TRACE,881619,932,932,980
[19:05:39.800][D][ldc1314:436]: TRACE,881630,932,932,980
[19:05:39.801][D][ldc1314:436]: TRACE,881641,932,932,980
[19:05:39.807][D][ldc1314:436]: TRACE,881656,932,932,980
[19:05:39.818][D][ldc1314:436]: TRACE,881666,932,932,980
[19:05:39.831][D][ldc1314:436]: TRACE,881679,932,932,980
[19:05:39.837][D][ldc1314:436]: TRACE,881691,932,932,980
[19:05:39.850][D][ldc1314:436]: TRACE,881704,932,932,980
[19:05:39.863][D][ldc1314:436]: TRACE,881716,932,932,980
[19:05:39.876][D][ldc1314:436]: TRACE,881726,932,932,980
[19:05:39.891][D][ldc1314:436]: TRACE,881738,932,932,980
[19:05:39.905][D][ldc1314:436]: TRACE,881752,932,932,980
[19:05:39.913][D][ldc1314:436]: TRACE,881765,932,932,981
[19:05:39.933][D][ldc1314:436]: TRACE,881786,932,932,980
[19:05:39.947][D][ldc1314:436]: TRACE,881800,932,932,980
[19:05:39.962][D][ldc1314:436]: TRACE,881814,932,932,980
[19:05:39.978][D][ldc1314:436]: TRACE,881829,932,932,980
[19:05:39.995][D][ldc1314:436]: TRACE,881847,932,932,980
[19:05:40.008][D][ldc1314:436]: TRACE,881857,932,932,980
[19:05:40.023][D][ldc1314:436]: TRACE,881873,932,932,980
[19:05:40.042][D][ldc1314:436]: TRACE,881894,932,932,981
[19:05:40.056][D][ldc1314:436]: TRACE,881909,932,932,980
[19:05:40.074][D][ldc1314:436]: TRACE,881925,932,932,981
[19:05:40.096][D][ldc1314:436]: TRACE,881940,932,932,981
[19:05:40.103][D][ldc1314:436]: TRACE,881954,932,932,981
[19:05:40.112][D][ldc1314:436]: TRACE,881965,932,932,981
[19:05:40.128][D][ldc1314:436]: TRACE,881980,932,932,981
[19:05:40.143][D][ldc1314:436]: TRACE,881995,932,932,981
[19:05:40.162][D][ldc1314:436]: TRACE,882013,932,932,981
[19:05:40.177][D][ldc1314:436]: TRACE,882029,932,932,981
[19:05:40.282][D][ldc1314:436]: TRACE,882044,932,932,981
[19:05:40.282][D][ldc1314:436]: TRACE,882059,932,932,981
[19:05:40.282][D][ldc1314:436]: TRACE,882069,932,932,981
[19:05:40.283][D][ldc1314:436]: TRACE,882080,932,932,981
[19:05:40.283][D][ldc1314:436]: TRACE,882090,932,932,981
[19:05:40.283][D][ldc1314:436]: TRACE,882101,932,932,981
[19:05:40.283][D][ldc1314:436]: TRACE,882111,932,932,981
[19:05:40.301][D][ldc1314:436]: TRACE,882122,932,932,981
[19:05:40.301][D][ldc1314:436]: TRACE,882133,932,932,981
[19:05:40.301][D][ldc1314:436]: TRACE,882143,932,932,981
[19:05:40.301][D][ldc1314:436]: TRACE,882156,932,932,981
[19:05:40.315][D][ldc1314:436]: TRACE,882167,932,932,981
[19:05:40.330][D][ldc1314:436]: TRACE,882182,932,932,981
[19:05:40.344][D][ldc1314:436]: TRACE,882197,932,932,981
[19:05:40.360][D][ldc1314:436]: TRACE,882212,932,932,981
[19:05:40.376][D][ldc1314:436]: TRACE,882226,932,932,981
[19:05:40.407][D][ldc1314:436]: TRACE,882247,932,932,981
[19:05:40.415][D][ldc1314:436]: TRACE,882261,932,932,981
[19:05:40.422][D][ldc1314:436]: TRACE,882272,932,932,981
[19:05:40.432][D][ldc1314:436]: TRACE,882283,932,932,981
[19:05:40.451][D][ldc1314:436]: TRACE,882299,932,932,981
[19:05:40.461][D][ldc1314:436]: TRACE,882315,932,932,981
[19:05:40.476][D][ldc1314:436]: TRACE,882328,932,932,981
[19:05:40.490][D][ldc1314:436]: TRACE,882343,932,932,981
[19:05:40.505][D][ldc1314:436]: TRACE,882357,932,932,981
[19:05:40.519][D][ldc1314:436]: TRACE,882372,932,932,981
[19:05:40.533][D][ldc1314:436]: TRACE,882388,932,932,981
[19:05:40.552][D][ldc1314:436]: TRACE,882400,932,932,981
[19:05:40.568][D][ldc1314:436]: TRACE,882421,932,932,981
[19:05:40.580][D][ldc1314:436]: TRACE,882435,932,932,981
[19:05:40.607][D][ldc1314:436]: TRACE,882450,932,932,981
[19:05:40.610][D][ldc1314:436]: TRACE,882464,932,932,981
[19:05:40.629][D][ldc1314:436]: TRACE,882478,932,932,981
[19:05:40.645][D][ldc1314:436]: TRACE,882497,932,932,981
[19:05:40.655][D][ldc1314:436]: TRACE,882510,932,932,981
[19:05:40.671][D][ldc1314:436]: TRACE,882524,932,932,981
[19:05:40.686][D][ldc1314:436]: TRACE,882539,932,932,981
[19:05:40.710][D][ldc1314:436]: TRACE,882555,932,932,981
[19:05:40.807][D][ldc1314:436]: TRACE,882568,932,932,981
[19:05:40.807][D][ldc1314:436]: TRACE,882588,932,932,981
[19:05:40.807][D][ldc1314:436]: TRACE,882596,932,932,981
[19:05:40.807][D][ldc1314:436]: TRACE,882606,932,932,981
[19:05:40.807][D][ldc1314:436]: TRACE,882616,932,932,981
[19:05:40.808][D][ldc1314:436]: TRACE,882626,932,932,981
[19:05:40.808][D][ldc1314:436]: TRACE,882636,932,932,981
[19:05:40.808][D][ldc1314:436]: TRACE,882646,932,932,981
[19:05:40.808][D][ldc1314:436]: TRACE,882656,932,932,981
[19:05:40.816][D][ldc1314:436]: TRACE,882667,932,932,981
[19:05:40.828][D][ldc1314:436]: TRACE,882677,932,932,981
[19:05:40.845][D][ldc1314:436]: TRACE,882697,932,932,981
[19:05:40.860][D][ldc1314:436]: TRACE,882712,932,932,981
[19:05:40.874][D][ldc1314:436]: TRACE,882727,932,932,981
[19:05:40.889][D][ldc1314:436]: TRACE,882742,932,932,981
[19:05:40.925][D][ldc1314:436]: TRACE,882757,932,932,981
[19:05:40.938][D][ldc1314:436]: TRACE,882772,932,932,981
[19:05:40.938][D][ldc1314:436]: TRACE,882781,932,932,981
[19:05:40.938][D][ldc1314:436]: TRACE,882792,932,932,981
[19:05:40.956][D][ldc1314:436]: TRACE,882803,932,932,981
[19:05:40.963][D][ldc1314:436]: TRACE,882813,932,932,981
[19:05:40.974][D][ldc1314:436]: TRACE,882825,932,932,981
[19:05:40.990][D][ldc1314:436]: TRACE,882840,932,932,981
[19:05:41.018][D][ldc1314:436]: TRACE,882857,932,932,981
[19:05:41.025][D][ldc1314:436]: TRACE,882872,932,932,981
[19:05:41.036][D][ldc1314:436]: TRACE,882884,932,932,981
[19:05:41.049][D][ldc1314:436]: TRACE,882900,932,932,981
[19:05:41.068][D][ldc1314:436]: TRACE,882922,932,932,981
[19:05:41.100][D][ldc1314:436]: TRACE,882937,932,932,981
[19:05:41.101][D][ldc1314:436]: TRACE,882948,932,932,981
[19:05:41.101][D][ldc1314:436]: TRACE,882958,932,932,981
[19:05:41.120][D][ldc1314:436]: TRACE,882970,932,932,981
[19:05:41.132][D][ldc1314:436]: TRACE,882982,932,932,981
[19:05:41.146][D][ldc1314:436]: TRACE,882994,932,932,981
[19:05:41.159][D][ldc1314:436]: TRACE,883006,932,932,981
[19:05:41.169][D][ldc1314:436]: TRACE,883021,932,932,981
[19:05:41.181][D][ldc1314:436]: TRACE,883034,932,932,981
[19:05:41.202][D][ldc1314:436]: TRACE,883049,932,932,981
[19:05:41.223][D][ldc1314:436]: TRACE,883065,932,932,981
[19:05:41.230][D][ldc1314:436]: TRACE,883078,932,932,981
[19:05:41.236][D][ldc1314:436]: TRACE,883087,932,932,981
[19:05:41.331][D][ldc1314:436]: TRACE,883102,932,932,981
[19:05:41.331][D][ldc1314:436]: TRACE,883115,932,931,981
[19:05:41.331][D][ldc1314:436]: TRACE,883126,932,932,981
[19:05:41.331][D][ldc1314:436]: TRACE,883136,932,932,981
[19:05:41.331][D][ldc1314:436]: TRACE,883146,932,932,981
[19:05:41.331][D][ldc1314:436]: TRACE,883156,932,932,981
[19:05:41.339][D][ldc1314:436]: TRACE,883167,932,932,981
[19:05:41.339][D][ldc1314:436]: TRACE,883177,932,932,981
[19:05:41.339][D][ldc1314:436]: TRACE,883187,932,932,981
[19:05:41.347][D][ldc1314:436]: TRACE,883197,932,932,981
[19:05:41.361][D][ldc1314:436]: TRACE,883214,932,932,981
[19:05:41.374][D][ldc1314:436]: TRACE,883228,932,932,981
[19:05:41.388][D][ldc1314:436]: TRACE,883241,932,932,981
[19:05:41.402][D][ldc1314:436]: TRACE,883256,932,932,981
[19:05:41.426][D][ldc1314:436]: TRACE,883273,932,931,981
[19:05:41.457][D][ldc1314:436]: TRACE,883288,932,931,981
[19:05:41.457][D][ldc1314:436]: TRACE,883302,932,931,981
[19:05:41.457][D][ldc1314:436]: TRACE,883314,932,931,981
[19:05:41.469][D][ldc1314:436]: TRACE,883323,932,931,981
[19:05:41.484][D][ldc1314:436]: TRACE,883337,932,932,981
[19:05:41.498][D][ldc1314:436]: TRACE,883352,932,931,981
[19:05:41.514][D][ldc1314:436]: TRACE,883366,932,931,981
[19:05:41.537][D][ldc1314:436]: TRACE,883385,932,931,981
[19:05:41.547][D][ldc1314:436]: TRACE,883395,932,931,981
[19:05:41.567][D][ldc1314:436]: TRACE,883415,932,931,981
[19:05:41.582][D][ldc1314:436]: TRACE,883435,932,931,981
[19:05:41.597][D][ldc1314:436]: TRACE,883450,932,931,981
[19:05:41.612][D][ldc1314:436]: TRACE,883465,932,931,981
[19:05:41.632][D][ldc1314:436]: TRACE,883479,932,931,981
[19:05:41.646][D][ldc1314:436]: TRACE,883496,932,931,981
[19:05:41.658][D][ldc1314:436]: TRACE,883512,932,932,981
[19:05:41.671][D][ldc1314:436]: TRACE,883527,932,932,981
[19:05:41.688][D][ldc1314:436]: TRACE,883539,932,932,981
[19:05:41.705][D][ldc1314:436]: TRACE,883556,932,932,981
[19:05:41.732][D][ldc1314:436]: TRACE,883572,932,932,981
[19:05:41.738][D][ldc1314:436]: TRACE,883588,932,932,981
[19:05:41.750][D][ldc1314:436]: TRACE,883602,932,932,981
[19:05:41.765][D][ldc1314:436]: TRACE,883617,932,932,981
[19:05:41.854][D][ldc1314:436]: TRACE,883633,932,932,981
[19:05:41.854][D][ldc1314:436]: TRACE,883643,932,932,981
[19:05:41.854][D][ldc1314:436]: TRACE,883653,932,932,981
[19:05:41.854][D][ldc1314:436]: TRACE,883664,932,932,981
[19:05:41.855][D][ldc1314:436]: TRACE,883674,932,932,981
[19:05:41.855][D][ldc1314:436]: TRACE,883684,932,932,981
[19:05:41.855][D][ldc1314:436]: TRACE,883694,932,932,981
[19:05:41.855][D][ldc1314:436]: TRACE,883705,932,932,981
[19:05:41.866][D][ldc1314:436]: TRACE,883717,932,932,981
[19:05:41.881][D][ldc1314:436]: TRACE,883734,932,932,981
[19:05:41.897][D][ldc1314:436]: TRACE,883748,932,932,981
[19:05:41.912][D][ldc1314:436]: TRACE,883764,932,932,981
[19:05:41.938][D][ldc1314:436]: TRACE,883779,932,932,981
[19:05:41.948][D][ldc1314:436]: TRACE,883796,932,932,981
[19:05:41.954][D][ldc1314:436]: TRACE,883806,932,931,981
[19:05:41.971][D][ldc1314:436]: TRACE,883820,932,932,981
[19:05:41.986][D][ldc1314:436]: TRACE,883838,932,932,981
[19:05:41.999][D][ldc1314:436]: TRACE,883852,932,931,981
[19:05:42.014][D][ldc1314:436]: TRACE,883867,932,931,981
[19:05:42.040][D][ldc1314:436]: TRACE,883881,932,932,981
[19:05:42.049][D][ldc1314:436]: TRACE,883896,932,932,981
[19:05:42.060][D][ldc1314:436]: TRACE,883908,932,932,981
[19:05:42.077][D][ldc1314:436]: TRACE,883928,932,932,981
[19:05:42.089][D][ldc1314:436]: TRACE,883943,932,932,981
[19:05:42.106][D][ldc1314:436]: TRACE,883957,932,932,981
[19:05:42.120][D][ldc1314:436]: TRACE,883972,932,932,981
[19:05:42.142][D][ldc1314:436]: TRACE,883987,932,931,981
[19:05:42.149][D][ldc1314:436]: TRACE,884000,932,931,981
[19:05:42.159][D][ldc1314:436]: TRACE,884012,932,931,981
[19:05:42.179][D][ldc1314:436]: TRACE,884026,932,931,981
[19:05:42.190][D][ldc1314:436]: TRACE,884044,932,931,981
[19:05:42.203][D][ldc1314:436]: TRACE,884054,932,931,981
[19:05:42.219][D][ldc1314:436]: TRACE,884072,932,931,981
[19:05:42.233][D][ldc1314:436]: TRACE,884086,932,931,981
[19:05:42.247][D][ldc1314:436]: TRACE,884101,932,931,981
[19:05:42.261][D][ldc1314:436]: TRACE,884111,932,931,981
[19:05:42.272][D][ldc1314:436]: TRACE,884126,932,931,981
[19:05:42.288][D][ldc1314:436]: TRACE,884140,932,931,981
[19:05:42.379][D][ldc1314:436]: TRACE,884157,932,931,981
[19:05:42.379][D][ldc1314:436]: TRACE,884167,932,931,981
[19:05:42.379][D][ldc1314:436]: TRACE,884177,932,931,981
[19:05:42.379][D][ldc1314:436]: TRACE,884187,932,931,981
[19:05:42.379][D][ldc1314:436]: TRACE,884198,932,931,981
[19:05:42.379][D][ldc1314:436]: TRACE,884208,932,931,981
[19:05:42.380][D][ldc1314:436]: TRACE,884218,932,931,981
[19:05:42.380][D][ldc1314:436]: TRACE,884228,932,931,981
[19:05:42.390][D][ldc1314:436]: TRACE,884239,932,931,981
[19:05:42.397][D][ldc1314:436]: TRACE,884250,932,931,981
[19:05:42.414][D][ldc1314:436]: TRACE,884268,932,931,981
[19:05:42.429][D][ldc1314:436]: TRACE,884282,932,931,981
[19:05:42.450][D][ldc1314:436]: TRACE,884296,932,931,981
[19:05:42.457][D][ldc1314:436]: TRACE,884312,932,931,981
[19:05:42.469][D][ldc1314:436]: TRACE,884324,932,931,981
[19:05:42.483][D][ldc1314:436]: TRACE,884336,932,931,981
[19:05:42.495][D][ldc1314:436]: TRACE,884351,932,931,981
[19:05:42.509][D][ldc1314:436]: TRACE,884363,932,931,981
[19:05:42.530][D][ldc1314:436]: TRACE,884377,932,931,981
[19:05:42.554][D][ldc1314:436]: TRACE,884394,932,931,981
[19:05:42.570][D][ldc1314:436]: TRACE,884410,932,931,981
[19:05:42.578][D][ldc1314:436]: TRACE,884422,932,931,981
[19:05:42.588][D][ldc1314:436]: TRACE,884439,932,931,981
[19:05:42.606][D][ldc1314:436]: TRACE,884448,932,931,981
[19:05:42.606][D][ldc1314:436]: TRACE,884461,932,931,981
[19:05:42.616][D][ldc1314:436]: TRACE,884473,932,931,981
[19:05:42.631][D][ldc1314:436]: TRACE,884483,932,931,981
[19:05:42.661][D][ldc1314:436]: TRACE,884496,932,931,981
[19:05:42.672][D][ldc1314:436]: TRACE,884510,932,931,981
[19:05:42.678][D][ldc1314:436]: TRACE,884520,932,932,981
[19:05:42.686][D][ldc1314:436]: TRACE,884538,932,932,981
[19:05:42.698][D][ldc1314:436]: TRACE,884550,932,932,981
[19:05:42.712][D][ldc1314:436]: TRACE,884568,932,932,981
[19:05:42.729][D][ldc1314:436]: TRACE,884580,932,932,981
[19:05:42.745][D][ldc1314:436]: TRACE,884597,932,932,981
[19:05:42.758][D][ldc1314:436]: TRACE,884612,932,932,981
[19:05:42.776][D][ldc1314:436]: TRACE,884629,932,932,981
[19:05:42.790][D][ldc1314:436]: TRACE,884644,932,932,981
[19:05:42.804][D][ldc1314:436]: TRACE,884656,932,932,981
[19:05:42.906][D][ldc1314:436]: TRACE,884673,932,932,981
[19:05:42.906][D][ldc1314:436]: TRACE,884686,932,932,981
[19:05:42.906][D][ldc1314:436]: TRACE,884696,932,932,981
[19:05:42.906][D][ldc1314:436]: TRACE,884706,932,932,981
[19:05:42.906][D][ldc1314:436]: TRACE,884717,932,932,981
[19:05:42.906][D][ldc1314:436]: TRACE,884729,932,932,981
[19:05:42.920][D][ldc1314:436]: TRACE,884741,932,932,981
[19:05:42.920][D][ldc1314:436]: TRACE,884751,932,932,981
[19:05:42.920][D][ldc1314:436]: TRACE,884761,932,932,981
[19:05:42.920][D][ldc1314:436]: TRACE,884772,932,932,981
[19:05:42.930][D][ldc1314:436]: TRACE,884785,932,932,981
[19:05:42.949][D][ldc1314:436]: TRACE,884796,932,932,981
[19:05:42.964][D][ldc1314:436]: TRACE,884812,932,932,981
[19:05:42.972][D][ldc1314:436]: TRACE,884824,932,932,981
[19:05:42.984][D][ldc1314:436]: TRACE,884838,932,932,981
[19:05:43.002][D][ldc1314:436]: TRACE,884852,932,932,981
[19:05:43.019][D][ldc1314:436]: TRACE,884870,932,932,981
[19:05:43.034][D][ldc1314:436]: TRACE,884885,932,932,981
[19:05:43.048][D][ldc1314:436]: TRACE,884902,932,932,981
[19:05:43.064][D][ldc1314:436]: TRACE,884917,932,932,981
[19:05:43.080][D][ldc1314:436]: TRACE,884927,932,932,981
[19:05:43.092][D][ldc1314:436]: TRACE,884944,932,932,981
[19:05:43.102][D][ldc1314:436]: TRACE,884957,932,932,981
[19:05:43.120][D][ldc1314:436]: TRACE,884969,932,932,981
[19:05:43.130][D][ldc1314:436]: TRACE,884984,932,932,981
[19:05:43.154][D][ldc1314:436]: TRACE,885003,932,932,981
[19:05:43.169][D][ldc1314:436]: TRACE,885017,932,932,981
[19:05:43.179][D][ldc1314:436]: TRACE,885026,932,932,981
[19:05:43.190][D][ldc1314:436]: TRACE,885039,932,932,981
[19:05:43.200][D][ldc1314:436]: TRACE,885054,932,932,981
[19:05:43.217][D][ldc1314:436]: TRACE,885067,932,932,981
[19:05:43.228][D][ldc1314:436]: TRACE,885081,932,932,981
[19:05:43.243][D][ldc1314:436]: TRACE,885095,932,932,981
[19:05:43.268][D][ldc1314:436]: TRACE,885115,932,932,981
[19:05:43.294][D][ldc1314:436]: TRACE,885128,932,932,981
[19:05:43.294][D][ldc1314:436]: TRACE,885140,932,932,981
[19:05:43.305][D][ldc1314:436]: TRACE,885150,932,932,981
[19:05:43.311][D][ldc1314:436]: TRACE,885164,932,932,981
[19:05:43.323][D][ldc1314:436]: TRACE,885173,932,932,981
[19:05:43.431][D][ldc1314:436]: TRACE,885189,932,932,981
[19:05:43.431][D][ldc1314:436]: TRACE,885204,932,932,981
[19:05:43.431][D][ldc1314:436]: TRACE,885214,932,932,981
[19:05:43.431][D][ldc1314:436]: TRACE,885225,932,932,981
[19:05:43.432][D][ldc1314:436]: TRACE,885237,932,932,981
[19:05:43.432][D][ldc1314:436]: TRACE,885248,932,932,981
[19:05:43.432][D][ldc1314:436]: TRACE,885258,932,932,981
[19:05:43.432][D][ldc1314:436]: TRACE,885268,932,932,981
[19:05:43.441][D][ldc1314:436]: TRACE,885278,932,932,981
[19:05:43.442][D][ldc1314:436]: TRACE,885288,932,932,981
[19:05:43.451][D][ldc1314:436]: TRACE,885299,932,932,981
[19:05:43.461][D][ldc1314:436]: TRACE,885312,932,932,981
[19:05:43.478][D][ldc1314:436]: TRACE,885327,932,932,981
[19:05:43.494][D][ldc1314:436]: TRACE,885337,932,932,981
[19:05:43.511][D][ldc1314:436]: TRACE,885352,932,932,981
[19:05:43.518][D][ldc1314:436]: TRACE,885363,932,932,981
[19:05:43.526][D][ldc1314:436]: TRACE,885376,932,932,981
[19:05:43.537][D][ldc1314:436]: TRACE,885388,932,932,981
[19:05:43.552][D][ldc1314:436]: TRACE,885403,932,932,981
[19:05:43.574][D][ldc1314:436]: TRACE,885420,932,932,981
[19:05:43.584][D][ldc1314:436]: TRACE,885433,932,932,981
[19:05:43.597][D][ldc1314:436]: TRACE,885451,932,932,981
[19:05:43.612][D][ldc1314:436]: TRACE,885464,932,932,981
[19:05:43.632][D][ldc1314:436]: TRACE,885485,932,932,981
[19:05:43.650][D][ldc1314:436]: TRACE,885500,932,932,981
[19:05:43.661][D][ldc1314:436]: TRACE,885516,932,932,981
[19:05:43.677][D][ldc1314:436]: TRACE,885529,932,932,981
[19:05:43.691][D][ldc1314:436]: TRACE,885542,932,932,981
[19:05:43.708][D][ldc1314:436]: TRACE,885557,932,932,981
[19:05:43.722][D][ldc1314:436]: TRACE,885572,932,932,981
[19:05:43.739][D][ldc1314:436]: TRACE,885591,932,932,981
[19:05:43.754][D][ldc1314:436]: TRACE,885607,932,932,981
[19:05:43.821][D][ldc1314:436]: TRACE,885624,932,932,981
[19:05:43.821][D][ldc1314:436]: TRACE,885638,932,932,981
[19:05:43.823][D][ldc1314:436]: TRACE,885649,932,932,981
[19:05:43.824][D][ldc1314:436]: TRACE,885662,932,932,981
[19:05:43.824][D][ldc1314:436]: TRACE,885672,932,932,981
[19:05:43.824][D][ldc1314:436]: TRACE,885682,932,932,981
[19:05:43.841][D][ldc1314:436]: TRACE,885694,932,932,981
[19:05:43.860][D][ldc1314:436]: TRACE,885713,932,932,981
[19:05:43.952][D][ldc1314:436]: TRACE,885727,932,932,981
[19:05:43.952][D][ldc1314:436]: TRACE,885742,932,932,981
[19:05:43.952][D][ldc1314:436]: TRACE,885753,932,932,981
[19:05:43.952][D][ldc1314:436]: TRACE,885766,932,932,981
[19:05:43.952][D][ldc1314:436]: TRACE,885776,932,931,981
[19:05:43.952][D][ldc1314:436]: TRACE,885786,932,931,981
[19:05:43.952][D][ldc1314:436]: TRACE,885796,932,932,981
[19:05:43.961][D][ldc1314:436]: TRACE,885806,932,932,981
[19:05:43.964][D][ldc1314:436]: TRACE,885816,932,931,981
[19:05:43.985][D][ldc1314:436]: TRACE,885831,932,932,981
[19:05:43.995][D][ldc1314:436]: TRACE,885847,932,932,981
[19:05:44.008][D][ldc1314:436]: TRACE,885862,932,932,981
[19:05:44.023][D][ldc1314:436]: TRACE,885875,932,932,981
[19:05:44.036][D][ldc1314:436]: TRACE,885890,932,932,981
[19:05:44.049][D][ldc1314:436]: TRACE,885902,932,931,981
[19:05:44.066][D][ldc1314:436]: TRACE,885919,932,931,981
[19:05:44.087][D][ldc1314:436]: TRACE,885933,932,932,981
[19:05:44.098][D][ldc1314:436]: TRACE,885951,932,931,981
[19:05:44.112][D][ldc1314:436]: TRACE,885965,932,932,981
[19:05:44.126][D][ldc1314:436]: TRACE,885980,932,932,981
[19:05:44.143][D][ldc1314:436]: TRACE,885994,932,931,981
[19:05:44.157][D][ldc1314:436]: TRACE,886009,932,931,981
[19:05:44.169][D][ldc1314:436]: TRACE,886024,932,932,981
[19:05:44.189][D][ldc1314:436]: TRACE,886036,932,931,981
[19:05:44.198][D][ldc1314:436]: TRACE,886049,932,931,981
[19:05:44.219][D][ldc1314:436]: TRACE,886067,932,931,981
[19:05:44.225][D][ldc1314:436]: TRACE,886078,932,931,981
[19:05:44.239][D][ldc1314:436]: TRACE,886090,932,931,981
[19:05:44.254][D][ldc1314:436]: TRACE,886106,932,931,981
[19:05:44.270][D][ldc1314:436]: TRACE,886123,932,932,981
[19:05:44.291][D][ldc1314:436]: TRACE,886138,932,932,981
[19:05:44.298][D][ldc1314:436]: TRACE,886151,932,931,981
[19:05:44.313][D][ldc1314:436]: TRACE,886165,932,931,981
[19:05:44.335][D][ldc1314:436]: TRACE,886183,932,931,981
[19:05:44.346][D][ldc1314:436]: TRACE,886198,932,931,981
[19:05:44.362][D][ldc1314:436]: TRACE,886213,932,931,981
[19:05:44.378][D][ldc1314:436]: TRACE,886230,932,931,981
[19:05:44.479][D][ldc1314:436]: TRACE,886245,932,932,981
[19:05:44.479][D][ldc1314:436]: TRACE,886254,932,931,981
[19:05:44.479][D][ldc1314:436]: TRACE,886267,932,932,981
[19:05:44.479][D][ldc1314:436]: TRACE,886277,932,931,981
[19:05:44.479][D][ldc1314:436]: TRACE,886287,932,931,981
[19:05:44.480][D][ldc1314:436]: TRACE,886298,932,931,981
[19:05:44.480][D][ldc1314:436]: TRACE,886309,932,931,981
[19:05:44.480][D][ldc1314:436]: TRACE,886319,932,931,981
[19:05:44.480][D][ldc1314:436]: TRACE,886329,932,931,981
[19:05:44.497][D][ldc1314:436]: TRACE,886339,932,931,981
[19:05:44.513][D][ldc1314:436]: TRACE,886353,932,931,981
[19:05:44.513][D][ldc1314:436]: TRACE,886365,932,931,981
[19:05:44.523][D][ldc1314:436]: TRACE,886377,932,931,981
[19:05:44.537][D][ldc1314:436]: TRACE,886391,932,931,981
[19:05:44.551][D][ldc1314:436]: TRACE,886404,932,931,981
[19:05:44.576][D][ldc1314:436]: TRACE,886423,932,931,981
[19:05:44.586][D][ldc1314:436]: TRACE,886435,932,931,981
[19:05:44.602][D][ldc1314:436]: TRACE,886450,932,931,981
[19:05:44.612][D][ldc1314:436]: TRACE,886464,932,931,981
[19:05:44.624][D][ldc1314:436]: TRACE,886479,932,931,981
[19:05:44.640][D][ldc1314:436]: TRACE,886493,932,931,981
[19:05:44.655][D][ldc1314:436]: TRACE,886507,932,931,981
[19:05:44.669][D][ldc1314:436]: TRACE,886522,932,931,981
[19:05:44.702][D][ldc1314:436]: TRACE,886542,932,931,981
[19:05:44.709][D][ldc1314:436]: TRACE,886557,932,931,981
[19:05:44.718][D][ldc1314:436]: TRACE,886567,932,931,981
[19:05:44.733][D][ldc1314:436]: TRACE,886585,932,931,981
[19:05:44.750][D][ldc1314:436]: TRACE,886602,932,931,981
[19:05:44.765][D][ldc1314:436]: TRACE,886617,932,931,981
[19:05:44.781][D][ldc1314:436]: TRACE,886632,932,931,981
[19:05:44.805][D][ldc1314:436]: TRACE,886652,932,931,981
[19:05:44.817][D][ldc1314:436]: TRACE,886665,932,931,981
[19:05:44.826][D][ldc1314:436]: TRACE,886679,932,931,981
[19:05:44.842][D][ldc1314:436]: TRACE,886694,932,931,981
[19:05:44.857][D][ldc1314:436]: TRACE,886711,932,931,981
[19:05:44.874][D][ldc1314:436]: TRACE,886725,932,931,981
[19:05:44.889][D][ldc1314:436]: TRACE,886741,932,931,981
[19:05:44.906][D][ldc1314:436]: TRACE,886756,932,931,981
[19:05:45.001][D][ldc1314:436]: TRACE,886772,932,931,981
[19:05:45.001][D][ldc1314:436]: TRACE,886786,932,931,981
[19:05:45.001][D][ldc1314:436]: TRACE,886796,932,931,981
[19:05:45.001][D][ldc1314:436]: TRACE,886806,932,931,981
[19:05:45.001][D][ldc1314:436]: TRACE,886816,932,931,981
[19:05:45.001][D][ldc1314:436]: TRACE,886826,932,931,981
[19:05:45.001][D][ldc1314:436]: TRACE,886836,932,931,981
[19:05:45.001][D][ldc1314:436]: TRACE,886846,932,931,981
[19:05:45.012][D][ldc1314:436]: TRACE,886856,932,931,981
[19:05:45.012][D][ldc1314:436]: TRACE,886866,932,931,981
[19:05:45.028][D][ldc1314:436]: TRACE,886881,932,931,981
[19:05:45.039][D][ldc1314:436]: TRACE,886892,932,931,981
[19:05:45.053][D][ldc1314:436]: TRACE,886906,932,931,981
[19:05:45.070][D][ldc1314:436]: TRACE,886919,932,931,981
[19:05:45.078][D][ldc1314:436]: TRACE,886934,932,931,981
[19:05:45.091][D][ldc1314:436]: TRACE,886946,932,931,981
[19:05:45.112][D][ldc1314:436]: TRACE,886957,932,931,981
[19:05:45.116][D][ldc1314:436]: TRACE,886971,932,931,981
[19:05:45.133][D][ldc1314:436]: TRACE,886986,932,931,981
[19:05:45.148][D][ldc1314:436]: TRACE,887002,932,931,981
[19:05:45.162][D][ldc1314:436]: TRACE,887016,932,931,981
[19:05:45.177][D][ldc1314:436]: TRACE,887029,932,931,981
[19:05:45.195][D][ldc1314:436]: TRACE,887044,932,931,981
[19:05:45.214][D][ldc1314:436]: TRACE,887059,932,931,981
[19:05:45.225][D][ldc1314:436]: TRACE,887071,932,931,981
[19:05:45.227][D][ldc1314:436]: TRACE,887081,932,931,981
[19:05:45.244][D][ldc1314:436]: TRACE,887096,932,931,981
[19:05:45.260][D][ldc1314:436]: TRACE,887112,932,931,981
[19:05:45.273][D][ldc1314:436]: TRACE,887127,932,931,981
[19:05:45.289][D][ldc1314:436]: TRACE,887141,932,931,981
[19:05:45.314][D][ldc1314:436]: TRACE,887156,932,931,981
[19:05:45.322][D][ldc1314:436]: TRACE,887171,932,931,981
[19:05:45.337][D][ldc1314:436]: TRACE,887183,932,931,981
[19:05:45.349][D][ldc1314:436]: TRACE,887203,932,931,981
[19:05:45.364][D][ldc1314:436]: TRACE,887217,932,931,981
[19:05:45.379][D][ldc1314:436]: TRACE,887231,932,931,981
[19:05:45.392][D][ldc1314:436]: TRACE,887246,932,931,981
[19:05:45.417][D][ldc1314:436]: TRACE,887260,932,931,981
[19:05:45.425][D][ldc1314:436]: TRACE,887275,932,931,981
[19:05:45.522][D][ldc1314:436]: TRACE,887285,932,931,981
[19:05:45.522][D][ldc1314:436]: TRACE,887301,932,931,981
[19:05:45.523][D][ldc1314:436]: TRACE,887312,932,931,981
[19:05:45.523][D][ldc1314:436]: TRACE,887322,932,931,981
[19:05:45.523][D][ldc1314:436]: TRACE,887332,932,931,981
[19:05:45.523][D][ldc1314:436]: TRACE,887342,932,931,981
[19:05:45.531][D][ldc1314:436]: TRACE,887352,932,931,981
[19:05:45.531][D][ldc1314:436]: TRACE,887363,932,931,981
[19:05:45.531][D][ldc1314:436]: TRACE,887373,932,931,981
[19:05:45.531][D][ldc1314:436]: TRACE,887383,932,931,981
[19:05:45.542][D][ldc1314:436]: TRACE,887394,932,931,981
[19:05:45.557][D][ldc1314:436]: TRACE,887409,932,931,981
[19:05:45.577][D][ldc1314:436]: TRACE,887429,932,931,981
[19:05:45.597][D][ldc1314:436]: TRACE,887444,932,931,981
[19:05:45.622][D][ldc1314:436]: TRACE,887464,932,931,981
[19:05:45.628][D][ldc1314:436]: TRACE,887479,932,931,981
[19:05:45.641][D][ldc1314:436]: TRACE,887492,932,931,981
[19:05:45.656][D][ldc1314:436]: TRACE,887508,932,931,981
[19:05:45.671][D][ldc1314:436]: TRACE,887523,932,931,981
[19:05:45.691][D][ldc1314:436]: TRACE,887543,932,931,981
[19:05:45.707][D][ldc1314:436]: TRACE,887558,932,931,981
[19:05:45.727][D][ldc1314:436]: TRACE,887573,932,931,981
[19:05:45.732][D][ldc1314:436]: TRACE,887584,932,931,981
[19:05:45.745][D][ldc1314:436]: TRACE,887598,932,931,981
[19:05:45.760][D][ldc1314:436]: TRACE,887611,932,931,982
[19:05:45.776][D][ldc1314:436]: TRACE,887628,932,931,982
[19:05:45.790][D][ldc1314:436]: TRACE,887642,932,931,982
[19:05:45.806][D][ldc1314:436]: TRACE,887657,932,931,982
[19:05:45.827][D][ldc1314:436]: TRACE,887672,932,931,982
[19:05:45.833][D][ldc1314:436]: TRACE,887688,932,931,982
[19:05:45.846][D][ldc1314:436]: TRACE,887701,932,931,982
[19:05:45.863][D][ldc1314:436]: TRACE,887715,932,931,982
[19:05:45.877][D][ldc1314:436]: TRACE,887730,932,931,982
[19:05:45.894][D][ldc1314:436]: TRACE,887745,932,931,982
[19:05:45.911][D][ldc1314:436]: TRACE,887767,932,931,982
[19:05:45.930][D][ldc1314:436]: TRACE,887778,932,931,981
[19:05:45.941][D][ldc1314:436]: TRACE,887792,932,931,981
[19:05:45.953][D][ldc1314:436]: TRACE,887808,932,931,982
[19:05:46.048][D][ldc1314:436]: TRACE,887821,932,931,982
[19:05:46.049][D][ldc1314:436]: TRACE,887833,932,931,982
[19:05:46.049][D][ldc1314:436]: TRACE,887843,932,931,982
[19:05:46.049][D][ldc1314:436]: TRACE,887853,932,931,982
[19:05:46.049][D][ldc1314:436]: TRACE,887863,932,931,982
[19:05:46.053][D][ldc1314:436]: TRACE,887873,932,931,981
[19:05:46.053][D][ldc1314:436]: TRACE,887883,932,931,982
[19:05:46.053][D][ldc1314:436]: TRACE,887894,932,931,982
[19:05:46.053][D][ldc1314:436]: TRACE,887904,932,931,982
[19:05:46.061][D][ldc1314:436]: TRACE,887915,932,931,982
[19:05:46.075][D][ldc1314:436]: TRACE,887928,932,931,982
[19:05:46.090][D][ldc1314:436]: TRACE,887943,932,931,982
[19:05:46.105][D][ldc1314:436]: TRACE,887957,932,931,982
[19:05:46.134][D][ldc1314:436]: TRACE,887977,932,931,982
[19:05:46.145][D][ldc1314:436]: TRACE,887993,932,931,982
[19:05:46.152][D][ldc1314:436]: TRACE,888003,932,931,981
[19:05:46.167][D][ldc1314:436]: TRACE,888019,932,931,982
[19:05:46.181][D][ldc1314:436]: TRACE,888034,932,931,982
[19:05:46.194][D][ldc1314:436]: TRACE,888049,932,931,982
[19:05:46.211][D][ldc1314:436]: TRACE,888063,932,931,982
[19:05:46.236][D][ldc1314:436]: TRACE,888083,932,931,982
[19:05:46.242][D][ldc1314:436]: TRACE,888095,932,931,982
[19:05:46.254][D][ldc1314:436]: TRACE,888107,932,931,982
[19:05:46.269][D][ldc1314:436]: TRACE,888122,932,931,982
[19:05:46.284][D][ldc1314:436]: TRACE,888136,932,931,982
[19:05:46.299][D][ldc1314:436]: TRACE,888152,932,931,982
[19:05:46.312][D][ldc1314:436]: TRACE,888167,932,931,982
[19:05:46.339][D][ldc1314:436]: TRACE,888179,932,931,982
[19:05:46.348][D][ldc1314:436]: TRACE,888196,932,931,982
[19:05:46.358][D][ldc1314:436]: TRACE,888209,932,931,982
[19:05:46.373][D][ldc1314:436]: TRACE,888227,932,931,982
[19:05:46.388][D][ldc1314:436]: TRACE,888240,932,931,982
[19:05:46.403][D][ldc1314:436]: TRACE,888257,932,931,982
[19:05:46.417][D][ldc1314:436]: TRACE,888271,932,931,982
[19:05:46.445][D][ldc1314:436]: TRACE,888284,932,931,982
[19:05:46.445][D][ldc1314:436]: TRACE,888299,932,931,982
[19:05:46.463][D][ldc1314:436]: TRACE,888314,932,931,982
[19:05:46.479][D][ldc1314:436]: TRACE,888330,932,931,982
[19:05:46.571][D][ldc1314:436]: TRACE,888347,932,931,982
[19:05:46.571][D][ldc1314:436]: TRACE,888358,932,931,982
[19:05:46.571][D][ldc1314:436]: TRACE,888368,932,931,982
[19:05:46.571][D][ldc1314:436]: TRACE,888378,932,931,982
[19:05:46.571][D][ldc1314:436]: TRACE,888388,932,931,982
[19:05:46.571][D][ldc1314:436]: TRACE,888399,932,931,982
[19:05:46.571][D][ldc1314:436]: TRACE,888408,932,931,982
[19:05:46.571][D][ldc1314:436]: TRACE,888418,932,931,982
[19:05:46.586][D][ldc1314:436]: TRACE,888430,932,931,982
[19:05:46.593][D][ldc1314:436]: TRACE,888445,932,931,982
[19:05:46.606][D][ldc1314:436]: TRACE,888457,932,931,982
[19:05:46.622][D][ldc1314:436]: TRACE,888474,932,931,982
[19:05:46.646][D][ldc1314:436]: TRACE,888489,932,931,982
[19:05:46.652][D][ldc1314:436]: TRACE,888504,932,931,982
[19:05:46.664][D][ldc1314:436]: TRACE,888519,932,931,982
[19:05:46.686][D][ldc1314:436]: TRACE,888537,932,931,982
[19:05:46.698][D][ldc1314:436]: TRACE,888552,932,931,982
[19:05:46.712][D][ldc1314:436]: TRACE,888565,932,931,982
[19:05:46.728][D][ldc1314:436]: TRACE,888582,932,931,982
[19:05:46.748][D][ldc1314:436]: TRACE,888595,932,931,982
[19:05:46.759][D][ldc1314:436]: TRACE,888611,932,931,982
[19:05:46.772][D][ldc1314:436]: TRACE,888626,932,931,982
[19:05:46.793][D][ldc1314:436]: TRACE,888646,932,931,982
[19:05:46.808][D][ldc1314:436]: TRACE,888660,932,931,982
[19:05:46.824][D][ldc1314:436]: TRACE,888675,932,931,982
[19:05:46.849][D][ldc1314:436]: TRACE,888692,932,931,982
[19:05:46.866][D][ldc1314:436]: TRACE,888706,932,931,982
[19:05:46.866][D][ldc1314:436]: TRACE,888716,932,931,982
[19:05:46.876][D][ldc1314:436]: TRACE,888727,932,931,982
[19:05:46.891][D][ldc1314:436]: TRACE,888743,932,931,982
[19:05:46.915][D][ldc1314:436]: TRACE,888762,932,931,982
[19:05:46.924][D][ldc1314:436]: TRACE,888778,932,931,982
[19:05:46.953][D][ldc1314:436]: TRACE,888792,932,931,982
[19:05:46.953][D][ldc1314:436]: TRACE,888809,932,931,982
[19:05:46.968][D][ldc1314:436]: TRACE,888819,932,931,982
[19:05:46.981][D][ldc1314:436]: TRACE,888836,932,931,982
[19:05:46.995][D][ldc1314:436]: TRACE,888848,932,931,982
[19:05:47.096][D][ldc1314:436]: TRACE,888866,932,931,982
[19:05:47.096][D][ldc1314:436]: TRACE,888879,932,931,982
[19:05:47.096][D][ldc1314:436]: TRACE,888889,932,931,982
[19:05:47.096][D][ldc1314:436]: TRACE,888899,932,931,982
[19:05:47.096][D][ldc1314:436]: TRACE,888909,932,931,982
[19:05:47.096][D][ldc1314:436]: TRACE,888919,932,931,982
[19:05:47.096][D][ldc1314:436]: TRACE,888929,932,931,982
[19:05:47.096][D][ldc1314:436]: TRACE,888939,932,931,982
[19:05:47.102][D][ldc1314:436]: TRACE,888949,932,931,982
[19:05:47.110][D][ldc1314:436]: TRACE,888959,932,931,982
[19:05:47.126][D][ldc1314:436]: TRACE,888978,932,931,982
[19:05:47.142][D][ldc1314:436]: TRACE,888993,932,931,982
[19:05:47.161][D][ldc1314:436]: TRACE,889009,932,931,982
[19:05:47.165][D][ldc1314:436]: TRACE,889019,932,931,982
[19:05:47.178][D][ldc1314:436]: TRACE,889032,932,931,982
[19:05:47.193][D][ldc1314:436]: TRACE,889047,932,931,982
[19:05:47.209][D][ldc1314:436]: TRACE,889061,932,931,982
[19:05:47.224][D][ldc1314:436]: TRACE,889076,932,931,982
[19:05:47.244][D][ldc1314:436]: TRACE,889097,932,931,982
[19:05:47.269][D][ldc1314:436]: TRACE,889111,932,931,982
[19:05:47.276][D][ldc1314:436]: TRACE,889123,932,931,982
[19:05:47.284][D][ldc1314:436]: TRACE,889136,932,931,982
[19:05:47.299][D][ldc1314:436]: TRACE,889152,932,931,982
[19:05:47.315][D][ldc1314:436]: TRACE,889166,932,931,982
[19:05:47.330][D][ldc1314:436]: TRACE,889183,932,931,982
[19:05:47.345][D][ldc1314:436]: TRACE,889198,932,931,982
[19:05:47.370][D][ldc1314:436]: TRACE,889219,932,931,982
[19:05:47.379][D][ldc1314:436]: TRACE,889230,932,931,982
[19:05:47.394][D][ldc1314:436]: TRACE,889246,932,931,982
[19:05:47.407][D][ldc1314:436]: TRACE,889259,932,931,982
[19:05:47.421][D][ldc1314:436]: TRACE,889273,932,931,982
[19:05:47.435][D][ldc1314:436]: TRACE,889288,932,931,982
[19:05:47.451][D][ldc1314:436]: TRACE,889302,932,931,982
[19:05:47.464][D][ldc1314:436]: TRACE,889318,932,931,982
[19:05:47.480][D][ldc1314:436]: TRACE,889330,932,931,982
[19:05:47.498][D][ldc1314:436]: TRACE,889349,932,931,982
[19:05:47.512][D][ldc1314:436]: TRACE,889365,932,931,982
[19:05:47.526][D][ldc1314:436]: TRACE,889379,932,931,982
[19:05:47.621][D][ldc1314:436]: TRACE,889394,932,931,982
[19:05:47.621][D][ldc1314:436]: TRACE,889407,932,931,982
[19:05:47.621][D][ldc1314:436]: TRACE,889416,932,931,982
[19:05:47.621][D][ldc1314:436]: TRACE,889426,932,931,982
[19:05:47.621][D][ldc1314:436]: TRACE,889436,932,931,982
[19:05:47.621][D][ldc1314:436]: TRACE,889446,932,931,982
[19:05:47.621][D][ldc1314:436]: TRACE,889457,932,931,982
[19:05:47.628][D][ldc1314:436]: TRACE,889467,932,931,982
[19:05:47.628][D][ldc1314:436]: TRACE,889479,932,931,982
[19:05:47.637][D][ldc1314:436]: TRACE,889489,932,931,982
[19:05:47.654][D][ldc1314:436]: TRACE,889505,932,931,982
[19:05:47.673][D][ldc1314:436]: TRACE,889522,932,931,982
[19:05:47.683][D][ldc1314:436]: TRACE,889532,932,931,982
[19:05:47.695][D][ldc1314:436]: TRACE,889550,932,931,982
[19:05:47.710][D][ldc1314:436]: TRACE,889564,932,931,982
[19:05:47.730][D][ldc1314:436]: TRACE,889583,932,931,982
[19:05:47.745][D][ldc1314:436]: TRACE,889597,932,931,982
[19:05:47.772][D][ldc1314:436]: TRACE,889611,932,931,982
[19:05:47.772][D][ldc1314:436]: TRACE,889628,932,931,982
[19:05:47.786][D][ldc1314:436]: TRACE,889638,932,931,982
[19:05:47.799][D][ldc1314:436]: TRACE,889654,932,931,982
[19:05:47.815][D][ldc1314:436]: TRACE,889666,932,931,982
[19:05:47.835][D][ldc1314:436]: TRACE,889687,932,931,982
[19:05:47.850][D][ldc1314:436]: TRACE,889702,932,931,982
[19:05:47.873][D][ldc1314:436]: TRACE,889717,932,931,982
[19:05:47.875][D][ldc1314:436]: TRACE,889731,932,931,982
[19:05:47.891][D][ldc1314:436]: TRACE,889744,932,931,982
[19:05:47.910][D][ldc1314:436]: TRACE,889757,932,931,982
[19:05:47.919][D][ldc1314:436]: TRACE,889774,932,931,982
[19:05:47.935][D][ldc1314:436]: TRACE,889786,932,931,982
[19:05:47.953][D][ldc1314:436]: TRACE,889805,932,931,982
[19:05:47.976][D][ldc1314:436]: TRACE,889821,932,931,982
[19:05:47.983][D][ldc1314:436]: TRACE,889834,932,931,982
[19:05:47.992][D][ldc1314:436]: TRACE,889846,932,931,982
[19:05:48.010][D][ldc1314:436]: TRACE,889859,932,931,982
[19:05:48.022][D][ldc1314:436]: TRACE,889876,932,931,982
[19:05:48.036][D][ldc1314:436]: TRACE,889890,932,931,982
[19:05:48.054][D][ldc1314:436]: TRACE,889904,932,931,982
[19:05:48.146][D][ldc1314:436]: TRACE,889923,932,931,982
[19:05:48.147][D][ldc1314:436]: TRACE,889933,932,931,982
[19:05:48.147][D][ldc1314:436]: TRACE,889943,932,931,982
[19:05:48.147][D][ldc1314:436]: TRACE,889954,932,931,982
[19:05:48.147][D][ldc1314:436]: TRACE,889965,932,931,982
[19:05:48.147][D][ldc1314:436]: TRACE,889974,932,931,982
[19:05:48.147][D][ldc1314:436]: TRACE,889984,932,931,982
[19:05:48.147][D][ldc1314:436]: TRACE,889995,932,931,982
[19:05:48.153][D][ldc1314:436]: TRACE,890006,932,931,982
[19:05:48.181][D][ldc1314:436]: TRACE,890021,932,931,982
[19:05:48.188][D][ldc1314:436]: TRACE,890040,932,931,982
[19:05:48.200][D][ldc1314:436]: TRACE,890054,932,931,982
[19:05:48.211][D][ldc1314:436]: TRACE,890066,932,931,982
[19:05:48.227][D][ldc1314:436]: TRACE,890079,932,931,982
[19:05:48.241][D][ldc1314:436]: TRACE,890095,932,931,982
[19:05:48.258][D][ldc1314:436]: TRACE,890110,932,931,982
[19:05:48.282][D][ldc1314:436]: TRACE,890125,932,931,982
[19:05:48.291][D][ldc1314:436]: TRACE,890142,932,931,982
[19:05:48.304][D][ldc1314:436]: TRACE,890157,932,931,982
[19:05:48.321][D][ldc1314:436]: TRACE,890173,932,931,982
[19:05:48.338][D][ldc1314:436]: TRACE,890188,932,931,982
[19:05:48.352][D][ldc1314:436]: TRACE,890204,932,931,982
[19:05:48.367][D][ldc1314:436]: TRACE,890220,932,931,982
[19:05:48.385][D][ldc1314:436]: TRACE,890234,932,931,982
[19:05:48.397][D][ldc1314:436]: TRACE,890249,932,931,982
[19:05:48.417][D][ldc1314:436]: TRACE,890269,932,931,982
[19:05:48.436][D][ldc1314:436]: TRACE,890284,932,931,982
[19:05:48.446][D][ldc1314:436]: TRACE,890301,932,931,982
[19:05:48.463][D][ldc1314:436]: TRACE,890313,932,931,982
[19:05:48.480][D][ldc1314:436]: TRACE,890330,932,931,982
[19:05:48.490][D][ldc1314:436]: TRACE,890343,932,931,982
[19:05:48.504][D][ldc1314:436]: TRACE,890353,932,931,982
[19:05:48.520][D][ldc1314:436]: TRACE,890374,932,931,982
[19:05:48.538][D][ldc1314:436]: TRACE,890387,932,931,982
[19:05:48.552][D][ldc1314:436]: TRACE,890404,932,931,982
[19:05:48.567][D][ldc1314:436]: TRACE,890419,932,931,982
[19:05:48.668][D][ldc1314:436]: TRACE,890435,932,931,982
[19:05:48.669][D][ldc1314:436]: TRACE,890448,932,931,982
[19:05:48.669][D][ldc1314:436]: TRACE,890460,932,931,982
[19:05:48.669][D][ldc1314:436]: TRACE,890471,932,931,982
[19:05:48.669][D][ldc1314:436]: TRACE,890483,932,931,982
[19:05:48.669][D][ldc1314:436]: TRACE,890500,932,931,982
[19:05:48.669][D][ldc1314:436]: TRACE,890510,932,931,982
[19:05:48.669][D][ldc1314:436]: TRACE,890520,932,931,982
[19:05:48.680][D][ldc1314:436]: TRACE,890531,932,931,982
[19:05:48.695][D][ldc1314:436]: TRACE,890547,932,931,982
[19:05:48.706][D][ldc1314:436]: TRACE,890559,932,931,982
[19:05:48.721][D][ldc1314:436]: TRACE,890573,932,931,982
[19:05:48.736][D][ldc1314:436]: TRACE,890588,932,931,982
[19:05:48.755][D][ldc1314:436]: TRACE,890607,932,931,982
[19:05:48.771][D][ldc1314:436]: TRACE,890622,932,931,982
[19:05:48.795][D][ldc1314:436]: TRACE,890639,932,931,982
[19:05:48.797][D][ldc1314:436]: TRACE,890654,932,931,982
[19:05:48.813][D][ldc1314:436]: TRACE,890664,932,931,982
[19:05:48.826][D][ldc1314:436]: TRACE,890679,932,931,982
[19:05:48.838][D][ldc1314:436]: TRACE,890693,932,931,982
[19:05:48.857][D][ldc1314:436]: TRACE,890706,932,931,982
[19:05:48.872][D][ldc1314:436]: TRACE,890723,932,931,982
[19:05:48.897][D][ldc1314:436]: TRACE,890739,932,931,982
[19:05:48.903][D][ldc1314:436]: TRACE,890754,932,931,982
[19:05:48.913][D][ldc1314:436]: TRACE,890766,932,931,982
[19:05:48.929][D][ldc1314:436]: TRACE,890780,932,931,982
[19:05:48.944][D][ldc1314:436]: TRACE,890795,932,931,982
[19:05:48.958][D][ldc1314:436]: TRACE,890810,932,931,982
[19:05:48.979][D][ldc1314:436]: TRACE,890830,932,931,982
[19:05:48.999][D][ldc1314:436]: TRACE,890845,932,931,982
[19:05:49.008][D][ldc1314:436]: TRACE,890861,932,931,982
[19:05:49.020][D][ldc1314:436]: TRACE,890876,932,931,982
[19:05:49.037][D][ldc1314:436]: TRACE,890890,932,931,982
[19:05:49.051][D][ldc1314:436]: TRACE,890904,932,931,982
[19:05:49.067][D][ldc1314:436]: TRACE,890921,932,931,982
[19:05:49.082][D][ldc1314:436]: TRACE,890934,932,931,982
[19:05:49.193][D][ldc1314:436]: TRACE,890955,932,931,982
[19:05:49.193][D][ldc1314:436]: TRACE,890966,932,931,982
[19:05:49.193][D][ldc1314:436]: TRACE,890977,932,931,982
[19:05:49.193][D][ldc1314:436]: TRACE,890987,932,931,982
[19:05:49.194][D][ldc1314:436]: TRACE,890997,932,931,982
[19:05:49.194][D][ldc1314:436]: TRACE,891007,932,931,982
[19:05:49.194][D][ldc1314:436]: TRACE,891017,932,931,982
[19:05:49.194][D][ldc1314:436]: TRACE,891027,932,931,982
[19:05:49.194][D][ldc1314:436]: TRACE,891037,932,931,982
[19:05:49.194][D][ldc1314:436]: TRACE,891047,932,931,982
[19:05:49.209][D][ldc1314:436]: TRACE,891058,932,931,982
[19:05:49.217][D][ldc1314:436]: TRACE,891068,932,931,982
[19:05:49.231][D][ldc1314:436]: TRACE,891085,932,931,982
[19:05:49.242][D][ldc1314:436]: TRACE,891097,932,931,982
[19:05:49.257][D][ldc1314:436]: TRACE,891111,932,931,982
[19:05:49.273][D][ldc1314:436]: TRACE,891125,932,931,982
[19:05:49.287][D][ldc1314:436]: TRACE,891140,932,931,982
[19:05:49.307][D][ldc1314:436]: TRACE,891154,932,931,982
[19:05:49.319][D][ldc1314:436]: TRACE,891170,932,931,982
[19:05:49.335][D][ldc1314:436]: TRACE,891186,932,931,982
[19:05:49.349][D][ldc1314:436]: TRACE,891201,932,931,982
[19:05:49.360][D][ldc1314:436]: TRACE,891215,932,931,982
[19:05:49.379][D][ldc1314:436]: TRACE,891229,932,931,982
[19:05:49.390][D][ldc1314:436]: TRACE,891244,932,931,982
[19:05:49.409][D][ldc1314:436]: TRACE,891257,932,931,982
[19:05:49.422][D][ldc1314:436]: TRACE,891273,932,931,982
[19:05:49.440][D][ldc1314:436]: TRACE,891291,932,931,982
[19:05:49.449][D][ldc1314:436]: TRACE,891304,932,931,982
[19:05:49.464][D][ldc1314:436]: TRACE,891316,932,931,982
[19:05:49.477][D][ldc1314:436]: TRACE,891331,932,931,982
[19:05:49.494][D][ldc1314:436]: TRACE,891347,932,931,982
[19:05:49.513][D][ldc1314:436]: TRACE,891362,932,931,982
[19:05:49.520][D][ldc1314:436]: TRACE,891372,932,931,982
[19:05:49.539][D][ldc1314:436]: TRACE,891390,932,931,982
[19:05:49.554][D][ldc1314:436]: TRACE,891406,932,931,982
[19:05:49.569][D][ldc1314:436]: TRACE,891421,932,931,982
[19:05:49.583][D][ldc1314:436]: TRACE,891437,932,931,982
[19:05:49.610][D][ldc1314:436]: TRACE,891452,932,931,982
[19:05:49.619][D][ldc1314:436]: TRACE,891470,932,931,982
[19:05:49.718][D][ldc1314:436]: TRACE,891480,932,931,982
[19:05:49.718][D][ldc1314:436]: TRACE,891499,932,931,982
[19:05:49.718][D][ldc1314:436]: TRACE,891510,932,931,982
[19:05:49.718][D][ldc1314:436]: TRACE,891520,932,931,982
[19:05:49.718][D][ldc1314:436]: TRACE,891530,932,931,982
[19:05:49.718][D][ldc1314:436]: TRACE,891540,932,931,982
[19:05:49.718][D][ldc1314:436]: TRACE,891550,932,931,982
[19:05:49.718][D][ldc1314:436]: TRACE,891560,932,931,982
[19:05:49.718][D][ldc1314:436]: TRACE,891570,932,931,982
[19:05:49.730][D][ldc1314:436]: TRACE,891581,932,931,982
[19:05:49.744][D][ldc1314:436]: TRACE,891597,932,931,982
[19:05:49.766][D][ldc1314:436]: TRACE,891618,932,931,982
[19:05:49.782][D][ldc1314:436]: TRACE,891632,932,931,982
[19:05:49.796][D][ldc1314:436]: TRACE,891647,932,931,982
[19:05:49.817][D][ldc1314:436]: TRACE,891662,932,931,982
[19:05:49.828][D][ldc1314:436]: TRACE,891677,932,931,982
[19:05:49.838][D][ldc1314:436]: TRACE,891689,932,931,982
[19:05:49.851][D][ldc1314:436]: TRACE,891705,932,931,982
[19:05:49.861][D][ldc1314:436]: TRACE,891716,932,931,982
[19:05:49.881][D][ldc1314:436]: TRACE,891731,932,931,982
[19:05:49.898][D][ldc1314:436]: TRACE,891749,932,931,982
[19:05:49.919][D][ldc1314:436]: TRACE,891763,932,931,982
[19:05:49.923][D][ldc1314:436]: TRACE,891777,932,931,982
[19:05:49.942][D][ldc1314:436]: TRACE,891789,932,931,982
[19:05:49.953][D][ldc1314:436]: TRACE,891804,932,931,982
[19:05:49.963][D][ldc1314:436]: TRACE,891816,932,931,982
[19:05:49.974][D][ldc1314:436]: TRACE,891828,932,931,982
[19:05:49.989][D][ldc1314:436]: TRACE,891841,932,931,982
[19:05:50.007][D][ldc1314:436]: TRACE,891859,932,931,982
[19:05:50.024][D][ldc1314:436]: TRACE,891874,932,931,982
[19:05:50.033][D][ldc1314:436]: TRACE,891885,932,931,982
[19:05:50.045][D][ldc1314:436]: TRACE,891902,932,931,982
[19:05:50.062][D][ldc1314:436]: TRACE,891914,932,931,982
[19:05:50.076][D][ldc1314:436]: TRACE,891928,932,931,982
[19:05:50.091][D][ldc1314:436]: TRACE,891943,932,931,982
[19:05:50.112][D][ldc1314:436]: TRACE,891964,932,931,982
[19:05:50.128][D][ldc1314:436]: TRACE,891979,932,931,982
[19:05:50.142][D][ldc1314:436]: TRACE,891990,932,931,982
[19:05:50.241][D][ldc1314:436]: TRACE,892008,932,931,982
[19:05:50.241][D][ldc1314:436]: TRACE,892023,932,931,982
[19:05:50.242][D][ldc1314:436]: TRACE,892033,932,931,982
[19:05:50.242][D][ldc1314:436]: TRACE,892043,932,931,982
[19:05:50.242][D][ldc1314:436]: TRACE,892053,932,931,982
[19:05:50.242][D][ldc1314:436]: TRACE,892063,932,931,982
[19:05:50.249][D][ldc1314:436]: TRACE,892074,932,931,982
[19:05:50.249][D][ldc1314:436]: TRACE,892084,932,931,982
[19:05:50.249][D][ldc1314:436]: TRACE,892095,932,931,982
[19:05:50.250][D][ldc1314:436]: TRACE,892104,932,931,982
[19:05:50.265][D][ldc1314:436]: TRACE,892117,932,931,982
[19:05:50.280][D][ldc1314:436]: TRACE,892131,932,931,982
[19:05:50.295][D][ldc1314:436]: TRACE,892147,932,931,982
[19:05:50.311][D][ldc1314:436]: TRACE,892163,932,931,982
[19:05:50.328][D][ldc1314:436]: TRACE,892178,932,931,982
[19:05:50.343][D][ldc1314:436]: TRACE,892194,932,931,982
[19:05:50.358][D][ldc1314:436]: TRACE,892210,932,931,982
[19:05:50.372][D][ldc1314:436]: TRACE,892224,932,931,982
[19:05:50.387][D][ldc1314:436]: TRACE,892239,932,931,982
[19:05:50.400][D][ldc1314:436]: TRACE,892256,932,931,982
[19:05:50.416][D][ldc1314:436]: TRACE,892270,932,931,982
[19:05:50.431][D][ldc1314:436]: TRACE,892285,932,931,982
[19:05:50.446][D][ldc1314:436]: TRACE,892297,932,931,982
[19:05:50.461][D][ldc1314:436]: TRACE,892313,932,931,982
[19:05:50.477][D][ldc1314:436]: TRACE,892327,932,931,982
[19:05:50.492][D][ldc1314:436]: TRACE,892344,932,931,982
[19:05:50.509][D][ldc1314:436]: TRACE,892361,932,931,982
[19:05:50.533][D][ldc1314:436]: TRACE,892375,932,931,982
[19:05:50.542][D][ldc1314:436]: TRACE,892390,932,931,982
[19:05:50.553][D][ldc1314:436]: TRACE,892402,932,931,982
[19:05:50.570][D][ldc1314:436]: TRACE,892422,932,931,982
[19:05:50.585][D][ldc1314:436]: TRACE,892437,932,931,982
[19:05:50.606][D][ldc1314:436]: TRACE,892452,932,931,982
[19:05:50.621][D][ldc1314:436]: TRACE,892473,932,931,982
[19:05:50.641][D][ldc1314:436]: TRACE,892490,932,931,982
[19:05:50.651][D][ldc1314:436]: TRACE,892500,932,931,982
[19:05:50.666][D][ldc1314:436]: TRACE,892518,932,931,982
[19:05:50.766][D][ldc1314:436]: TRACE,892537,932,931,982
[19:05:50.766][D][ldc1314:436]: TRACE,892550,932,931,982
[19:05:50.766][D][ldc1314:436]: TRACE,892560,932,931,982
[19:05:50.767][D][ldc1314:436]: TRACE,892570,932,931,982
[19:05:50.767][D][ldc1314:436]: TRACE,892580,932,931,982
[19:05:50.767][D][ldc1314:436]: TRACE,892593,932,931,982
[19:05:50.767][D][ldc1314:436]: TRACE,892602,932,931,982
[19:05:50.767][D][ldc1314:436]: TRACE,892612,932,931,982
[19:05:50.773][D][ldc1314:436]: TRACE,892623,932,931,982
[19:05:50.782][D][ldc1314:436]: TRACE,892633,932,931,982
[19:05:50.800][D][ldc1314:436]: TRACE,892651,932,931,982
[19:05:50.817][D][ldc1314:436]: TRACE,892669,932,931,982
[19:05:50.840][D][ldc1314:436]: TRACE,892684,932,931,982
[19:05:50.844][D][ldc1314:436]: TRACE,892699,932,931,982
[19:05:50.864][D][ldc1314:436]: TRACE,892711,932,931,982
[19:05:50.871][D][ldc1314:436]: TRACE,892726,932,931,982
[19:05:50.886][D][ldc1314:436]: TRACE,892738,932,931,982
[19:05:50.904][D][ldc1314:436]: TRACE,892758,932,931,982
[19:05:50.919][D][ldc1314:436]: TRACE,892772,932,931,982
[19:05:50.943][D][ldc1314:436]: TRACE,892785,932,931,982
[19:05:50.945][D][ldc1314:436]: TRACE,892800,932,931,982
[19:05:50.962][D][ldc1314:436]: TRACE,892813,932,931,982
[19:05:50.976][D][ldc1314:436]: TRACE,892828,932,931,982
[19:05:50.991][D][ldc1314:436]: TRACE,892843,932,931,982
[19:05:51.002][D][ldc1314:436]: TRACE,892857,932,931,982
[19:05:51.023][D][ldc1314:436]: TRACE,892876,932,931,982
[19:05:51.045][D][ldc1314:436]: TRACE,892890,932,931,982
[19:05:51.052][D][ldc1314:436]: TRACE,892905,932,931,982
[19:05:51.067][D][ldc1314:436]: TRACE,892919,932,931,982
[19:05:51.081][D][ldc1314:436]: TRACE,892935,932,931,982
[19:05:51.096][D][ldc1314:436]: TRACE,892949,932,931,982
[19:05:51.112][D][ldc1314:436]: TRACE,892964,932,931,982
[19:05:51.133][D][ldc1314:436]: TRACE,892986,932,931,982
[19:05:51.150][D][ldc1314:436]: TRACE,893001,932,931,982
[19:05:51.163][D][ldc1314:436]: TRACE,893013,932,931,982
[19:05:51.175][D][ldc1314:436]: TRACE,893030,932,931,982
[19:05:51.188][D][ldc1314:436]: TRACE,893042,932,931,982
[19:05:51.296][D][ldc1314:436]: TRACE,893055,932,931,982
[19:05:51.296][D][ldc1314:436]: TRACE,893072,932,931,982
[19:05:51.297][D][ldc1314:436]: TRACE,893083,932,931,982
[19:05:51.297][D][ldc1314:436]: TRACE,893094,932,931,982
[19:05:51.297][D][ldc1314:436]: TRACE,893104,932,931,982
[19:05:51.297][D][ldc1314:436]: TRACE,893114,932,931,982
[19:05:51.297][D][ldc1314:436]: TRACE,893125,932,931,982
[19:05:51.306][D][ldc1314:436]: TRACE,893135,932,931,982
[19:05:51.306][D][ldc1314:436]: TRACE,893146,932,931,982
[19:05:51.306][D][ldc1314:436]: TRACE,893157,932,931,982
[19:05:51.318][D][ldc1314:436]: TRACE,893167,932,931,982
[19:05:51.334][D][ldc1314:436]: TRACE,893186,932,931,982
[19:05:51.351][D][ldc1314:436]: TRACE,893200,932,931,982
[19:05:51.366][D][ldc1314:436]: TRACE,893216,932,931,982
[19:05:51.379][D][ldc1314:436]: TRACE,893232,932,931,982
[19:05:51.395][D][ldc1314:436]: TRACE,893247,932,931,982
[19:05:51.411][D][ldc1314:436]: TRACE,893261,932,931,982
[19:05:51.424][D][ldc1314:436]: TRACE,893276,932,931,982
[19:05:51.441][D][ldc1314:436]: TRACE,893294,932,931,982
[19:05:51.458][D][ldc1314:436]: TRACE,893308,932,931,982
[19:05:51.474][D][ldc1314:436]: TRACE,893320,932,931,982
[19:05:51.483][D][ldc1314:436]: TRACE,893338,932,931,982
[19:05:51.498][D][ldc1314:436]: TRACE,893351,932,931,982
[19:05:51.514][D][ldc1314:436]: TRACE,893365,932,931,982
[19:05:51.535][D][ldc1314:436]: TRACE,893380,932,931,982
[19:05:51.542][D][ldc1314:436]: TRACE,893397,932,931,982
[19:05:51.562][D][ldc1314:436]: TRACE,893409,932,931,982
[19:05:51.566][D][ldc1314:436]: TRACE,893419,932,931,982
[19:05:51.586][D][ldc1314:436]: TRACE,893437,932,931,982
[19:05:51.609][D][ldc1314:436]: TRACE,893453,932,931,982
[19:05:51.624][D][ldc1314:436]: TRACE,893477,932,931,982
[19:05:51.639][D][ldc1314:436]: TRACE,893492,932,931,982
[19:05:51.659][D][ldc1314:436]: TRACE,893507,932,931,982
[19:05:51.668][D][ldc1314:436]: TRACE,893520,932,931,982
[19:05:51.681][D][ldc1314:436]: TRACE,893536,932,931,982
[19:05:51.696][D][ldc1314:436]: TRACE,893550,932,931,982
[19:05:51.716][D][ldc1314:436]: TRACE,893569,932,931,982
[19:05:51.814][D][ldc1314:436]: TRACE,893583,932,931,982
[19:05:51.815][D][ldc1314:436]: TRACE,893598,932,931,982
[19:05:51.815][D][ldc1314:436]: TRACE,893608,932,931,982
[19:05:51.815][D][ldc1314:436]: TRACE,893619,932,931,982
[19:05:51.815][D][ldc1314:436]: TRACE,893630,932,931,982
[19:05:51.815][D][ldc1314:436]: TRACE,893640,932,931,982
[19:05:51.815][D][ldc1314:436]: TRACE,893650,932,931,982
[19:05:51.816][D][ldc1314:436]: TRACE,893660,932,931,982
[19:05:51.816][D][ldc1314:436]: TRACE,893671,932,931,982
[19:05:51.833][D][ldc1314:436]: TRACE,893685,932,931,982
[19:05:51.850][D][ldc1314:436]: TRACE,893702,932,931,982
[19:05:51.870][D][ldc1314:436]: TRACE,893717,932,931,982
[19:05:51.879][D][ldc1314:436]: TRACE,893729,932,931,982
[19:05:51.896][D][ldc1314:436]: TRACE,893748,932,931,982
[19:05:51.909][D][ldc1314:436]: TRACE,893762,932,931,982
[19:05:51.925][D][ldc1314:436]: TRACE,893777,932,931,982
[19:05:51.937][D][ldc1314:436]: TRACE,893792,932,931,982
[19:05:51.966][D][ldc1314:436]: TRACE,893810,932,931,982
[19:05:51.975][D][ldc1314:436]: TRACE,893825,932,931,982
[19:05:51.985][D][ldc1314:436]: TRACE,893837,932,931,982
[19:05:52.000][D][ldc1314:436]: TRACE,893853,932,931,982
[19:05:52.016][D][ldc1314:436]: TRACE,893868,932,931,982
[19:05:52.030][D][ldc1314:436]: TRACE,893882,932,931,982
[19:05:52.044][D][ldc1314:436]: TRACE,893897,932,931,982
[19:05:52.058][D][ldc1314:436]: TRACE,893911,932,931,982
[19:05:52.076][D][ldc1314:436]: TRACE,893928,932,931,982
[19:05:52.091][D][ldc1314:436]: TRACE,893943,932,931,982
[19:05:52.106][D][ldc1314:436]: TRACE,893958,932,931,982
[19:05:52.121][D][ldc1314:436]: TRACE,893973,932,931,982
[19:05:52.138][D][ldc1314:436]: TRACE,893988,932,931,982
[19:05:52.152][D][ldc1314:436]: TRACE,894006,932,930,982
[19:05:52.172][D][ldc1314:436]: TRACE,894022,932,930,982
[19:05:52.181][D][ldc1314:436]: TRACE,894034,932,930,982
[19:05:52.196][D][ldc1314:436]: TRACE,894050,932,930,982
[19:05:52.211][D][ldc1314:436]: TRACE,894065,932,930,982
[19:05:52.228][D][ldc1314:436]: TRACE,894080,932,930,982
[19:05:52.242][D][ldc1314:436]: TRACE,894095,932,930,982
[19:05:52.339][D][ldc1314:436]: TRACE,894112,932,930,982
[19:05:52.339][D][ldc1314:436]: TRACE,894123,932,930,982
[19:05:52.339][D][ldc1314:436]: TRACE,894134,932,930,982
[19:05:52.339][D][ldc1314:436]: TRACE,894145,932,930,982
[19:05:52.339][D][ldc1314:436]: TRACE,894157,932,930,982
[19:05:52.339][D][ldc1314:436]: TRACE,894167,932,930,982
[19:05:52.340][D][ldc1314:436]: TRACE,894178,932,931,982
[19:05:52.340][D][ldc1314:436]: TRACE,894188,932,930,982
[19:05:52.346][D][ldc1314:436]: TRACE,894198,932,930,982
[19:05:52.359][D][ldc1314:436]: TRACE,894210,932,930,982
[19:05:52.378][D][ldc1314:436]: TRACE,894227,932,930,982
[19:05:52.390][D][ldc1314:436]: TRACE,894240,932,930,982
[19:05:52.410][D][ldc1314:436]: TRACE,894261,932,930,982
[19:05:52.428][D][ldc1314:436]: TRACE,894277,932,930,982
[19:05:52.439][D][ldc1314:436]: TRACE,894293,932,930,982
[19:05:52.453][D][ldc1314:436]: TRACE,894306,932,930,982
[19:05:52.477][D][ldc1314:436]: TRACE,894320,932,930,982
[19:05:52.484][D][ldc1314:436]: TRACE,894336,932,930,982
[19:05:52.499][D][ldc1314:436]: TRACE,894347,932,930,982
[19:05:52.516][D][ldc1314:436]: TRACE,894368,932,930,982
[19:05:52.528][D][ldc1314:436]: TRACE,894383,932,930,982
[19:05:52.543][D][ldc1314:436]: TRACE,894395,932,930,982
[19:05:52.558][D][ldc1314:436]: TRACE,894410,932,930,982
[19:05:52.580][D][ldc1314:436]: TRACE,894427,932,930,982
[19:05:52.587][D][ldc1314:436]: TRACE,894440,932,930,982
[19:05:52.607][D][ldc1314:436]: TRACE,894454,932,930,982
[19:05:52.628][D][ldc1314:436]: TRACE,894480,932,930,982
[19:05:52.644][D][ldc1314:436]: TRACE,894495,932,930,982
[19:05:52.660][D][ldc1314:436]: TRACE,894512,932,930,982
[19:05:52.683][D][ldc1314:436]: TRACE,894527,932,930,982
[19:05:52.691][D][ldc1314:436]: TRACE,894542,932,930,982
[19:05:52.703][D][ldc1314:436]: TRACE,894553,932,930,982
[19:05:52.717][D][ldc1314:436]: TRACE,894569,932,930,982
[19:05:52.736][D][ldc1314:436]: TRACE,894590,932,930,982
[19:05:52.752][D][ldc1314:436]: TRACE,894603,932,930,982
[19:05:52.767][D][ldc1314:436]: TRACE,894619,932,930,982
[19:05:52.866][D][ldc1314:436]: TRACE,894633,932,930,982
[19:05:52.866][D][ldc1314:436]: TRACE,894647,932,930,982
[19:05:52.866][D][ldc1314:436]: TRACE,894658,932,930,982
[19:05:52.866][D][ldc1314:436]: TRACE,894668,932,930,982
[19:05:52.866][D][ldc1314:436]: TRACE,894679,932,930,982
[19:05:52.866][D][ldc1314:436]: TRACE,894689,932,930,982
[19:05:52.866][D][ldc1314:436]: TRACE,894700,932,930,982
[19:05:52.873][D][ldc1314:436]: TRACE,894710,932,930,982
[19:05:52.874][D][ldc1314:436]: TRACE,894721,932,930,982
[19:05:52.887][D][ldc1314:436]: TRACE,894731,932,930,982
[19:05:52.887][D][ldc1314:436]: TRACE,894743,932,930,982
[19:05:52.904][D][ldc1314:436]: TRACE,894754,932,930,982
[19:05:52.916][D][ldc1314:436]: TRACE,894771,932,930,982
[19:05:52.931][D][ldc1314:436]: TRACE,894783,932,930,982
[19:05:52.946][D][ldc1314:436]: TRACE,894800,932,930,982
[19:05:52.961][D][ldc1314:436]: TRACE,894813,932,930,982
[19:05:52.989][D][ldc1314:436]: TRACE,894831,932,930,982
[19:05:52.997][D][ldc1314:436]: TRACE,894848,932,930,982
[19:05:53.010][D][ldc1314:436]: TRACE,894859,932,930,982
[19:05:53.023][D][ldc1314:436]: TRACE,894876,932,930,982
[19:05:53.038][D][ldc1314:436]: TRACE,894891,932,930,982
[19:05:53.053][D][ldc1314:436]: TRACE,894906,932,930,982
[19:05:53.067][D][ldc1314:436]: TRACE,894920,932,930,982
[19:05:53.092][D][ldc1314:436]: TRACE,894937,932,930,982
[19:05:53.098][D][ldc1314:436]: TRACE,894951,932,930,982
[19:05:53.113][D][ldc1314:436]: TRACE,894965,932,930,982
[19:05:53.126][D][ldc1314:436]: TRACE,894980,932,930,982
[19:05:53.142][D][ldc1314:436]: TRACE,894994,932,930,982
[19:05:53.157][D][ldc1314:436]: TRACE,895009,932,930,982
[19:05:53.171][D][ldc1314:436]: TRACE,895026,932,930,982
[19:05:53.193][D][ldc1314:436]: TRACE,895038,932,930,982
[19:05:53.204][D][ldc1314:436]: TRACE,895056,932,930,982
[19:05:53.217][D][ldc1314:436]: TRACE,895071,932,930,982
[19:05:53.232][D][ldc1314:436]: TRACE,895084,932,930,982
[19:05:53.251][D][ldc1314:436]: TRACE,895099,932,930,982
[19:05:53.261][D][ldc1314:436]: TRACE,895115,932,930,982
[19:05:53.276][D][ldc1314:436]: TRACE,895128,932,930,982
[19:05:53.296][D][ldc1314:436]: TRACE,895143,932,930,982
[19:05:53.388][D][ldc1314:436]: TRACE,895155,932,930,982
[19:05:53.388][D][ldc1314:436]: TRACE,895172,932,930,982
[19:05:53.389][D][ldc1314:436]: TRACE,895182,932,930,982
[19:05:53.389][D][ldc1314:436]: TRACE,895192,932,930,982
[19:05:53.389][D][ldc1314:436]: TRACE,895202,932,930,982
[19:05:53.389][D][ldc1314:436]: TRACE,895212,932,930,982
[19:05:53.389][D][ldc1314:436]: TRACE,895222,932,930,982
[19:05:53.389][D][ldc1314:436]: TRACE,895232,932,930,982
[19:05:53.389][D][ldc1314:436]: TRACE,895242,932,930,982
[19:05:53.402][D][ldc1314:436]: TRACE,895253,932,930,982
[19:05:53.416][D][ldc1314:436]: TRACE,895264,932,930,982
[19:05:53.432][D][ldc1314:436]: TRACE,895285,932,930,982
[19:05:53.446][D][ldc1314:436]: TRACE,895299,932,930,982
[19:05:53.460][D][ldc1314:436]: TRACE,895315,932,930,982
[19:05:53.476][D][ldc1314:436]: TRACE,895328,932,930,982
[19:05:53.503][D][ldc1314:436]: TRACE,895343,932,930,982
[19:05:53.510][D][ldc1314:436]: TRACE,895359,932,930,982
[19:05:53.518][D][ldc1314:436]: TRACE,895369,932,930,982
[19:05:53.528][D][ldc1314:436]: TRACE,895381,932,930,982
[19:05:53.544][D][ldc1314:436]: TRACE,895396,932,930,982
[19:05:53.563][D][ldc1314:436]: TRACE,895416,932,930,982
[19:05:53.578][D][ldc1314:436]: TRACE,895431,932,930,982
[19:05:53.603][D][ldc1314:436]: TRACE,895445,932,930,982
[19:05:53.611][D][ldc1314:436]: TRACE,895460,932,930,982
[19:05:53.629][D][ldc1314:436]: TRACE,895478,932,930,982
[19:05:53.641][D][ldc1314:436]: TRACE,895495,932,930,982
[19:05:53.657][D][ldc1314:436]: TRACE,895508,932,930,982
[19:05:53.676][D][ldc1314:436]: TRACE,895527,932,930,982
[19:05:53.691][D][ldc1314:436]: TRACE,895544,932,930,982
[19:05:53.709][D][ldc1314:436]: TRACE,895558,932,930,982
[19:05:53.719][D][ldc1314:436]: TRACE,895570,932,930,982
[19:05:53.734][D][ldc1314:436]: TRACE,895586,932,930,982
[19:05:53.749][D][ldc1314:436]: TRACE,895601,932,930,982
[19:05:53.761][D][ldc1314:436]: TRACE,895615,932,930,982
[19:05:53.777][D][ldc1314:436]: TRACE,895630,932,930,982
[19:05:53.792][D][ldc1314:436]: TRACE,895645,932,930,982
[19:05:53.811][D][ldc1314:436]: TRACE,895659,932,930,982
[19:05:53.822][D][ldc1314:436]: TRACE,895670,932,930,982
[19:05:53.912][D][ldc1314:436]: TRACE,895688,932,930,982
[19:05:53.912][D][ldc1314:436]: TRACE,895698,932,930,982
[19:05:53.912][D][ldc1314:436]: TRACE,895708,932,930,982
[19:05:53.912][D][ldc1314:436]: TRACE,895718,932,930,982
[19:05:53.912][D][ldc1314:436]: TRACE,895728,932,930,983
[19:05:53.912][D][ldc1314:436]: TRACE,895738,932,930,983
[19:05:53.919][D][ldc1314:436]: TRACE,895749,932,930,982
[19:05:53.919][D][ldc1314:436]: TRACE,895759,932,930,982
[19:05:53.919][D][ldc1314:436]: TRACE,895769,932,930,982
[19:05:53.928][D][ldc1314:436]: TRACE,895780,932,930,982
[19:05:53.944][D][ldc1314:436]: TRACE,895796,932,930,982
[19:05:53.959][D][ldc1314:436]: TRACE,895811,932,930,982
[19:05:53.973][D][ldc1314:436]: TRACE,895826,932,930,982
[19:05:53.988][D][ldc1314:436]: TRACE,895840,932,930,982
[19:05:54.012][D][ldc1314:436]: TRACE,895861,932,930,982
[19:05:54.020][D][ldc1314:436]: TRACE,895873,932,930,982
[19:05:54.037][D][ldc1314:436]: TRACE,895889,932,930,982
[19:05:54.051][D][ldc1314:436]: TRACE,895904,932,930,982
[19:05:54.068][D][ldc1314:436]: TRACE,895918,932,930,982
[19:05:54.083][D][ldc1314:436]: TRACE,895936,932,930,983
[19:05:54.099][D][ldc1314:436]: TRACE,895951,932,930,983
[19:05:54.119][D][ldc1314:436]: TRACE,895970,932,930,983
[19:05:54.129][D][ldc1314:436]: TRACE,895982,932,930,983
[19:05:54.145][D][ldc1314:436]: TRACE,895998,932,930,983
[19:05:54.161][D][ldc1314:436]: TRACE,896012,932,930,983
[19:05:54.175][D][ldc1314:436]: TRACE,896028,932,930,982
[19:05:54.188][D][ldc1314:436]: TRACE,896041,932,930,983
[19:05:54.204][D][ldc1314:436]: TRACE,896056,932,930,983
[19:05:54.217][D][ldc1314:436]: TRACE,896071,932,930,983
[19:05:54.233][D][ldc1314:436]: TRACE,896084,932,930,983
[19:05:54.251][D][ldc1314:436]: TRACE,896102,932,930,983
[19:05:54.263][D][ldc1314:436]: TRACE,896117,932,930,983
[19:05:54.278][D][ldc1314:436]: TRACE,896131,932,930,983
[19:05:54.295][D][ldc1314:436]: TRACE,896146,932,930,983
[19:05:54.320][D][ldc1314:436]: TRACE,896163,932,930,983
[19:05:54.328][D][ldc1314:436]: TRACE,896178,932,930,982
[19:05:54.342][D][ldc1314:436]: TRACE,896194,932,930,983
[19:05:54.440][D][ldc1314:436]: TRACE,896206,932,930,983
[19:05:54.441][D][ldc1314:436]: TRACE,896220,932,930,983
[19:05:54.441][D][ldc1314:436]: TRACE,896230,932,930,983
[19:05:54.441][D][ldc1314:436]: TRACE,896240,932,930,983
[19:05:54.441][D][ldc1314:436]: TRACE,896251,932,930,983
[19:05:54.441][D][ldc1314:436]: TRACE,896261,932,930,983
[19:05:54.441][D][ldc1314:436]: TRACE,896271,932,930,983
[19:05:54.441][D][ldc1314:436]: TRACE,896281,932,930,983
[19:05:54.441][D][ldc1314:436]: TRACE,896292,932,930,983
[19:05:54.450][D][ldc1314:436]: TRACE,896302,932,930,983
[19:05:54.463][D][ldc1314:436]: TRACE,896317,932,930,983
[19:05:54.479][D][ldc1314:436]: TRACE,896331,932,930,983
[19:05:54.492][D][ldc1314:436]: TRACE,896345,932,930,983
[19:05:54.507][D][ldc1314:436]: TRACE,896359,932,930,983
[19:05:54.525][D][ldc1314:436]: TRACE,896376,932,930,983
[19:05:54.538][D][ldc1314:436]: TRACE,896388,932,930,983
[19:05:54.550][D][ldc1314:436]: TRACE,896403,932,930,983
[19:05:54.572][D][ldc1314:436]: TRACE,896423,932,930,983
[19:05:54.586][D][ldc1314:436]: TRACE,896438,932,930,983
[19:05:54.600][D][ldc1314:436]: TRACE,896454,932,930,983
[19:05:54.627][D][ldc1314:436]: TRACE,896469,932,930,983
[19:05:54.640][D][ldc1314:436]: TRACE,896488,932,930,983
[19:05:54.651][D][ldc1314:436]: TRACE,896503,932,930,983
[19:05:54.662][D][ldc1314:436]: TRACE,896515,932,930,983
[19:05:54.678][D][ldc1314:436]: TRACE,896530,932,930,983
[19:05:54.694][D][ldc1314:436]: TRACE,896547,932,930,983
[19:05:54.710][D][ldc1314:436]: TRACE,896563,932,930,983
[19:05:54.729][D][ldc1314:436]: TRACE,896577,932,930,983
[19:05:54.737][D][ldc1314:436]: TRACE,896590,932,930,983
[19:05:54.752][D][ldc1314:436]: TRACE,896606,932,930,983
[19:05:54.764][D][ldc1314:436]: TRACE,896618,932,930,983
[19:05:54.780][D][ldc1314:436]: TRACE,896632,932,930,983
[19:05:54.795][D][ldc1314:436]: TRACE,896647,932,930,983
[19:05:54.815][D][ldc1314:436]: TRACE,896667,932,930,983
[19:05:54.834][D][ldc1314:436]: TRACE,896682,932,930,983
[19:05:54.848][D][ldc1314:436]: TRACE,896695,932,930,983
[19:05:54.860][D][ldc1314:436]: TRACE,896715,932,930,983
[19:05:54.962][D][ldc1314:436]: TRACE,896727,932,930,983
[19:05:54.962][D][ldc1314:436]: TRACE,896740,932,930,983
[19:05:54.962][D][ldc1314:436]: TRACE,896750,932,930,983
[19:05:54.962][D][ldc1314:436]: TRACE,896760,932,930,983
[19:05:54.962][D][ldc1314:436]: TRACE,896770,932,930,983
[19:05:54.963][D][ldc1314:436]: TRACE,896780,932,930,983
[19:05:54.963][D][ldc1314:436]: TRACE,896791,932,930,983
[19:05:54.963][D][ldc1314:436]: TRACE,896801,932,930,983
[19:05:54.963][D][ldc1314:436]: TRACE,896811,932,930,983
[19:05:54.969][D][ldc1314:436]: TRACE,896821,932,930,983
[19:05:54.981][D][ldc1314:436]: TRACE,896833,932,930,983
[19:05:55.001][D][ldc1314:436]: TRACE,896850,932,930,983
[19:05:55.012][D][ldc1314:436]: TRACE,896865,932,930,983
[19:05:55.036][D][ldc1314:436]: TRACE,896880,932,930,983
[19:05:55.041][D][ldc1314:436]: TRACE,896894,932,930,983
[19:05:55.061][D][ldc1314:436]: TRACE,896912,932,930,983
[19:05:55.075][D][ldc1314:436]: TRACE,896926,932,930,983
[19:05:55.089][D][ldc1314:436]: TRACE,896941,932,930,983
[19:05:55.103][D][ldc1314:436]: TRACE,896956,932,930,983
[19:05:55.120][D][ldc1314:436]: TRACE,896970,932,930,983
[19:05:55.141][D][ldc1314:436]: TRACE,896987,932,930,983
[19:05:55.150][D][ldc1314:436]: TRACE,897001,932,930,983
[19:05:55.167][D][ldc1314:436]: TRACE,897020,932,930,983
[19:05:55.181][D][ldc1314:436]: TRACE,897035,932,930,983
[19:05:55.198][D][ldc1314:436]: TRACE,897049,932,930,983
[19:05:55.212][D][ldc1314:436]: TRACE,897064,932,930,983
[19:05:55.229][D][ldc1314:436]: TRACE,897079,932,930,983
[19:05:55.243][D][ldc1314:436]: TRACE,897097,932,930,983
[19:05:55.258][D][ldc1314:436]: TRACE,897110,932,930,983
[19:05:55.276][D][ldc1314:436]: TRACE,897127,932,930,983
[19:05:55.290][D][ldc1314:436]: TRACE,897144,932,930,983
[19:05:55.302][D][ldc1314:436]: TRACE,897157,932,930,983
[19:05:55.319][D][ldc1314:436]: TRACE,897170,932,930,983
[19:05:55.342][D][ldc1314:436]: TRACE,897189,932,930,983
[19:05:55.350][D][ldc1314:436]: TRACE,897203,932,930,983
[19:05:55.367][D][ldc1314:436]: TRACE,897213,932,930,983
[19:05:55.378][D][ldc1314:436]: TRACE,897228,932,930,983
[19:05:55.486][D][ldc1314:436]: TRACE,897246,932,930,983
[19:05:55.487][D][ldc1314:436]: TRACE,897260,932,930,983
[19:05:55.487][D][ldc1314:436]: TRACE,897271,932,930,983
[19:05:55.487][D][ldc1314:436]: TRACE,897281,932,930,983
[19:05:55.487][D][ldc1314:436]: TRACE,897291,932,930,983
[19:05:55.487][D][ldc1314:436]: TRACE,897301,932,930,983
[19:05:55.487][D][ldc1314:436]: TRACE,897311,932,930,983
[19:05:55.487][D][ldc1314:436]: TRACE,897321,932,930,983
[19:05:55.487][D][ldc1314:436]: TRACE,897331,932,930,983
[19:05:55.487][D][ldc1314:436]: TRACE,897341,932,930,983
[19:05:55.500][D][ldc1314:436]: TRACE,897351,932,930,983
[19:05:55.516][D][ldc1314:436]: TRACE,897368,932,930,983
[19:05:55.529][D][ldc1314:436]: TRACE,897383,932,930,983
[19:05:55.548][D][ldc1314:436]: TRACE,897397,932,930,983
[19:05:55.559][D][ldc1314:436]: TRACE,897411,932,930,983
[19:05:55.575][D][ldc1314:436]: TRACE,897426,932,930,983
[19:05:55.586][D][ldc1314:436]: TRACE,897441,932,930,983
[19:05:55.607][D][ldc1314:436]: TRACE,897458,932,930,983
[19:05:55.631][D][ldc1314:436]: TRACE,897474,932,930,983
[19:05:55.652][D][ldc1314:436]: TRACE,897497,932,930,983
[19:05:55.660][D][ldc1314:436]: TRACE,897510,932,930,983
[19:05:55.672][D][ldc1314:436]: TRACE,897522,932,930,983
[19:05:55.687][D][ldc1314:436]: TRACE,897538,932,930,983
[19:05:55.702][D][ldc1314:436]: TRACE,897555,932,930,983
[19:05:55.720][D][ldc1314:436]: TRACE,897571,932,930,983
[19:05:55.736][D][ldc1314:436]: TRACE,897587,932,930,983
[19:05:55.755][D][ldc1314:436]: TRACE,897604,932,930,983
[19:05:55.766][D][ldc1314:436]: TRACE,897617,932,930,983
[19:05:55.780][D][ldc1314:436]: TRACE,897632,932,930,983
[19:05:55.797][D][ldc1314:436]: TRACE,897649,932,930,983
[19:05:55.811][D][ldc1314:436]: TRACE,897663,932,930,983
[19:05:55.832][D][ldc1314:436]: TRACE,897684,932,930,983
[19:05:55.854][D][ldc1314:436]: TRACE,897699,932,930,983
[19:05:55.862][D][ldc1314:436]: TRACE,897714,932,930,983
[19:05:55.877][D][ldc1314:436]: TRACE,897729,932,930,983
[19:05:55.893][D][ldc1314:436]: TRACE,897743,932,930,983
[19:05:55.904][D][ldc1314:436]: TRACE,897758,932,930,983
[19:05:55.916][D][ldc1314:436]: TRACE,897771,932,930,983
[19:05:56.008][D][ldc1314:436]: TRACE,897788,932,930,983
[19:05:56.008][D][ldc1314:436]: TRACE,897798,932,930,983
[19:05:56.008][D][ldc1314:436]: TRACE,897808,932,930,983
[19:05:56.008][D][ldc1314:436]: TRACE,897818,932,930,983
[19:05:56.009][D][ldc1314:436]: TRACE,897828,932,930,983
[19:05:56.009][D][ldc1314:436]: TRACE,897838,932,930,983
[19:05:56.009][D][ldc1314:436]: TRACE,897848,932,930,983
[19:05:56.009][D][ldc1314:436]: TRACE,897858,932,930,983
[19:05:56.017][D][ldc1314:436]: TRACE,897868,932,930,983
[19:05:56.028][D][ldc1314:436]: TRACE,897880,932,930,983
[19:05:56.048][D][ldc1314:436]: TRACE,897901,932,930,983
[19:05:56.062][D][ldc1314:436]: TRACE,897915,932,930,983
[19:05:56.075][D][ldc1314:436]: TRACE,897925,932,930,983
[19:05:56.089][D][ldc1314:436]: TRACE,897943,932,930,983
[19:05:56.103][D][ldc1314:436]: TRACE,897956,932,930,983
[19:05:56.119][D][ldc1314:436]: TRACE,897972,932,930,983
[19:05:56.133][D][ldc1314:436]: TRACE,897986,932,930,983
[19:05:56.161][D][ldc1314:436]: TRACE,898007,932,930,983
[19:05:56.167][D][ldc1314:436]: TRACE,898020,932,930,983
[19:05:56.184][D][ldc1314:436]: TRACE,898032,932,930,983
[19:05:56.198][D][ldc1314:436]: TRACE,898048,932,930,983
[19:05:56.212][D][ldc1314:436]: TRACE,898063,932,930,983
[19:05:56.225][D][ldc1314:436]: TRACE,898078,932,930,983
[19:05:56.241][D][ldc1314:436]: TRACE,898093,932,930,983
[19:05:56.264][D][ldc1314:436]: TRACE,898107,932,930,983
[19:05:56.270][D][ldc1314:436]: TRACE,898122,932,930,983
[19:05:56.282][D][ldc1314:436]: TRACE,898135,932,930,983
[19:05:56.297][D][ldc1314:436]: TRACE,898151,932,930,983
[19:05:56.313][D][ldc1314:436]: TRACE,898164,932,930,983
[19:05:56.328][D][ldc1314:436]: TRACE,898181,932,930,983
[19:05:56.342][D][ldc1314:436]: TRACE,898195,932,930,983
[19:05:56.365][D][ldc1314:436]: TRACE,898210,932,930,983
[19:05:56.375][D][ldc1314:436]: TRACE,898229,932,930,983
[19:05:56.392][D][ldc1314:436]: TRACE,898243,932,930,983
[19:05:56.407][D][ldc1314:436]: TRACE,898260,932,930,983
[19:05:56.424][D][ldc1314:436]: TRACE,898276,932,930,983
[19:05:56.438][D][ldc1314:436]: TRACE,898291,932,930,983
[19:05:56.533][D][ldc1314:436]: TRACE,898306,932,930,983
[19:05:56.533][D][ldc1314:436]: TRACE,898318,932,930,983
[19:05:56.533][D][ldc1314:436]: TRACE,898328,932,930,983
[19:05:56.533][D][ldc1314:436]: TRACE,898338,932,930,983
[19:05:56.533][D][ldc1314:436]: TRACE,898350,932,930,983
[19:05:56.533][D][ldc1314:436]: TRACE,898359,932,930,983
[19:05:56.533][D][ldc1314:436]: TRACE,898369,932,930,983
[19:05:56.533][D][ldc1314:436]: TRACE,898379,932,930,983
[19:05:56.539][D][ldc1314:436]: TRACE,898389,932,930,983
[19:05:56.548][D][ldc1314:436]: TRACE,898400,932,930,983
[19:05:56.571][D][ldc1314:436]: TRACE,898415,932,930,983
[19:05:56.574][D][ldc1314:436]: TRACE,898430,932,930,983
[19:05:56.589][D][ldc1314:436]: TRACE,898441,932,930,983
[19:05:56.604][D][ldc1314:436]: TRACE,898456,932,930,983
[19:05:56.619][D][ldc1314:436]: TRACE,898473,932,930,983
[19:05:56.643][D][ldc1314:436]: TRACE,898486,932,930,983
[19:05:56.658][D][ldc1314:436]: TRACE,898510,932,930,983
[19:05:56.673][D][ldc1314:436]: TRACE,898524,932,930,983
[19:05:56.688][D][ldc1314:436]: TRACE,898538,932,930,983
[19:05:56.701][D][ldc1314:436]: TRACE,898555,932,930,983
[19:05:56.716][D][ldc1314:436]: TRACE,898570,932,930,983
[19:05:56.736][D][ldc1314:436]: TRACE,898588,932,930,983
[19:05:56.753][D][ldc1314:436]: TRACE,898603,932,930,983
[19:05:56.777][D][ldc1314:436]: TRACE,898620,932,930,983
[19:05:56.777][D][ldc1314:436]: TRACE,898633,932,930,983
[19:05:56.793][D][ldc1314:436]: TRACE,898645,932,930,983
[19:05:56.808][D][ldc1314:436]: TRACE,898660,932,930,983
[19:05:56.823][D][ldc1314:436]: TRACE,898675,932,930,983
[19:05:56.837][D][ldc1314:436]: TRACE,898690,932,930,983
[19:05:56.856][D][ldc1314:436]: TRACE,898710,932,930,983
[19:05:56.878][D][ldc1314:436]: TRACE,898724,932,930,983
[19:05:56.884][D][ldc1314:436]: TRACE,898737,932,930,983
[19:05:56.901][D][ldc1314:436]: TRACE,898751,932,930,983
[19:05:56.914][D][ldc1314:436]: TRACE,898768,932,930,983
[19:05:56.930][D][ldc1314:436]: TRACE,898782,932,930,983
[19:05:56.944][D][ldc1314:436]: TRACE,898797,932,930,983
[19:05:56.960][D][ldc1314:436]: TRACE,898812,932,930,983
[19:05:57.062][D][ldc1314:436]: TRACE,898830,932,930,983
[19:05:57.062][D][ldc1314:436]: TRACE,898844,932,930,983
[19:05:57.063][D][ldc1314:436]: TRACE,898854,932,930,983
[19:05:57.063][D][ldc1314:436]: TRACE,898864,932,930,983
[19:05:57.063][D][ldc1314:436]: TRACE,898874,932,930,983
[19:05:57.063][D][ldc1314:436]: TRACE,898884,932,930,983
[19:05:57.063][D][ldc1314:436]: TRACE,898894,932,930,983
[19:05:57.063][D][ldc1314:436]: TRACE,898904,932,930,983
[19:05:57.071][D][ldc1314:436]: TRACE,898914,932,930,983
[19:05:57.071][D][ldc1314:436]: TRACE,898924,932,930,983
[19:05:57.091][D][ldc1314:436]: TRACE,898939,932,930,983
[19:05:57.102][D][ldc1314:436]: TRACE,898952,932,930,983
[19:05:57.117][D][ldc1314:436]: TRACE,898969,932,930,983
[19:05:57.133][D][ldc1314:436]: TRACE,898983,932,930,983
[19:05:57.148][D][ldc1314:436]: TRACE,899000,932,930,983
[19:05:57.163][D][ldc1314:436]: TRACE,899015,932,930,983
[19:05:57.189][D][ldc1314:436]: TRACE,899030,932,930,983
[19:05:57.191][D][ldc1314:436]: TRACE,899045,932,930,983
[19:05:57.212][D][ldc1314:436]: TRACE,899063,932,930,983
[19:05:57.224][D][ldc1314:436]: TRACE,899078,932,930,983
[19:05:57.240][D][ldc1314:436]: TRACE,899092,932,930,983
[19:05:57.254][D][ldc1314:436]: TRACE,899107,932,930,983
[19:05:57.272][D][ldc1314:436]: TRACE,899121,932,930,983
[19:05:57.291][D][ldc1314:436]: TRACE,899136,932,930,983
[19:05:57.298][D][ldc1314:436]: TRACE,899146,932,930,983
[19:05:57.314][D][ldc1314:436]: TRACE,899159,932,930,983
[19:05:57.328][D][ldc1314:436]: TRACE,899181,932,930,983
[19:05:57.342][D][ldc1314:436]: TRACE,899196,932,930,983
[19:05:57.358][D][ldc1314:436]: TRACE,899210,932,930,983
[19:05:57.373][D][ldc1314:436]: TRACE,899225,932,930,983
[19:05:57.388][D][ldc1314:436]: TRACE,899241,932,930,983
[19:05:57.404][D][ldc1314:436]: TRACE,899253,932,930,983
[19:05:57.416][D][ldc1314:436]: TRACE,899270,932,930,983
[19:05:57.431][D][ldc1314:436]: TRACE,899283,932,930,983
[19:05:57.451][D][ldc1314:436]: TRACE,899304,932,930,983
[19:05:57.468][D][ldc1314:436]: TRACE,899320,932,930,983
[19:05:57.582][D][ldc1314:436]: TRACE,899335,932,930,983
[19:05:57.582][D][ldc1314:436]: TRACE,899350,932,930,983
[19:05:57.582][D][ldc1314:436]: TRACE,899362,932,930,983
[19:05:57.582][D][ldc1314:436]: TRACE,899372,932,930,983
[19:05:57.583][D][ldc1314:436]: TRACE,899382,932,930,983
[19:05:57.583][D][ldc1314:436]: TRACE,899392,932,930,983
[19:05:57.583][D][ldc1314:436]: TRACE,899402,932,930,983
[19:05:57.583][D][ldc1314:436]: TRACE,899412,932,930,983
[19:05:57.599][D][ldc1314:436]: TRACE,899422,932,930,983
[19:05:57.599][D][ldc1314:436]: TRACE,899432,932,930,983
[19:05:57.599][D][ldc1314:436]: TRACE,899443,932,930,983
[19:05:57.600][D][ldc1314:436]: TRACE,899453,932,930,983
[19:05:57.612][D][ldc1314:436]: TRACE,899466,932,930,983
[19:05:57.627][D][ldc1314:436]: TRACE,899481,932,930,983
[19:05:57.650][D][ldc1314:436]: TRACE,899496,932,930,983
[19:05:57.664][D][ldc1314:436]: TRACE,899517,932,930,983
[19:05:57.680][D][ldc1314:436]: TRACE,899532,932,930,983
[19:05:57.700][D][ldc1314:436]: TRACE,899549,932,930,983
[19:05:57.712][D][ldc1314:436]: TRACE,899562,932,930,983
[19:05:57.725][D][ldc1314:436]: TRACE,899579,932,930,983
[19:05:57.741][D][ldc1314:436]: TRACE,899592,932,930,983
[19:05:57.757][D][ldc1314:436]: TRACE,899609,932,930,983
[19:05:57.768][D][ldc1314:436]: TRACE,899623,932,930,983
[19:05:57.786][D][ldc1314:436]: TRACE,899638,932,930,983
[19:05:57.801][D][ldc1314:436]: TRACE,899653,932,930,983
[19:05:57.819][D][ldc1314:436]: TRACE,899670,932,930,983
[19:05:57.833][D][ldc1314:436]: TRACE,899685,932,930,983
[19:05:57.850][D][ldc1314:436]: TRACE,899701,932,930,983
[19:05:57.865][D][ldc1314:436]: TRACE,899717,932,930,983
[19:05:57.880][D][ldc1314:436]: TRACE,899733,932,930,983
[19:05:57.903][D][ldc1314:436]: TRACE,899748,932,930,983
[19:05:57.910][D][ldc1314:436]: TRACE,899761,932,930,983
[19:05:57.925][D][ldc1314:436]: TRACE,899774,932,930,983
[19:05:57.943][D][ldc1314:436]: TRACE,899794,932,930,983
[19:05:57.958][D][ldc1314:436]: TRACE,899810,932,930,983
[19:05:57.976][D][ldc1314:436]: TRACE,899826,932,930,983
[19:05:57.986][D][ldc1314:436]: TRACE,899840,932,930,983
[19:05:58.003][D][ldc1314:436]: TRACE,899853,932,930,983
[19:05:58.105][D][ldc1314:436]: TRACE,899865,932,930,983
[19:05:58.106][D][ldc1314:436]: TRACE,899881,932,930,983
[19:05:58.106][D][ldc1314:436]: TRACE,899891,932,930,983
[19:05:58.106][D][ldc1314:436]: TRACE,899903,932,930,983
[19:05:58.106][D][ldc1314:436]: TRACE,899912,932,930,983
[19:05:58.106][D][ldc1314:436]: TRACE,899923,932,930,983
[19:05:58.107][D][ldc1314:436]: TRACE,899933,932,930,983
[19:05:58.114][D][ldc1314:436]: TRACE,899943,932,930,983
[19:05:58.114][D][ldc1314:436]: TRACE,899953,932,930,983
[19:05:58.114][D][ldc1314:436]: TRACE,899963,932,930,983
[19:05:58.123][D][ldc1314:436]: TRACE,899974,932,930,983
[19:05:58.136][D][ldc1314:436]: TRACE,899990,932,930,983
[19:05:58.151][D][ldc1314:436]: TRACE,900004,932,930,983
[19:05:58.170][D][ldc1314:436]: TRACE,900021,932,930,983
[19:05:58.184][D][ldc1314:436]: TRACE,900037,932,930,983
[19:05:58.208][D][ldc1314:436]: TRACE,900052,932,930,983
[19:05:58.211][D][ldc1314:436]: TRACE,900066,932,930,983
[19:05:58.227][D][ldc1314:436]: TRACE,900079,932,930,983
[19:05:58.240][D][ldc1314:436]: TRACE,900094,932,930,983
[19:05:58.254][D][ldc1314:436]: TRACE,900106,932,930,983
[19:05:58.270][D][ldc1314:436]: TRACE,900121,932,930,983
[19:05:58.290][D][ldc1314:436]: TRACE,900141,932,930,983
[19:05:58.311][D][ldc1314:436]: TRACE,900156,932,930,983
[19:05:58.319][D][ldc1314:436]: TRACE,900171,932,930,983
[19:05:58.334][D][ldc1314:436]: TRACE,900187,932,930,983
[19:05:58.347][D][ldc1314:436]: TRACE,900201,932,930,983
[19:05:58.363][D][ldc1314:436]: TRACE,900215,932,930,983
[19:05:58.379][D][ldc1314:436]: TRACE,900230,932,930,983
[19:05:58.393][D][ldc1314:436]: TRACE,900245,932,930,983
[19:05:58.413][D][ldc1314:436]: TRACE,900265,932,930,983
[19:05:58.428][D][ldc1314:436]: TRACE,900277,932,930,983
[19:05:58.443][D][ldc1314:436]: TRACE,900295,932,930,983
[19:05:58.459][D][ldc1314:436]: TRACE,900312,932,930,983
[19:05:58.473][D][ldc1314:436]: TRACE,900326,932,930,983
[19:05:58.487][D][ldc1314:436]: TRACE,900340,932,930,983
[19:05:58.503][D][ldc1314:436]: TRACE,900355,932,930,983
[19:05:58.522][D][ldc1314:436]: TRACE,900372,932,930,983
[19:05:58.534][D][ldc1314:436]: TRACE,900382,932,930,983
[19:05:58.632][D][ldc1314:436]: TRACE,900402,932,930,983
[19:05:58.633][D][ldc1314:436]: TRACE,900414,932,930,983
[19:05:58.633][D][ldc1314:436]: TRACE,900424,932,930,983
[19:05:58.633][D][ldc1314:436]: TRACE,900434,932,930,983
[19:05:58.633][D][ldc1314:436]: TRACE,900444,932,930,983
[19:05:58.633][D][ldc1314:436]: TRACE,900454,932,930,983
[19:05:58.633][D][ldc1314:436]: TRACE,900464,932,930,983
[19:05:58.633][D][ldc1314:436]: TRACE,900474,932,930,983
[19:05:58.636][D][ldc1314:436]: TRACE,900487,932,930,983
[19:05:58.662][D][ldc1314:436]: TRACE,900507,932,930,983
[19:05:58.677][D][ldc1314:436]: TRACE,900529,932,930,983
[19:05:58.691][D][ldc1314:436]: TRACE,900543,932,930,983
[19:05:58.709][D][ldc1314:436]: TRACE,900558,932,930,983
[19:05:58.722][D][ldc1314:436]: TRACE,900575,932,930,983
[19:05:58.737][D][ldc1314:436]: TRACE,900589,932,930,983
[19:05:58.756][D][ldc1314:436]: TRACE,900606,932,930,983
[19:05:58.772][D][ldc1314:436]: TRACE,900622,932,930,983
[19:05:58.787][D][ldc1314:436]: TRACE,900639,932,930,983
[19:05:58.800][D][ldc1314:436]: TRACE,900653,932,930,983
[19:05:58.822][D][ldc1314:436]: TRACE,900668,932,930,983
[19:05:58.829][D][ldc1314:436]: TRACE,900681,932,930,983
[19:05:58.842][D][ldc1314:436]: TRACE,900696,932,930,983
[19:05:58.856][D][ldc1314:436]: TRACE,900710,932,930,983
[19:05:58.875][D][ldc1314:436]: TRACE,900728,932,930,983
[19:05:58.889][D][ldc1314:436]: TRACE,900742,932,930,983
[19:05:58.905][D][ldc1314:436]: TRACE,900756,932,930,983
[19:05:58.925][D][ldc1314:436]: TRACE,900771,932,930,983
[19:05:58.936][D][ldc1314:436]: TRACE,900791,932,930,983
[19:05:58.950][D][ldc1314:436]: TRACE,900803,932,930,983
[19:05:58.965][D][ldc1314:436]: TRACE,900817,932,930,983
[19:05:58.981][D][ldc1314:436]: TRACE,900832,932,930,983
[19:05:59.001][D][ldc1314:436]: TRACE,900851,932,930,983
[19:05:59.013][D][ldc1314:436]: TRACE,900867,932,930,983
[19:05:59.034][D][ldc1314:436]: TRACE,900882,932,930,983
[19:05:59.038][D][ldc1314:436]: TRACE,900891,932,930,983
[19:05:59.053][D][ldc1314:436]: TRACE,900904,932,930,983
[19:05:59.156][D][ldc1314:436]: TRACE,900919,932,930,983
[19:05:59.157][D][ldc1314:436]: TRACE,900934,932,930,983
[19:05:59.157][D][ldc1314:436]: TRACE,900943,932,930,983
[19:05:59.157][D][ldc1314:436]: TRACE,900953,932,930,983
[19:05:59.157][D][ldc1314:436]: TRACE,900964,932,930,983
[19:05:59.157][D][ldc1314:436]: TRACE,900975,932,930,983
[19:05:59.158][D][ldc1314:436]: TRACE,900986,932,930,983
[19:05:59.158][D][ldc1314:436]: TRACE,900995,932,930,983
[19:05:59.162][D][ldc1314:436]: TRACE,901005,932,930,983
[19:05:59.162][D][ldc1314:436]: TRACE,901015,932,930,983
[19:05:59.174][D][ldc1314:436]: TRACE,901025,932,930,983
[19:05:59.195][D][ldc1314:436]: TRACE,901042,932,930,983
[19:05:59.205][D][ldc1314:436]: TRACE,901057,932,930,983
[19:05:59.231][D][ldc1314:436]: TRACE,901076,932,930,983
[19:05:59.239][D][ldc1314:436]: TRACE,901092,932,930,983
[19:05:59.251][D][ldc1314:436]: TRACE,901105,932,930,983
[19:05:59.267][D][ldc1314:436]: TRACE,901120,932,930,983
[19:05:59.283][D][ldc1314:436]: TRACE,901134,932,930,983
[19:05:59.299][D][ldc1314:436]: TRACE,901149,932,930,983
[19:05:59.314][D][ldc1314:436]: TRACE,901166,932,930,983
[19:05:59.334][D][ldc1314:436]: TRACE,901181,932,930,983
[19:05:59.348][D][ldc1314:436]: TRACE,901198,932,930,983
[19:05:59.360][D][ldc1314:436]: TRACE,901214,932,930,983
[19:05:59.376][D][ldc1314:436]: TRACE,901227,932,930,983
[19:05:59.392][D][ldc1314:436]: TRACE,901243,932,930,983
[19:05:59.406][D][ldc1314:436]: TRACE,901258,932,930,983
[19:05:59.420][D][ldc1314:436]: TRACE,901272,932,930,983
[19:05:59.436][D][ldc1314:436]: TRACE,901287,932,930,983
[19:05:59.455][D][ldc1314:436]: TRACE,901306,932,930,983
[19:05:59.468][D][ldc1314:436]: TRACE,901321,932,930,983
[19:05:59.480][D][ldc1314:436]: TRACE,901336,932,930,983
[19:05:59.499][D][ldc1314:436]: TRACE,901348,932,930,983
[19:05:59.509][D][ldc1314:436]: TRACE,901364,932,930,983
[19:05:59.526][D][ldc1314:436]: TRACE,901378,932,930,983
[19:05:59.541][D][ldc1314:436]: TRACE,901393,932,930,983
[19:05:59.554][D][ldc1314:436]: TRACE,901404,932,930,983
[19:05:59.573][D][ldc1314:436]: TRACE,901424,932,930,983
[19:05:59.589][D][ldc1314:436]: TRACE,901441,932,930,983
[19:05:59.679][D][ldc1314:436]: TRACE,901455,932,930,983
[19:05:59.679][D][ldc1314:436]: TRACE,901466,932,930,983
[19:05:59.680][D][ldc1314:436]: TRACE,901476,932,930,983
[19:05:59.680][D][ldc1314:436]: TRACE,901486,932,930,983
[19:05:59.680][D][ldc1314:436]: TRACE,901497,932,930,983
[19:05:59.680][D][ldc1314:436]: TRACE,901507,932,930,983
[19:05:59.680][D][ldc1314:436]: TRACE,901520,932,930,983
[19:05:59.688][D][ldc1314:436]: TRACE,901532,932,930,983
[19:05:59.688][D][ldc1314:436]: TRACE,901541,932,930,983
[19:05:59.705][D][ldc1314:436]: TRACE,901554,932,930,983
[19:05:59.712][D][ldc1314:436]: TRACE,901568,932,930,983
[19:05:59.728][D][ldc1314:436]: TRACE,901580,932,930,983
[19:05:59.747][D][ldc1314:436]: TRACE,901595,932,930,983
[19:05:59.757][D][ldc1314:436]: TRACE,901607,932,929,983
[19:05:59.771][D][ldc1314:436]: TRACE,901623,932,929,983
[19:05:59.785][D][ldc1314:436]: TRACE,901638,932,929,983
[19:05:59.808][D][ldc1314:436]: TRACE,901658,932,929,983
[19:05:59.820][D][ldc1314:436]: TRACE,901673,932,929,984
[19:05:59.847][D][ldc1314:436]: TRACE,901690,932,929,984
[19:05:59.850][D][ldc1314:436]: TRACE,901705,932,929,984
[19:05:59.862][D][ldc1314:436]: TRACE,901715,932,929,984
[19:05:59.875][D][ldc1314:436]: TRACE,901730,932,929,984
[19:05:59.892][D][ldc1314:436]: TRACE,901744,932,929,984
[19:05:59.907][D][ldc1314:436]: TRACE,901759,932,929,984
[19:05:59.928][D][ldc1314:436]: TRACE,901780,932,929,984
[19:05:59.948][D][ldc1314:436]: TRACE,901795,932,929,984
[19:05:59.956][D][ldc1314:436]: TRACE,901810,932,929,984
[19:05:59.970][D][ldc1314:436]: TRACE,901822,933,929,984
[19:05:59.983][D][ldc1314:436]: TRACE,901837,933,929,984
[19:06:00.001][D][ldc1314:436]: TRACE,901850,933,929,984
[19:06:00.013][D][ldc1314:436]: TRACE,901867,932,929,984
[19:06:00.027][D][ldc1314:436]: TRACE,901881,933,929,984
[19:06:00.050][D][ldc1314:436]: TRACE,901899,933,929,984
[19:06:00.060][D][ldc1314:436]: TRACE,901914,933,929,984
[19:06:00.076][D][ldc1314:436]: TRACE,901929,933,929,984
[19:06:00.090][D][ldc1314:436]: TRACE,901942,933,929,984
[19:06:00.110][D][ldc1314:436]: TRACE,901958,933,929,984
[19:06:00.203][D][ldc1314:436]: TRACE,901973,933,929,984
[19:06:00.203][D][ldc1314:436]: TRACE,901986,933,929,984
[19:06:00.203][D][ldc1314:436]: TRACE,901995,933,929,984
[19:06:00.203][D][ldc1314:436]: TRACE,902008,933,929,984
[19:06:00.204][D][ldc1314:436]: TRACE,902018,933,929,984
[19:06:00.204][D][ldc1314:436]: TRACE,902028,933,929,984
[19:06:00.204][D][ldc1314:436]: TRACE,902038,933,929,984
[19:06:00.210][D][ldc1314:436]: TRACE,902048,933,929,984
[19:06:00.210][D][ldc1314:436]: TRACE,902058,933,929,984
[19:06:00.217][D][ldc1314:436]: TRACE,902068,933,929,984
[19:06:00.232][D][ldc1314:436]: TRACE,902085,933,929,984
[19:06:00.255][D][ldc1314:436]: TRACE,902099,933,929,984
[19:06:00.268][D][ldc1314:436]: TRACE,902118,933,929,984
[19:06:00.283][D][ldc1314:436]: TRACE,902134,933,929,984
[19:06:00.294][D][ldc1314:436]: TRACE,902148,933,929,984
[19:06:00.310][D][ldc1314:436]: TRACE,902162,933,929,984
[19:06:00.326][D][ldc1314:436]: TRACE,902178,933,929,984
[19:06:00.341][D][ldc1314:436]: TRACE,902193,933,929,984
[19:06:00.359][D][ldc1314:436]: TRACE,902208,933,929,984
[19:06:00.371][D][ldc1314:436]: TRACE,902221,933,929,984
[19:06:00.389][D][ldc1314:436]: TRACE,902244,933,929,984
[19:06:00.406][D][ldc1314:436]: TRACE,902256,933,929,984
[19:06:00.421][D][ldc1314:436]: TRACE,902274,933,929,984
[19:06:00.436][D][ldc1314:436]: TRACE,902288,933,929,984
[19:06:00.459][D][ldc1314:436]: TRACE,902303,933,929,984
[19:06:00.465][D][ldc1314:436]: TRACE,902318,933,929,984
[19:06:00.478][D][ldc1314:436]: TRACE,902330,933,929,984
[19:06:00.496][D][ldc1314:436]: TRACE,902352,933,929,984
[19:06:00.513][D][ldc1314:436]: TRACE,902363,933,929,984
[19:06:00.526][D][ldc1314:436]: TRACE,902378,933,929,984
[19:06:00.542][D][ldc1314:436]: TRACE,902393,933,929,984
[19:06:00.560][D][ldc1314:436]: TRACE,902411,933,929,984
[19:06:00.572][D][ldc1314:436]: TRACE,902424,933,929,984
[19:06:00.587][D][ldc1314:436]: TRACE,902439,933,929,984
[19:06:00.601][D][ldc1314:436]: TRACE,902454,933,929,984
[19:06:00.623][D][ldc1314:436]: TRACE,902474,933,929,984
[19:06:00.726][D][ldc1314:436]: TRACE,902491,933,929,984
[19:06:00.727][D][ldc1314:436]: TRACE,902506,933,929,984
[19:06:00.727][D][ldc1314:436]: TRACE,902516,933,929,984
[19:06:00.727][D][ldc1314:436]: TRACE,902529,933,929,984
[19:06:00.727][D][ldc1314:436]: TRACE,902539,934,929,984
[19:06:00.727][D][ldc1314:436]: TRACE,902549,934,929,984
[19:06:00.727][D][ldc1314:436]: TRACE,902559,934,929,984
[19:06:00.727][D][ldc1314:436]: TRACE,902570,934,929,983
[19:06:00.727][D][ldc1314:436]: TRACE,902580,934,929,983
[19:06:00.740][D][ldc1314:436]: TRACE,902591,934,929,983
[19:06:00.766][D][ldc1314:436]: TRACE,902610,934,929,983
[19:06:00.775][D][ldc1314:436]: TRACE,902624,934,929,983
[19:06:00.783][D][ldc1314:436]: TRACE,902634,934,929,983
[19:06:00.800][D][ldc1314:436]: TRACE,902650,934,929,983
[19:06:00.813][D][ldc1314:436]: TRACE,902666,934,929,983
[19:06:00.830][D][ldc1314:436]: TRACE,902681,934,929,983
[19:06:00.850][D][ldc1314:436]: TRACE,902702,934,929,983
[19:06:00.869][D][ldc1314:436]: TRACE,902716,934,929,983
[19:06:00.877][D][ldc1314:436]: TRACE,902729,934,929,983
[19:06:00.890][D][ldc1314:436]: TRACE,902743,934,929,983
[19:06:00.905][D][ldc1314:436]: TRACE,902756,934,929,983
[19:06:00.921][D][ldc1314:436]: TRACE,902771,934,929,983
[19:06:00.934][D][ldc1314:436]: TRACE,902786,934,929,983
[19:06:00.947][D][ldc1314:436]: TRACE,902801,934,929,983
[19:06:00.974][D][ldc1314:436]: TRACE,902822,934,929,983
[19:06:00.986][D][ldc1314:436]: TRACE,902834,935,929,983
[19:06:00.999][D][ldc1314:436]: TRACE,902847,935,929,983
[19:06:01.012][D][ldc1314:436]: TRACE,902865,935,929,983
[19:06:01.025][D][ldc1314:436]: TRACE,902878,935,929,983
[19:06:01.040][D][ldc1314:436]: TRACE,902892,935,929,983
[19:06:01.051][D][ldc1314:436]: TRACE,902906,935,929,982
[19:06:01.074][D][ldc1314:436]: TRACE,902920,935,929,982
[19:06:01.082][D][ldc1314:436]: TRACE,902933,935,929,982
[19:06:01.101][D][ldc1314:436]: TRACE,902953,935,929,982
[19:06:01.114][D][ldc1314:436]: TRACE,902968,935,929,982
[19:06:01.130][D][ldc1314:436]: TRACE,902982,935,929,982
[19:06:01.145][D][ldc1314:436]: TRACE,902997,935,929,982
[19:06:01.159][D][ldc1314:436]: TRACE,903011,935,929,982
[19:06:01.251][D][ldc1314:436]: TRACE,903025,935,929,982
[19:06:01.252][D][ldc1314:436]: TRACE,903037,936,929,982
[19:06:01.252][D][ldc1314:436]: TRACE,903047,936,929,982
[19:06:01.252][D][ldc1314:436]: TRACE,903058,936,929,982
[19:06:01.252][D][ldc1314:436]: TRACE,903069,936,929,982
[19:06:01.252][D][ldc1314:436]: TRACE,903080,936,929,982
[19:06:01.252][D][ldc1314:436]: TRACE,903090,936,929,981
[19:06:01.258][D][ldc1314:436]: TRACE,903100,936,929,981
[19:06:01.258][D][ldc1314:436]: TRACE,903110,936,929,981
[19:06:01.280][D][ldc1314:436]: TRACE,903120,936,929,981
[19:06:01.280][D][ldc1314:436]: TRACE,903136,936,929,981
[19:06:01.297][D][ldc1314:436]: TRACE,903148,936,929,981
[19:06:01.315][D][ldc1314:436]: TRACE,903166,936,929,981
[19:06:01.331][D][ldc1314:436]: TRACE,903181,936,929,981
[19:06:01.346][D][ldc1314:436]: TRACE,903198,937,929,981
[19:06:01.361][D][ldc1314:436]: TRACE,903213,937,929,980
[19:06:01.381][D][ldc1314:436]: TRACE,903229,937,929,980
[19:06:01.390][D][ldc1314:436]: TRACE,903243,937,929,980
[19:06:01.408][D][ldc1314:436]: TRACE,903258,937,929,980
[19:06:01.419][D][ldc1314:436]: TRACE,903273,937,929,980
[19:06:01.439][D][ldc1314:436]: TRACE,903291,937,929,980
[19:06:01.452][D][ldc1314:436]: TRACE,903306,937,929,980
[19:06:01.468][D][ldc1314:436]: TRACE,903320,937,929,980
[19:06:01.484][D][ldc1314:436]: TRACE,903335,937,929,979
[19:06:01.497][D][ldc1314:436]: TRACE,903347,937,929,979
[19:06:01.513][D][ldc1314:436]: TRACE,903364,937,929,979
[19:06:01.526][D][ldc1314:436]: TRACE,903379,938,929,979
[19:06:01.545][D][ldc1314:436]: TRACE,903399,938,929,979
[19:06:01.561][D][ldc1314:436]: TRACE,903413,938,929,979
[19:06:01.585][D][ldc1314:436]: TRACE,903428,938,929,979
[19:06:01.588][D][ldc1314:436]: TRACE,903443,938,929,978
[19:06:01.604][D][ldc1314:436]: TRACE,903456,938,929,978
[19:06:01.615][D][ldc1314:436]: TRACE,903470,938,929,978
[19:06:01.631][D][ldc1314:436]: TRACE,903483,938,929,978
[19:06:01.651][D][ldc1314:436]: TRACE,903504,938,929,978
[19:06:01.681][D][ldc1314:436]: TRACE,903519,939,929,977
[19:06:01.782][D][ldc1314:436]: TRACE,903542,939,929,977
[19:06:01.782][D][ldc1314:436]: TRACE,903552,939,929,977
[19:06:01.782][D][ldc1314:436]: TRACE,903564,939,929,977
[19:06:01.782][D][ldc1314:436]: TRACE,903574,939,929,977
[19:06:01.782][D][ldc1314:436]: TRACE,903584,939,929,977
[19:06:01.782][D][ldc1314:436]: TRACE,903594,939,929,977
[19:06:01.782][D][ldc1314:436]: TRACE,903604,939,929,977
[19:06:01.782][D][ldc1314:436]: TRACE,903614,939,929,977
[19:06:01.794][D][ldc1314:436]: TRACE,903625,939,929,976
[19:06:01.795][D][ldc1314:436]: TRACE,903636,939,929,976
[19:06:01.795][D][ldc1314:436]: TRACE,903646,939,929,976
[19:06:01.806][D][ldc1314:436]: TRACE,903660,939,929,976
[19:06:01.820][D][ldc1314:436]: TRACE,903672,940,929,976
[19:06:01.835][D][ldc1314:436]: TRACE,903685,940,929,976
[19:06:01.848][D][ldc1314:436]: TRACE,903700,940,929,976
[19:06:01.863][D][ldc1314:436]: TRACE,903715,940,929,976
[19:06:01.893][D][ldc1314:436]: TRACE,903735,940,929,975
[19:06:01.902][D][ldc1314:436]: TRACE,903750,940,929,975
[19:06:01.911][D][ldc1314:436]: TRACE,903762,940,929,975
[19:06:01.926][D][ldc1314:436]: TRACE,903778,940,929,975
[19:06:01.941][D][ldc1314:436]: TRACE,903793,940,929,975
[19:06:01.958][D][ldc1314:436]: TRACE,903810,940,929,975
[19:06:01.970][D][ldc1314:436]: TRACE,903824,940,929,974
[19:06:01.995][D][ldc1314:436]: TRACE,903843,941,929,974
[19:06:02.003][D][ldc1314:436]: TRACE,903855,941,929,974
[19:06:02.017][D][ldc1314:436]: TRACE,903869,941,929,974
[19:06:02.031][D][ldc1314:436]: TRACE,903883,941,929,974
[19:06:02.046][D][ldc1314:436]: TRACE,903898,941,929,974
[19:06:02.062][D][ldc1314:436]: TRACE,903915,941,929,974
[19:06:02.077][D][ldc1314:436]: TRACE,903929,941,929,973
[19:06:02.099][D][ldc1314:436]: TRACE,903949,941,929,973
[19:06:02.108][D][ldc1314:436]: TRACE,903962,941,929,973
[19:06:02.123][D][ldc1314:436]: TRACE,903975,941,929,973
[19:06:02.137][D][ldc1314:436]: TRACE,903990,941,929,973
[19:06:02.152][D][ldc1314:436]: TRACE,904004,941,929,973
[19:06:02.169][D][ldc1314:436]: TRACE,904019,941,929,973
[19:06:02.182][D][ldc1314:436]: TRACE,904034,941,929,973
[19:06:02.199][D][ldc1314:436]: TRACE,904049,941,929,973
[19:06:02.301][D][ldc1314:436]: TRACE,904065,942,929,972
[19:06:02.301][D][ldc1314:436]: TRACE,904081,942,929,972
[19:06:02.301][D][ldc1314:436]: TRACE,904090,942,929,972
[19:06:02.302][D][ldc1314:436]: TRACE,904100,942,929,972
[19:06:02.302][D][ldc1314:436]: TRACE,904110,942,929,972
[19:06:02.302][D][ldc1314:436]: TRACE,904120,942,929,972
[19:06:02.302][D][ldc1314:436]: TRACE,904130,942,929,972
[19:06:02.302][D][ldc1314:436]: TRACE,904140,942,929,972
[19:06:02.309][D][ldc1314:436]: TRACE,904150,942,929,972
[19:06:02.315][D][ldc1314:436]: TRACE,904161,942,929,972
[19:06:02.328][D][ldc1314:436]: TRACE,904180,942,929,972
[19:06:02.344][D][ldc1314:436]: TRACE,904196,942,929,971
[19:06:02.357][D][ldc1314:436]: TRACE,904211,942,929,971
[19:06:02.371][D][ldc1314:436]: TRACE,904225,942,929,971
[19:06:02.387][D][ldc1314:436]: TRACE,904240,942,929,971
[19:06:02.404][D][ldc1314:436]: TRACE,904255,942,929,971
[19:06:02.415][D][ldc1314:436]: TRACE,904270,942,929,971
[19:06:02.436][D][ldc1314:436]: TRACE,904288,942,929,971
[19:06:02.448][D][ldc1314:436]: TRACE,904302,942,929,971
[19:06:02.463][D][ldc1314:436]: TRACE,904317,942,929,971
[19:06:02.479][D][ldc1314:436]: TRACE,904331,942,929,971
[19:06:02.494][D][ldc1314:436]: TRACE,904346,942,929,971
[19:06:02.516][D][ldc1314:436]: TRACE,904361,942,929,971
[19:06:02.526][D][ldc1314:436]: TRACE,904373,942,929,971
[19:06:02.548][D][ldc1314:436]: TRACE,904399,943,929,971
[19:06:02.563][D][ldc1314:436]: TRACE,904415,943,929,970
[19:06:02.578][D][ldc1314:436]: TRACE,904430,943,929,970
[19:06:02.594][D][ldc1314:436]: TRACE,904444,943,929,970
[19:06:02.612][D][ldc1314:436]: TRACE,904460,943,929,970
[19:06:02.624][D][ldc1314:436]: TRACE,904474,943,929,970
[19:06:02.641][D][ldc1314:436]: TRACE,904491,943,929,970
[19:06:02.651][D][ldc1314:436]: TRACE,904502,943,929,970
[19:06:02.678][D][ldc1314:436]: TRACE,904524,943,929,970
[19:06:02.696][D][ldc1314:436]: TRACE,904547,943,929,970
[19:06:02.715][D][ldc1314:436]: TRACE,904562,943,929,970
[19:06:02.723][D][ldc1314:436]: TRACE,904576,943,929,970
[19:06:02.827][D][ldc1314:436]: TRACE,904591,943,929,970
[19:06:02.827][D][ldc1314:436]: TRACE,904605,943,929,970
[19:06:02.827][D][ldc1314:436]: TRACE,904615,943,929,970
[19:06:02.827][D][ldc1314:436]: TRACE,904626,943,929,970
[19:06:02.827][D][ldc1314:436]: TRACE,904636,943,929,970
[19:06:02.827][D][ldc1314:436]: TRACE,904646,943,929,970
[19:06:02.827][D][ldc1314:436]: TRACE,904656,943,929,970
[19:06:02.836][D][ldc1314:436]: TRACE,904666,943,929,970
[19:06:02.837][D][ldc1314:436]: TRACE,904676,943,929,970
[19:06:02.837][D][ldc1314:436]: TRACE,904688,943,929,969
[19:06:02.848][D][ldc1314:436]: TRACE,904698,943,929,969
[19:06:02.858][D][ldc1314:436]: TRACE,904711,943,929,969
[19:06:02.874][D][ldc1314:436]: TRACE,904726,943,929,969
[19:06:02.892][D][ldc1314:436]: TRACE,904744,943,929,969
[19:06:02.915][D][ldc1314:436]: TRACE,904759,943,929,969
[19:06:02.925][D][ldc1314:436]: TRACE,904776,943,929,969
[19:06:02.939][D][ldc1314:436]: TRACE,904791,943,929,969
[19:06:02.952][D][ldc1314:436]: TRACE,904804,943,929,969
[19:06:02.965][D][ldc1314:436]: TRACE,904819,943,929,969
[19:06:02.981][D][ldc1314:436]: TRACE,904834,943,929,969
[19:06:02.996][D][ldc1314:436]: TRACE,904848,943,929,969
[19:06:03.019][D][ldc1314:436]: TRACE,904868,943,929,969
[19:06:03.033][D][ldc1314:436]: TRACE,904883,943,929,969
[19:06:03.048][D][ldc1314:436]: TRACE,904899,943,929,969
[19:06:03.062][D][ldc1314:436]: TRACE,904914,943,929,969
[19:06:03.078][D][ldc1314:436]: TRACE,904930,943,929,969
[19:06:03.093][D][ldc1314:436]: TRACE,904945,943,929,969
[19:06:03.107][D][ldc1314:436]: TRACE,904961,943,929,969
[19:06:03.122][D][ldc1314:436]: TRACE,904974,943,929,969
[19:06:03.142][D][ldc1314:436]: TRACE,904991,943,929,969
[19:06:03.159][D][ldc1314:436]: TRACE,905008,943,929,969
[19:06:03.172][D][ldc1314:436]: TRACE,905023,943,929,969
[19:06:03.187][D][ldc1314:436]: TRACE,905040,943,929,969
[19:06:03.202][D][ldc1314:436]: TRACE,905055,943,929,969
[19:06:03.223][D][ldc1314:436]: TRACE,905073,943,929,969
[19:06:03.236][D][ldc1314:436]: TRACE,905086,943,929,969
[19:06:03.253][D][ldc1314:436]: TRACE,905105,943,929,969
[19:06:03.351][D][ldc1314:436]: TRACE,905120,943,929,969
[19:06:03.351][D][ldc1314:436]: TRACE,905131,943,929,969
[19:06:03.351][D][ldc1314:436]: TRACE,905141,943,929,969
[19:06:03.351][D][ldc1314:436]: TRACE,905151,943,929,969
[19:06:03.351][D][ldc1314:436]: TRACE,905162,943,929,969
[19:06:03.351][D][ldc1314:436]: TRACE,905172,943,929,969
[19:06:03.351][D][ldc1314:436]: TRACE,905183,943,929,969
[19:06:03.351][D][ldc1314:436]: TRACE,905193,943,929,969
[19:06:03.351][D][ldc1314:436]: TRACE,905203,943,929,969
[19:06:03.360][D][ldc1314:436]: TRACE,905213,943,929,969
[19:06:03.376][D][ldc1314:436]: TRACE,905228,943,929,969
[19:06:03.390][D][ldc1314:436]: TRACE,905242,943,929,969
[19:06:03.404][D][ldc1314:436]: TRACE,905257,943,929,969
[19:06:03.429][D][ldc1314:436]: TRACE,905271,943,929,969
[19:06:03.437][D][ldc1314:436]: TRACE,905286,943,929,969
[19:06:03.446][D][ldc1314:436]: TRACE,905297,943,929,969
[19:06:03.464][D][ldc1314:436]: TRACE,905317,943,929,969
[19:06:03.480][D][ldc1314:436]: TRACE,905331,943,929,969
[19:06:03.496][D][ldc1314:436]: TRACE,905348,943,929,969
[19:06:03.509][D][ldc1314:436]: TRACE,905363,943,929,969
[19:06:03.529][D][ldc1314:436]: TRACE,905378,943,929,969
[19:06:03.538][D][ldc1314:436]: TRACE,905390,943,929,969
[19:06:03.552][D][ldc1314:436]: TRACE,905404,943,929,969
[19:06:03.566][D][ldc1314:436]: TRACE,905419,943,929,969
[19:06:03.587][D][ldc1314:436]: TRACE,905439,943,929,969
[19:06:03.602][D][ldc1314:436]: TRACE,905454,943,929,969
[19:06:03.618][D][ldc1314:436]: TRACE,905471,943,929,969
[19:06:03.632][D][ldc1314:436]: TRACE,905487,943,929,969
[19:06:03.647][D][ldc1314:436]: TRACE,905498,943,929,969
[19:06:03.663][D][ldc1314:436]: TRACE,905514,943,929,969
[19:06:03.681][D][ldc1314:436]: TRACE,905528,942,929,969
[19:06:03.699][D][ldc1314:436]: TRACE,905551,942,929,969
[19:06:03.715][D][ldc1314:436]: TRACE,905567,942,929,969
[19:06:03.733][D][ldc1314:436]: TRACE,905583,942,930,969
[19:06:03.742][D][ldc1314:436]: TRACE,905597,942,930,969
[19:06:03.757][D][ldc1314:436]: TRACE,905609,942,930,969
[19:06:03.772][D][ldc1314:436]: TRACE,905624,942,930,969
[19:06:03.872][D][ldc1314:436]: TRACE,905639,942,930,969
[19:06:03.873][D][ldc1314:436]: TRACE,905653,942,930,969
[19:06:03.873][D][ldc1314:436]: TRACE,905665,942,930,969
[19:06:03.873][D][ldc1314:436]: TRACE,905674,942,930,969
[19:06:03.873][D][ldc1314:436]: TRACE,905684,942,930,969
[19:06:03.873][D][ldc1314:436]: TRACE,905694,942,930,969
[19:06:03.880][D][ldc1314:436]: TRACE,905705,942,930,969
[19:06:03.880][D][ldc1314:436]: TRACE,905716,942,930,969
[19:06:03.880][D][ldc1314:436]: TRACE,905726,942,930,969
[19:06:03.882][D][ldc1314:436]: TRACE,905736,942,930,969
[19:06:03.899][D][ldc1314:436]: TRACE,905750,942,930,969
[19:06:03.920][D][ldc1314:436]: TRACE,905770,942,930,969
[19:06:03.941][D][ldc1314:436]: TRACE,905785,942,930,969
[19:06:03.949][D][ldc1314:436]: TRACE,905797,942,930,969
[19:06:03.959][D][ldc1314:436]: TRACE,905809,942,930,969
[19:06:03.971][D][ldc1314:436]: TRACE,905825,942,930,969
[19:06:03.987][D][ldc1314:436]: TRACE,905839,942,930,969
[19:06:04.002][D][ldc1314:436]: TRACE,905854,941,930,969
[19:06:04.016][D][ldc1314:436]: TRACE,905868,941,930,969
[19:06:04.043][D][ldc1314:436]: TRACE,905889,941,931,969
[19:06:04.052][D][ldc1314:436]: TRACE,905901,941,931,969
[19:06:04.062][D][ldc1314:436]: TRACE,905914,941,931,969
[19:06:04.076][D][ldc1314:436]: TRACE,905929,941,931,969
[19:06:04.091][D][ldc1314:436]: TRACE,905943,941,931,969
[19:06:04.109][D][ldc1314:436]: TRACE,905959,941,931,969
[19:06:04.117][D][ldc1314:436]: TRACE,905972,941,931,969
[19:06:04.133][D][ldc1314:436]: TRACE,905984,941,931,969
[19:06:04.147][D][ldc1314:436]: TRACE,906001,941,931,969
[19:06:04.167][D][ldc1314:436]: TRACE,906019,941,931,969
[19:06:04.182][D][ldc1314:436]: TRACE,906034,941,931,969
[19:06:04.195][D][ldc1314:436]: TRACE,906049,940,931,969
[19:06:04.207][D][ldc1314:436]: TRACE,906061,940,931,969
[19:06:04.224][D][ldc1314:436]: TRACE,906075,940,931,969
[19:06:04.246][D][ldc1314:436]: TRACE,906090,940,932,969
[19:06:04.252][D][ldc1314:436]: TRACE,906105,940,932,969
[19:06:04.267][D][ldc1314:436]: TRACE,906119,940,932,969
[19:06:04.285][D][ldc1314:436]: TRACE,906138,940,932,969
[19:06:04.299][D][ldc1314:436]: TRACE,906153,940,932,969
[19:06:04.397][D][ldc1314:436]: TRACE,906167,940,932,969
[19:06:04.397][D][ldc1314:436]: TRACE,906180,940,932,969
[19:06:04.397][D][ldc1314:436]: TRACE,906191,940,932,969
[19:06:04.398][D][ldc1314:436]: TRACE,906202,940,932,969
[19:06:04.398][D][ldc1314:436]: TRACE,906212,940,932,969
[19:06:04.398][D][ldc1314:436]: TRACE,906222,940,932,969
[19:06:04.398][D][ldc1314:436]: TRACE,906232,939,932,969
[19:06:04.398][D][ldc1314:436]: TRACE,906243,939,932,969
[19:06:04.404][D][ldc1314:436]: TRACE,906254,939,933,969
[19:06:04.417][D][ldc1314:436]: TRACE,906267,939,933,969
[19:06:04.433][D][ldc1314:436]: TRACE,906285,939,933,969
[19:06:04.450][D][ldc1314:436]: TRACE,906300,939,933,969
[19:06:04.462][D][ldc1314:436]: TRACE,906314,939,933,969
[19:06:04.475][D][ldc1314:436]: TRACE,906329,939,933,969
[19:06:04.491][D][ldc1314:436]: TRACE,906342,939,933,969
[19:06:04.502][D][ldc1314:436]: TRACE,906356,939,933,969
[19:06:04.523][D][ldc1314:436]: TRACE,906374,938,933,969
[19:06:04.542][D][ldc1314:436]: TRACE,906389,938,934,969
[19:06:04.556][D][ldc1314:436]: TRACE,906404,938,934,969
[19:06:04.561][D][ldc1314:436]: TRACE,906413,938,934,969
[19:06:04.574][D][ldc1314:436]: TRACE,906426,938,934,969
[19:06:04.590][D][ldc1314:436]: TRACE,906441,938,934,969
[19:06:04.606][D][ldc1314:436]: TRACE,906458,938,934,969
[19:06:04.620][D][ldc1314:436]: TRACE,906473,938,934,969
[19:06:04.641][D][ldc1314:436]: TRACE,906493,938,934,969
[19:06:04.659][D][ldc1314:436]: TRACE,906507,938,934,969
[19:06:04.668][D][ldc1314:436]: TRACE,906519,937,934,969
[19:06:04.691][D][ldc1314:436]: TRACE,906536,937,935,969
[19:06:04.707][D][ldc1314:436]: TRACE,906559,937,935,969
[19:06:04.721][D][ldc1314:436]: TRACE,906574,937,935,969
[19:06:04.736][D][ldc1314:436]: TRACE,906589,937,935,969
[19:06:04.757][D][ldc1314:436]: TRACE,906609,937,935,969
[19:06:04.769][D][ldc1314:436]: TRACE,906622,937,935,969
[19:06:04.782][D][ldc1314:436]: TRACE,906635,937,935,969
[19:06:04.798][D][ldc1314:436]: TRACE,906652,937,935,969
[19:06:04.814][D][ldc1314:436]: TRACE,906666,937,936,969
[19:06:04.829][D][ldc1314:436]: TRACE,906681,936,936,969
[19:06:04.922][D][ldc1314:436]: TRACE,906696,936,936,969
[19:06:04.922][D][ldc1314:436]: TRACE,906708,936,936,969
[19:06:04.922][D][ldc1314:436]: TRACE,906718,936,936,969
[19:06:04.922][D][ldc1314:436]: TRACE,906730,936,936,969
[19:06:04.922][D][ldc1314:436]: TRACE,906741,936,936,969
[19:06:04.922][D][ldc1314:436]: TRACE,906751,936,936,969
[19:06:04.922][D][ldc1314:436]: TRACE,906761,936,936,969
[19:06:04.930][D][ldc1314:436]: TRACE,906771,936,936,969
[19:06:04.930][D][ldc1314:436]: TRACE,906781,936,936,969
[19:06:04.940][D][ldc1314:436]: TRACE,906791,936,937,969
[19:06:04.962][D][ldc1314:436]: TRACE,906807,936,937,969
[19:06:04.969][D][ldc1314:436]: TRACE,906822,936,937,969
[19:06:04.991][D][ldc1314:436]: TRACE,906840,936,937,969
[19:06:05.004][D][ldc1314:436]: TRACE,906856,935,937,969
[19:06:05.020][D][ldc1314:436]: TRACE,906871,935,937,969
[19:06:05.035][D][ldc1314:436]: TRACE,906887,935,937,969
[19:06:05.049][D][ldc1314:436]: TRACE,906901,935,937,969
[19:06:05.064][D][ldc1314:436]: TRACE,906916,935,937,969
[19:06:05.078][D][ldc1314:436]: TRACE,906930,935,937,969
[19:06:05.096][D][ldc1314:436]: TRACE,906948,935,938,969
[19:06:05.111][D][ldc1314:436]: TRACE,906963,935,938,969
[19:06:05.127][D][ldc1314:436]: TRACE,906979,935,938,969
[19:06:05.143][D][ldc1314:436]: TRACE,906995,935,938,969
[19:06:05.167][D][ldc1314:436]: TRACE,907009,935,938,969
[19:06:05.173][D][ldc1314:436]: TRACE,907025,935,938,969
[19:06:05.187][D][ldc1314:436]: TRACE,907037,935,938,969
[19:06:05.204][D][ldc1314:436]: TRACE,907055,934,938,969
[19:06:05.218][D][ldc1314:436]: TRACE,907071,934,938,969
[19:06:05.234][D][ldc1314:436]: TRACE,907086,934,938,969
[19:06:05.246][D][ldc1314:436]: TRACE,907100,934,938,969
[19:06:05.269][D][ldc1314:436]: TRACE,907113,934,939,969
[19:06:05.278][D][ldc1314:436]: TRACE,907129,934,939,969
[19:06:05.291][D][ldc1314:436]: TRACE,907144,934,939,969
[19:06:05.308][D][ldc1314:436]: TRACE,907162,934,939,969
[19:06:05.325][D][ldc1314:436]: TRACE,907176,934,939,969
[19:06:05.339][D][ldc1314:436]: TRACE,907192,934,939,969
[19:06:05.354][D][ldc1314:436]: TRACE,907206,934,939,969
[19:06:05.451][D][ldc1314:436]: TRACE,907221,934,939,969
[19:06:05.451][D][ldc1314:436]: TRACE,907235,934,939,969
[19:06:05.451][D][ldc1314:436]: TRACE,907244,934,939,969
[19:06:05.451][D][ldc1314:436]: TRACE,907254,934,939,969
[19:06:05.451][D][ldc1314:436]: TRACE,907266,934,939,969
[19:06:05.452][D][ldc1314:436]: TRACE,907277,934,939,969
[19:06:05.452][D][ldc1314:436]: TRACE,907288,934,939,969
[19:06:05.452][D][ldc1314:436]: TRACE,907298,934,939,969
[19:06:05.459][D][ldc1314:436]: TRACE,907308,934,939,969
[19:06:05.478][D][ldc1314:436]: TRACE,907319,934,939,969
[19:06:05.478][D][ldc1314:436]: TRACE,907332,934,939,969
[19:06:05.493][D][ldc1314:436]: TRACE,907344,934,940,969
[19:06:05.519][D][ldc1314:436]: TRACE,907356,934,940,969
[19:06:05.519][D][ldc1314:436]: TRACE,907367,934,940,969
[19:06:05.551][D][ldc1314:436]: TRACE,907378,933,940,969
[19:06:05.551][D][ldc1314:436]: TRACE,907387,933,940,969
[19:06:05.551][D][ldc1314:436]: TRACE,907398,933,940,969
[19:06:05.551][D][ldc1314:436]: TRACE,907408,933,940,969
[19:06:05.583][D][ldc1314:436]: TRACE,907419,933,940,969
[19:06:05.584][D][ldc1314:436]: TRACE,907429,933,940,969
[19:06:05.592][D][ldc1314:436]: TRACE,907439,933,940,969
[19:06:05.602][D][ldc1314:436]: TRACE,907451,933,940,969
[19:06:05.615][D][ldc1314:436]: TRACE,907467,933,940,969
[19:06:05.630][D][ldc1314:436]: TRACE,907482,933,940,969
[19:06:05.650][D][ldc1314:436]: TRACE,907503,933,940,969
[19:06:05.665][D][ldc1314:436]: TRACE,907516,933,940,969
[19:06:05.682][D][ldc1314:436]: TRACE,907532,933,940,969
[19:06:05.697][D][ldc1314:436]: TRACE,907543,933,940,969
[19:06:05.711][D][ldc1314:436]: TRACE,907564,933,940,969
[19:06:05.724][D][ldc1314:436]: TRACE,907576,933,940,969
[19:06:05.738][D][ldc1314:436]: TRACE,907591,933,940,969
[19:06:05.755][D][ldc1314:436]: TRACE,907605,933,940,969
[19:06:05.780][D][ldc1314:436]: TRACE,907625,933,940,969
[19:06:05.788][D][ldc1314:436]: TRACE,907640,933,940,969
[19:06:05.802][D][ldc1314:436]: TRACE,907655,933,940,969
[19:06:05.818][D][ldc1314:436]: TRACE,907669,933,940,969
[19:06:05.834][D][ldc1314:436]: TRACE,907686,933,940,969
[19:06:05.849][D][ldc1314:436]: TRACE,907701,933,940,969
[19:06:05.864][D][ldc1314:436]: TRACE,907717,933,940,969
[19:06:05.969][D][ldc1314:436]: TRACE,907732,933,940,969
[19:06:05.970][D][ldc1314:436]: TRACE,907747,933,940,969
[19:06:05.970][D][ldc1314:436]: TRACE,907760,933,940,969
[19:06:05.970][D][ldc1314:436]: TRACE,907771,933,940,969
[19:06:05.970][D][ldc1314:436]: TRACE,907781,933,940,969
[19:06:05.970][D][ldc1314:436]: TRACE,907791,933,940,969
[19:06:05.970][D][ldc1314:436]: TRACE,907801,933,940,969
[19:06:05.970][D][ldc1314:436]: TRACE,907811,933,941,969
[19:06:05.970][D][ldc1314:436]: TRACE,907821,933,941,969
[19:06:05.987][D][ldc1314:436]: TRACE,907831,933,941,969
[19:06:05.996][D][ldc1314:436]: TRACE,907845,933,941,969
[19:06:06.020][D][ldc1314:436]: TRACE,907863,933,941,969
[19:06:06.027][D][ldc1314:436]: TRACE,907878,933,941,969
[19:06:06.041][D][ldc1314:436]: TRACE,907888,933,941,969
[19:06:06.054][D][ldc1314:436]: TRACE,907907,933,941,969
[19:06:06.068][D][ldc1314:436]: TRACE,907921,933,941,969
[19:06:06.090][D][ldc1314:436]: TRACE,907936,933,941,969
[19:06:06.098][D][ldc1314:436]: TRACE,907948,933,941,969
[19:06:06.110][D][ldc1314:436]: TRACE,907961,933,941,969
[19:06:06.125][D][ldc1314:436]: TRACE,907976,933,941,969
[19:06:06.144][D][ldc1314:436]: TRACE,907995,933,941,969
[19:06:06.160][D][ldc1314:436]: TRACE,908010,933,941,969
[19:06:06.175][D][ldc1314:436]: TRACE,908028,933,941,969
[19:06:06.191][D][ldc1314:436]: TRACE,908042,932,941,969
[19:06:06.205][D][ldc1314:436]: TRACE,908055,933,941,969
[19:06:06.220][D][ldc1314:436]: TRACE,908073,933,941,969
[19:06:06.236][D][ldc1314:436]: TRACE,908088,932,941,969
[19:06:06.256][D][ldc1314:436]: TRACE,908107,933,941,969
[19:06:06.271][D][ldc1314:436]: TRACE,908123,932,941,969
[19:06:06.299][D][ldc1314:436]: TRACE,908138,932,941,969
[19:06:06.301][D][ldc1314:436]: TRACE,908152,932,941,969
[19:06:06.319][D][ldc1314:436]: TRACE,908170,932,941,969
[19:06:06.331][D][ldc1314:436]: TRACE,908186,932,941,969
[19:06:06.345][D][ldc1314:436]: TRACE,908198,932,941,969
[19:06:06.363][D][ldc1314:436]: TRACE,908215,932,941,969
[19:06:06.376][D][ldc1314:436]: TRACE,908231,932,941,969
[19:06:06.398][D][ldc1314:436]: TRACE,908244,932,941,969
[19:06:06.500][D][ldc1314:436]: TRACE,908259,932,941,969
[19:06:06.500][D][ldc1314:436]: TRACE,908276,932,941,969
[19:06:06.500][D][ldc1314:436]: TRACE,908286,932,940,969
[19:06:06.500][D][ldc1314:436]: TRACE,908296,932,941,969
[19:06:06.500][D][ldc1314:436]: TRACE,908306,932,941,969
[19:06:06.502][D][ldc1314:436]: TRACE,908320,932,940,969
[19:06:06.502][D][ldc1314:436]: TRACE,908330,932,940,969
[19:06:06.502][D][ldc1314:436]: TRACE,908340,932,940,969
[19:06:06.502][D][ldc1314:436]: TRACE,908350,932,940,969
[19:06:06.512][D][ldc1314:436]: TRACE,908360,932,940,969
[19:06:06.530][D][ldc1314:436]: TRACE,908379,932,940,969
[19:06:06.539][D][ldc1314:436]: TRACE,908393,932,940,969
[19:06:06.551][D][ldc1314:436]: TRACE,908408,932,940,969
[19:06:06.566][D][ldc1314:436]: TRACE,908420,932,940,969
[19:06:06.599][D][ldc1314:436]: TRACE,908439,932,940,969
[19:06:06.606][D][ldc1314:436]: TRACE,908458,932,940,969
[19:06:06.624][D][ldc1314:436]: TRACE,908469,932,940,969
[19:06:06.633][D][ldc1314:436]: TRACE,908486,932,940,969
[19:06:06.646][D][ldc1314:436]: TRACE,908498,932,940,969
[19:06:06.661][D][ldc1314:436]: TRACE,908513,932,940,969
[19:06:06.677][D][ldc1314:436]: TRACE,908528,932,940,969
[19:06:06.707][D][ldc1314:436]: TRACE,908548,932,940,969
[19:06:06.714][D][ldc1314:436]: TRACE,908563,932,940,969
[19:06:06.726][D][ldc1314:436]: TRACE,908577,932,940,969
[19:06:06.741][D][ldc1314:436]: TRACE,908593,932,940,969
[19:06:06.753][D][ldc1314:436]: TRACE,908607,932,940,969
[19:06:06.770][D][ldc1314:436]: TRACE,908620,932,940,970
[19:06:06.784][D][ldc1314:436]: TRACE,908637,932,940,970
[19:06:06.804][D][ldc1314:436]: TRACE,908651,932,940,970
[19:06:06.816][D][ldc1314:436]: TRACE,908669,932,940,970
[19:06:06.833][D][ldc1314:436]: TRACE,908683,932,940,970
[19:06:06.847][D][ldc1314:436]: TRACE,908700,932,940,970
[19:06:06.862][D][ldc1314:436]: TRACE,908715,932,940,970
[19:06:06.879][D][ldc1314:436]: TRACE,908729,932,940,970
[19:06:06.907][D][ldc1314:436]: TRACE,908746,932,940,970
[19:06:06.914][D][ldc1314:436]: TRACE,908763,932,940,970
[19:06:06.924][D][ldc1314:436]: TRACE,908775,932,940,970
[19:06:07.019][D][ldc1314:436]: TRACE,908795,932,940,970
[19:06:07.019][D][ldc1314:436]: TRACE,908805,932,940,970
[19:06:07.019][D][ldc1314:436]: TRACE,908815,932,940,970
[19:06:07.019][D][ldc1314:436]: TRACE,908825,932,940,970
[19:06:07.019][D][ldc1314:436]: TRACE,908835,932,940,970
[19:06:07.019][D][ldc1314:436]: TRACE,908845,932,940,970
[19:06:07.019][D][ldc1314:436]: TRACE,908855,932,940,970
[19:06:07.019][D][ldc1314:436]: TRACE,908865,932,939,970
[19:06:07.027][D][ldc1314:436]: TRACE,908876,932,939,970
[19:06:07.034][D][ldc1314:436]: TRACE,908887,932,939,970
[19:06:07.054][D][ldc1314:436]: TRACE,908906,932,939,971
[19:06:07.070][D][ldc1314:436]: TRACE,908920,932,939,971
[19:06:07.084][D][ldc1314:436]: TRACE,908938,932,939,971
[19:06:07.111][D][ldc1314:436]: TRACE,908952,932,939,971
[19:06:07.119][D][ldc1314:436]: TRACE,908967,932,939,971
[19:06:07.133][D][ldc1314:436]: TRACE,908977,932,939,971
[19:06:07.146][D][ldc1314:436]: TRACE,908999,932,939,971
[19:06:07.161][D][ldc1314:436]: TRACE,909012,932,939,971
[19:06:07.180][D][ldc1314:436]: TRACE,909032,932,939,971
[19:06:07.195][D][ldc1314:436]: TRACE,909047,932,939,971
[19:06:07.212][D][ldc1314:436]: TRACE,909062,932,939,971
[19:06:07.227][D][ldc1314:436]: TRACE,909076,932,939,971
[19:06:07.244][D][ldc1314:436]: TRACE,909094,932,939,972
[19:06:07.255][D][ldc1314:436]: TRACE,909108,932,938,972
[19:06:07.270][D][ldc1314:436]: TRACE,909122,932,938,972
[19:06:07.285][D][ldc1314:436]: TRACE,909137,932,938,972
[19:06:07.305][D][ldc1314:436]: TRACE,909156,932,938,972
[19:06:07.320][D][ldc1314:436]: TRACE,909172,932,938,972
[19:06:07.334][D][ldc1314:436]: TRACE,909182,932,938,972
[19:06:07.347][D][ldc1314:436]: TRACE,909201,932,938,972
[19:06:07.362][D][ldc1314:436]: TRACE,909214,932,938,972
[19:06:07.377][D][ldc1314:436]: TRACE,909229,932,938,973
[19:06:07.392][D][ldc1314:436]: TRACE,909244,932,938,973
[19:06:07.418][D][ldc1314:436]: TRACE,909265,932,938,973
[19:06:07.424][D][ldc1314:436]: TRACE,909277,932,937,973
[19:06:07.441][D][ldc1314:436]: TRACE,909291,932,937,973
[19:06:07.546][D][ldc1314:436]: TRACE,909306,932,937,973
[19:06:07.546][D][ldc1314:436]: TRACE,909321,932,937,973
[19:06:07.546][D][ldc1314:436]: TRACE,909332,932,937,973
[19:06:07.546][D][ldc1314:436]: TRACE,909342,932,937,973
[19:06:07.546][D][ldc1314:436]: TRACE,909352,932,937,974
[19:06:07.546][D][ldc1314:436]: TRACE,909362,932,937,974
[19:06:07.546][D][ldc1314:436]: TRACE,909372,932,937,974
[19:06:07.555][D][ldc1314:436]: TRACE,909383,932,937,974
[19:06:07.555][D][ldc1314:436]: TRACE,909394,932,937,974
[19:06:07.555][D][ldc1314:436]: TRACE,909404,932,937,974
[19:06:07.561][D][ldc1314:436]: TRACE,909414,932,937,974
[19:06:07.576][D][ldc1314:436]: TRACE,909429,932,936,974
[19:06:07.592][D][ldc1314:436]: TRACE,909444,932,936,974
[19:06:07.607][D][ldc1314:436]: TRACE,909458,932,936,974
[19:06:07.623][D][ldc1314:436]: TRACE,909473,932,936,975
[19:06:07.640][D][ldc1314:436]: TRACE,909489,932,936,975
[19:06:07.657][D][ldc1314:436]: TRACE,909507,932,936,975
[19:06:07.670][D][ldc1314:436]: TRACE,909523,932,936,975
[19:06:07.686][D][ldc1314:436]: TRACE,909537,932,936,975
[19:06:07.705][D][ldc1314:436]: TRACE,909554,932,936,976
[19:06:07.725][D][ldc1314:436]: TRACE,909575,932,935,976
[19:06:07.734][D][ldc1314:436]: TRACE,909589,932,935,976
[19:06:07.751][D][ldc1314:436]: TRACE,909604,932,935,976
[19:06:07.766][D][ldc1314:436]: TRACE,909619,932,935,976
[19:06:07.781][D][ldc1314:436]: TRACE,909634,932,935,976
[19:06:07.797][D][ldc1314:436]: TRACE,909648,932,935,977
[19:06:07.812][D][ldc1314:436]: TRACE,909663,932,935,977
[19:06:07.827][D][ldc1314:436]: TRACE,909678,932,935,977
[19:06:07.839][D][ldc1314:436]: TRACE,909691,932,935,977
[19:06:07.857][D][ldc1314:436]: TRACE,909707,932,934,977
[19:06:07.874][D][ldc1314:436]: TRACE,909724,932,934,977
[19:06:07.890][D][ldc1314:436]: TRACE,909740,932,934,977
[19:06:07.905][D][ldc1314:436]: TRACE,909757,932,934,978
[19:06:07.929][D][ldc1314:436]: TRACE,909774,932,934,978
[19:06:07.937][D][ldc1314:436]: TRACE,909790,932,934,978
[19:06:07.953][D][ldc1314:436]: TRACE,909804,932,934,978
[19:06:07.968][D][ldc1314:436]: TRACE,909820,932,934,978
[19:06:08.073][D][ldc1314:436]: TRACE,909834,932,934,978
[19:06:08.073][D][ldc1314:436]: TRACE,909852,932,933,979
[19:06:08.073][D][ldc1314:436]: TRACE,909862,932,933,979
[19:06:08.073][D][ldc1314:436]: TRACE,909872,932,933,979
[19:06:08.073][D][ldc1314:436]: TRACE,909882,932,933,979
[19:06:08.073][D][ldc1314:436]: TRACE,909892,932,933,979
[19:06:08.073][D][ldc1314:436]: TRACE,909902,932,933,979
[19:06:08.073][D][ldc1314:436]: TRACE,909912,932,933,979
[19:06:08.073][D][ldc1314:436]: TRACE,909922,932,933,979
[19:06:08.080][D][ldc1314:436]: TRACE,909932,932,933,979
[19:06:08.092][D][ldc1314:436]: TRACE,909943,932,933,980
[19:06:08.113][D][ldc1314:436]: TRACE,909963,932,933,980
[19:06:08.134][D][ldc1314:436]: TRACE,909979,932,932,980
[19:06:08.143][D][ldc1314:436]: TRACE,909994,932,932,980
[19:06:08.153][D][ldc1314:436]: TRACE,910004,932,932,980
[19:06:08.169][D][ldc1314:436]: TRACE,910020,932,932,980
[19:06:08.183][D][ldc1314:436]: TRACE,910035,932,932,980
[19:06:08.198][D][ldc1314:436]: TRACE,910050,932,932,980
[19:06:08.212][D][ldc1314:436]: TRACE,910064,932,932,981
[19:06:08.237][D][ldc1314:436]: TRACE,910082,932,932,981
[19:06:08.246][D][ldc1314:436]: TRACE,910097,932,932,981
[19:06:08.256][D][ldc1314:436]: TRACE,910107,932,932,981
[19:06:08.271][D][ldc1314:436]: TRACE,910123,932,932,981
[19:06:08.284][D][ldc1314:436]: TRACE,910138,932,932,981
[19:06:08.297][D][ldc1314:436]: TRACE,910152,932,932,981
[19:06:08.310][D][ldc1314:436]: TRACE,910164,932,931,981
[19:06:08.339][D][ldc1314:436]: TRACE,910179,932,931,981
[19:06:08.339][D][ldc1314:436]: TRACE,910194,932,931,981
[19:06:08.354][D][ldc1314:436]: TRACE,910205,932,931,982
[19:06:08.370][D][ldc1314:436]: TRACE,910222,932,931,982
[19:06:08.382][D][ldc1314:436]: TRACE,910237,932,931,982
[19:06:08.397][D][ldc1314:436]: TRACE,910251,932,931,982
[19:06:08.413][D][ldc1314:436]: TRACE,910266,932,931,982
[19:06:08.427][D][ldc1314:436]: TRACE,910280,932,931,982
[19:06:08.444][D][ldc1314:436]: TRACE,910295,932,931,982
[19:06:08.455][D][ldc1314:436]: TRACE,910306,932,931,982
[19:06:08.473][D][ldc1314:436]: TRACE,910327,932,931,982
[19:06:08.489][D][ldc1314:436]: TRACE,910340,932,930,982
[19:06:08.592][D][ldc1314:436]: TRACE,910357,932,930,982
[19:06:08.592][D][ldc1314:436]: TRACE,910371,932,930,982
[19:06:08.592][D][ldc1314:436]: TRACE,910382,932,930,982
[19:06:08.592][D][ldc1314:436]: TRACE,910393,932,930,982
[19:06:08.593][D][ldc1314:436]: TRACE,910403,932,930,983
[19:06:08.593][D][ldc1314:436]: TRACE,910413,932,930,983
[19:06:08.593][D][ldc1314:436]: TRACE,910423,932,930,983
[19:06:08.593][D][ldc1314:436]: TRACE,910434,932,930,983
[19:06:08.600][D][ldc1314:436]: TRACE,910444,932,930,983
[19:06:08.610][D][ldc1314:436]: TRACE,910456,932,930,983
[19:06:08.618][D][ldc1314:436]: TRACE,910469,932,930,983
[19:06:08.630][D][ldc1314:436]: TRACE,910481,932,930,983
[19:06:08.646][D][ldc1314:436]: TRACE,910498,932,930,983
[19:06:08.671][D][ldc1314:436]: TRACE,910522,932,930,983
[19:06:08.683][D][ldc1314:436]: TRACE,910538,932,930,983
[19:06:08.698][D][ldc1314:436]: TRACE,910550,932,930,983
[19:06:08.725][D][ldc1314:436]: TRACE,910571,932,930,983
[19:06:08.748][D][ldc1314:436]: TRACE,910592,932,930,983
[19:06:08.753][D][ldc1314:436]: TRACE,910607,932,930,983
[19:06:08.767][D][ldc1314:436]: TRACE,910619,932,930,983
[19:06:08.780][D][ldc1314:436]: TRACE,910634,932,930,983
[19:06:08.794][D][ldc1314:436]: TRACE,910646,932,929,983
[19:06:08.811][D][ldc1314:436]: TRACE,910661,932,929,983
[19:06:08.830][D][ldc1314:436]: TRACE,910680,932,929,983
[19:06:08.851][D][ldc1314:436]: TRACE,910697,932,929,983
[19:06:08.859][D][ldc1314:436]: TRACE,910712,932,929,983
[19:06:08.874][D][ldc1314:436]: TRACE,910721,932,929,983
[19:06:08.885][D][ldc1314:436]: TRACE,910739,932,929,984
[19:06:08.899][D][ldc1314:436]: TRACE,910751,932,929,984
[19:06:08.913][D][ldc1314:436]: TRACE,910766,932,929,984
[19:06:08.928][D][ldc1314:436]: TRACE,910780,932,929,984
[19:06:08.953][D][ldc1314:436]: TRACE,910800,932,929,984
[19:06:08.961][D][ldc1314:436]: TRACE,910814,932,929,984
[19:06:08.977][D][ldc1314:436]: TRACE,910830,932,929,984
[19:06:08.990][D][ldc1314:436]: TRACE,910844,932,929,984
[19:06:09.007][D][ldc1314:436]: TRACE,910859,933,929,984
[19:06:09.021][D][ldc1314:436]: TRACE,910873,933,929,984
[19:06:09.116][D][ldc1314:436]: TRACE,910888,933,929,984
[19:06:09.116][D][ldc1314:436]: TRACE,910900,933,929,984
[19:06:09.116][D][ldc1314:436]: TRACE,910912,933,929,984
[19:06:09.116][D][ldc1314:436]: TRACE,910923,933,929,984
[19:06:09.116][D][ldc1314:436]: TRACE,910934,933,929,984
[19:06:09.116][D][ldc1314:436]: TRACE,910944,933,929,984
[19:06:09.122][D][ldc1314:436]: TRACE,910954,933,929,984
[19:06:09.122][D][ldc1314:436]: TRACE,910965,933,929,984
[19:06:09.122][D][ldc1314:436]: TRACE,910975,933,929,984
[19:06:09.134][D][ldc1314:436]: TRACE,910985,933,929,984
[19:06:09.158][D][ldc1314:436]: TRACE,911002,933,929,984
[19:06:09.166][D][ldc1314:436]: TRACE,911016,933,929,984
[19:06:09.183][D][ldc1314:436]: TRACE,911035,933,929,984
[19:06:09.197][D][ldc1314:436]: TRACE,911049,933,929,984
[19:06:09.210][D][ldc1314:436]: TRACE,911064,933,929,984
[19:06:09.229][D][ldc1314:436]: TRACE,911078,933,929,984
[19:06:09.241][D][ldc1314:436]: TRACE,911093,933,929,984
[19:06:09.261][D][ldc1314:436]: TRACE,911108,933,929,984
[19:06:09.272][D][ldc1314:436]: TRACE,911123,933,929,984
[19:06:09.285][D][ldc1314:436]: TRACE,911137,933,929,984
[19:06:09.304][D][ldc1314:436]: TRACE,911158,933,929,984
[19:06:09.321][D][ldc1314:436]: TRACE,911172,933,929,984
[19:06:09.335][D][ldc1314:436]: TRACE,911187,933,929,984
[19:06:09.365][D][ldc1314:436]: TRACE,911202,933,929,984
[19:06:09.372][D][ldc1314:436]: TRACE,911219,933,929,984
[19:06:09.391][D][ldc1314:436]: TRACE,911229,933,929,984
[19:06:09.400][D][ldc1314:436]: TRACE,911247,933,929,984
[19:06:09.400][D][ldc1314:436]: TRACE,911257,933,929,984
[19:06:09.419][D][ldc1314:436]: TRACE,911271,933,929,984
[19:06:09.435][D][ldc1314:436]: TRACE,911287,933,929,984
[19:06:09.447][D][ldc1314:436]: TRACE,911302,933,929,984
[19:06:09.465][D][ldc1314:436]: TRACE,911314,933,929,984
[19:06:09.476][D][ldc1314:436]: TRACE,911327,933,929,984
[19:06:09.491][D][ldc1314:436]: TRACE,911343,933,929,984
[19:06:09.509][D][ldc1314:436]: TRACE,911357,933,929,984
[19:06:09.521][D][ldc1314:436]: TRACE,911374,933,929,984
[19:06:09.536][D][ldc1314:436]: TRACE,911388,933,929,984
[19:06:09.642][D][ldc1314:436]: TRACE,911403,933,929,984
[19:06:09.642][D][ldc1314:436]: TRACE,911417,933,929,984
[19:06:09.642][D][ldc1314:436]: TRACE,911431,933,929,984
[19:06:09.642][D][ldc1314:436]: TRACE,911441,933,929,984
[19:06:09.642][D][ldc1314:436]: TRACE,911451,933,929,984
[19:06:09.642][D][ldc1314:436]: TRACE,911461,933,929,984
[19:06:09.642][D][ldc1314:436]: TRACE,911471,933,929,984
[19:06:09.642][D][ldc1314:436]: TRACE,911481,933,929,984
[19:06:09.649][D][ldc1314:436]: TRACE,911491,933,929,984
[19:06:09.649][D][ldc1314:436]: TRACE,911503,933,929,984
[19:06:09.669][D][ldc1314:436]: TRACE,911516,933,929,984
[19:06:09.677][D][ldc1314:436]: TRACE,911529,933,929,984
[19:06:09.689][D][ldc1314:436]: TRACE,911543,933,929,984
[19:06:09.705][D][ldc1314:436]: TRACE,911558,933,929,984
[19:06:09.724][D][ldc1314:436]: TRACE,911572,933,929,984
[19:06:09.741][D][ldc1314:436]: TRACE,911592,933,929,984
[19:06:09.759][D][ldc1314:436]: TRACE,911611,934,929,983
[19:06:09.777][D][ldc1314:436]: TRACE,911626,934,929,983
[19:06:09.783][D][ldc1314:436]: TRACE,911636,934,929,983
[19:06:09.799][D][ldc1314:436]: TRACE,911652,934,929,983
[19:06:09.813][D][ldc1314:436]: TRACE,911667,934,929,983
[19:06:09.830][D][ldc1314:436]: TRACE,911682,934,929,983
[19:06:09.845][D][ldc1314:436]: TRACE,911696,934,929,983
[19:06:09.874][D][ldc1314:436]: TRACE,911716,934,929,983
[19:06:09.882][D][ldc1314:436]: TRACE,911732,934,929,983
[19:06:09.894][D][ldc1314:436]: TRACE,911744,934,929,983
[19:06:09.910][D][ldc1314:436]: TRACE,911761,934,929,983
[19:06:09.921][D][ldc1314:436]: TRACE,911776,934,929,983
[19:06:09.937][D][ldc1314:436]: TRACE,911788,934,929,983
[19:06:09.953][D][ldc1314:436]: TRACE,911805,934,929,983
[19:06:09.982][D][ldc1314:436]: TRACE,911820,934,929,983
[19:06:09.992][D][ldc1314:436]: TRACE,911838,934,929,983
[19:06:10.000][D][ldc1314:436]: TRACE,911855,934,929,983
[19:06:10.013][D][ldc1314:436]: TRACE,911868,935,929,983
[19:06:10.031][D][ldc1314:436]: TRACE,911882,935,929,983
[19:06:10.044][D][ldc1314:436]: TRACE,911896,935,929,983
[19:06:10.060][D][ldc1314:436]: TRACE,911913,935,929,983
[19:06:10.164][D][ldc1314:436]: TRACE,911927,935,929,983
[19:06:10.165][D][ldc1314:436]: TRACE,911943,935,929,982
[19:06:10.165][D][ldc1314:436]: TRACE,911956,935,929,982
[19:06:10.165][D][ldc1314:436]: TRACE,911965,935,929,982
[19:06:10.165][D][ldc1314:436]: TRACE,911975,935,929,982
[19:06:10.165][D][ldc1314:436]: TRACE,911985,935,929,982
[19:06:10.165][D][ldc1314:436]: TRACE,911995,935,929,982
[19:06:10.165][D][ldc1314:436]: TRACE,912005,935,929,982
[19:06:10.165][D][ldc1314:436]: TRACE,912015,935,929,982
[19:06:10.181][D][ldc1314:436]: TRACE,912025,935,929,982
[19:06:10.187][D][ldc1314:436]: TRACE,912039,935,929,982
[19:06:10.202][D][ldc1314:436]: TRACE,912051,935,929,982
[19:06:10.217][D][ldc1314:436]: TRACE,912069,935,929,982
[19:06:10.229][D][ldc1314:436]: TRACE,912083,936,929,982
[19:06:10.245][D][ldc1314:436]: TRACE,912098,936,929,982
[19:06:10.261][D][ldc1314:436]: TRACE,912113,936,929,982
[19:06:10.284][D][ldc1314:436]: TRACE,912128,936,929,981
[19:06:10.291][D][ldc1314:436]: TRACE,912142,936,929,981
[19:06:10.309][D][ldc1314:436]: TRACE,912159,936,929,981
[19:06:10.324][D][ldc1314:436]: TRACE,912175,936,929,981
[19:06:10.337][D][ldc1314:436]: TRACE,912192,936,929,981
[19:06:10.351][D][ldc1314:436]: TRACE,912204,936,929,981
[19:06:10.367][D][ldc1314:436]: TRACE,912219,936,929,981
[19:06:10.386][D][ldc1314:436]: TRACE,912233,936,929,981
[19:06:10.395][D][ldc1314:436]: TRACE,912246,936,929,981
[19:06:10.414][D][ldc1314:436]: TRACE,912266,937,929,980
[19:06:10.429][D][ldc1314:436]: TRACE,912281,937,929,980
[19:06:10.443][D][ldc1314:436]: TRACE,912295,937,929,980
[19:06:10.459][D][ldc1314:436]: TRACE,912312,937,929,980
[19:06:10.474][D][ldc1314:436]: TRACE,912326,937,929,980
[19:06:10.491][D][ldc1314:436]: TRACE,912341,937,929,980
[19:06:10.503][D][ldc1314:436]: TRACE,912353,937,929,980
[19:06:10.522][D][ldc1314:436]: TRACE,912374,937,929,979
[19:06:10.535][D][ldc1314:436]: TRACE,912389,937,929,979
[19:06:10.552][D][ldc1314:436]: TRACE,912404,937,929,979
[19:06:10.568][D][ldc1314:436]: TRACE,912418,938,929,979
[19:06:10.579][D][ldc1314:436]: TRACE,912432,938,929,979
[19:06:10.595][D][ldc1314:436]: TRACE,912447,938,929,979
[19:06:10.689][D][ldc1314:436]: TRACE,912457,938,929,979
[19:06:10.690][D][ldc1314:436]: TRACE,912473,938,929,978
[19:06:10.690][D][ldc1314:436]: TRACE,912482,938,929,978
[19:06:10.690][D][ldc1314:436]: TRACE,912492,938,928,978
[19:06:10.690][D][ldc1314:436]: TRACE,912503,938,929,978
[19:06:10.690][D][ldc1314:436]: TRACE,912513,938,929,978
[19:06:10.690][D][ldc1314:436]: TRACE,912523,938,929,978
[19:06:10.696][D][ldc1314:436]: TRACE,912533,938,929,978
[19:06:10.697][D][ldc1314:436]: TRACE,912544,938,929,978
[19:06:10.704][D][ldc1314:436]: TRACE,912554,939,929,978
[19:06:10.717][D][ldc1314:436]: TRACE,912567,939,928,977
[19:06:10.737][D][ldc1314:436]: TRACE,912585,939,928,977
[19:06:10.758][D][ldc1314:436]: TRACE,912609,939,928,977
[19:06:10.775][D][ldc1314:436]: TRACE,912627,939,928,977
[19:06:10.795][D][ldc1314:436]: TRACE,912642,939,928,976
[19:06:10.807][D][ldc1314:436]: TRACE,912658,939,928,976
[19:06:10.821][D][ldc1314:436]: TRACE,912674,939,928,976
[19:06:10.837][D][ldc1314:436]: TRACE,912690,939,928,976
[19:06:10.853][D][ldc1314:436]: TRACE,912705,939,928,976
[19:06:10.885][D][ldc1314:436]: TRACE,912724,939,928,976
[19:06:10.901][D][ldc1314:436]: TRACE,912739,939,928,976
[19:06:10.901][D][ldc1314:436]: TRACE,912749,940,928,975
[19:06:10.907][D][ldc1314:436]: TRACE,912759,940,928,975
[19:06:10.922][D][ldc1314:436]: TRACE,912775,940,928,975
[19:06:10.936][D][ldc1314:436]: TRACE,912790,940,928,975
[19:06:10.952][D][ldc1314:436]: TRACE,912804,940,928,975
[19:06:10.967][D][ldc1314:436]: TRACE,912819,940,928,975
[19:06:10.986][D][ldc1314:436]: TRACE,912839,940,928,974
[19:06:11.003][D][ldc1314:436]: TRACE,912853,940,928,974
[19:06:11.012][D][ldc1314:436]: TRACE,912865,940,928,974
[19:06:11.027][D][ldc1314:436]: TRACE,912879,940,928,974
[19:06:11.042][D][ldc1314:436]: TRACE,912895,940,928,974
[19:06:11.059][D][ldc1314:436]: TRACE,912911,940,928,974
[19:06:11.075][D][ldc1314:436]: TRACE,912927,941,928,974
[19:06:11.102][D][ldc1314:436]: TRACE,912948,941,928,973
[19:06:11.111][D][ldc1314:436]: TRACE,912964,941,928,973
[19:06:11.212][D][ldc1314:436]: TRACE,912978,941,928,973
[19:06:11.212][D][ldc1314:436]: TRACE,912993,941,928,973
[19:06:11.212][D][ldc1314:436]: TRACE,913003,941,928,973
[19:06:11.213][D][ldc1314:436]: TRACE,913014,941,928,973
[19:06:11.213][D][ldc1314:436]: TRACE,913024,941,928,973
[19:06:11.213][D][ldc1314:436]: TRACE,913035,941,928,973
[19:06:11.213][D][ldc1314:436]: TRACE,913045,941,928,973
[19:06:11.213][D][ldc1314:436]: TRACE,913056,941,928,973
[19:06:11.221][D][ldc1314:436]: TRACE,913068,941,928,972
[19:06:11.233][D][ldc1314:436]: TRACE,913083,941,928,972
[19:06:11.250][D][ldc1314:436]: TRACE,913099,941,928,972
[19:06:11.261][D][ldc1314:436]: TRACE,913114,941,928,972
[19:06:11.276][D][ldc1314:436]: TRACE,913128,941,928,972
[19:06:11.293][D][ldc1314:436]: TRACE,913143,941,928,972
[19:06:11.312][D][ldc1314:436]: TRACE,913159,942,928,972
[19:06:11.321][D][ldc1314:436]: TRACE,913170,942,928,972
[19:06:11.343][D][ldc1314:436]: TRACE,913194,942,928,972
[19:06:11.355][D][ldc1314:436]: TRACE,913209,942,928,971
[19:06:11.372][D][ldc1314:436]: TRACE,913223,942,928,971
[19:06:11.385][D][ldc1314:436]: TRACE,913237,942,928,971
[19:06:11.409][D][ldc1314:436]: TRACE,913252,942,928,971
[19:06:11.416][D][ldc1314:436]: TRACE,913267,942,928,971
[19:06:11.430][D][ldc1314:436]: TRACE,913280,942,928,971
[19:06:11.449][D][ldc1314:436]: TRACE,913302,942,928,971
[19:06:11.463][D][ldc1314:436]: TRACE,913315,942,928,971
[19:06:11.479][D][ldc1314:436]: TRACE,913330,942,928,971
[19:06:11.499][D][ldc1314:436]: TRACE,913347,942,928,971
[19:06:11.518][D][ldc1314:436]: TRACE,913361,942,928,971
[19:06:11.528][D][ldc1314:436]: TRACE,913375,942,928,971
[19:06:11.537][D][ldc1314:436]: TRACE,913387,942,928,971
[19:06:11.554][D][ldc1314:436]: TRACE,913408,942,928,970
[19:06:11.570][D][ldc1314:436]: TRACE,913421,942,928,970
[19:06:11.586][D][ldc1314:436]: TRACE,913437,942,928,970
[19:06:11.601][D][ldc1314:436]: TRACE,913451,942,928,970
[19:06:11.617][D][ldc1314:436]: TRACE,913464,942,928,970
[19:06:11.626][D][ldc1314:436]: TRACE,913477,942,928,970
[19:06:11.641][D][ldc1314:436]: TRACE,913490,942,928,970
[19:06:11.737][D][ldc1314:436]: TRACE,913507,942,928,970
[19:06:11.737][D][ldc1314:436]: TRACE,913520,942,928,970
[19:06:11.738][D][ldc1314:436]: TRACE,913531,942,928,970
[19:06:11.738][D][ldc1314:436]: TRACE,913541,943,928,970
[19:06:11.738][D][ldc1314:436]: TRACE,913551,943,928,970
[19:06:11.738][D][ldc1314:436]: TRACE,913561,943,928,970
[19:06:11.738][D][ldc1314:436]: TRACE,913571,943,928,970
[19:06:11.738][D][ldc1314:436]: TRACE,913582,943,928,970
[19:06:11.738][D][ldc1314:436]: TRACE,913592,943,928,970
[19:06:11.753][D][ldc1314:436]: TRACE,913603,943,928,970
[19:06:11.766][D][ldc1314:436]: TRACE,913620,943,928,970
[19:06:11.782][D][ldc1314:436]: TRACE,913634,943,928,970
[19:06:11.801][D][ldc1314:436]: TRACE,913653,943,928,969
[19:06:11.824][D][ldc1314:436]: TRACE,913668,943,928,969
[19:06:11.831][D][ldc1314:436]: TRACE,913678,943,928,969
[19:06:11.837][D][ldc1314:436]: TRACE,913691,943,928,969
[19:06:11.856][D][ldc1314:436]: TRACE,913707,943,928,969
[19:06:11.865][D][ldc1314:436]: TRACE,913720,943,928,969
[19:06:11.877][D][ldc1314:436]: TRACE,913732,943,928,969
[19:06:11.899][D][ldc1314:436]: TRACE,913744,943,928,969
[19:06:11.906][D][ldc1314:436]: TRACE,913759,943,928,969
[19:06:11.925][D][ldc1314:436]: TRACE,913776,943,928,969
[19:06:11.935][D][ldc1314:436]: TRACE,913787,943,928,969
[19:06:11.950][D][ldc1314:436]: TRACE,913803,943,928,969
[19:06:11.963][D][ldc1314:436]: TRACE,913819,943,928,969
[19:06:11.978][D][ldc1314:436]: TRACE,913831,943,928,969
[19:06:11.992][D][ldc1314:436]: TRACE,913845,943,928,969
[19:06:12.006][D][ldc1314:436]: TRACE,913860,943,928,969
[19:06:12.024][D][ldc1314:436]: TRACE,913875,943,928,969
[19:06:12.034][D][ldc1314:436]: TRACE,913888,943,928,969
[19:06:12.053][D][ldc1314:436]: TRACE,913905,943,928,969
[19:06:12.068][D][ldc1314:436]: TRACE,913921,943,928,969
[19:06:12.083][D][ldc1314:436]: TRACE,913935,943,928,969
[19:06:12.097][D][ldc1314:436]: TRACE,913951,943,928,969
[19:06:12.114][D][ldc1314:436]: TRACE,913966,943,928,969
[19:06:12.131][D][ldc1314:436]: TRACE,913983,943,929,969
[19:06:12.142][D][ldc1314:436]: TRACE,913993,943,929,969
[19:06:12.163][D][ldc1314:436]: TRACE,914013,943,929,969
[19:06:12.260][D][ldc1314:436]: TRACE,914027,943,929,969
[19:06:12.261][D][ldc1314:436]: TRACE,914041,943,929,969
[19:06:12.261][D][ldc1314:436]: TRACE,914051,943,929,969
[19:06:12.261][D][ldc1314:436]: TRACE,914061,943,929,969
[19:06:12.261][D][ldc1314:436]: TRACE,914072,943,929,969
[19:06:12.261][D][ldc1314:436]: TRACE,914082,943,929,969
[19:06:12.261][D][ldc1314:436]: TRACE,914093,943,929,969
[19:06:12.261][D][ldc1314:436]: TRACE,914103,943,929,969
[19:06:12.261][D][ldc1314:436]: TRACE,914113,943,929,969
[19:06:12.276][D][ldc1314:436]: TRACE,914125,943,929,969
[19:06:12.293][D][ldc1314:436]: TRACE,914142,943,929,969
[19:06:12.310][D][ldc1314:436]: TRACE,914159,943,929,969
[19:06:12.330][D][ldc1314:436]: TRACE,914174,943,929,969
[19:06:12.338][D][ldc1314:436]: TRACE,914189,943,929,969
[19:06:12.350][D][ldc1314:436]: TRACE,914203,943,929,969
[19:06:12.365][D][ldc1314:436]: TRACE,914217,943,929,969
[19:06:12.380][D][ldc1314:436]: TRACE,914232,943,929,969
[19:06:12.397][D][ldc1314:436]: TRACE,914248,943,929,969
[19:06:12.412][D][ldc1314:436]: TRACE,914264,943,929,969
[19:06:12.433][D][ldc1314:436]: TRACE,914279,943,929,969
[19:06:12.437][D][ldc1314:436]: TRACE,914293,943,929,969
[19:06:12.453][D][ldc1314:436]: TRACE,914304,943,929,969
[19:06:12.470][D][ldc1314:436]: TRACE,914321,943,929,969
[19:06:12.483][D][ldc1314:436]: TRACE,914335,943,929,969
[19:06:12.505][D][ldc1314:436]: TRACE,914356,943,929,969
[19:06:12.521][D][ldc1314:436]: TRACE,914371,943,929,969
[19:06:12.540][D][ldc1314:436]: TRACE,914386,943,929,969
[19:06:12.545][D][ldc1314:436]: TRACE,914396,943,929,969
[19:06:12.555][D][ldc1314:436]: TRACE,914409,943,929,969
[19:06:12.574][D][ldc1314:436]: TRACE,914422,943,929,969
[19:06:12.585][D][ldc1314:436]: TRACE,914437,942,929,969
[19:06:12.599][D][ldc1314:436]: TRACE,914451,942,929,969
[19:06:12.620][D][ldc1314:436]: TRACE,914469,942,929,968
[19:06:12.638][D][ldc1314:436]: TRACE,914485,942,929,969
[19:06:12.648][D][ldc1314:436]: TRACE,914499,942,929,968
[19:06:12.663][D][ldc1314:436]: TRACE,914515,942,929,969
[19:06:12.676][D][ldc1314:436]: TRACE,914530,942,929,968
[19:06:12.693][D][ldc1314:436]: TRACE,914544,942,929,969
[19:06:12.785][D][ldc1314:436]: TRACE,914559,942,929,968
[19:06:12.785][D][ldc1314:436]: TRACE,914572,942,929,968
[19:06:12.785][D][ldc1314:436]: TRACE,914585,942,929,968
[19:06:12.785][D][ldc1314:436]: TRACE,914594,942,929,969
[19:06:12.786][D][ldc1314:436]: TRACE,914607,942,929,968
[19:06:12.793][D][ldc1314:436]: TRACE,914617,942,929,968
[19:06:12.793][D][ldc1314:436]: TRACE,914627,942,929,968
[19:06:12.793][D][ldc1314:436]: TRACE,914637,942,929,968
[19:06:12.793][D][ldc1314:436]: TRACE,914647,942,929,968
[19:06:12.805][D][ldc1314:436]: TRACE,914659,942,929,968
[19:06:12.820][D][ldc1314:436]: TRACE,914672,942,929,968
[19:06:12.842][D][ldc1314:436]: TRACE,914687,942,930,968
[19:06:12.853][D][ldc1314:436]: TRACE,914705,942,930,968
[19:06:12.868][D][ldc1314:436]: TRACE,914721,942,930,968
[19:06:12.881][D][ldc1314:436]: TRACE,914735,942,930,968
[19:06:12.896][D][ldc1314:436]: TRACE,914749,942,930,968
[19:06:12.925][D][ldc1314:436]: TRACE,914764,942,930,968
[19:06:12.933][D][ldc1314:436]: TRACE,914777,942,930,968
[19:06:12.943][D][ldc1314:436]: TRACE,914788,942,930,968
[19:06:12.944][D][ldc1314:436]: TRACE,914800,942,930,968
[19:06:12.966][D][ldc1314:436]: TRACE,914817,942,930,968
[19:06:12.984][D][ldc1314:436]: TRACE,914831,942,930,968
[19:06:12.995][D][ldc1314:436]: TRACE,914846,942,930,968
[19:06:13.008][D][ldc1314:436]: TRACE,914862,941,930,968
[19:06:13.023][D][ldc1314:436]: TRACE,914876,941,930,968
[19:06:13.047][D][ldc1314:436]: TRACE,914891,941,930,968
[19:06:13.053][D][ldc1314:436]: TRACE,914904,941,930,968
[19:06:13.066][D][ldc1314:436]: TRACE,914915,941,930,968
[19:06:13.085][D][ldc1314:436]: TRACE,914937,941,930,968
[19:06:13.101][D][ldc1314:436]: TRACE,914952,941,930,968
[19:06:13.116][D][ldc1314:436]: TRACE,914967,941,931,968
[19:06:13.131][D][ldc1314:436]: TRACE,914984,941,931,968
[19:06:13.149][D][ldc1314:436]: TRACE,914998,941,931,968
[19:06:13.162][D][ldc1314:436]: TRACE,915013,941,931,968
[19:06:13.177][D][ldc1314:436]: TRACE,915030,941,931,968
[19:06:13.191][D][ldc1314:436]: TRACE,915043,941,931,968
[19:06:13.209][D][ldc1314:436]: TRACE,915060,940,931,969
[19:06:13.310][D][ldc1314:436]: TRACE,915076,940,931,968
[19:06:13.310][D][ldc1314:436]: TRACE,915090,940,931,968
[19:06:13.310][D][ldc1314:436]: TRACE,915100,940,931,968
[19:06:13.310][D][ldc1314:436]: TRACE,915110,940,931,969
[19:06:13.310][D][ldc1314:436]: TRACE,915121,940,931,968
[19:06:13.310][D][ldc1314:436]: TRACE,915131,940,931,968
[19:06:13.310][D][ldc1314:436]: TRACE,915141,940,931,969
[19:06:13.310][D][ldc1314:436]: TRACE,915151,940,932,968
[19:06:13.310][D][ldc1314:436]: TRACE,915162,940,932,968
[19:06:13.323][D][ldc1314:436]: TRACE,915173,940,932,968
[19:06:13.335][D][ldc1314:436]: TRACE,915189,940,932,968
[19:06:13.354][D][ldc1314:436]: TRACE,915201,940,932,968
[19:06:13.361][D][ldc1314:436]: TRACE,915214,940,932,968
[19:06:13.376][D][ldc1314:436]: TRACE,915229,940,932,969
[19:06:13.391][D][ldc1314:436]: TRACE,915244,940,932,968
[19:06:13.405][D][ldc1314:436]: TRACE,915257,939,932,968
[19:06:13.425][D][ldc1314:436]: TRACE,915275,939,932,968
[19:06:13.441][D][ldc1314:436]: TRACE,915292,939,932,968
[19:06:13.461][D][ldc1314:436]: TRACE,915308,939,932,968
[19:06:13.464][D][ldc1314:436]: TRACE,915318,939,933,969
[19:06:13.480][D][ldc1314:436]: TRACE,915331,939,933,968
[19:06:13.496][D][ldc1314:436]: TRACE,915348,939,933,968
[19:06:13.511][D][ldc1314:436]: TRACE,915363,939,933,968
[19:06:13.532][D][ldc1314:436]: TRACE,915380,938,933,968
[19:06:13.543][D][ldc1314:436]: TRACE,915398,938,933,968
[19:06:13.561][D][ldc1314:436]: TRACE,915410,938,933,968
[19:06:13.572][D][ldc1314:436]: TRACE,915423,938,933,968
[19:06:13.585][D][ldc1314:436]: TRACE,915438,938,933,968
[19:06:13.597][D][ldc1314:436]: TRACE,915451,938,933,968
[19:06:13.613][D][ldc1314:436]: TRACE,915464,938,934,968
[19:06:13.624][D][ldc1314:436]: TRACE,915478,938,934,968
[19:06:13.645][D][ldc1314:436]: TRACE,915497,938,934,968
[19:06:13.661][D][ldc1314:436]: TRACE,915512,938,934,968
[19:06:13.673][D][ldc1314:436]: TRACE,915526,938,934,968
[19:06:13.688][D][ldc1314:436]: TRACE,915540,938,934,968
[19:06:13.703][D][ldc1314:436]: TRACE,915556,937,934,968
[19:06:13.719][D][ldc1314:436]: TRACE,915569,937,934,969
[19:06:13.734][D][ldc1314:436]: TRACE,915586,937,934,968
[19:06:13.834][D][ldc1314:436]: TRACE,915601,937,935,968
[19:06:13.835][D][ldc1314:436]: TRACE,915622,937,935,968
[19:06:13.835][D][ldc1314:436]: TRACE,915634,937,935,968
[19:06:13.835][D][ldc1314:436]: TRACE,915644,937,935,968
[19:06:13.835][D][ldc1314:436]: TRACE,915654,937,935,968
[19:06:13.839][D][ldc1314:436]: TRACE,915664,937,935,968
[19:06:13.840][D][ldc1314:436]: TRACE,915675,937,935,968
[19:06:13.840][D][ldc1314:436]: TRACE,915685,937,935,968
[19:06:13.840][D][ldc1314:436]: TRACE,915695,936,935,969
[19:06:13.865][D][ldc1314:436]: TRACE,915708,936,935,968
[19:06:13.869][D][ldc1314:436]: TRACE,915723,936,936,968
[19:06:13.887][D][ldc1314:436]: TRACE,915735,936,936,968
[19:06:13.902][D][ldc1314:436]: TRACE,915753,936,936,969
[19:06:13.916][D][ldc1314:436]: TRACE,915768,936,936,968
[19:06:13.931][D][ldc1314:436]: TRACE,915783,936,936,968
[19:06:13.953][D][ldc1314:436]: TRACE,915797,936,936,968
[19:06:13.970][D][ldc1314:436]: TRACE,915810,936,936,968
[19:06:13.970][D][ldc1314:436]: TRACE,915820,936,936,968
[19:06:13.983][D][ldc1314:436]: TRACE,915832,936,936,968
[19:06:14.006][D][ldc1314:436]: TRACE,915852,936,936,969
[19:06:14.014][D][ldc1314:436]: TRACE,915869,935,937,968
[19:06:14.032][D][ldc1314:436]: TRACE,915881,935,937,968
[19:06:14.044][D][ldc1314:436]: TRACE,915896,935,937,968
[19:06:14.061][D][ldc1314:436]: TRACE,915911,935,937,968
[19:06:14.074][D][ldc1314:436]: TRACE,915928,935,937,968
[19:06:14.089][D][ldc1314:436]: TRACE,915940,935,937,969
[19:06:14.108][D][ldc1314:436]: TRACE,915959,935,937,968
[19:06:14.125][D][ldc1314:436]: TRACE,915975,935,937,969
[19:06:14.136][D][ldc1314:436]: TRACE,915990,935,937,968
[19:06:14.151][D][ldc1314:436]: TRACE,916002,935,937,968
[19:06:14.172][D][ldc1314:436]: TRACE,916019,935,938,968
[19:06:14.181][D][ldc1314:436]: TRACE,916032,935,938,968
[19:06:14.194][D][ldc1314:436]: TRACE,916047,935,938,968
[19:06:14.214][D][ldc1314:436]: TRACE,916066,934,938,968
[19:06:14.229][D][ldc1314:436]: TRACE,916081,934,938,968
[19:06:14.246][D][ldc1314:436]: TRACE,916096,934,938,969
[19:06:14.258][D][ldc1314:436]: TRACE,916110,934,938,968
[19:06:14.363][D][ldc1314:436]: TRACE,916125,934,938,968
[19:06:14.363][D][ldc1314:436]: TRACE,916139,934,938,968
[19:06:14.363][D][ldc1314:436]: TRACE,916151,934,938,968
[19:06:14.364][D][ldc1314:436]: TRACE,916160,934,938,969
[19:06:14.364][D][ldc1314:436]: TRACE,916171,934,938,969
[19:06:14.364][D][ldc1314:436]: TRACE,916183,934,938,969
[19:06:14.364][D][ldc1314:436]: TRACE,916193,934,939,969
[19:06:14.364][D][ldc1314:436]: TRACE,916203,934,939,969
[19:06:14.382][D][ldc1314:436]: TRACE,916213,934,939,969
[19:06:14.382][D][ldc1314:436]: TRACE,916223,934,939,968
[19:06:14.382][D][ldc1314:436]: TRACE,916234,934,939,968
[19:06:14.392][D][ldc1314:436]: TRACE,916247,934,939,968
[19:06:14.407][D][ldc1314:436]: TRACE,916259,934,939,968
[19:06:14.422][D][ldc1314:436]: TRACE,916274,934,939,968
[19:06:14.439][D][ldc1314:436]: TRACE,916293,934,939,968
[19:06:14.454][D][ldc1314:436]: TRACE,916306,934,939,969
[19:06:14.480][D][ldc1314:436]: TRACE,916321,934,939,968
[19:06:14.482][D][ldc1314:436]: TRACE,916338,933,939,968
[19:06:14.497][D][ldc1314:436]: TRACE,916349,933,939,968
[19:06:14.512][D][ldc1314:436]: TRACE,916363,933,939,968
[19:06:14.528][D][ldc1314:436]: TRACE,916380,933,939,968
[19:06:14.541][D][ldc1314:436]: TRACE,916392,933,939,968
[19:06:14.561][D][ldc1314:436]: TRACE,916411,933,939,968
[19:06:14.582][D][ldc1314:436]: TRACE,916429,933,939,969
[19:06:14.590][D][ldc1314:436]: TRACE,916442,933,940,968
[19:06:14.606][D][ldc1314:436]: TRACE,916454,933,940,968
[19:06:14.618][D][ldc1314:436]: TRACE,916472,933,940,969
[19:06:14.633][D][ldc1314:436]: TRACE,916485,933,940,969
[19:06:14.649][D][ldc1314:436]: TRACE,916501,933,940,968
[19:06:14.663][D][ldc1314:436]: TRACE,916515,933,940,968
[19:06:14.687][D][ldc1314:436]: TRACE,916532,933,940,968
[19:06:14.696][D][ldc1314:436]: TRACE,916547,933,940,968
[19:06:14.711][D][ldc1314:436]: TRACE,916563,933,940,968
[19:06:14.725][D][ldc1314:436]: TRACE,916577,933,940,969
[19:06:14.740][D][ldc1314:436]: TRACE,916592,933,940,969
[19:06:14.758][D][ldc1314:436]: TRACE,916607,933,940,968
[19:06:14.776][D][ldc1314:436]: TRACE,916625,933,940,968
[19:06:14.883][D][ldc1314:436]: TRACE,916644,933,940,969
[19:06:14.883][D][ldc1314:436]: TRACE,916657,933,940,968
[19:06:14.883][D][ldc1314:436]: TRACE,916667,933,940,969
[19:06:14.883][D][ldc1314:436]: TRACE,916677,933,940,969
[19:06:14.884][D][ldc1314:436]: TRACE,916687,933,940,969
[19:06:14.884][D][ldc1314:436]: TRACE,916698,933,940,969
[19:06:14.884][D][ldc1314:436]: TRACE,916708,933,940,969
[19:06:14.884][D][ldc1314:436]: TRACE,916718,933,940,969
[19:06:14.891][D][ldc1314:436]: TRACE,916728,933,940,969
[19:06:14.891][D][ldc1314:436]: TRACE,916738,933,940,969
[19:06:14.897][D][ldc1314:436]: TRACE,916748,933,940,969
[19:06:14.913][D][ldc1314:436]: TRACE,916764,933,940,969
[19:06:14.928][D][ldc1314:436]: TRACE,916780,933,940,969
[19:06:14.941][D][ldc1314:436]: TRACE,916793,933,940,969
[19:06:14.955][D][ldc1314:436]: TRACE,916807,933,940,969
[19:06:14.976][D][ldc1314:436]: TRACE,916822,932,940,968
[19:06:14.990][D][ldc1314:436]: TRACE,916835,932,940,969
[19:06:14.993][D][ldc1314:436]: TRACE,916848,932,940,969
[19:06:15.011][D][ldc1314:436]: TRACE,916864,932,940,969
[19:06:15.024][D][ldc1314:436]: TRACE,916877,932,940,969
[19:06:15.039][D][ldc1314:436]: TRACE,916892,932,940,969
[19:06:15.060][D][ldc1314:436]: TRACE,916907,932,940,969
[19:06:15.069][D][ldc1314:436]: TRACE,916922,932,940,969
[19:06:15.079][D][ldc1314:436]: TRACE,916934,932,940,969
[19:06:15.100][D][ldc1314:436]: TRACE,916949,932,940,969
[19:06:15.106][D][ldc1314:436]: TRACE,916959,932,940,969
[19:06:15.124][D][ldc1314:436]: TRACE,916977,932,940,969
[19:06:15.138][D][ldc1314:436]: TRACE,916991,932,940,969
[19:06:15.153][D][ldc1314:436]: TRACE,917005,932,940,969
[19:06:15.170][D][ldc1314:436]: TRACE,917021,932,940,969
[19:06:15.196][D][ldc1314:436]: TRACE,917036,932,940,969
[19:06:15.201][D][ldc1314:436]: TRACE,917053,932,940,969
[19:06:15.214][D][ldc1314:436]: TRACE,917065,932,940,969
[19:06:15.236][D][ldc1314:436]: TRACE,917090,932,940,969
[19:06:15.252][D][ldc1314:436]: TRACE,917104,932,940,969
[19:06:15.270][D][ldc1314:436]: TRACE,917120,932,940,969
[19:06:15.285][D][ldc1314:436]: TRACE,917137,932,940,969
[19:06:15.304][D][ldc1314:436]: TRACE,917154,932,940,969
[19:06:15.316][D][ldc1314:436]: TRACE,917163,932,940,969
[19:06:15.407][D][ldc1314:436]: TRACE,917181,932,940,969
[19:06:15.408][D][ldc1314:436]: TRACE,917192,932,940,969
[19:06:15.408][D][ldc1314:436]: TRACE,917203,932,940,969
[19:06:15.408][D][ldc1314:436]: TRACE,917213,932,940,969
[19:06:15.409][D][ldc1314:436]: TRACE,917223,932,940,969
[19:06:15.409][D][ldc1314:436]: TRACE,917233,932,940,969
[19:06:15.415][D][ldc1314:436]: TRACE,917243,932,940,969
[19:06:15.415][D][ldc1314:436]: TRACE,917254,932,940,969
[19:06:15.415][D][ldc1314:436]: TRACE,917264,932,940,969
[19:06:15.422][D][ldc1314:436]: TRACE,917275,932,940,969
[19:06:15.441][D][ldc1314:436]: TRACE,917290,932,940,969
[19:06:15.449][D][ldc1314:436]: TRACE,917303,932,940,969
[19:06:15.467][D][ldc1314:436]: TRACE,917318,932,940,969
[19:06:15.481][D][ldc1314:436]: TRACE,917334,932,940,969
[19:06:15.503][D][ldc1314:436]: TRACE,917348,932,940,969
[19:06:15.510][D][ldc1314:436]: TRACE,917362,932,940,969
[19:06:15.525][D][ldc1314:436]: TRACE,917377,932,940,969
[19:06:15.538][D][ldc1314:436]: TRACE,917392,932,940,969
[19:06:15.553][D][ldc1314:436]: TRACE,917405,932,940,969
[19:06:15.567][D][ldc1314:436]: TRACE,917419,932,940,969
[19:06:15.588][D][ldc1314:436]: TRACE,917440,932,940,969
[19:06:15.605][D][ldc1314:436]: TRACE,917455,932,940,969
[19:06:15.618][D][ldc1314:436]: TRACE,917468,932,940,969
[19:06:15.634][D][ldc1314:436]: TRACE,917486,932,940,969
[19:06:15.648][D][ldc1314:436]: TRACE,917501,932,940,969
[19:06:15.663][D][ldc1314:436]: TRACE,917515,932,940,969
[19:06:15.679][D][ldc1314:436]: TRACE,917530,932,940,969
[19:06:15.693][D][ldc1314:436]: TRACE,917545,932,940,969
[19:06:15.714][D][ldc1314:436]: TRACE,917565,932,940,969
[19:06:15.727][D][ldc1314:436]: TRACE,917576,932,940,969
[19:06:15.743][D][ldc1314:436]: TRACE,917594,932,940,969
[19:06:15.754][D][ldc1314:436]: TRACE,917606,932,940,969
[19:06:15.776][D][ldc1314:436]: TRACE,917621,932,940,969
[19:06:15.792][D][ldc1314:436]: TRACE,917642,932,940,969
[19:06:15.810][D][ldc1314:436]: TRACE,917659,932,940,969
[19:06:15.821][D][ldc1314:436]: TRACE,917673,932,940,969
[19:06:15.935][D][ldc1314:436]: TRACE,917694,932,940,970
[19:06:15.935][D][ldc1314:436]: TRACE,917709,932,940,970
[19:06:15.935][D][ldc1314:436]: TRACE,917719,932,940,970
[19:06:15.935][D][ldc1314:436]: TRACE,917729,932,940,970
[19:06:15.936][D][ldc1314:436]: TRACE,917739,932,940,970
[19:06:15.936][D][ldc1314:436]: TRACE,917750,932,940,970
[19:06:15.936][D][ldc1314:436]: TRACE,917760,932,940,970
[19:06:15.936][D][ldc1314:436]: TRACE,917770,932,940,970
[19:06:15.937][D][ldc1314:436]: TRACE,917780,932,940,970
[19:06:15.937][D][ldc1314:436]: TRACE,917790,932,940,970
[19:06:15.949][D][ldc1314:436]: TRACE,917803,932,940,970
[19:06:15.964][D][ldc1314:436]: TRACE,917815,932,940,970
[19:06:15.978][D][ldc1314:436]: TRACE,917830,932,939,970
[19:06:16.000][D][ldc1314:436]: TRACE,917845,932,939,970
[19:06:16.018][D][ldc1314:436]: TRACE,917859,932,939,970
[19:06:16.018][D][ldc1314:436]: TRACE,917871,932,939,970
[19:06:16.032][D][ldc1314:436]: TRACE,917883,932,939,970
[19:06:16.048][D][ldc1314:436]: TRACE,917898,932,939,970
[19:06:16.066][D][ldc1314:436]: TRACE,917918,932,939,970
[19:06:16.083][D][ldc1314:436]: TRACE,917933,932,939,970
[19:06:16.096][D][ldc1314:436]: TRACE,917948,932,939,971
[19:06:16.117][D][ldc1314:436]: TRACE,917964,932,939,971
[19:06:16.125][D][ldc1314:436]: TRACE,917977,932,939,971
[19:06:16.140][D][ldc1314:436]: TRACE,917992,932,939,971
[19:06:16.156][D][ldc1314:436]: TRACE,918007,932,939,971
[19:06:16.175][D][ldc1314:436]: TRACE,918027,932,939,971
[19:06:16.191][D][ldc1314:436]: TRACE,918042,932,939,971
[19:06:16.219][D][ldc1314:436]: TRACE,918060,932,939,971
[19:06:16.226][D][ldc1314:436]: TRACE,918076,932,939,971
[19:06:16.238][D][ldc1314:436]: TRACE,918088,932,938,971
[19:06:16.254][D][ldc1314:436]: TRACE,918105,932,938,971
[19:06:16.267][D][ldc1314:436]: TRACE,918121,932,938,971
[19:06:16.284][D][ldc1314:436]: TRACE,918136,932,938,972
[19:06:16.304][D][ldc1314:436]: TRACE,918157,932,938,972
[19:06:16.321][D][ldc1314:436]: TRACE,918172,932,938,972
[19:06:16.331][D][ldc1314:436]: TRACE,918186,932,938,972
[19:06:16.347][D][ldc1314:436]: TRACE,918199,932,938,972
[19:06:16.362][D][ldc1314:436]: TRACE,918213,932,938,972
[19:06:16.456][D][ldc1314:436]: TRACE,918230,932,938,972
[19:06:16.456][D][ldc1314:436]: TRACE,918241,932,938,972
[19:06:16.456][D][ldc1314:436]: TRACE,918251,932,938,972
[19:06:16.457][D][ldc1314:436]: TRACE,918261,932,938,973
[19:06:16.457][D][ldc1314:436]: TRACE,918272,932,937,973
[19:06:16.457][D][ldc1314:436]: TRACE,918283,932,937,973
[19:06:16.457][D][ldc1314:436]: TRACE,918293,932,937,973
[19:06:16.457][D][ldc1314:436]: TRACE,918303,932,937,973
[19:06:16.466][D][ldc1314:436]: TRACE,918314,932,937,973
[19:06:16.472][D][ldc1314:436]: TRACE,918324,932,937,973
[19:06:16.484][D][ldc1314:436]: TRACE,918336,932,937,973
[19:06:16.499][D][ldc1314:436]: TRACE,918351,932,937,973
[19:06:16.516][D][ldc1314:436]: TRACE,918367,932,937,973
[19:06:16.536][D][ldc1314:436]: TRACE,918382,932,937,973
[19:06:16.545][D][ldc1314:436]: TRACE,918399,932,937,974
[19:06:16.562][D][ldc1314:436]: TRACE,918412,932,937,974
[19:06:16.575][D][ldc1314:436]: TRACE,918427,932,936,974
[19:06:16.591][D][ldc1314:436]: TRACE,918443,932,936,974
[19:06:16.607][D][ldc1314:436]: TRACE,918457,932,936,974
[19:06:16.629][D][ldc1314:436]: TRACE,918473,932,936,974
[19:06:16.640][D][ldc1314:436]: TRACE,918490,932,936,974
[19:06:16.656][D][ldc1314:436]: TRACE,918506,932,936,975
[19:06:16.670][D][ldc1314:436]: TRACE,918523,932,936,975
[19:06:16.687][D][ldc1314:436]: TRACE,918539,932,936,975
[19:06:16.698][D][ldc1314:436]: TRACE,918553,932,936,975
[19:06:16.713][D][ldc1314:436]: TRACE,918565,932,935,975
[19:06:16.731][D][ldc1314:436]: TRACE,918581,932,935,976
[19:06:16.741][D][ldc1314:436]: TRACE,918595,932,935,976
[19:06:16.756][D][ldc1314:436]: TRACE,918608,932,935,976
[19:06:16.785][D][ldc1314:436]: TRACE,918627,932,935,976
[19:06:16.795][D][ldc1314:436]: TRACE,918647,932,935,976
[19:06:16.810][D][ldc1314:436]: TRACE,918661,932,935,976
[19:06:16.833][D][ldc1314:436]: TRACE,918678,932,935,977
[19:06:16.841][D][ldc1314:436]: TRACE,918691,932,934,977
[19:06:16.852][D][ldc1314:436]: TRACE,918701,932,934,977
[19:06:16.870][D][ldc1314:436]: TRACE,918718,932,934,977
[19:06:16.881][D][ldc1314:436]: TRACE,918734,932,934,977
[19:06:16.979][D][ldc1314:436]: TRACE,918753,932,934,977
[19:06:16.979][D][ldc1314:436]: TRACE,918766,932,934,977
[19:06:16.979][D][ldc1314:436]: TRACE,918776,932,934,978
[19:06:16.979][D][ldc1314:436]: TRACE,918787,932,934,978
[19:06:16.979][D][ldc1314:436]: TRACE,918798,932,934,978
[19:06:16.979][D][ldc1314:436]: TRACE,918808,932,934,978
[19:06:16.979][D][ldc1314:436]: TRACE,918818,932,934,978
[19:06:16.979][D][ldc1314:436]: TRACE,918828,932,934,978
[19:06:16.988][D][ldc1314:436]: TRACE,918839,932,933,978
[19:06:17.000][D][ldc1314:436]: TRACE,918849,932,933,978
[19:06:17.020][D][ldc1314:436]: TRACE,918871,932,933,978
[19:06:17.037][D][ldc1314:436]: TRACE,918886,932,933,979
[19:06:17.047][D][ldc1314:436]: TRACE,918899,932,933,979
[19:06:17.063][D][ldc1314:436]: TRACE,918915,932,933,979
[19:06:17.078][D][ldc1314:436]: TRACE,918929,932,933,979
[19:06:17.089][D][ldc1314:436]: TRACE,918939,932,933,979
[19:06:17.102][D][ldc1314:436]: TRACE,918955,932,933,979
[19:06:17.115][D][ldc1314:436]: TRACE,918969,932,932,979
[19:06:17.140][D][ldc1314:436]: TRACE,918985,932,932,980
[19:06:17.149][D][ldc1314:436]: TRACE,918999,932,932,980
[19:06:17.159][D][ldc1314:436]: TRACE,919009,932,932,980
[19:06:17.173][D][ldc1314:436]: TRACE,919025,932,932,980
[19:06:17.186][D][ldc1314:436]: TRACE,919040,932,932,980
[19:06:17.201][D][ldc1314:436]: TRACE,919054,932,932,980
[19:06:17.217][D][ldc1314:436]: TRACE,919069,932,932,981
[19:06:17.244][D][ldc1314:436]: TRACE,919084,932,932,981
[19:06:17.250][D][ldc1314:436]: TRACE,919102,932,932,981
[19:06:17.264][D][ldc1314:436]: TRACE,919114,932,932,981
[19:06:17.281][D][ldc1314:436]: TRACE,919131,932,932,981
[19:06:17.292][D][ldc1314:436]: TRACE,919146,932,932,981
[19:06:17.306][D][ldc1314:436]: TRACE,919158,932,932,981
[19:06:17.322][D][ldc1314:436]: TRACE,919175,932,931,981
[19:06:17.344][D][ldc1314:436]: TRACE,919190,932,931,981
[19:06:17.358][D][ldc1314:436]: TRACE,919205,932,931,981
[19:06:17.367][D][ldc1314:436]: TRACE,919221,932,931,982
[19:06:17.382][D][ldc1314:436]: TRACE,919233,932,931,982
[19:06:17.396][D][ldc1314:436]: TRACE,919246,932,931,982
[19:06:17.409][D][ldc1314:436]: TRACE,919261,932,931,982
[19:06:17.506][D][ldc1314:436]: TRACE,919277,932,931,982
[19:06:17.506][D][ldc1314:436]: TRACE,919290,932,931,982
[19:06:17.507][D][ldc1314:436]: TRACE,919300,932,931,982
[19:06:17.507][D][ldc1314:436]: TRACE,919311,932,931,982
[19:06:17.507][D][ldc1314:436]: TRACE,919323,932,931,982
[19:06:17.507][D][ldc1314:436]: TRACE,919333,932,931,982
[19:06:17.507][D][ldc1314:436]: TRACE,919343,932,931,982
[19:06:17.507][D][ldc1314:436]: TRACE,919353,932,931,982
[19:06:17.513][D][ldc1314:436]: TRACE,919363,932,930,982
[19:06:17.523][D][ldc1314:436]: TRACE,919373,932,930,982
[19:06:17.539][D][ldc1314:436]: TRACE,919389,932,930,982
[19:06:17.551][D][ldc1314:436]: TRACE,919406,932,930,983
[19:06:17.565][D][ldc1314:436]: TRACE,919416,932,930,983
[19:06:17.582][D][ldc1314:436]: TRACE,919432,932,930,983
[19:06:17.598][D][ldc1314:436]: TRACE,919448,932,930,983
[19:06:17.611][D][ldc1314:436]: TRACE,919463,932,930,983
[19:06:17.626][D][ldc1314:436]: TRACE,919477,932,930,983
[19:06:17.640][D][ldc1314:436]: TRACE,919492,932,930,983
[19:06:17.655][D][ldc1314:436]: TRACE,919507,932,930,983
[19:06:17.668][D][ldc1314:436]: TRACE,919521,932,930,983
[19:06:17.684][D][ldc1314:436]: TRACE,919536,932,930,983
[19:06:17.699][D][ldc1314:436]: TRACE,919551,932,930,983
[19:06:17.717][D][ldc1314:436]: TRACE,919570,932,930,983
[19:06:17.732][D][ldc1314:436]: TRACE,919585,932,930,983
[19:06:17.754][D][ldc1314:436]: TRACE,919599,932,930,983
[19:06:17.757][D][ldc1314:436]: TRACE,919613,932,930,983
[19:06:17.775][D][ldc1314:436]: TRACE,919626,932,930,983
[19:06:17.795][D][ldc1314:436]: TRACE,919640,932,930,983
[19:06:17.809][D][ldc1314:436]: TRACE,919661,932,929,983
[19:06:17.825][D][ldc1314:436]: TRACE,919676,932,929,983
[19:06:17.844][D][ldc1314:436]: TRACE,919696,932,929,983
[19:06:17.860][D][ldc1314:436]: TRACE,919711,932,929,983
[19:06:17.871][D][ldc1314:436]: TRACE,919721,932,929,984
[19:06:17.886][D][ldc1314:436]: TRACE,919737,932,929,983
[19:06:17.900][D][ldc1314:436]: TRACE,919752,932,929,984
[19:06:17.914][D][ldc1314:436]: TRACE,919767,932,929,984
[19:06:17.928][D][ldc1314:436]: TRACE,919782,932,929,984
[19:06:18.029][D][ldc1314:436]: TRACE,919794,932,929,984
[19:06:18.029][D][ldc1314:436]: TRACE,919806,932,929,984
[19:06:18.030][D][ldc1314:436]: TRACE,919817,932,929,984
[19:06:18.030][D][ldc1314:436]: TRACE,919828,932,929,984
[19:06:18.030][D][ldc1314:436]: TRACE,919838,932,929,984
[19:06:18.030][D][ldc1314:436]: TRACE,919848,932,929,984
[19:06:18.032][D][ldc1314:436]: TRACE,919858,932,929,984
[19:06:18.032][D][ldc1314:436]: TRACE,919868,932,929,984
[19:06:18.032][D][ldc1314:436]: TRACE,919878,932,929,984
[19:06:18.032][D][ldc1314:436]: TRACE,919888,932,929,984
[19:06:18.047][D][ldc1314:436]: TRACE,919899,932,929,984
[19:06:18.063][D][ldc1314:436]: TRACE,919914,932,929,984
[19:06:18.077][D][ldc1314:436]: TRACE,919926,933,929,984
[19:06:18.092][D][ldc1314:436]: TRACE,919943,933,929,984
[19:06:18.107][D][ldc1314:436]: TRACE,919958,933,929,984
[19:06:18.120][D][ldc1314:436]: TRACE,919971,933,929,984
[19:06:18.136][D][ldc1314:436]: TRACE,919988,933,929,984
[19:06:18.151][D][ldc1314:436]: TRACE,920002,933,929,984
[19:06:18.166][D][ldc1314:436]: TRACE,920018,933,929,984
[19:06:18.177][D][ldc1314:436]: TRACE,920027,933,929,984
[19:06:18.196][D][ldc1314:436]: TRACE,920045,933,929,984
[19:06:18.211][D][ldc1314:436]: TRACE,920061,933,929,984
[19:06:18.222][D][ldc1314:436]: TRACE,920075,933,929,984
[19:06:18.235][D][ldc1314:436]: TRACE,920088,933,929,984
[19:06:18.251][D][ldc1314:436]: TRACE,920102,933,929,984
[19:06:18.269][D][ldc1314:436]: TRACE,920119,933,929,984
[19:06:18.281][D][ldc1314:436]: TRACE,920129,933,929,984
[19:06:18.300][D][ldc1314:436]: TRACE,920147,933,929,984
[19:06:18.310][D][ldc1314:436]: TRACE,920163,933,929,984
[19:06:18.324][D][ldc1314:436]: TRACE,920178,933,929,984
[19:06:18.338][D][ldc1314:436]: TRACE,920190,933,929,984
[19:06:18.355][D][ldc1314:436]: TRACE,920205,933,929,984
[19:06:18.371][D][ldc1314:436]: TRACE,920218,933,929,984
[19:06:18.378][D][ldc1314:436]: TRACE,920229,933,929,984
[19:06:18.392][D][ldc1314:436]: TRACE,920246,933,929,984
[19:06:18.409][D][ldc1314:436]: TRACE,920261,933,929,984
[19:06:18.428][D][ldc1314:436]: TRACE,920280,933,929,984
[19:06:18.444][D][ldc1314:436]: TRACE,920294,933,929,984
[19:06:18.459][D][ldc1314:436]: TRACE,920311,933,929,984
[19:06:18.552][D][ldc1314:436]: TRACE,920326,933,929,984
[19:06:18.552][D][ldc1314:436]: TRACE,920336,933,929,984
[19:06:18.552][D][ldc1314:436]: TRACE,920348,933,929,984
[19:06:18.553][D][ldc1314:436]: TRACE,920359,933,929,984
[19:06:18.553][D][ldc1314:436]: TRACE,920369,933,929,984
[19:06:18.553][D][ldc1314:436]: TRACE,920379,933,929,984
[19:06:18.553][D][ldc1314:436]: TRACE,920389,933,929,984
[19:06:18.559][D][ldc1314:436]: TRACE,920399,933,929,984
[19:06:18.560][D][ldc1314:436]: TRACE,920409,933,929,984
[19:06:18.576][D][ldc1314:436]: TRACE,920419,933,929,984
[19:06:18.576][D][ldc1314:436]: TRACE,920432,933,929,984
[19:06:18.592][D][ldc1314:436]: TRACE,920442,933,929,984
[19:06:18.607][D][ldc1314:436]: TRACE,920459,933,929,984
[19:06:18.623][D][ldc1314:436]: TRACE,920474,933,929,984
[19:06:18.634][D][ldc1314:436]: TRACE,920488,933,929,984
[19:06:18.649][D][ldc1314:436]: TRACE,920500,933,929,984
[19:06:18.684][D][ldc1314:436]: TRACE,920534,933,929,984
[19:06:18.697][D][ldc1314:436]: TRACE,920546,933,929,984
[19:06:18.714][D][ldc1314:436]: TRACE,920565,933,929,984
[19:06:18.725][D][ldc1314:436]: TRACE,920580,933,929,984
[19:06:18.742][D][ldc1314:436]: TRACE,920594,933,929,984
[19:06:18.756][D][ldc1314:436]: TRACE,920609,934,929,984
[19:06:18.778][D][ldc1314:436]: TRACE,920625,934,929,984
[19:06:18.785][D][ldc1314:436]: TRACE,920638,934,929,983
[19:06:18.812][D][ldc1314:436]: TRACE,920657,934,929,983
[19:06:18.826][D][ldc1314:436]: TRACE,920679,934,929,983
[19:06:18.842][D][ldc1314:436]: TRACE,920693,934,929,983
[19:06:18.857][D][ldc1314:436]: TRACE,920708,934,929,983
[19:06:18.883][D][ldc1314:436]: TRACE,920723,934,929,983
[19:06:18.890][D][ldc1314:436]: TRACE,920738,934,929,983
[19:06:18.900][D][ldc1314:436]: TRACE,920750,934,929,983
[19:06:18.925][D][ldc1314:436]: TRACE,920772,934,929,983
[19:06:18.935][D][ldc1314:436]: TRACE,920787,934,929,983
[19:06:18.951][D][ldc1314:436]: TRACE,920802,934,929,983
[19:06:18.967][D][ldc1314:436]: TRACE,920818,934,929,983
[19:06:18.985][D][ldc1314:436]: TRACE,920833,934,929,983
[19:06:19.077][D][ldc1314:436]: TRACE,920845,934,929,983
[19:06:19.078][D][ldc1314:436]: TRACE,920858,934,929,983
[19:06:19.078][D][ldc1314:436]: TRACE,920868,935,929,983
[19:06:19.078][D][ldc1314:436]: TRACE,920878,935,929,983
[19:06:19.078][D][ldc1314:436]: TRACE,920890,935,929,983
[19:06:19.079][D][ldc1314:436]: TRACE,920900,935,929,983
[19:06:19.079][D][ldc1314:436]: TRACE,920910,935,929,983
[19:06:19.079][D][ldc1314:436]: TRACE,920920,935,929,983
[19:06:19.088][D][ldc1314:436]: TRACE,920930,935,929,983
[19:06:19.088][D][ldc1314:436]: TRACE,920940,935,929,983
[19:06:19.101][D][ldc1314:436]: TRACE,920950,935,929,982
[19:06:19.119][D][ldc1314:436]: TRACE,920969,935,929,982
[19:06:19.129][D][ldc1314:436]: TRACE,920983,935,929,982
[19:06:19.150][D][ldc1314:436]: TRACE,921002,935,928,982
[19:06:19.166][D][ldc1314:436]: TRACE,921017,935,929,982
[19:06:19.187][D][ldc1314:436]: TRACE,921032,935,929,982
[19:06:19.191][D][ldc1314:436]: TRACE,921047,935,929,982
[19:06:19.207][D][ldc1314:436]: TRACE,921057,935,929,982
[19:06:19.222][D][ldc1314:436]: TRACE,921073,935,929,982
[19:06:19.235][D][ldc1314:436]: TRACE,921090,936,929,982
[19:06:19.253][D][ldc1314:436]: TRACE,921102,936,929,982
[19:06:19.270][D][ldc1314:436]: TRACE,921122,936,929,981
[19:06:19.289][D][ldc1314:436]: TRACE,921137,936,929,981
[19:06:19.300][D][ldc1314:436]: TRACE,921152,936,929,981
[19:06:19.312][D][ldc1314:436]: TRACE,921164,936,929,981
[19:06:19.327][D][ldc1314:436]: TRACE,921180,936,929,981
[19:06:19.338][D][ldc1314:436]: TRACE,921193,936,928,981
[19:06:19.353][D][ldc1314:436]: TRACE,921205,936,928,981
[19:06:19.369][D][ldc1314:436]: TRACE,921221,936,929,981
[19:06:19.393][D][ldc1314:436]: TRACE,921236,936,929,981
[19:06:19.405][D][ldc1314:436]: TRACE,921253,937,929,980
[19:06:19.426][D][ldc1314:436]: TRACE,921271,937,928,980
[19:06:19.434][D][ldc1314:436]: TRACE,921288,937,929,980
[19:06:19.449][D][ldc1314:436]: TRACE,921298,937,929,980
[19:06:19.464][D][ldc1314:436]: TRACE,921316,937,929,980
[19:06:19.481][D][ldc1314:436]: TRACE,921332,937,928,980
[19:06:19.497][D][ldc1314:436]: TRACE,921348,937,928,980
[19:06:19.601][D][ldc1314:436]: TRACE,921362,937,928,979
[19:06:19.601][D][ldc1314:436]: TRACE,921382,937,929,979
[19:06:19.601][D][ldc1314:436]: TRACE,921392,937,928,979
[19:06:19.601][D][ldc1314:436]: TRACE,921402,937,928,979
[19:06:19.601][D][ldc1314:436]: TRACE,921412,938,929,979
[19:06:19.601][D][ldc1314:436]: TRACE,921422,938,929,979
[19:06:19.602][D][ldc1314:436]: TRACE,921432,938,928,979
[19:06:19.602][D][ldc1314:436]: TRACE,921442,938,929,979
[19:06:19.602][D][ldc1314:436]: TRACE,921452,938,929,979
[19:06:19.612][D][ldc1314:436]: TRACE,921463,938,929,978
[19:06:19.627][D][ldc1314:436]: TRACE,921479,938,929,978
[19:06:19.644][D][ldc1314:436]: TRACE,921496,938,928,978
[19:06:19.664][D][ldc1314:436]: TRACE,921513,938,929,978
[19:06:19.680][D][ldc1314:436]: TRACE,921531,938,929,978
[19:06:19.698][D][ldc1314:436]: TRACE,921548,938,929,978
[19:06:19.707][D][ldc1314:436]: TRACE,921561,939,929,977
[19:06:19.722][D][ldc1314:436]: TRACE,921573,939,929,977
[19:06:19.733][D][ldc1314:436]: TRACE,921588,939,928,977
[19:06:19.746][D][ldc1314:436]: TRACE,921600,939,929,977
[19:06:19.763][D][ldc1314:436]: TRACE,921614,939,929,977
[19:06:19.780][D][ldc1314:436]: TRACE,921631,939,929,977
[19:06:19.802][D][ldc1314:436]: TRACE,921647,939,929,977
[19:06:19.812][D][ldc1314:436]: TRACE,921662,939,929,976
[19:06:19.832][D][ldc1314:436]: TRACE,921679,939,929,976
[19:06:19.843][D][ldc1314:436]: TRACE,921696,939,929,976
[19:06:19.857][D][ldc1314:436]: TRACE,921708,939,929,976
[19:06:19.873][D][ldc1314:436]: TRACE,921725,940,929,976
[19:06:19.888][D][ldc1314:436]: TRACE,921739,940,929,976
[19:06:19.906][D][ldc1314:436]: TRACE,921760,940,929,975
[19:06:19.921][D][ldc1314:436]: TRACE,921770,940,929,975
[19:06:19.935][D][ldc1314:436]: TRACE,921787,940,928,975
[19:06:19.949][D][ldc1314:436]: TRACE,921801,940,929,975
[19:06:19.965][D][ldc1314:436]: TRACE,921818,940,929,975
[19:06:19.981][D][ldc1314:436]: TRACE,921832,940,929,975
[19:06:20.005][D][ldc1314:436]: TRACE,921847,940,929,974
[19:06:20.007][D][ldc1314:436]: TRACE,921863,940,929,974
[19:06:20.027][D][ldc1314:436]: TRACE,921880,941,929,974
[19:06:20.126][D][ldc1314:436]: TRACE,921894,941,929,974
[19:06:20.126][D][ldc1314:436]: TRACE,921909,941,929,974
[19:06:20.126][D][ldc1314:436]: TRACE,921919,941,929,974
[19:06:20.126][D][ldc1314:436]: TRACE,921929,941,929,974
[19:06:20.126][D][ldc1314:436]: TRACE,921940,941,929,974
[19:06:20.127][D][ldc1314:436]: TRACE,921951,941,929,974
[19:06:20.127][D][ldc1314:436]: TRACE,921961,941,929,974
[19:06:20.131][D][ldc1314:436]: TRACE,921971,941,929,973
[19:06:20.131][D][ldc1314:436]: TRACE,921981,941,929,973
[19:06:20.148][D][ldc1314:436]: TRACE,921995,941,929,973
[19:06:20.158][D][ldc1314:436]: TRACE,922012,941,929,973
[19:06:20.173][D][ldc1314:436]: TRACE,922025,941,929,973
[19:06:20.188][D][ldc1314:436]: TRACE,922039,941,929,973
[19:06:20.210][D][ldc1314:436]: TRACE,922056,941,929,973
[19:06:20.225][D][ldc1314:436]: TRACE,922069,941,929,973
[19:06:20.232][D][ldc1314:436]: TRACE,922079,941,929,973
[19:06:20.241][D][ldc1314:436]: TRACE,922092,941,929,973
[19:06:20.254][D][ldc1314:436]: TRACE,922107,941,929,972
[19:06:20.273][D][ldc1314:436]: TRACE,922125,942,929,972
[19:06:20.288][D][ldc1314:436]: TRACE,922140,942,928,972
[19:06:20.313][D][ldc1314:436]: TRACE,922154,942,929,972
[19:06:20.317][D][ldc1314:436]: TRACE,922171,942,929,972
[19:06:20.333][D][ldc1314:436]: TRACE,922184,942,928,972
[19:06:20.346][D][ldc1314:436]: TRACE,922199,942,928,972
[19:06:20.361][D][ldc1314:436]: TRACE,922213,942,929,972
[19:06:20.380][D][ldc1314:436]: TRACE,922231,942,929,971
[19:06:20.391][D][ldc1314:436]: TRACE,922246,942,928,971
[19:06:20.415][D][ldc1314:436]: TRACE,922258,942,929,971
[19:06:20.417][D][ldc1314:436]: TRACE,922273,942,929,971
[19:06:20.430][D][ldc1314:436]: TRACE,922284,942,929,971
[19:06:20.444][D][ldc1314:436]: TRACE,922297,942,929,971
[19:06:20.459][D][ldc1314:436]: TRACE,922311,942,929,971
[19:06:20.473][D][ldc1314:436]: TRACE,922326,942,929,971
[19:06:20.494][D][ldc1314:436]: TRACE,922347,942,929,971
[19:06:20.516][D][ldc1314:436]: TRACE,922361,942,928,971
[19:06:20.529][D][ldc1314:436]: TRACE,922378,942,929,971
[19:06:20.538][D][ldc1314:436]: TRACE,922391,942,929,971
[19:06:20.552][D][ldc1314:436]: TRACE,922404,942,929,971
[19:06:20.649][D][ldc1314:436]: TRACE,922419,942,929,971
[19:06:20.649][D][ldc1314:436]: TRACE,922434,942,929,971
[19:06:20.649][D][ldc1314:436]: TRACE,922443,942,929,970
[19:06:20.650][D][ldc1314:436]: TRACE,922454,943,929,970
[19:06:20.650][D][ldc1314:436]: TRACE,922464,943,929,970
[19:06:20.650][D][ldc1314:436]: TRACE,922475,943,929,970
[19:06:20.650][D][ldc1314:436]: TRACE,922485,943,929,970
[19:06:20.659][D][ldc1314:436]: TRACE,922495,943,929,970
[19:06:20.659][D][ldc1314:436]: TRACE,922505,943,929,970
[19:06:20.669][D][ldc1314:436]: TRACE,922515,943,929,970
[19:06:20.679][D][ldc1314:436]: TRACE,922529,943,929,970
[19:06:20.693][D][ldc1314:436]: TRACE,922545,943,929,970
[19:06:20.708][D][ldc1314:436]: TRACE,922560,943,929,970
[19:06:20.730][D][ldc1314:436]: TRACE,922578,943,929,970
[19:06:20.739][D][ldc1314:436]: TRACE,922589,943,929,970
[19:06:20.753][D][ldc1314:436]: TRACE,922606,943,929,970
[19:06:20.768][D][ldc1314:436]: TRACE,922622,943,929,970
[19:06:20.785][D][ldc1314:436]: TRACE,922636,943,929,970
[19:06:20.800][D][ldc1314:436]: TRACE,922651,943,929,970
[19:06:20.824][D][ldc1314:436]: TRACE,922668,943,929,970
[19:06:20.839][D][ldc1314:436]: TRACE,922690,943,929,970
[19:06:20.854][D][ldc1314:436]: TRACE,922707,943,929,970
[19:06:20.867][D][ldc1314:436]: TRACE,922721,943,929,969
[19:06:20.882][D][ldc1314:436]: TRACE,922734,943,929,969
[19:06:20.895][D][ldc1314:436]: TRACE,922748,943,929,969
[19:06:20.912][D][ldc1314:436]: TRACE,922762,943,929,969
[19:06:20.930][D][ldc1314:436]: TRACE,922778,943,929,969
[19:06:20.941][D][ldc1314:436]: TRACE,922789,943,929,969
[19:06:20.959][D][ldc1314:436]: TRACE,922810,943,929,969
[19:06:20.971][D][ldc1314:436]: TRACE,922825,943,929,969
[19:06:20.990][D][ldc1314:436]: TRACE,922840,943,929,969
[19:06:21.000][D][ldc1314:436]: TRACE,922854,943,929,969
[19:06:21.016][D][ldc1314:436]: TRACE,922866,943,929,969
[19:06:21.032][D][ldc1314:436]: TRACE,922883,943,929,969
[19:06:21.044][D][ldc1314:436]: TRACE,922893,943,929,969
[19:06:21.058][D][ldc1314:436]: TRACE,922909,943,929,969
[19:06:21.074][D][ldc1314:436]: TRACE,922924,943,929,969
[19:06:21.177][D][ldc1314:436]: TRACE,922944,943,929,969
[19:06:21.177][D][ldc1314:436]: TRACE,922957,943,929,969
[19:06:21.177][D][ldc1314:436]: TRACE,922966,943,929,969
[19:06:21.177][D][ldc1314:436]: TRACE,922976,943,929,969
[19:06:21.177][D][ldc1314:436]: TRACE,922986,943,929,969
[19:06:21.177][D][ldc1314:436]: TRACE,922996,943,929,969
[19:06:21.177][D][ldc1314:436]: TRACE,923008,943,929,969
[19:06:21.177][D][ldc1314:436]: TRACE,923019,943,929,969
[19:06:21.187][D][ldc1314:436]: TRACE,923030,943,929,969
[19:06:21.187][D][ldc1314:436]: TRACE,923039,943,929,969
[19:06:21.205][D][ldc1314:436]: TRACE,923056,943,929,969
[19:06:21.233][D][ldc1314:436]: TRACE,923071,943,929,969
[19:06:21.241][D][ldc1314:436]: TRACE,923091,943,929,969
[19:06:21.251][D][ldc1314:436]: TRACE,923102,943,929,969
[19:06:21.266][D][ldc1314:436]: TRACE,923118,943,929,969
[19:06:21.279][D][ldc1314:436]: TRACE,923133,943,929,969
[19:06:21.295][D][ldc1314:436]: TRACE,923147,943,929,969
[19:06:21.313][D][ldc1314:436]: TRACE,923164,943,929,969
[19:06:21.337][D][ldc1314:436]: TRACE,923180,943,929,969
[19:06:21.344][D][ldc1314:436]: TRACE,923195,943,929,969
[19:06:21.359][D][ldc1314:436]: TRACE,923211,943,929,969
[19:06:21.375][D][ldc1314:436]: TRACE,923225,943,929,969
[19:06:21.390][D][ldc1314:436]: TRACE,923240,943,929,969
[19:06:21.401][D][ldc1314:436]: TRACE,923254,943,929,969
[19:06:21.421][D][ldc1314:436]: TRACE,923271,943,929,969
[19:06:21.437][D][ldc1314:436]: TRACE,923288,943,929,969
[19:06:21.450][D][ldc1314:436]: TRACE,923302,943,929,969
[19:06:21.465][D][ldc1314:436]: TRACE,923316,943,929,969
[19:06:21.481][D][ldc1314:436]: TRACE,923332,943,929,969
[19:06:21.497][D][ldc1314:436]: TRACE,923346,943,929,969
[19:06:21.510][D][ldc1314:436]: TRACE,923361,943,929,969
[19:06:21.540][D][ldc1314:436]: TRACE,923383,943,929,969
[19:06:21.548][D][ldc1314:436]: TRACE,923400,943,929,969
[19:06:21.562][D][ldc1314:436]: TRACE,923416,943,929,969
[19:06:21.577][D][ldc1314:436]: TRACE,923429,943,929,969
[19:06:21.592][D][ldc1314:436]: TRACE,923445,943,929,969
[19:06:21.608][D][ldc1314:436]: TRACE,923460,943,929,969
[19:06:21.699][D][ldc1314:436]: TRACE,923475,943,929,969
[19:06:21.699][D][ldc1314:436]: TRACE,923486,943,929,969
[19:06:21.700][D][ldc1314:436]: TRACE,923499,943,929,969
[19:06:21.700][D][ldc1314:436]: TRACE,923508,943,929,969
[19:06:21.700][D][ldc1314:436]: TRACE,923518,943,929,969
[19:06:21.700][D][ldc1314:436]: TRACE,923528,943,929,969
[19:06:21.706][D][ldc1314:436]: TRACE,923539,943,929,969
[19:06:21.707][D][ldc1314:436]: TRACE,923549,943,929,969
[19:06:21.707][D][ldc1314:436]: TRACE,923559,943,929,969
[19:06:21.719][D][ldc1314:436]: TRACE,923569,942,929,969
[19:06:21.734][D][ldc1314:436]: TRACE,923587,942,929,969
[19:06:21.754][D][ldc1314:436]: TRACE,923601,942,929,969
[19:06:21.763][D][ldc1314:436]: TRACE,923617,942,930,969
[19:06:21.777][D][ldc1314:436]: TRACE,923629,942,930,969
[19:06:21.791][D][ldc1314:436]: TRACE,923644,942,930,969
[19:06:21.807][D][ldc1314:436]: TRACE,923658,942,930,969
[19:06:21.828][D][ldc1314:436]: TRACE,923675,942,930,969
[19:06:21.848][D][ldc1314:436]: TRACE,923696,942,930,969
[19:06:21.859][D][ldc1314:436]: TRACE,923710,942,930,969
[19:06:21.879][D][ldc1314:436]: TRACE,923731,942,930,969
[19:06:21.892][D][ldc1314:436]: TRACE,923745,942,930,969
[19:06:21.908][D][ldc1314:436]: TRACE,923758,942,930,969
[19:06:21.923][D][ldc1314:436]: TRACE,923775,942,930,969
[19:06:21.939][D][ldc1314:436]: TRACE,923790,942,930,969
[19:06:21.952][D][ldc1314:436]: TRACE,923807,942,930,969
[19:06:21.967][D][ldc1314:436]: TRACE,923819,942,930,969
[19:06:21.986][D][ldc1314:436]: TRACE,923837,942,930,969
[19:06:21.998][D][ldc1314:436]: TRACE,923853,942,930,969
[19:06:22.016][D][ldc1314:436]: TRACE,923865,942,930,969
[19:06:22.029][D][ldc1314:436]: TRACE,923882,942,930,969
[19:06:22.052][D][ldc1314:436]: TRACE,923895,942,930,969
[19:06:22.059][D][ldc1314:436]: TRACE,923911,942,930,969
[19:06:22.070][D][ldc1314:436]: TRACE,923921,941,930,969
[19:06:22.085][D][ldc1314:436]: TRACE,923937,941,931,969
[19:06:22.097][D][ldc1314:436]: TRACE,923951,941,931,969
[19:06:22.117][D][ldc1314:436]: TRACE,923968,941,931,969
[19:06:22.132][D][ldc1314:436]: TRACE,923984,941,931,969
[19:06:22.223][D][ldc1314:436]: TRACE,923998,941,931,969
[19:06:22.224][D][ldc1314:436]: TRACE,924010,941,931,969
[19:06:22.224][D][ldc1314:436]: TRACE,924021,941,931,969
[19:06:22.224][D][ldc1314:436]: TRACE,924032,941,931,969
[19:06:22.224][D][ldc1314:436]: TRACE,924042,941,931,969
[19:06:22.224][D][ldc1314:436]: TRACE,924052,941,931,969
[19:06:22.224][D][ldc1314:436]: TRACE,924062,941,931,969
[19:06:22.224][D][ldc1314:436]: TRACE,924072,941,931,969
[19:06:22.232][D][ldc1314:436]: TRACE,924084,941,931,969
[19:06:22.257][D][ldc1314:436]: TRACE,924099,941,931,969
[19:06:22.263][D][ldc1314:436]: TRACE,924114,940,931,969
[19:06:22.273][D][ldc1314:436]: TRACE,924126,940,932,969
[19:06:22.288][D][ldc1314:436]: TRACE,924140,940,932,969
[19:06:22.303][D][ldc1314:436]: TRACE,924156,940,932,969
[19:06:22.319][D][ldc1314:436]: TRACE,924171,940,932,969
[19:06:22.340][D][ldc1314:436]: TRACE,924189,940,932,969
[19:06:22.362][D][ldc1314:436]: TRACE,924203,940,932,969
[19:06:22.369][D][ldc1314:436]: TRACE,924219,940,932,969
[19:06:22.381][D][ldc1314:436]: TRACE,924232,940,932,969
[19:06:22.399][D][ldc1314:436]: TRACE,924248,940,932,969
[19:06:22.412][D][ldc1314:436]: TRACE,924266,940,932,969
[19:06:22.427][D][ldc1314:436]: TRACE,924280,940,932,969
[19:06:22.447][D][ldc1314:436]: TRACE,924299,939,933,969
[19:06:22.464][D][ldc1314:436]: TRACE,924313,939,933,969
[19:06:22.476][D][ldc1314:436]: TRACE,924326,939,933,969
[19:06:22.491][D][ldc1314:436]: TRACE,924343,939,933,969
[19:06:22.506][D][ldc1314:436]: TRACE,924357,939,933,969
[19:06:22.521][D][ldc1314:436]: TRACE,924372,939,933,969
[19:06:22.536][D][ldc1314:436]: TRACE,924387,939,933,969
[19:06:22.565][D][ldc1314:436]: TRACE,924405,939,933,969
[19:06:22.571][D][ldc1314:436]: TRACE,924420,939,933,969
[19:06:22.580][D][ldc1314:436]: TRACE,924432,938,933,969
[19:06:22.597][D][ldc1314:436]: TRACE,924448,938,934,969
[19:06:22.612][D][ldc1314:436]: TRACE,924465,938,934,969
[19:06:22.627][D][ldc1314:436]: TRACE,924479,938,934,969
[19:06:22.642][D][ldc1314:436]: TRACE,924494,938,934,969
[19:06:22.747][D][ldc1314:436]: TRACE,924510,938,934,969
[19:06:22.748][D][ldc1314:436]: TRACE,924526,938,934,969
[19:06:22.748][D][ldc1314:436]: TRACE,924538,938,934,969
[19:06:22.748][D][ldc1314:436]: TRACE,924548,938,934,969
[19:06:22.748][D][ldc1314:436]: TRACE,924558,938,934,969
[19:06:22.748][D][ldc1314:436]: TRACE,924568,938,934,969
[19:06:22.748][D][ldc1314:436]: TRACE,924578,938,934,969
[19:06:22.749][D][ldc1314:436]: TRACE,924588,937,934,969
[19:06:22.749][D][ldc1314:436]: TRACE,924598,937,935,969
[19:06:22.762][D][ldc1314:436]: TRACE,924608,937,935,969
[19:06:22.769][D][ldc1314:436]: TRACE,924622,937,935,969
[19:06:22.784][D][ldc1314:436]: TRACE,924634,937,935,969
[19:06:22.798][D][ldc1314:436]: TRACE,924650,937,935,969
[19:06:22.817][D][ldc1314:436]: TRACE,924663,937,935,969
[19:06:22.832][D][ldc1314:436]: TRACE,924678,937,935,969
[19:06:22.844][D][ldc1314:436]: TRACE,924699,937,935,969
[19:06:22.871][D][ldc1314:436]: TRACE,924713,937,935,969
[19:06:22.874][D][ldc1314:436]: TRACE,924729,936,936,969
[19:06:22.890][D][ldc1314:436]: TRACE,924741,936,936,969
[19:06:22.911][D][ldc1314:436]: TRACE,924762,936,936,969
[19:06:22.924][D][ldc1314:436]: TRACE,924777,936,936,969
[19:06:22.938][D][ldc1314:436]: TRACE,924792,936,936,969
[19:06:22.954][D][ldc1314:436]: TRACE,924806,936,936,969
[19:06:22.974][D][ldc1314:436]: TRACE,924820,936,936,969
[19:06:22.983][D][ldc1314:436]: TRACE,924833,936,936,969
[19:06:22.997][D][ldc1314:436]: TRACE,924847,936,936,969
[19:06:23.010][D][ldc1314:436]: TRACE,924861,936,937,969
[19:06:23.028][D][ldc1314:436]: TRACE,924881,936,937,969
[19:06:23.044][D][ldc1314:436]: TRACE,924896,936,937,969
[19:06:23.059][D][ldc1314:436]: TRACE,924911,935,937,969
[19:06:23.076][D][ldc1314:436]: TRACE,924926,935,937,969
[19:06:23.088][D][ldc1314:436]: TRACE,924940,935,937,969
[19:06:23.103][D][ldc1314:436]: TRACE,924955,935,937,969
[19:06:23.120][D][ldc1314:436]: TRACE,924970,935,937,969
[19:06:23.136][D][ldc1314:436]: TRACE,924987,935,937,969
[19:06:23.154][D][ldc1314:436]: TRACE,925005,935,937,969
[19:06:23.166][D][ldc1314:436]: TRACE,925020,935,938,969
[19:06:23.180][D][ldc1314:436]: TRACE,925034,935,938,969
[19:06:23.271][D][ldc1314:436]: TRACE,925047,935,938,969
[19:06:23.272][D][ldc1314:436]: TRACE,925057,935,938,969
[19:06:23.272][D][ldc1314:436]: TRACE,925067,935,938,969
[19:06:23.272][D][ldc1314:436]: TRACE,925077,935,938,969
[19:06:23.272][D][ldc1314:436]: TRACE,925087,934,938,969
[19:06:23.272][D][ldc1314:436]: TRACE,925097,934,938,969
[19:06:23.284][D][ldc1314:436]: TRACE,925107,934,938,969
[19:06:23.284][D][ldc1314:436]: TRACE,925117,934,938,969
[19:06:23.284][D][ldc1314:436]: TRACE,925128,934,938,969
[19:06:23.287][D][ldc1314:436]: TRACE,925139,934,938,969
[19:06:23.303][D][ldc1314:436]: TRACE,925153,934,938,969
[19:06:23.317][D][ldc1314:436]: TRACE,925168,934,938,969
[19:06:23.331][D][ldc1314:436]: TRACE,925185,934,939,969
[19:06:23.346][D][ldc1314:436]: TRACE,925198,934,939,969
[19:06:23.364][D][ldc1314:436]: TRACE,925216,934,939,969
[19:06:23.387][D][ldc1314:436]: TRACE,925231,934,939,969
[19:06:23.394][D][ldc1314:436]: TRACE,925244,934,939,969
[19:06:23.406][D][ldc1314:436]: TRACE,925257,934,939,969
[19:06:23.425][D][ldc1314:436]: TRACE,925273,934,939,969
[19:06:23.436][D][ldc1314:436]: TRACE,925290,934,939,969
[19:06:23.450][D][ldc1314:436]: TRACE,925302,934,939,969
[19:06:23.465][D][ldc1314:436]: TRACE,925317,934,939,969
[19:06:23.486][D][ldc1314:436]: TRACE,925337,934,939,969
[19:06:23.498][D][ldc1314:436]: TRACE,925350,934,939,969
[19:06:23.514][D][ldc1314:436]: TRACE,925366,934,939,969
[19:06:23.530][D][ldc1314:436]: TRACE,925381,934,940,969
[19:06:23.542][D][ldc1314:436]: TRACE,925393,934,940,969
[19:06:23.558][D][ldc1314:436]: TRACE,925408,933,940,969
[19:06:23.569][D][ldc1314:436]: TRACE,925423,933,940,969
[19:06:23.591][D][ldc1314:436]: TRACE,925437,933,940,969
[19:06:23.603][D][ldc1314:436]: TRACE,925454,933,940,969
[19:06:23.621][D][ldc1314:436]: TRACE,925470,933,940,969
[19:06:23.637][D][ldc1314:436]: TRACE,925489,933,940,969
[19:06:23.652][D][ldc1314:436]: TRACE,925504,933,940,969
[19:06:23.668][D][ldc1314:436]: TRACE,925521,933,940,969
[19:06:23.690][D][ldc1314:436]: TRACE,925534,933,940,969
[19:06:23.699][D][ldc1314:436]: TRACE,925549,933,940,969
[19:06:23.796][D][ldc1314:436]: TRACE,925571,933,940,969
[19:06:23.796][D][ldc1314:436]: TRACE,925581,933,940,969
[19:06:23.796][D][ldc1314:436]: TRACE,925591,933,940,969
[19:06:23.796][D][ldc1314:436]: TRACE,925601,933,940,969
[19:06:23.796][D][ldc1314:436]: TRACE,925611,933,940,969
[19:06:23.796][D][ldc1314:436]: TRACE,925621,933,940,969
[19:06:23.797][D][ldc1314:436]: TRACE,925631,933,940,969
[19:06:23.797][D][ldc1314:436]: TRACE,925641,933,940,969
[19:06:23.801][D][ldc1314:436]: TRACE,925651,933,940,969
[19:06:23.811][D][ldc1314:436]: TRACE,925661,933,940,969
[19:06:23.837][D][ldc1314:436]: TRACE,925684,933,940,969
[19:06:23.851][D][ldc1314:436]: TRACE,925703,933,940,969
[19:06:23.868][D][ldc1314:436]: TRACE,925720,933,940,969
[19:06:23.882][D][ldc1314:436]: TRACE,925734,933,940,969
[19:06:23.897][D][ldc1314:436]: TRACE,925749,933,940,969
[19:06:23.909][D][ldc1314:436]: TRACE,925759,933,940,969
[19:06:23.926][D][ldc1314:436]: TRACE,925777,933,940,969
[19:06:23.939][D][ldc1314:436]: TRACE,925792,933,940,969
[19:06:23.959][D][ldc1314:436]: TRACE,925809,933,940,969
[19:06:23.976][D][ldc1314:436]: TRACE,925826,933,940,969
[19:06:23.996][D][ldc1314:436]: TRACE,925843,933,940,969
[19:06:24.005][D][ldc1314:436]: TRACE,925856,933,940,969
[19:06:24.020][D][ldc1314:436]: TRACE,925871,933,940,969
[19:06:24.034][D][ldc1314:436]: TRACE,925885,933,940,969
[19:06:24.046][D][ldc1314:436]: TRACE,925902,933,940,969
[19:06:24.062][D][ldc1314:436]: TRACE,925914,933,940,969
[19:06:24.081][D][ldc1314:436]: TRACE,925931,933,940,969
[19:06:24.102][D][ldc1314:436]: TRACE,925948,933,941,969
[19:06:24.110][D][ldc1314:436]: TRACE,925962,933,941,969
[19:06:24.126][D][ldc1314:436]: TRACE,925977,933,941,969
[19:06:24.140][D][ldc1314:436]: TRACE,925991,932,941,969
[19:06:24.152][D][ldc1314:436]: TRACE,926006,932,941,969
[19:06:24.165][D][ldc1314:436]: TRACE,926018,932,941,969
[19:06:24.185][D][ldc1314:436]: TRACE,926038,932,941,969
[19:06:24.201][D][ldc1314:436]: TRACE,926052,932,941,969
[19:06:24.214][D][ldc1314:436]: TRACE,926065,932,941,969
[19:06:24.229][D][ldc1314:436]: TRACE,926083,932,941,969
[19:06:24.320][D][ldc1314:436]: TRACE,926095,932,941,969
[19:06:24.320][D][ldc1314:436]: TRACE,926105,932,941,969
[19:06:24.320][D][ldc1314:436]: TRACE,926115,932,941,969
[19:06:24.320][D][ldc1314:436]: TRACE,926125,932,941,969
[19:06:24.320][D][ldc1314:436]: TRACE,926135,932,941,969
[19:06:24.321][D][ldc1314:436]: TRACE,926145,932,941,969
[19:06:24.321][D][ldc1314:436]: TRACE,926155,932,941,969
[19:06:24.321][D][ldc1314:436]: TRACE,926165,932,941,969
[19:06:24.321][D][ldc1314:436]: TRACE,926175,932,941,969
[19:06:24.334][D][ldc1314:436]: TRACE,926185,932,941,969
[19:06:24.349][D][ldc1314:436]: TRACE,926202,932,941,969
[19:06:24.361][D][ldc1314:436]: TRACE,926215,932,941,969
[19:06:24.377][D][ldc1314:436]: TRACE,926229,932,941,969
[19:06:24.392][D][ldc1314:436]: TRACE,926244,932,941,969
[19:06:24.413][D][ldc1314:436]: TRACE,926263,932,940,969
[19:06:24.428][D][ldc1314:436]: TRACE,926276,932,940,969
[19:06:24.441][D][ldc1314:436]: TRACE,926292,932,940,969
[19:06:24.457][D][ldc1314:436]: TRACE,926309,932,940,969
[19:06:24.473][D][ldc1314:436]: TRACE,926323,932,940,969
[19:06:24.487][D][ldc1314:436]: TRACE,926338,932,940,969
[19:06:24.509][D][ldc1314:436]: TRACE,926353,932,940,969
[19:06:24.510][D][ldc1314:436]: TRACE,926366,932,940,969
[19:06:24.532][D][ldc1314:436]: TRACE,926383,932,940,969
[19:06:24.547][D][ldc1314:436]: TRACE,926398,932,940,969
[19:06:24.561][D][ldc1314:436]: TRACE,926415,932,940,969
[19:06:24.574][D][ldc1314:436]: TRACE,926428,932,940,969
[19:06:24.589][D][ldc1314:436]: TRACE,926442,932,940,969
[19:06:24.610][D][ldc1314:436]: TRACE,926456,932,940,969
[19:06:24.617][D][ldc1314:436]: TRACE,926471,932,940,969
[19:06:24.631][D][ldc1314:436]: TRACE,926484,932,940,969
[19:06:24.650][D][ldc1314:436]: TRACE,926501,932,940,969
[19:06:24.663][D][ldc1314:436]: TRACE,926517,932,940,969
[19:06:24.679][D][ldc1314:436]: TRACE,926531,932,940,969
[19:06:24.696][D][ldc1314:436]: TRACE,926546,932,940,969
[19:06:24.713][D][ldc1314:436]: TRACE,926563,932,940,969
[19:06:24.726][D][ldc1314:436]: TRACE,926576,932,940,969
[19:06:24.741][D][ldc1314:436]: TRACE,926592,932,940,969
[19:06:24.851][D][ldc1314:436]: TRACE,926607,932,940,969
[19:06:24.852][D][ldc1314:436]: TRACE,926627,932,940,969
[19:06:24.852][D][ldc1314:436]: TRACE,926637,932,940,969
[19:06:24.852][D][ldc1314:436]: TRACE,926647,932,940,969
[19:06:24.852][D][ldc1314:436]: TRACE,926657,932,940,969
[19:06:24.852][D][ldc1314:436]: TRACE,926667,932,940,969
[19:06:24.852][D][ldc1314:436]: TRACE,926677,932,940,969
[19:06:24.852][D][ldc1314:436]: TRACE,926687,932,940,969
[19:06:24.861][D][ldc1314:436]: TRACE,926699,932,940,969
[19:06:24.861][D][ldc1314:436]: TRACE,926709,932,940,969
[19:06:24.868][D][ldc1314:436]: TRACE,926719,932,940,969
[19:06:24.885][D][ldc1314:436]: TRACE,926739,932,940,969
[19:06:24.900][D][ldc1314:436]: TRACE,926753,932,940,969
[19:06:24.918][D][ldc1314:436]: TRACE,926768,932,940,969
[19:06:24.927][D][ldc1314:436]: TRACE,926781,932,940,969
[19:06:24.941][D][ldc1314:436]: TRACE,926794,932,940,969
[19:06:24.957][D][ldc1314:436]: TRACE,926808,932,940,969
[19:06:24.970][D][ldc1314:436]: TRACE,926823,932,940,969
[19:06:24.985][D][ldc1314:436]: TRACE,926837,932,940,969
[19:06:25.005][D][ldc1314:436]: TRACE,926857,932,940,969
[19:06:25.025][D][ldc1314:436]: TRACE,926871,932,940,969
[19:06:25.033][D][ldc1314:436]: TRACE,926884,932,940,969
[19:06:25.053][D][ldc1314:436]: TRACE,926901,932,940,969
[19:06:25.063][D][ldc1314:436]: TRACE,926915,932,940,969
[19:06:25.079][D][ldc1314:436]: TRACE,926929,932,940,969
[19:06:25.090][D][ldc1314:436]: TRACE,926943,932,940,969
[19:06:25.107][D][ldc1314:436]: TRACE,926958,932,940,969
[19:06:25.123][D][ldc1314:436]: TRACE,926972,932,940,969
[19:06:25.137][D][ldc1314:436]: TRACE,926987,932,940,969
[19:06:25.151][D][ldc1314:436]: TRACE,927005,932,940,969
[19:06:25.166][D][ldc1314:436]: TRACE,927019,932,940,969
[19:06:25.180][D][ldc1314:436]: TRACE,927032,932,940,969
[19:06:25.197][D][ldc1314:436]: TRACE,927047,932,940,969
[19:06:25.220][D][ldc1314:436]: TRACE,927063,932,940,969
[19:06:25.228][D][ldc1314:436]: TRACE,927076,932,940,969
[19:06:25.232][D][ldc1314:436]: TRACE,927085,932,940,969
[19:06:25.248][D][ldc1314:436]: TRACE,927099,932,940,969
[19:06:25.268][D][ldc1314:436]: TRACE,927119,932,940,969
[19:06:25.371][D][ldc1314:436]: TRACE,927134,932,940,969
[19:06:25.371][D][ldc1314:436]: TRACE,927149,932,940,969
[19:06:25.371][D][ldc1314:436]: TRACE,927159,932,940,969
[19:06:25.372][D][ldc1314:436]: TRACE,927169,932,940,969
[19:06:25.372][D][ldc1314:436]: TRACE,927180,932,940,969
[19:06:25.372][D][ldc1314:436]: TRACE,927190,932,940,969
[19:06:25.372][D][ldc1314:436]: TRACE,927201,932,940,969
[19:06:25.372][D][ldc1314:436]: TRACE,927211,932,940,969
[19:06:25.372][D][ldc1314:436]: TRACE,927222,932,940,969
[19:06:25.382][D][ldc1314:436]: TRACE,927234,932,940,969
[19:06:25.398][D][ldc1314:436]: TRACE,927248,932,940,969
[19:06:25.415][D][ldc1314:436]: TRACE,927265,932,940,969
[19:06:25.429][D][ldc1314:436]: TRACE,927283,932,940,969
[19:06:25.443][D][ldc1314:436]: TRACE,927293,932,940,969
[19:06:25.457][D][ldc1314:436]: TRACE,927309,932,940,969
[19:06:25.471][D][ldc1314:436]: TRACE,927324,932,940,969
[19:06:25.490][D][ldc1314:436]: TRACE,927341,932,940,969
[19:06:25.504][D][ldc1314:436]: TRACE,927356,932,940,969
[19:06:25.520][D][ldc1314:436]: TRACE,927373,932,940,969
[19:06:25.531][D][ldc1314:436]: TRACE,927386,932,940,969
[19:06:25.545][D][ldc1314:436]: TRACE,927396,932,940,969
[19:06:25.560][D][ldc1314:436]: TRACE,927411,932,940,969
[19:06:25.577][D][ldc1314:436]: TRACE,927428,932,940,969
[19:06:25.586][D][ldc1314:436]: TRACE,927440,932,940,969
[19:06:25.607][D][ldc1314:436]: TRACE,927459,932,940,969
[19:06:25.623][D][ldc1314:436]: TRACE,927474,932,940,969
[19:06:25.637][D][ldc1314:436]: TRACE,927491,932,940,969
[19:06:25.652][D][ldc1314:436]: TRACE,927503,932,940,969
[19:06:25.669][D][ldc1314:436]: TRACE,927520,932,940,969
[19:06:25.681][D][ldc1314:436]: TRACE,927534,932,940,969
[19:06:25.695][D][ldc1314:436]: TRACE,927547,932,940,969
[19:06:25.714][D][ldc1314:436]: TRACE,927566,932,940,969
[19:06:25.735][D][ldc1314:436]: TRACE,927581,932,940,969
[19:06:25.743][D][ldc1314:436]: TRACE,927596,932,940,969
[19:06:25.757][D][ldc1314:436]: TRACE,927609,932,940,969
[19:06:25.772][D][ldc1314:436]: TRACE,927623,932,940,969
[19:06:25.785][D][ldc1314:436]: TRACE,927639,932,940,969
[19:06:25.801][D][ldc1314:436]: TRACE,927653,932,940,969
[19:06:25.892][D][ldc1314:436]: TRACE,927667,932,940,969
[19:06:25.893][D][ldc1314:436]: TRACE,927684,932,940,969
[19:06:25.893][D][ldc1314:436]: TRACE,927693,932,940,969
[19:06:25.893][D][ldc1314:436]: TRACE,927704,932,940,969
[19:06:25.893][D][ldc1314:436]: TRACE,927715,932,940,969
[19:06:25.893][D][ldc1314:436]: TRACE,927724,932,940,969
[19:06:25.893][D][ldc1314:436]: TRACE,927734,932,940,969
[19:06:25.893][D][ldc1314:436]: TRACE,927744,932,940,969
[19:06:25.902][D][ldc1314:436]: TRACE,927755,932,940,969
[19:06:25.917][D][ldc1314:436]: TRACE,927769,932,940,969
[19:06:25.941][D][ldc1314:436]: TRACE,927786,932,940,969
[19:06:25.949][D][ldc1314:436]: TRACE,927801,932,940,969
[19:06:25.963][D][ldc1314:436]: TRACE,927817,932,940,969
[19:06:25.978][D][ldc1314:436]: TRACE,927831,932,940,969
[19:06:25.991][D][ldc1314:436]: TRACE,927845,932,940,969
[19:06:26.005][D][ldc1314:436]: TRACE,927858,932,940,969
[19:06:26.020][D][ldc1314:436]: TRACE,927873,932,940,969
[19:06:26.043][D][ldc1314:436]: TRACE,927888,932,940,969
[19:06:26.046][D][ldc1314:436]: TRACE,927902,932,940,969
[19:06:26.068][D][ldc1314:436]: TRACE,927919,932,940,969
[19:06:26.081][D][ldc1314:436]: TRACE,927933,932,940,969
[19:06:26.094][D][ldc1314:436]: TRACE,927948,932,940,969
[19:06:26.109][D][ldc1314:436]: TRACE,927961,932,940,969
[19:06:26.122][D][ldc1314:436]: TRACE,927975,932,940,969
[19:06:26.145][D][ldc1314:436]: TRACE,927988,932,940,969
[19:06:26.152][D][ldc1314:436]: TRACE,928003,932,940,969
[19:06:26.164][D][ldc1314:436]: TRACE,928015,932,940,969
[19:06:26.184][D][ldc1314:436]: TRACE,928036,932,940,969
[19:06:26.198][D][ldc1314:436]: TRACE,928050,932,940,969
[19:06:26.212][D][ldc1314:436]: TRACE,928065,932,940,969
[19:06:26.233][D][ldc1314:436]: TRACE,928080,932,940,969
[19:06:26.251][D][ldc1314:436]: TRACE,928094,932,940,969
[19:06:26.251][D][ldc1314:436]: TRACE,928104,932,940,969
[19:06:26.264][D][ldc1314:436]: TRACE,928117,932,940,969
[19:06:26.278][D][ldc1314:436]: TRACE,928131,932,940,969
[19:06:26.291][D][ldc1314:436]: TRACE,928145,932,940,969
[19:06:26.313][D][ldc1314:436]: TRACE,928164,932,940,969
[19:06:26.416][D][ldc1314:436]: TRACE,928179,932,940,969
[19:06:26.417][D][ldc1314:436]: TRACE,928194,932,940,969
[19:06:26.417][D][ldc1314:436]: TRACE,928205,932,940,969
[19:06:26.425][D][ldc1314:436]: TRACE,928215,932,940,969
[19:06:26.426][D][ldc1314:436]: TRACE,928225,932,940,969
[19:06:26.426][D][ldc1314:436]: TRACE,928235,932,940,969
[19:06:26.426][D][ldc1314:436]: TRACE,928245,932,940,969
[19:06:26.426][D][ldc1314:436]: TRACE,928255,932,940,969
[19:06:26.426][D][ldc1314:436]: TRACE,928266,932,940,969
[19:06:26.432][D][ldc1314:436]: TRACE,928278,932,940,969
[19:06:26.441][D][ldc1314:436]: TRACE,928292,932,940,969
[19:06:26.456][D][ldc1314:436]: TRACE,928307,932,940,969
[19:06:26.466][D][ldc1314:436]: TRACE,928317,932,940,969
[19:06:26.485][D][ldc1314:436]: TRACE,928334,932,940,969
[19:06:26.499][D][ldc1314:436]: TRACE,928349,932,940,969
[19:06:26.512][D][ldc1314:436]: TRACE,928364,932,940,969
[19:06:26.526][D][ldc1314:436]: TRACE,928377,932,940,969
[19:06:26.554][D][ldc1314:436]: TRACE,928397,932,940,969
[19:06:26.567][D][ldc1314:436]: TRACE,928413,932,940,969
[19:06:26.575][D][ldc1314:436]: TRACE,928424,932,940,969
[19:06:26.587][D][ldc1314:436]: TRACE,928437,932,940,969
[19:06:26.601][D][ldc1314:436]: TRACE,928452,932,940,969
[19:06:26.615][D][ldc1314:436]: TRACE,928467,932,940,969
[19:06:26.631][D][ldc1314:436]: TRACE,928482,932,940,969
[19:06:26.657][D][ldc1314:436]: TRACE,928501,932,940,969
[19:06:26.665][D][ldc1314:436]: TRACE,928516,932,940,969
[19:06:26.680][D][ldc1314:436]: TRACE,928532,932,940,969
[19:06:26.695][D][ldc1314:436]: TRACE,928547,932,940,969
[19:06:26.709][D][ldc1314:436]: TRACE,928561,932,940,969
[19:06:26.724][D][ldc1314:436]: TRACE,928576,932,940,969
[19:06:26.739][D][ldc1314:436]: TRACE,928591,932,940,969
[19:06:26.761][D][ldc1314:436]: TRACE,928610,932,940,969
[19:06:26.769][D][ldc1314:436]: TRACE,928624,932,940,969
[19:06:26.784][D][ldc1314:436]: TRACE,928636,932,940,969
[19:06:26.804][D][ldc1314:436]: TRACE,928652,932,940,969
[19:06:26.817][D][ldc1314:436]: TRACE,928668,932,940,969
[19:06:26.831][D][ldc1314:436]: TRACE,928681,932,940,969
[19:06:26.851][D][ldc1314:436]: TRACE,928696,932,940,969
[19:06:26.942][D][ldc1314:436]: TRACE,928720,932,940,969
[19:06:26.942][D][ldc1314:436]: TRACE,928731,932,940,969
[19:06:26.942][D][ldc1314:436]: TRACE,928741,932,940,969
[19:06:26.943][D][ldc1314:436]: TRACE,928751,932,940,969
[19:06:26.943][D][ldc1314:436]: TRACE,928761,932,940,969
[19:06:26.943][D][ldc1314:436]: TRACE,928771,932,940,969
[19:06:26.943][D][ldc1314:436]: TRACE,928781,932,940,969
[19:06:26.943][D][ldc1314:436]: TRACE,928791,932,940,969
[19:06:26.948][D][ldc1314:436]: TRACE,928801,932,940,969
[19:06:26.964][D][ldc1314:436]: TRACE,928815,932,940,969
[19:06:26.976][D][ldc1314:436]: TRACE,928829,932,940,969
[19:06:26.991][D][ldc1314:436]: TRACE,928843,932,940,969
[19:06:27.007][D][ldc1314:436]: TRACE,928858,932,940,969
[19:06:27.027][D][ldc1314:436]: TRACE,928872,932,940,969
[19:06:27.033][D][ldc1314:436]: TRACE,928886,932,940,969
[19:06:27.048][D][ldc1314:436]: TRACE,928900,932,940,969
[19:06:27.066][D][ldc1314:436]: TRACE,928914,932,940,969
[19:06:27.074][D][ldc1314:436]: TRACE,928927,932,940,969
[19:06:27.094][D][ldc1314:436]: TRACE,928946,932,940,969
[19:06:27.109][D][ldc1314:436]: TRACE,928960,932,940,969
[19:06:27.124][D][ldc1314:436]: TRACE,928975,932,940,969
[19:06:27.138][D][ldc1314:436]: TRACE,928990,932,940,969
[19:06:27.155][D][ldc1314:436]: TRACE,929007,932,940,969
[19:06:27.172][D][ldc1314:436]: TRACE,929023,932,940,969
[19:06:27.183][D][ldc1314:436]: TRACE,929034,932,940,969
[19:06:27.197][D][ldc1314:436]: TRACE,929051,932,940,969
[19:06:27.217][D][ldc1314:436]: TRACE,929070,932,940,969
[19:06:27.231][D][ldc1314:436]: TRACE,929084,932,940,969
[19:06:27.247][D][ldc1314:436]: TRACE,929099,932,940,969
[19:06:27.273][D][ldc1314:436]: TRACE,929114,932,940,969
[19:06:27.280][D][ldc1314:436]: TRACE,929126,932,940,969
[19:06:27.288][D][ldc1314:436]: TRACE,929140,932,940,969
[19:06:27.304][D][ldc1314:436]: TRACE,929155,932,940,969
[19:06:27.321][D][ldc1314:436]: TRACE,929170,932,940,969
[19:06:27.337][D][ldc1314:436]: TRACE,929188,932,940,969
[19:06:27.354][D][ldc1314:436]: TRACE,929204,932,940,969
[19:06:27.375][D][ldc1314:436]: TRACE,929220,932,940,969
[19:06:27.466][D][ldc1314:436]: TRACE,929234,932,940,969
[19:06:27.466][D][ldc1314:436]: TRACE,929247,932,940,969
[19:06:27.466][D][ldc1314:436]: TRACE,929256,932,940,969
[19:06:27.466][D][ldc1314:436]: TRACE,929266,932,940,969
[19:06:27.466][D][ldc1314:436]: TRACE,929276,932,940,969
[19:06:27.467][D][ldc1314:436]: TRACE,929287,932,940,969
[19:06:27.467][D][ldc1314:436]: TRACE,929297,932,940,969
[19:06:27.480][D][ldc1314:436]: TRACE,929307,932,940,969
[19:06:27.480][D][ldc1314:436]: TRACE,929319,932,940,969
[19:06:27.480][D][ldc1314:436]: TRACE,929328,932,940,969
[19:06:27.488][D][ldc1314:436]: TRACE,929338,932,940,969
[19:06:27.503][D][ldc1314:436]: TRACE,929355,932,940,969
[19:06:27.516][D][ldc1314:436]: TRACE,929370,932,940,969
[19:06:27.532][D][ldc1314:436]: TRACE,929384,932,940,969
[19:06:27.545][D][ldc1314:436]: TRACE,929397,932,940,969
[19:06:27.578][D][ldc1314:436]: TRACE,929417,932,940,969
[19:06:27.587][D][ldc1314:436]: TRACE,929435,932,940,969
[19:06:27.595][D][ldc1314:436]: TRACE,929445,932,940,969
[19:06:27.610][D][ldc1314:436]: TRACE,929462,932,940,969
[19:06:27.625][D][ldc1314:436]: TRACE,929478,932,940,969
[19:06:27.640][D][ldc1314:436]: TRACE,929493,932,940,969
[19:06:27.655][D][ldc1314:436]: TRACE,929507,932,940,969
[19:06:27.683][D][ldc1314:436]: TRACE,929522,932,940,969
[19:06:27.691][D][ldc1314:436]: TRACE,929541,932,940,969
[19:06:27.707][D][ldc1314:436]: TRACE,929560,932,940,969
[19:06:27.724][D][ldc1314:436]: TRACE,929575,932,940,969
[19:06:27.735][D][ldc1314:436]: TRACE,929589,932,940,969
[19:06:27.750][D][ldc1314:436]: TRACE,929603,932,940,969
[19:06:27.764][D][ldc1314:436]: TRACE,929617,932,940,969
[19:06:27.782][D][ldc1314:436]: TRACE,929630,932,940,969
[19:06:27.798][D][ldc1314:436]: TRACE,929648,932,940,969
[19:06:27.821][D][ldc1314:436]: TRACE,929666,932,940,969
[19:06:27.827][D][ldc1314:436]: TRACE,929681,932,940,969
[19:06:27.845][D][ldc1314:436]: TRACE,929694,932,940,969
[19:06:27.865][D][ldc1314:436]: TRACE,929709,932,940,969
[19:06:27.885][D][ldc1314:436]: TRACE,929728,932,940,969
[19:06:27.892][D][ldc1314:436]: TRACE,929744,932,940,969
[19:06:27.989][D][ldc1314:436]: TRACE,929758,932,940,969
[19:06:27.989][D][ldc1314:436]: TRACE,929776,932,940,969
[19:06:27.989][D][ldc1314:436]: TRACE,929786,932,940,969
[19:06:27.989][D][ldc1314:436]: TRACE,929796,932,940,969
[19:06:27.989][D][ldc1314:436]: TRACE,929806,932,940,969
[19:06:27.994][D][ldc1314:436]: TRACE,929817,932,940,969
[19:06:27.994][D][ldc1314:436]: TRACE,929826,932,940,969
[19:06:27.994][D][ldc1314:436]: TRACE,929836,932,940,969
[19:06:27.994][D][ldc1314:436]: TRACE,929847,932,940,969
[19:06:28.010][D][ldc1314:436]: TRACE,929862,932,940,969
[19:06:28.024][D][ldc1314:436]: TRACE,929876,932,940,969
[19:06:28.042][D][ldc1314:436]: TRACE,929895,932,940,969
[19:06:28.057][D][ldc1314:436]: TRACE,929909,932,940,969
[19:06:28.073][D][ldc1314:436]: TRACE,929924,932,940,969
[19:06:28.089][D][ldc1314:436]: TRACE,929939,932,940,969
[19:06:28.102][D][ldc1314:436]: TRACE,929953,932,940,969
[19:06:28.117][D][ldc1314:436]: TRACE,929969,932,940,969
[19:06:28.134][D][ldc1314:436]: TRACE,929983,932,940,969
[19:06:28.150][D][ldc1314:436]: TRACE,930001,932,940,969
[19:06:28.167][D][ldc1314:436]: TRACE,930019,932,940,969
[19:06:28.192][D][ldc1314:436]: TRACE,930034,932,940,969
[19:06:28.193][D][ldc1314:436]: TRACE,930049,932,940,969
[19:06:28.207][D][ldc1314:436]: TRACE,930059,932,940,969
[19:06:28.221][D][ldc1314:436]: TRACE,930074,932,940,969
[19:06:28.238][D][ldc1314:436]: TRACE,930088,932,940,969
[19:06:28.255][D][ldc1314:436]: TRACE,930105,932,940,969
[19:06:28.268][D][ldc1314:436]: TRACE,930121,932,940,969
[19:06:28.290][D][ldc1314:436]: TRACE,930134,932,940,969
[19:06:28.294][D][ldc1314:436]: TRACE,930147,932,940,969
[19:06:28.307][D][ldc1314:436]: TRACE,930157,932,940,969
[19:06:28.320][D][ldc1314:436]: TRACE,930173,932,940,969
[19:06:28.334][D][ldc1314:436]: TRACE,930186,932,940,969
[19:06:28.361][D][ldc1314:436]: TRACE,930201,932,940,969
[19:06:28.361][D][ldc1314:436]: TRACE,930213,932,940,969
[19:06:28.371][D][ldc1314:436]: TRACE,930224,932,940,969
[19:06:28.385][D][ldc1314:436]: TRACE,930237,932,940,969
[19:06:28.400][D][ldc1314:436]: TRACE,930252,932,940,969
[19:06:28.413][D][ldc1314:436]: TRACE,930262,932,940,969
[19:06:28.514][D][ldc1314:436]: TRACE,930278,932,940,969
[19:06:28.515][D][ldc1314:436]: TRACE,930292,932,940,969
[19:06:28.515][D][ldc1314:436]: TRACE,930302,932,940,969
[19:06:28.515][D][ldc1314:436]: TRACE,930312,932,940,969
[19:06:28.515][D][ldc1314:436]: TRACE,930322,932,940,969
[19:06:28.515][D][ldc1314:436]: TRACE,930332,932,940,969
[19:06:28.517][D][ldc1314:436]: TRACE,930342,932,940,969
[19:06:28.517][D][ldc1314:436]: TRACE,930353,932,940,969
[19:06:28.517][D][ldc1314:436]: TRACE,930363,932,940,969
[19:06:28.518][D][ldc1314:436]: TRACE,930373,932,940,969
[19:06:28.537][D][ldc1314:436]: TRACE,930385,932,940,969
[19:06:28.549][D][ldc1314:436]: TRACE,930402,932,940,969
[19:06:28.564][D][ldc1314:436]: TRACE,930414,932,940,969
[19:06:28.579][D][ldc1314:436]: TRACE,930429,932,940,969
[19:06:28.601][D][ldc1314:436]: TRACE,930444,932,940,969
[19:06:28.610][D][ldc1314:436]: TRACE,930461,932,940,969
[19:06:28.624][D][ldc1314:436]: TRACE,930476,932,940,969
[19:06:28.639][D][ldc1314:436]: TRACE,930492,932,940,969
[19:06:28.653][D][ldc1314:436]: TRACE,930506,932,940,969
[19:06:28.680][D][ldc1314:436]: TRACE,930531,932,940,969
[19:06:28.704][D][ldc1314:436]: TRACE,930546,932,940,969
[19:06:28.717][D][ldc1314:436]: TRACE,930563,932,940,969
[19:06:28.726][D][ldc1314:436]: TRACE,930577,932,940,969
[19:06:28.742][D][ldc1314:436]: TRACE,930593,932,940,969
[19:06:28.754][D][ldc1314:436]: TRACE,930607,932,940,969
[19:06:28.770][D][ldc1314:436]: TRACE,930622,932,940,969
[19:06:28.788][D][ldc1314:436]: TRACE,930636,932,940,969
[19:06:28.808][D][ldc1314:436]: TRACE,930651,932,940,969
[19:06:28.810][D][ldc1314:436]: TRACE,930666,932,940,969
[19:06:28.828][D][ldc1314:436]: TRACE,930679,932,940,969
[19:06:28.844][D][ldc1314:436]: TRACE,930694,932,940,969
[19:06:28.865][D][ldc1314:436]: TRACE,930711,932,940,969
[19:06:28.882][D][ldc1314:436]: TRACE,930733,932,940,969
[19:06:28.909][D][ldc1314:436]: TRACE,930751,932,940,969
[19:06:28.915][D][ldc1314:436]: TRACE,930766,932,940,969
[19:06:28.928][D][ldc1314:436]: TRACE,930777,932,940,969
[19:06:28.948][D][ldc1314:436]: TRACE,930801,932,940,969
[19:06:29.039][D][ldc1314:436]: TRACE,930815,932,940,969
[19:06:29.039][D][ldc1314:436]: TRACE,930825,932,940,969
[19:06:29.039][D][ldc1314:436]: TRACE,930835,932,940,969
[19:06:29.039][D][ldc1314:436]: TRACE,930845,932,940,969
[19:06:29.040][D][ldc1314:436]: TRACE,930856,932,940,969
[19:06:29.040][D][ldc1314:436]: TRACE,930867,932,940,969
[19:06:29.040][D][ldc1314:436]: TRACE,930878,932,940,969
[19:06:29.045][D][ldc1314:436]: TRACE,930888,932,940,969
[19:06:29.045][D][ldc1314:436]: TRACE,930898,932,940,969
[19:06:29.062][D][ldc1314:436]: TRACE,930913,932,940,969
[19:06:29.078][D][ldc1314:436]: TRACE,930930,932,940,969
[19:06:29.088][D][ldc1314:436]: TRACE,930942,932,940,969
[19:06:29.113][D][ldc1314:436]: TRACE,930954,932,940,969
[19:06:29.119][D][ldc1314:436]: TRACE,930969,932,940,969
[19:06:29.132][D][ldc1314:436]: TRACE,930979,932,940,969
[19:06:29.144][D][ldc1314:436]: TRACE,930998,932,940,969
[19:06:29.162][D][ldc1314:436]: TRACE,931012,932,940,969
[19:06:29.179][D][ldc1314:436]: TRACE,931029,932,940,969
[19:06:29.195][D][ldc1314:436]: TRACE,931045,932,940,969
[19:06:29.216][D][ldc1314:436]: TRACE,931060,932,940,969
[19:06:29.218][D][ldc1314:436]: TRACE,931073,932,940,969
[19:06:29.234][D][ldc1314:436]: TRACE,931086,932,940,969
[19:06:29.248][D][ldc1314:436]: TRACE,931100,932,940,969
[19:06:29.266][D][ldc1314:436]: TRACE,931115,932,940,969
[19:06:29.281][D][ldc1314:436]: TRACE,931132,932,940,969
[19:06:29.297][D][ldc1314:436]: TRACE,931149,932,940,969
[19:06:29.321][D][ldc1314:436]: TRACE,931164,932,940,969
[19:06:29.323][D][ldc1314:436]: TRACE,931176,932,940,969
[19:06:29.336][D][ldc1314:436]: TRACE,931189,932,940,969
[19:06:29.352][D][ldc1314:436]: TRACE,931204,932,940,969
[19:06:29.366][D][ldc1314:436]: TRACE,931218,932,940,969
[19:06:29.380][D][ldc1314:436]: TRACE,931233,932,940,969
[19:06:29.402][D][ldc1314:436]: TRACE,931252,932,940,969
[19:06:29.422][D][ldc1314:436]: TRACE,931266,932,940,969
[19:06:29.431][D][ldc1314:436]: TRACE,931280,932,940,969
[19:06:29.442][D][ldc1314:436]: TRACE,931293,932,940,969
[19:06:29.456][D][ldc1314:436]: TRACE,931308,932,940,969
[19:06:29.471][D][ldc1314:436]: TRACE,931323,932,940,969
[19:06:29.562][D][ldc1314:436]: TRACE,931337,932,940,969
[19:06:29.563][D][ldc1314:436]: TRACE,931348,932,940,969
[19:06:29.563][D][ldc1314:436]: TRACE,931360,932,940,969
[19:06:29.563][D][ldc1314:436]: TRACE,931369,932,940,969
[19:06:29.563][D][ldc1314:436]: TRACE,931379,932,940,969
[19:06:29.563][D][ldc1314:436]: TRACE,931390,932,940,969
[19:06:29.573][D][ldc1314:436]: TRACE,931400,932,940,969
[19:06:29.574][D][ldc1314:436]: TRACE,931410,932,940,969
[19:06:29.574][D][ldc1314:436]: TRACE,931421,932,940,969
[19:06:29.580][D][ldc1314:436]: TRACE,931431,932,940,969
[19:06:29.595][D][ldc1314:436]: TRACE,931447,932,940,969
[19:06:29.612][D][ldc1314:436]: TRACE,931462,932,940,969
[19:06:29.632][D][ldc1314:436]: TRACE,931482,932,940,969
[19:06:29.642][D][ldc1314:436]: TRACE,931492,932,940,969
[19:06:29.657][D][ldc1314:436]: TRACE,931509,932,940,969
[19:06:29.671][D][ldc1314:436]: TRACE,931523,932,940,969
[19:06:29.686][D][ldc1314:436]: TRACE,931538,932,940,969
[19:06:29.701][D][ldc1314:436]: TRACE,931553,932,940,969
[19:06:29.727][D][ldc1314:436]: TRACE,931569,932,940,969
[19:06:29.731][D][ldc1314:436]: TRACE,931584,932,940,969
[19:06:29.750][D][ldc1314:436]: TRACE,931603,932,940,969
[19:06:29.766][D][ldc1314:436]: TRACE,931617,932,940,969
[19:06:29.780][D][ldc1314:436]: TRACE,931632,932,940,969
[19:06:29.797][D][ldc1314:436]: TRACE,931649,932,940,969
[19:06:29.812][D][ldc1314:436]: TRACE,931663,932,940,969
[19:06:29.830][D][ldc1314:436]: TRACE,931679,932,940,969
[19:06:29.841][D][ldc1314:436]: TRACE,931692,932,940,969
[19:06:29.870][D][ldc1314:436]: TRACE,931714,932,940,969
[19:06:29.885][D][ldc1314:436]: TRACE,931736,932,940,969
[19:06:29.899][D][ldc1314:436]: TRACE,931750,932,940,969
[19:06:29.916][D][ldc1314:436]: TRACE,931767,932,940,969
[19:06:29.934][D][ldc1314:436]: TRACE,931782,932,940,969
[19:06:29.947][D][ldc1314:436]: TRACE,931796,932,940,969
[19:06:29.966][D][ldc1314:436]: TRACE,931818,932,940,969
[19:06:29.981][D][ldc1314:436]: TRACE,931833,932,940,969
[19:06:29.994][D][ldc1314:436]: TRACE,931848,932,940,969
[19:06:30.090][D][ldc1314:436]: TRACE,931862,932,940,969
[19:06:30.091][D][ldc1314:436]: TRACE,931873,932,940,969
[19:06:30.091][D][ldc1314:436]: TRACE,931883,932,940,969
[19:06:30.091][D][ldc1314:436]: TRACE,931893,932,940,969
[19:06:30.091][D][ldc1314:436]: TRACE,931903,932,940,969
[19:06:30.091][D][ldc1314:436]: TRACE,931913,932,940,969
[19:06:30.097][D][ldc1314:436]: TRACE,931924,932,940,969
[19:06:30.097][D][ldc1314:436]: TRACE,931934,932,940,969
[19:06:30.098][D][ldc1314:436]: TRACE,931944,932,940,969
[19:06:30.100][D][ldc1314:436]: TRACE,931954,932,940,969
[19:06:30.116][D][ldc1314:436]: TRACE,931967,932,940,969
[19:06:30.137][D][ldc1314:436]: TRACE,931984,932,940,969
[19:06:30.145][D][ldc1314:436]: TRACE,931997,932,940,969
[19:06:30.160][D][ldc1314:436]: TRACE,932013,932,940,969
[19:06:30.182][D][ldc1314:436]: TRACE,932030,932,940,969
[19:06:30.195][D][ldc1314:436]: TRACE,932046,932,940,969
[19:06:30.210][D][ldc1314:436]: TRACE,932061,932,940,969
[19:06:30.226][D][ldc1314:436]: TRACE,932077,932,940,969
[19:06:30.241][D][ldc1314:436]: TRACE,932092,932,940,969
[19:06:30.251][D][ldc1314:436]: TRACE,932102,932,940,969
[19:06:30.267][D][ldc1314:436]: TRACE,932118,932,940,969
[19:06:30.288][D][ldc1314:436]: TRACE,932139,932,940,969
[19:06:30.300][D][ldc1314:436]: TRACE,932154,932,940,969
[19:06:30.316][D][ldc1314:436]: TRACE,932167,932,940,969
[19:06:30.338][D][ldc1314:436]: TRACE,932184,932,940,969
[19:06:30.345][D][ldc1314:436]: TRACE,932196,932,940,969
[19:06:30.358][D][ldc1314:436]: TRACE,932207,932,940,969
[19:06:30.376][D][ldc1314:436]: TRACE,932225,932,940,969
[19:06:30.388][D][ldc1314:436]: TRACE,932240,932,940,969
[19:06:30.409][D][ldc1314:436]: TRACE,932258,932,940,969
[19:06:30.427][D][ldc1314:436]: TRACE,932275,932,940,969
[19:06:30.444][D][ldc1314:436]: TRACE,932290,932,940,969
[19:06:30.452][D][ldc1314:436]: TRACE,932304,932,940,969
[19:06:30.464][D][ldc1314:436]: TRACE,932318,932,940,969
[19:06:30.481][D][ldc1314:436]: TRACE,932331,932,940,969
[19:06:30.496][D][ldc1314:436]: TRACE,932347,932,940,969
[19:06:30.513][D][ldc1314:436]: TRACE,932365,932,940,969
[19:06:30.614][D][ldc1314:436]: TRACE,932380,932,940,969
[19:06:30.614][D][ldc1314:436]: TRACE,932394,932,940,969
[19:06:30.614][D][ldc1314:436]: TRACE,932405,932,940,969
[19:06:30.615][D][ldc1314:436]: TRACE,932415,932,940,969
[19:06:30.615][D][ldc1314:436]: TRACE,932426,932,940,969
[19:06:30.616][D][ldc1314:436]: TRACE,932436,932,940,969
[19:06:30.616][D][ldc1314:436]: TRACE,932447,932,940,969
[19:06:30.616][D][ldc1314:436]: TRACE,932457,932,940,969
[19:06:30.616][D][ldc1314:436]: TRACE,932468,932,940,969
[19:06:30.628][D][ldc1314:436]: TRACE,932481,932,940,969
[19:06:30.648][D][ldc1314:436]: TRACE,932494,932,940,969
[19:06:30.657][D][ldc1314:436]: TRACE,932508,932,940,969
[19:06:30.666][D][ldc1314:436]: TRACE,932518,932,940,969
[19:06:30.680][D][ldc1314:436]: TRACE,932533,932,940,969
[19:06:30.695][D][ldc1314:436]: TRACE,932546,932,940,969
[19:06:30.707][D][ldc1314:436]: TRACE,932561,932,940,969
[19:06:30.721][D][ldc1314:436]: TRACE,932573,932,940,969
[19:06:30.751][D][ldc1314:436]: TRACE,932590,932,940,969
[19:06:30.758][D][ldc1314:436]: TRACE,932608,932,940,969
[19:06:30.767][D][ldc1314:436]: TRACE,932618,932,940,969
[19:06:30.784][D][ldc1314:436]: TRACE,932635,932,940,969
[19:06:30.802][D][ldc1314:436]: TRACE,932651,932,940,969
[19:06:30.812][D][ldc1314:436]: TRACE,932666,932,940,969
[19:06:30.829][D][ldc1314:436]: TRACE,932678,932,940,969
[19:06:30.853][D][ldc1314:436]: TRACE,932698,932,940,969
[19:06:30.859][D][ldc1314:436]: TRACE,932711,932,940,969
[19:06:30.878][D][ldc1314:436]: TRACE,932725,932,940,969
[19:06:30.893][D][ldc1314:436]: TRACE,932746,932,940,969
[19:06:30.907][D][ldc1314:436]: TRACE,932759,932,940,969
[19:06:30.923][D][ldc1314:436]: TRACE,932773,932,940,969
[19:06:30.936][D][ldc1314:436]: TRACE,932788,932,940,969
[19:06:30.958][D][ldc1314:436]: TRACE,932810,932,940,969
[19:06:30.971][D][ldc1314:436]: TRACE,932821,932,940,969
[19:06:30.989][D][ldc1314:436]: TRACE,932838,932,940,969
[19:06:31.003][D][ldc1314:436]: TRACE,932855,932,940,969
[19:06:31.017][D][ldc1314:436]: TRACE,932871,932,940,969
[19:06:31.033][D][ldc1314:436]: TRACE,932884,932,940,969
[19:06:31.136][D][ldc1314:436]: TRACE,932900,932,940,969
[19:06:31.136][D][ldc1314:436]: TRACE,932915,932,940,969
[19:06:31.137][D][ldc1314:436]: TRACE,932928,932,940,969
[19:06:31.137][D][ldc1314:436]: TRACE,932939,932,940,969
[19:06:31.137][D][ldc1314:436]: TRACE,932949,932,940,969
[19:06:31.137][D][ldc1314:436]: TRACE,932960,932,940,969
[19:06:31.143][D][ldc1314:436]: TRACE,932970,932,940,969
[19:06:31.143][D][ldc1314:436]: TRACE,932981,932,940,969
[19:06:31.143][D][ldc1314:436]: TRACE,932991,932,940,969
[19:06:31.160][D][ldc1314:436]: TRACE,933001,932,940,969
[19:06:31.168][D][ldc1314:436]: TRACE,933017,932,940,969
[19:06:31.175][D][ldc1314:436]: TRACE,933027,932,940,969
[19:06:31.195][D][ldc1314:436]: TRACE,933047,932,940,969
[19:06:31.210][D][ldc1314:436]: TRACE,933061,932,940,969
[19:06:31.225][D][ldc1314:436]: TRACE,933076,932,940,969
[19:06:31.241][D][ldc1314:436]: TRACE,933093,932,940,969
[19:06:31.261][D][ldc1314:436]: TRACE,933108,932,940,969
[19:06:31.269][D][ldc1314:436]: TRACE,933123,932,940,969
[19:06:31.283][D][ldc1314:436]: TRACE,933135,932,940,969
[19:06:31.301][D][ldc1314:436]: TRACE,933154,932,940,969
[19:06:31.315][D][ldc1314:436]: TRACE,933168,932,940,969
[19:06:31.331][D][ldc1314:436]: TRACE,933183,932,940,969
[19:06:31.346][D][ldc1314:436]: TRACE,933198,932,940,969
[19:06:31.365][D][ldc1314:436]: TRACE,933213,932,940,969
[19:06:31.372][D][ldc1314:436]: TRACE,933227,932,940,969
[19:06:31.387][D][ldc1314:436]: TRACE,933239,932,940,969
[19:06:31.405][D][ldc1314:436]: TRACE,933254,932,940,969
[19:06:31.419][D][ldc1314:436]: TRACE,933270,932,940,969
[19:06:31.434][D][ldc1314:436]: TRACE,933286,932,940,969
[19:06:31.450][D][ldc1314:436]: TRACE,933301,932,940,969
[19:06:31.467][D][ldc1314:436]: TRACE,933317,932,940,969
[19:06:31.477][D][ldc1314:436]: TRACE,933331,932,940,969
[19:06:31.492][D][ldc1314:436]: TRACE,933343,932,940,969
[19:06:31.507][D][ldc1314:436]: TRACE,933358,932,940,969
[19:06:31.524][D][ldc1314:436]: TRACE,933376,932,940,969
[19:06:31.539][D][ldc1314:436]: TRACE,933391,932,940,969
[19:06:31.554][D][ldc1314:436]: TRACE,933406,932,940,969
[19:06:31.569][D][ldc1314:436]: TRACE,933420,932,940,969
[19:06:31.660][D][ldc1314:436]: TRACE,933434,932,940,969
[19:06:31.660][D][ldc1314:436]: TRACE,933445,932,940,969
[19:06:31.661][D][ldc1314:436]: TRACE,933455,932,940,969
[19:06:31.661][D][ldc1314:436]: TRACE,933465,932,940,969
[19:06:31.661][D][ldc1314:436]: TRACE,933476,932,940,969
[19:06:31.661][D][ldc1314:436]: TRACE,933486,932,940,969
[19:06:31.672][D][ldc1314:436]: TRACE,933496,932,940,969
[19:06:31.672][D][ldc1314:436]: TRACE,933506,932,940,969
[19:06:31.672][D][ldc1314:436]: TRACE,933516,932,940,969
[19:06:31.672][D][ldc1314:436]: TRACE,933526,932,940,969
[19:06:31.689][D][ldc1314:436]: TRACE,933538,932,940,969
[19:06:31.704][D][ldc1314:436]: TRACE,933555,932,940,969
[19:06:31.718][D][ldc1314:436]: TRACE,933570,932,940,969
[19:06:31.732][D][ldc1314:436]: TRACE,933585,932,940,969
[19:06:31.746][D][ldc1314:436]: TRACE,933599,932,940,969
[19:06:31.777][D][ldc1314:436]: TRACE,933618,932,940,969
[19:06:31.783][D][ldc1314:436]: TRACE,933632,932,940,969
[19:06:31.796][D][ldc1314:436]: TRACE,933647,932,940,969
[19:06:31.812][D][ldc1314:436]: TRACE,933663,932,940,969
[19:06:31.824][D][ldc1314:436]: TRACE,933678,932,940,969
[19:06:31.838][D][ldc1314:436]: TRACE,933691,932,940,969
[19:06:31.861][D][ldc1314:436]: TRACE,933705,932,940,969
[19:06:31.879][D][ldc1314:436]: TRACE,933722,932,940,969
[19:06:31.889][D][ldc1314:436]: TRACE,933736,932,940,969
[19:06:31.905][D][ldc1314:436]: TRACE,933756,932,940,969
[19:06:31.919][D][ldc1314:436]: TRACE,933772,932,940,969
[19:06:31.932][D][ldc1314:436]: TRACE,933787,932,940,969
[19:06:31.950][D][ldc1314:436]: TRACE,933798,932,940,969
[19:06:31.961][D][ldc1314:436]: TRACE,933814,932,940,969
[19:06:31.978][D][ldc1314:436]: TRACE,933827,932,940,969
[19:06:31.994][D][ldc1314:436]: TRACE,933843,932,940,969
[19:06:32.011][D][ldc1314:436]: TRACE,933861,932,940,969
[19:06:32.028][D][ldc1314:436]: TRACE,933878,932,940,969
[19:06:32.042][D][ldc1314:436]: TRACE,933895,932,940,969
[19:06:32.058][D][ldc1314:436]: TRACE,933910,932,940,969
[19:06:32.081][D][ldc1314:436]: TRACE,933926,932,940,969
[19:06:32.087][D][ldc1314:436]: TRACE,933939,932,940,969
[19:06:32.184][D][ldc1314:436]: TRACE,933956,932,940,969
[19:06:32.185][D][ldc1314:436]: TRACE,933969,932,940,969
[19:06:32.185][D][ldc1314:436]: TRACE,933980,932,940,969
[19:06:32.185][D][ldc1314:436]: TRACE,933990,932,940,969
[19:06:32.185][D][ldc1314:436]: TRACE,934000,932,940,969
[19:06:32.185][D][ldc1314:436]: TRACE,934010,932,940,969
[19:06:32.185][D][ldc1314:436]: TRACE,934020,932,940,969
[19:06:32.185][D][ldc1314:436]: TRACE,934030,932,940,969
[19:06:32.191][D][ldc1314:436]: TRACE,934040,932,940,969
[19:06:32.199][D][ldc1314:436]: TRACE,934050,932,940,969
[19:06:32.218][D][ldc1314:436]: TRACE,934071,932,940,969
[19:06:32.234][D][ldc1314:436]: TRACE,934085,932,940,969
[19:06:32.248][D][ldc1314:436]: TRACE,934099,932,940,969
[19:06:32.262][D][ldc1314:436]: TRACE,934114,932,940,969
[19:06:32.286][D][ldc1314:436]: TRACE,934129,932,940,969
[19:06:32.292][D][ldc1314:436]: TRACE,934144,932,940,969
[19:06:32.306][D][ldc1314:436]: TRACE,934155,932,940,969
[19:06:32.327][D][ldc1314:436]: TRACE,934178,932,940,969
[19:06:32.342][D][ldc1314:436]: TRACE,934193,932,940,969
[19:06:32.354][D][ldc1314:436]: TRACE,934207,932,940,969
[19:06:32.372][D][ldc1314:436]: TRACE,934222,932,940,969
[19:06:32.387][D][ldc1314:436]: TRACE,934234,932,940,969
[19:06:32.396][D][ldc1314:436]: TRACE,934248,932,940,969
[19:06:32.413][D][ldc1314:436]: TRACE,934264,932,940,969
[19:06:32.429][D][ldc1314:436]: TRACE,934279,932,940,969
[19:06:32.448][D][ldc1314:436]: TRACE,934298,932,940,969
[19:06:32.464][D][ldc1314:436]: TRACE,934315,932,940,969
[19:06:32.492][D][ldc1314:436]: TRACE,934332,932,940,969
[19:06:32.492][D][ldc1314:436]: TRACE,934346,932,940,969
[19:06:32.504][D][ldc1314:436]: TRACE,934356,932,940,969
[19:06:32.519][D][ldc1314:436]: TRACE,934371,932,940,969
[19:06:32.534][D][ldc1314:436]: TRACE,934386,932,940,969
[19:06:32.547][D][ldc1314:436]: TRACE,934400,932,940,969
[19:06:32.565][D][ldc1314:436]: TRACE,934418,932,940,969
[19:06:32.581][D][ldc1314:436]: TRACE,934432,932,940,969
[19:06:32.596][D][ldc1314:436]: TRACE,934447,932,940,969
[19:06:32.606][D][ldc1314:436]: TRACE,934457,932,940,969
[19:06:32.709][D][ldc1314:436]: TRACE,934472,932,940,969
[19:06:32.710][D][ldc1314:436]: TRACE,934487,932,940,969
[19:06:32.710][D][ldc1314:436]: TRACE,934497,932,940,969
[19:06:32.710][D][ldc1314:436]: TRACE,934507,932,940,969
[19:06:32.710][D][ldc1314:436]: TRACE,934517,932,940,969
[19:06:32.710][D][ldc1314:436]: TRACE,934527,932,940,969
[19:06:32.710][D][ldc1314:436]: TRACE,934537,932,940,969
[19:06:32.711][D][ldc1314:436]: TRACE,934547,932,940,969
[19:06:32.711][D][ldc1314:436]: TRACE,934557,932,940,969
[19:06:32.711][D][ldc1314:436]: TRACE,934567,932,940,969
[19:06:32.727][D][ldc1314:436]: TRACE,934579,932,940,969
[19:06:32.742][D][ldc1314:436]: TRACE,934593,932,940,969
[19:06:32.755][D][ldc1314:436]: TRACE,934610,932,940,969
[19:06:32.769][D][ldc1314:436]: TRACE,934623,932,940,969
[19:06:32.782][D][ldc1314:436]: TRACE,934635,932,940,969
[19:06:32.798][D][ldc1314:436]: TRACE,934649,932,940,969
[19:06:32.811][D][ldc1314:436]: TRACE,934661,932,940,969
[19:06:32.827][D][ldc1314:436]: TRACE,934678,932,940,969
[19:06:32.846][D][ldc1314:436]: TRACE,934695,932,940,969
[19:06:32.854][D][ldc1314:436]: TRACE,934708,932,940,969
[19:06:32.870][D][ldc1314:436]: TRACE,934721,932,940,969
[19:06:32.900][D][ldc1314:436]: TRACE,934736,932,940,969
[19:06:32.902][D][ldc1314:436]: TRACE,934757,932,940,969
[19:06:32.918][D][ldc1314:436]: TRACE,934769,932,940,969
[19:06:32.938][D][ldc1314:436]: TRACE,934789,932,940,969
[19:06:32.949][D][ldc1314:436]: TRACE,934804,932,940,969
[19:06:32.967][D][ldc1314:436]: TRACE,934818,932,940,969
[19:06:32.981][D][ldc1314:436]: TRACE,934833,932,940,969
[19:06:33.002][D][ldc1314:436]: TRACE,934848,932,940,969
[19:06:33.010][D][ldc1314:436]: TRACE,934862,932,940,969
[19:06:33.021][D][ldc1314:436]: TRACE,934872,932,940,969
[19:06:33.035][D][ldc1314:436]: TRACE,934887,932,940,969
[19:06:33.056][D][ldc1314:436]: TRACE,934908,932,940,969
[19:06:33.070][D][ldc1314:436]: TRACE,934922,932,940,969
[19:06:33.085][D][ldc1314:436]: TRACE,934937,932,940,969
[19:06:33.105][D][ldc1314:436]: TRACE,934952,932,940,969
[19:06:33.115][D][ldc1314:436]: TRACE,934964,932,940,969
[19:06:33.126][D][ldc1314:436]: TRACE,934977,932,940,969
[19:06:33.139][D][ldc1314:436]: TRACE,934992,932,940,969
[19:06:33.235][D][ldc1314:436]: TRACE,935006,932,940,969
[19:06:33.235][D][ldc1314:436]: TRACE,935022,932,940,969
[19:06:33.235][D][ldc1314:436]: TRACE,935032,932,940,969
[19:06:33.235][D][ldc1314:436]: TRACE,935042,932,940,969
[19:06:33.235][D][ldc1314:436]: TRACE,935052,932,940,969
[19:06:33.238][D][ldc1314:436]: TRACE,935063,932,940,969
[19:06:33.238][D][ldc1314:436]: TRACE,935073,932,940,969
[19:06:33.238][D][ldc1314:436]: TRACE,935083,932,940,969
[19:06:33.238][D][ldc1314:436]: TRACE,935093,932,940,969
[19:06:33.258][D][ldc1314:436]: TRACE,935104,932,940,969
[19:06:33.266][D][ldc1314:436]: TRACE,935119,932,940,969
[19:06:33.286][D][ldc1314:436]: TRACE,935137,932,940,969
[19:06:33.308][D][ldc1314:436]: TRACE,935152,932,940,969
[19:06:33.315][D][ldc1314:436]: TRACE,935168,932,940,969
[19:06:33.330][D][ldc1314:436]: TRACE,935182,932,940,969
[19:06:33.345][D][ldc1314:436]: TRACE,935197,932,940,969
[19:06:33.361][D][ldc1314:436]: TRACE,935212,932,940,969
[19:06:33.375][D][ldc1314:436]: TRACE,935226,932,940,969
[19:06:33.390][D][ldc1314:436]: TRACE,935241,932,940,969
[19:06:33.412][D][ldc1314:436]: TRACE,935258,932,940,969
[19:06:33.421][D][ldc1314:436]: TRACE,935273,932,940,969
[19:06:33.436][D][ldc1314:436]: TRACE,935288,932,940,969
[19:06:33.455][D][ldc1314:436]: TRACE,935303,932,940,969
[19:06:33.465][D][ldc1314:436]: TRACE,935316,932,940,969
[19:06:33.475][D][ldc1314:436]: TRACE,935327,932,940,969
[19:06:33.489][D][ldc1314:436]: TRACE,935342,932,940,969
[19:06:33.514][D][ldc1314:436]: TRACE,935356,932,940,969
[19:06:33.523][D][ldc1314:436]: TRACE,935373,932,940,969
[19:06:33.535][D][ldc1314:436]: TRACE,935386,932,940,969
[19:06:33.554][D][ldc1314:436]: TRACE,935403,932,940,969
[19:06:33.565][D][ldc1314:436]: TRACE,935417,932,940,969
[19:06:33.579][D][ldc1314:436]: TRACE,935432,932,940,969
[19:06:33.596][D][ldc1314:436]: TRACE,935446,932,940,969
[19:06:33.615][D][ldc1314:436]: TRACE,935460,932,940,969
[19:06:33.618][D][ldc1314:436]: TRACE,935473,932,940,969
[19:06:33.637][D][ldc1314:436]: TRACE,935490,932,940,969
[19:06:33.651][D][ldc1314:436]: TRACE,935504,932,940,969
[19:06:33.665][D][ldc1314:436]: TRACE,935518,932,940,969
[19:06:33.759][D][ldc1314:436]: TRACE,935533,932,940,969
[19:06:33.760][D][ldc1314:436]: TRACE,935543,932,940,969
[19:06:33.760][D][ldc1314:436]: TRACE,935554,932,940,969
[19:06:33.760][D][ldc1314:436]: TRACE,935564,932,940,969
[19:06:33.760][D][ldc1314:436]: TRACE,935575,932,940,969
[19:06:33.760][D][ldc1314:436]: TRACE,935585,932,940,969
[19:06:33.760][D][ldc1314:436]: TRACE,935596,932,940,969
[19:06:33.766][D][ldc1314:436]: TRACE,935606,932,940,969
[19:06:33.766][D][ldc1314:436]: TRACE,935618,932,940,969
[19:06:33.781][D][ldc1314:436]: TRACE,935628,932,940,969
[19:06:33.787][D][ldc1314:436]: TRACE,935643,932,940,969
[19:06:33.803][D][ldc1314:436]: TRACE,935655,932,940,969
[19:06:33.824][D][ldc1314:436]: TRACE,935669,932,940,969
[19:06:33.834][D][ldc1314:436]: TRACE,935679,932,940,969
[19:06:33.844][D][ldc1314:436]: TRACE,935692,932,940,969
[19:06:33.858][D][ldc1314:436]: TRACE,935709,932,940,969
[19:06:33.882][D][ldc1314:436]: TRACE,935723,932,940,969
[19:06:33.883][D][ldc1314:436]: TRACE,935734,932,940,969
[19:06:33.905][D][ldc1314:436]: TRACE,935744,932,940,969
[19:06:33.934][D][ldc1314:436]: TRACE,935761,932,940,969
[19:06:33.934][D][ldc1314:436]: TRACE,935771,932,940,969
[19:06:33.936][D][ldc1314:436]: TRACE,935781,932,940,969
[19:06:33.961][D][ldc1314:436]: TRACE,935795,932,940,969
[19:06:33.961][D][ldc1314:436]: TRACE,935806,932,940,969
[19:06:33.964][D][ldc1314:436]: TRACE,935816,932,940,969
[19:06:33.984][D][ldc1314:436]: TRACE,935829,932,940,969
[19:06:34.005][D][ldc1314:436]: TRACE,935842,932,940,969
[19:06:34.005][D][ldc1314:436]: TRACE,935854,932,940,969
[19:06:34.011][D][ldc1314:436]: TRACE,935864,932,940,969
[19:06:34.035][D][ldc1314:436]: TRACE,935877,932,940,969
[19:06:34.062][D][ldc1314:436]: TRACE,935887,932,940,969
[19:06:34.063][D][ldc1314:436]: TRACE,935901,932,940,969
[19:06:34.063][D][ldc1314:436]: TRACE,935910,932,940,969
[19:06:34.081][D][ldc1314:436]: TRACE,935920,932,940,969
[19:06:34.087][D][ldc1314:436]: TRACE,935931,932,940,969
[19:06:34.100][D][ldc1314:436]: TRACE,935944,932,940,969
[19:06:34.108][D][ldc1314:436]: TRACE,935957,932,940,969
[19:06:34.133][D][ldc1314:436]: TRACE,935970,932,940,969
[19:06:34.140][D][ldc1314:436]: TRACE,935987,932,940,969
[19:06:34.160][D][ldc1314:436]: TRACE,936000,932,940,969
[19:06:34.161][D][ldc1314:436]: TRACE,936010,932,940,969
[19:06:34.170][D][ldc1314:436]: TRACE,936020,932,940,969
[19:06:34.186][D][ldc1314:436]: TRACE,936036,932,940,969
[19:06:34.190][D][ldc1314:436]: TRACE,936046,932,940,969
[19:06:34.293][D][ldc1314:436]: TRACE,936056,932,940,969
[19:06:34.293][D][ldc1314:436]: TRACE,936066,932,940,969
[19:06:34.293][D][ldc1314:436]: TRACE,936076,932,940,969
[19:06:34.293][D][ldc1314:436]: TRACE,936087,932,940,969
[19:06:34.293][D][ldc1314:436]: TRACE,936097,932,940,969
[19:06:34.293][D][ldc1314:436]: TRACE,936108,932,940,969
[19:06:34.293][D][ldc1314:436]: TRACE,936119,932,940,969
[19:06:34.293][D][ldc1314:436]: TRACE,936129,932,940,969
[19:06:34.303][D][ldc1314:436]: TRACE,936139,932,940,969
[19:06:34.303][D][ldc1314:436]: TRACE,936149,932,940,969
[19:06:34.337][D][ldc1314:436]: TRACE,936164,932,940,969
[19:06:34.337][D][ldc1314:436]: TRACE,936174,932,940,969
[19:06:34.337][D][ldc1314:436]: TRACE,936185,932,940,969
[19:06:34.348][D][ldc1314:436]: TRACE,936195,932,940,969
[19:06:34.362][D][ldc1314:436]: TRACE,936209,932,940,969
[19:06:34.381][D][ldc1314:436]: TRACE,936220,932,940,969
[19:06:34.381][D][ldc1314:436]: TRACE,936232,932,940,969
[19:06:34.387][D][ldc1314:436]: TRACE,936244,932,940,969
[19:06:34.411][D][ldc1314:436]: TRACE,936255,932,940,969
[19:06:34.411][D][ldc1314:436]: TRACE,936265,932,940,969
[19:06:34.426][D][ldc1314:436]: TRACE,936275,932,940,969
[19:06:34.449][D][ldc1314:436]: TRACE,936290,932,940,969
[19:06:34.459][D][ldc1314:436]: TRACE,936300,932,940,969
[19:06:34.459][D][ldc1314:436]: TRACE,936314,932,940,969
[19:06:34.470][D][ldc1314:436]: TRACE,936325,932,940,969
[19:06:34.500][D][ldc1314:436]: TRACE,936337,932,940,969
[19:06:34.500][D][ldc1314:436]: TRACE,936347,932,940,969
[19:06:34.500][D][ldc1314:436]: TRACE,936357,932,940,969
[19:06:34.525][D][ldc1314:436]: TRACE,936367,932,940,969
[19:06:34.536][D][ldc1314:436]: TRACE,936377,932,940,969
[19:06:34.575][D][ldc1314:436]: TRACE,936392,932,940,969
[19:06:34.576][D][ldc1314:436]: TRACE,936402,932,940,969
[19:06:34.576][D][ldc1314:436]: TRACE,936414,932,940,969
[19:06:34.576][D][ldc1314:436]: TRACE,936424,932,940,969
[19:06:34.604][D][ldc1314:436]: TRACE,936437,932,940,969
[19:06:34.604][D][ldc1314:436]: TRACE,936447,932,940,969
[19:06:34.604][D][ldc1314:436]: TRACE,936457,932,940,969
[19:06:34.611][D][ldc1314:436]: TRACE,936468,932,940,969
[19:06:34.641][D][ldc1314:436]: TRACE,936478,932,940,969
[19:06:34.642][D][ldc1314:436]: TRACE,936490,932,940,969
[19:06:34.679][D][ldc1314:436]: TRACE,936505,932,940,969
[19:06:34.679][D][ldc1314:436]: TRACE,936516,932,940,969
[19:06:34.679][D][ldc1314:436]: TRACE,936525,932,940,969
[19:06:34.679][D][ldc1314:436]: TRACE,936535,932,940,969
[19:06:34.692][D][ldc1314:436]: TRACE,936545,932,940,969
[19:06:34.708][D][ldc1314:436]: TRACE,936557,932,940,969
[19:06:34.820][D][ldc1314:436]: TRACE,936567,932,940,969
[19:06:34.821][D][ldc1314:436]: TRACE,936580,932,940,969
[19:06:34.821][D][ldc1314:436]: TRACE,936590,932,940,969
[19:06:34.821][D][ldc1314:436]: TRACE,936600,932,940,969
[19:06:34.822][D][ldc1314:436]: TRACE,936613,932,940,969
[19:06:34.822][D][ldc1314:436]: TRACE,936623,932,940,969
[19:06:34.822][D][ldc1314:436]: TRACE,936634,932,940,969
[19:06:34.822][D][ldc1314:436]: TRACE,936644,932,940,969
[19:06:34.836][D][ldc1314:436]: TRACE,936655,932,940,969
[19:06:34.836][D][ldc1314:436]: TRACE,936664,932,940,969
[19:06:34.836][D][ldc1314:436]: TRACE,936674,932,940,969
[19:06:34.836][D][ldc1314:436]: TRACE,936684,932,940,969
[19:06:34.855][D][ldc1314:436]: TRACE,936695,932,940,969
[19:06:34.855][D][ldc1314:436]: TRACE,936705,932,940,969
[19:06:34.878][D][ldc1314:436]: TRACE,936717,932,940,969
[19:06:34.878][D][ldc1314:436]: TRACE,936729,932,940,969
[19:06:34.896][D][ldc1314:436]: TRACE,936741,932,940,969
[19:06:34.936][D][ldc1314:436]: TRACE,936753,932,940,969
[19:06:34.936][D][ldc1314:436]: TRACE,936765,932,940,969
[19:06:34.936][D][ldc1314:436]: TRACE,936774,932,940,969
[19:06:34.936][D][ldc1314:436]: TRACE,936784,932,940,969
[19:06:34.954][D][ldc1314:436]: TRACE,936796,932,940,969
[19:06:34.954][D][ldc1314:436]: TRACE,936806,932,940,969
[19:06:34.965][D][ldc1314:436]: TRACE,936819,932,940,969
[19:06:34.981][D][ldc1314:436]: TRACE,936830,932,940,969
[19:06:34.990][D][ldc1314:436]: TRACE,936841,932,940,969
[19:06:35.005][D][ldc1314:436]: TRACE,936857,932,940,969
[19:06:35.012][D][ldc1314:436]: TRACE,936868,932,940,969
[19:06:35.033][D][ldc1314:436]: TRACE,936878,932,940,969
[19:06:35.053][D][ldc1314:436]: TRACE,936888,932,940,969
[19:06:35.053][D][ldc1314:436]: TRACE,936901,932,940,969
[19:06:35.111][D][ldc1314:436]: TRACE,936911,932,940,969
[19:06:35.116][D][ldc1314:436]: TRACE,936924,932,940,969
[19:06:35.116][D][ldc1314:436]: TRACE,936935,932,940,969
[19:06:35.141][D][ldc1314:436]: TRACE,936945,932,940,969
[19:06:35.141][D][ldc1314:436]: TRACE,936955,932,940,969
[19:06:35.141][D][ldc1314:436]: TRACE,936966,932,940,969
[19:06:35.142][D][ldc1314:436]: TRACE,936976,932,940,969
[19:06:35.190][D][ldc1314:436]: TRACE,936986,932,940,969
[19:06:35.190][D][ldc1314:436]: TRACE,936997,932,940,969
[19:06:35.191][D][ldc1314:436]: TRACE,937008,932,940,969
[19:06:35.191][D][ldc1314:436]: TRACE,937020,932,940,969
[19:06:35.191][D][ldc1314:436]: TRACE,937031,932,940,969
[19:06:35.191][D][ldc1314:436]: TRACE,937041,932,940,969
[19:06:35.224][D][ldc1314:436]: TRACE,937052,932,940,969
[19:06:35.224][D][ldc1314:436]: TRACE,937063,932,940,969
[19:06:35.224][D][ldc1314:436]: TRACE,937073,932,940,969
[19:06:35.229][D][ldc1314:436]: TRACE,937083,932,940,969
[19:06:35.335][D][ldc1314:436]: TRACE,937096,932,940,969
[19:06:35.335][D][ldc1314:436]: TRACE,937107,932,940,969
[19:06:35.335][D][ldc1314:436]: TRACE,937117,932,940,969
[19:06:35.335][D][ldc1314:436]: TRACE,937130,932,940,969
[19:06:35.338][D][ldc1314:436]: TRACE,937140,932,940,969
[19:06:35.338][D][ldc1314:436]: TRACE,937151,932,940,969
[19:06:35.344][D][ldc1314:436]: TRACE,937162,932,940,969
[19:06:35.345][D][ldc1314:436]: TRACE,937172,932,940,969
[19:06:35.345][D][ldc1314:436]: TRACE,937182,932,940,969
[19:06:35.345][D][ldc1314:436]: TRACE,937192,932,940,969
[19:06:35.361][D][ldc1314:436]: TRACE,937202,932,940,969
[19:06:35.362][D][ldc1314:436]: TRACE,937212,932,940,969
[19:06:35.382][D][ldc1314:436]: TRACE,937226,932,940,969
[19:06:35.384][D][ldc1314:436]: TRACE,937237,932,940,969
[19:06:35.397][D][ldc1314:436]: TRACE,937249,932,940,969
[19:06:35.408][D][ldc1314:436]: TRACE,937262,932,940,969
[19:06:35.437][D][ldc1314:436]: TRACE,937278,932,940,969
[19:06:35.438][D][ldc1314:436]: TRACE,937290,932,940,969
[19:06:35.458][D][ldc1314:436]: TRACE,937299,932,940,969
[19:06:35.458][D][ldc1314:436]: TRACE,937311,932,940,969
[19:06:35.484][D][ldc1314:436]: TRACE,937321,932,940,969
[19:06:35.485][D][ldc1314:436]: TRACE,937333,932,940,969
[19:06:35.498][D][ldc1314:436]: TRACE,937343,932,940,969
[19:06:35.499][D][ldc1314:436]: TRACE,937355,932,940,969
[19:06:35.522][D][ldc1314:436]: TRACE,937365,932,940,969
[19:06:35.523][D][ldc1314:436]: TRACE,937375,932,940,969
[19:06:35.543][D][ldc1314:436]: TRACE,937387,932,940,969
[19:06:35.543][D][ldc1314:436]: TRACE,937396,932,940,969
[19:06:35.562][D][ldc1314:436]: TRACE,937408,932,940,969
[19:06:35.563][D][ldc1314:436]: TRACE,937418,932,940,969
[19:06:35.584][D][ldc1314:436]: TRACE,937431,932,940,969
[19:06:35.598][D][ldc1314:436]: TRACE,937443,932,940,969
[19:06:35.610][D][ldc1314:436]: TRACE,937453,932,940,969
[19:06:35.610][D][ldc1314:436]: TRACE,937465,932,940,969
[19:06:35.628][D][ldc1314:436]: TRACE,937475,932,940,969
[19:06:35.633][D][ldc1314:436]: TRACE,937487,932,940,969
[19:06:35.669][D][ldc1314:436]: TRACE,937498,932,940,969
[19:06:35.669][D][ldc1314:436]: TRACE,937508,932,940,969
[19:06:35.669][D][ldc1314:436]: TRACE,937518,932,940,969
[19:06:35.673][D][ldc1314:436]: TRACE,937528,932,940,969
[19:06:35.691][D][ldc1314:436]: TRACE,937541,932,940,969
[19:06:35.708][D][ldc1314:436]: TRACE,937553,932,940,969
[19:06:35.720][D][ldc1314:436]: TRACE,937565,932,940,969
[19:06:35.720][D][ldc1314:436]: TRACE,937577,932,940,969
[19:06:35.740][D][ldc1314:436]: TRACE,937587,932,940,969
[19:06:35.748][D][ldc1314:436]: TRACE,937600,932,940,969
[19:06:35.867][D][ldc1314:436]: TRACE,937612,932,940,969
[19:06:35.867][D][ldc1314:436]: TRACE,937623,932,940,969
[19:06:35.867][D][ldc1314:436]: TRACE,937636,932,940,969
[19:06:35.867][D][ldc1314:436]: TRACE,937646,932,940,969
[19:06:35.867][D][ldc1314:436]: TRACE,937656,932,940,969
[19:06:35.867][D][ldc1314:436]: TRACE,937667,932,940,969
[19:06:35.867][D][ldc1314:436]: TRACE,937677,932,940,969
[19:06:35.867][D][ldc1314:436]: TRACE,937687,932,940,969
[19:06:35.868][D][ldc1314:436]: TRACE,937697,932,940,969
[19:06:35.868][D][ldc1314:436]: TRACE,937707,932,940,969
[19:06:35.893][D][ldc1314:436]: TRACE,937723,932,940,969
[19:06:35.893][D][ldc1314:436]: TRACE,937734,932,940,969
[19:06:35.893][D][ldc1314:436]: TRACE,937744,932,940,969
[19:06:35.917][D][ldc1314:436]: TRACE,937758,932,940,969
[19:06:35.943][D][ldc1314:436]: TRACE,937770,932,940,969
[19:06:35.944][D][ldc1314:436]: TRACE,937785,932,940,969
[19:06:35.944][D][ldc1314:436]: TRACE,937794,932,940,969
[19:06:35.954][D][ldc1314:436]: TRACE,937807,932,940,969
[19:06:35.976][D][ldc1314:436]: TRACE,937816,932,940,969
[19:06:35.979][D][ldc1314:436]: TRACE,937829,932,940,969
[19:06:35.997][D][ldc1314:436]: TRACE,937845,932,940,969
[19:06:36.009][D][ldc1314:436]: TRACE,937863,932,940,969
[19:06:36.025][D][ldc1314:436]: TRACE,937877,932,940,969
[19:06:36.038][D][ldc1314:436]: TRACE,937890,932,940,969
[19:06:36.051][D][ldc1314:436]: TRACE,937904,932,940,969
[19:06:36.071][D][ldc1314:436]: TRACE,937919,932,940,969
[19:06:36.080][D][ldc1314:436]: TRACE,937932,932,940,969
[19:06:36.100][D][ldc1314:436]: TRACE,937951,932,940,969
[19:06:36.115][D][ldc1314:436]: TRACE,937966,932,940,969
[19:06:36.130][D][ldc1314:436]: TRACE,937981,932,940,969
[19:06:36.141][D][ldc1314:436]: TRACE,937994,932,940,969
[19:06:36.155][D][ldc1314:436]: TRACE,938009,932,940,969
[19:06:36.174][D][ldc1314:436]: TRACE,938025,932,940,969
[19:06:36.186][D][ldc1314:436]: TRACE,938040,932,940,969
[19:06:36.206][D][ldc1314:436]: TRACE,938057,932,940,969
[19:06:36.220][D][ldc1314:436]: TRACE,938073,932,940,969
[19:06:36.236][D][ldc1314:436]: TRACE,938089,932,940,969
[19:06:36.263][D][ldc1314:436]: TRACE,938104,932,940,969
[19:06:36.280][D][ldc1314:436]: TRACE,938115,932,940,969
[19:06:36.280][D][ldc1314:436]: TRACE,938126,932,940,969
[19:06:36.287][D][ldc1314:436]: TRACE,938136,932,940,969
[19:06:36.378][D][ldc1314:436]: TRACE,938149,932,940,969
[19:06:36.379][D][ldc1314:436]: TRACE,938162,932,940,969
[19:06:36.379][D][ldc1314:436]: TRACE,938172,932,940,969
[19:06:36.379][D][ldc1314:436]: TRACE,938182,932,940,969
[19:06:36.379][D][ldc1314:436]: TRACE,938193,932,940,969
[19:06:36.379][D][ldc1314:436]: TRACE,938203,932,940,969
[19:06:36.388][D][ldc1314:436]: TRACE,938213,932,940,969
[19:06:36.388][D][ldc1314:436]: TRACE,938224,932,940,969
[19:06:36.388][D][ldc1314:436]: TRACE,938234,932,940,969
[19:06:36.392][D][ldc1314:436]: TRACE,938244,932,940,969
[19:06:36.410][D][ldc1314:436]: TRACE,938259,932,940,969
[19:06:36.429][D][ldc1314:436]: TRACE,938278,932,940,969
[19:06:36.442][D][ldc1314:436]: TRACE,938295,932,940,969
[19:06:36.457][D][ldc1314:436]: TRACE,938308,932,940,969
[19:06:36.481][D][ldc1314:436]: TRACE,938324,932,940,969
[19:06:36.487][D][ldc1314:436]: TRACE,938337,932,940,969
[19:06:36.500][D][ldc1314:436]: TRACE,938349,932,940,969
[19:06:36.514][D][ldc1314:436]: TRACE,938366,932,940,969
[19:06:36.532][D][ldc1314:436]: TRACE,938380,932,940,969
[19:06:36.547][D][ldc1314:436]: TRACE,938400,932,940,969
[19:06:36.564][D][ldc1314:436]: TRACE,938413,932,940,969
[19:06:36.583][D][ldc1314:436]: TRACE,938430,932,940,969
[19:06:36.590][D][ldc1314:436]: TRACE,938443,932,940,969
[19:06:36.608][D][ldc1314:436]: TRACE,938457,932,940,969
[19:06:36.620][D][ldc1314:436]: TRACE,938473,932,940,969
[19:06:36.639][D][ldc1314:436]: TRACE,938488,932,940,969
[19:06:36.643][D][ldc1314:436]: TRACE,938500,932,940,969
[19:06:36.662][D][ldc1314:436]: TRACE,938512,932,940,969
[19:06:36.685][D][ldc1314:436]: TRACE,938530,932,940,969
[19:06:36.696][D][ldc1314:436]: TRACE,938545,932,940,969
[19:06:36.741][D][ldc1314:436]: TRACE,938555,932,940,969
[19:06:36.741][D][ldc1314:436]: TRACE,938567,932,940,969
[19:06:36.748][D][ldc1314:436]: TRACE,938579,932,940,969
[19:06:36.748][D][ldc1314:436]: TRACE,938589,932,940,969
[19:06:36.748][D][ldc1314:436]: TRACE,938599,932,940,969
[19:06:36.759][D][ldc1314:436]: TRACE,938609,932,940,969
[19:06:36.945][D][ldc1314:436]: TRACE,938627,932,940,969
[19:06:36.951][D][ldc1314:436]: TRACE,938641,932,940,969
[19:06:36.951][D][ldc1314:436]: TRACE,938653,932,940,969
[19:06:36.951][D][ldc1314:436]: TRACE,938663,932,940,969
[19:06:36.951][D][ldc1314:436]: TRACE,938673,932,940,969
[19:06:36.952][D][ldc1314:436]: TRACE,938683,932,940,969
[19:06:36.952][D][ldc1314:436]: TRACE,938693,932,940,969
[19:06:36.952][D][ldc1314:436]: TRACE,938704,932,940,969
[19:06:36.952][D][ldc1314:436]: TRACE,938714,932,940,969
[19:06:36.952][D][ldc1314:436]: TRACE,938724,932,941,969
[19:06:36.952][D][ldc1314:436]: TRACE,938734,932,940,969
[19:06:36.952][D][ldc1314:436]: TRACE,938744,932,940,969
[19:06:36.952][D][ldc1314:436]: TRACE,938754,932,940,969
[19:06:36.952][D][ldc1314:436]: TRACE,938764,932,940,969
[19:06:36.953][D][ldc1314:436]: TRACE,938779,932,940,969
[19:06:36.953][D][ldc1314:436]: TRACE,938789,932,940,969
[19:06:36.953][D][ldc1314:436]: TRACE,938799,932,940,969
[19:06:36.953][D][ldc1314:436]: TRACE,938809,932,940,969
[19:06:36.975][D][ldc1314:436]: TRACE,938821,932,940,969
[19:06:36.993][D][ldc1314:436]: TRACE,938841,932,940,969
[19:06:37.102][D][ldc1314:436]: TRACE,938854,932,940,969
[19:06:37.102][D][ldc1314:436]: TRACE,938869,932,940,969
[19:06:37.102][D][ldc1314:436]: TRACE,938879,932,940,969
[19:06:37.102][D][ldc1314:436]: TRACE,938890,932,940,969
[19:06:37.103][D][ldc1314:436]: TRACE,938900,932,940,969
[19:06:37.103][D][ldc1314:436]: TRACE,938910,932,940,969
[19:06:37.103][D][ldc1314:436]: TRACE,938920,932,940,969
[19:06:37.119][D][ldc1314:436]: TRACE,938930,932,940,969
[19:06:37.120][D][ldc1314:436]: TRACE,938940,932,940,969
[19:06:37.120][D][ldc1314:436]: TRACE,938950,932,940,969
[19:06:37.120][D][ldc1314:436]: TRACE,938961,932,940,969
[19:06:37.127][D][ldc1314:436]: TRACE,938975,932,940,969
[19:06:37.137][D][ldc1314:436]: TRACE,938988,932,940,969
[19:06:37.155][D][ldc1314:436]: TRACE,939009,932,940,969
[19:06:37.173][D][ldc1314:436]: TRACE,939023,932,940,969
[19:06:37.184][D][ldc1314:436]: TRACE,939037,932,940,969
[19:06:37.197][D][ldc1314:436]: TRACE,939050,932,940,969
[19:06:37.210][D][ldc1314:436]: TRACE,939061,932,940,969
[19:06:37.224][D][ldc1314:436]: TRACE,939076,932,940,969
[19:06:37.241][D][ldc1314:436]: TRACE,939091,932,940,969
[19:06:37.254][D][ldc1314:436]: TRACE,939108,932,940,969
[19:06:37.270][D][ldc1314:436]: TRACE,939123,932,940,969
[19:06:37.299][D][ldc1314:436]: TRACE,939142,932,940,969
[19:06:37.305][D][ldc1314:436]: TRACE,939156,932,940,969
[19:06:37.318][D][ldc1314:436]: TRACE,939168,932,940,969
[19:06:37.334][D][ldc1314:436]: TRACE,939185,932,940,969
[19:06:37.427][D][ldc1314:436]: TRACE,939202,932,940,969
[19:06:37.428][D][ldc1314:436]: TRACE,939213,932,940,969
[19:06:37.428][D][ldc1314:436]: TRACE,939224,932,940,969
[19:06:37.428][D][ldc1314:436]: TRACE,939234,932,940,969
[19:06:37.428][D][ldc1314:436]: TRACE,939246,932,940,969
[19:06:37.428][D][ldc1314:436]: TRACE,939256,932,940,969
[19:06:37.428][D][ldc1314:436]: TRACE,939266,932,940,969
[19:06:37.428][D][ldc1314:436]: TRACE,939276,932,940,969
[19:06:37.436][D][ldc1314:436]: TRACE,939287,932,940,969
[19:06:37.449][D][ldc1314:436]: TRACE,939302,932,940,969
[19:06:37.463][D][ldc1314:436]: TRACE,939317,932,940,969
[19:06:37.478][D][ldc1314:436]: TRACE,939329,932,940,969
[19:06:37.494][D][ldc1314:436]: TRACE,939344,932,940,969
[19:06:37.510][D][ldc1314:436]: TRACE,939362,932,940,969
[19:06:37.526][D][ldc1314:436]: TRACE,939377,932,940,969
[19:06:37.541][D][ldc1314:436]: TRACE,939392,932,940,969
[19:06:37.555][D][ldc1314:436]: TRACE,939407,932,940,969
[19:06:37.571][D][ldc1314:436]: TRACE,939422,932,940,969
[19:06:37.586][D][ldc1314:436]: TRACE,939436,932,940,969
[19:06:37.606][D][ldc1314:436]: TRACE,939451,932,940,969
[19:06:37.612][D][ldc1314:436]: TRACE,939466,932,940,969
[19:06:37.631][D][ldc1314:436]: TRACE,939482,932,940,969
[19:06:37.644][D][ldc1314:436]: TRACE,939499,932,940,969
[19:06:37.659][D][ldc1314:436]: TRACE,939512,932,940,969
[19:06:37.675][D][ldc1314:436]: TRACE,939526,932,940,969
[19:06:37.689][D][ldc1314:436]: TRACE,939541,932,940,969
[19:06:37.709][D][ldc1314:436]: TRACE,939556,932,940,969
[19:06:37.719][D][ldc1314:436]: TRACE,939569,932,940,969
[19:06:37.735][D][ldc1314:436]: TRACE,939588,932,940,969
[19:06:37.752][D][ldc1314:436]: TRACE,939603,932,940,969
[19:06:37.764][D][ldc1314:436]: TRACE,939618,932,940,969
[19:06:37.780][D][ldc1314:436]: TRACE,939631,932,940,969
[19:06:37.796][D][ldc1314:436]: TRACE,939647,932,940,969
[19:06:37.815][D][ldc1314:436]: TRACE,939662,932,940,969
[19:06:37.824][D][ldc1314:436]: TRACE,939674,932,940,969
[19:06:37.845][D][ldc1314:436]: TRACE,939697,932,940,969
[19:06:37.952][D][ldc1314:436]: TRACE,939711,932,940,969
[19:06:37.952][D][ldc1314:436]: TRACE,939728,932,940,969
[19:06:37.952][D][ldc1314:436]: TRACE,939738,932,940,969
[19:06:37.952][D][ldc1314:436]: TRACE,939748,932,940,969
[19:06:37.952][D][ldc1314:436]: TRACE,939759,932,940,969
[19:06:37.952][D][ldc1314:436]: TRACE,939769,932,940,969
[19:06:37.952][D][ldc1314:436]: TRACE,939781,932,940,969
[19:06:37.952][D][ldc1314:436]: TRACE,939790,932,940,969
[19:06:37.952][D][ldc1314:436]: TRACE,939800,932,940,969
[19:06:37.960][D][ldc1314:436]: TRACE,939810,932,940,969
[19:06:37.971][D][ldc1314:436]: TRACE,939822,932,940,969
[19:06:37.987][D][ldc1314:436]: TRACE,939838,932,940,969
[19:06:37.999][D][ldc1314:436]: TRACE,939853,932,940,969
[19:06:38.016][D][ldc1314:436]: TRACE,939867,932,940,970
[19:06:38.028][D][ldc1314:436]: TRACE,939879,932,940,970
[19:06:38.043][D][ldc1314:436]: TRACE,939894,932,940,970
[19:06:38.063][D][ldc1314:436]: TRACE,939913,932,940,970
[19:06:38.095][D][ldc1314:436]: TRACE,939930,932,940,970
[19:06:38.098][D][ldc1314:436]: TRACE,939944,932,940,970
[19:06:38.098][D][ldc1314:436]: TRACE,939954,932,940,970
[19:06:38.120][D][ldc1314:436]: TRACE,939964,932,940,970
[19:06:38.131][D][ldc1314:436]: TRACE,939980,932,940,970
[19:06:38.139][D][ldc1314:436]: TRACE,939990,932,940,970
[19:06:38.154][D][ldc1314:436]: TRACE,940006,932,940,970
[19:06:38.169][D][ldc1314:436]: TRACE,940020,932,940,970
[19:06:38.190][D][ldc1314:436]: TRACE,940040,932,940,970
[19:06:38.205][D][ldc1314:436]: TRACE,940055,932,940,970
[19:06:38.221][D][ldc1314:436]: TRACE,940072,932,940,970
[19:06:38.233][D][ldc1314:436]: TRACE,940084,932,940,970
[19:06:38.249][D][ldc1314:436]: TRACE,940100,932,940,970
[19:06:38.263][D][ldc1314:436]: TRACE,940116,932,940,970
[19:06:38.278][D][ldc1314:436]: TRACE,940130,932,940,970
[19:06:38.296][D][ldc1314:436]: TRACE,940149,932,939,970
[19:06:38.312][D][ldc1314:436]: TRACE,940163,932,939,971
[19:06:38.326][D][ldc1314:436]: TRACE,940180,932,939,971
[19:06:38.342][D][ldc1314:436]: TRACE,940192,932,939,971
[19:06:38.357][D][ldc1314:436]: TRACE,940208,932,939,971
[19:06:38.370][D][ldc1314:436]: TRACE,940223,932,939,971
[19:06:38.385][D][ldc1314:436]: TRACE,940237,932,939,971
[19:06:38.476][D][ldc1314:436]: TRACE,940252,932,939,971
[19:06:38.477][D][ldc1314:436]: TRACE,940264,932,939,971
[19:06:38.477][D][ldc1314:436]: TRACE,940273,932,939,971
[19:06:38.477][D][ldc1314:436]: TRACE,940283,932,939,971
[19:06:38.477][D][ldc1314:436]: TRACE,940293,932,939,971
[19:06:38.485][D][ldc1314:436]: TRACE,940303,932,939,971
[19:06:38.485][D][ldc1314:436]: TRACE,940313,932,939,971
[19:06:38.485][D][ldc1314:436]: TRACE,940323,932,939,971
[19:06:38.485][D][ldc1314:436]: TRACE,940333,932,939,971
[19:06:38.492][D][ldc1314:436]: TRACE,940344,932,939,971
[19:06:38.505][D][ldc1314:436]: TRACE,940357,932,939,972
[19:06:38.528][D][ldc1314:436]: TRACE,940373,932,939,972
[19:06:38.535][D][ldc1314:436]: TRACE,940387,932,938,972
[19:06:38.554][D][ldc1314:436]: TRACE,940403,932,938,972
[19:06:38.563][D][ldc1314:436]: TRACE,940417,932,938,972
[19:06:38.575][D][ldc1314:436]: TRACE,940429,932,938,972
[19:06:38.590][D][ldc1314:436]: TRACE,940443,932,938,972
[19:06:38.607][D][ldc1314:436]: TRACE,940458,932,938,972
[19:06:38.630][D][ldc1314:436]: TRACE,940473,932,938,972
[19:06:38.642][D][ldc1314:436]: TRACE,940490,932,938,972
[19:06:38.653][D][ldc1314:436]: TRACE,940501,932,938,973
[19:06:38.667][D][ldc1314:436]: TRACE,940519,932,938,973
[19:06:38.695][D][ldc1314:436]: TRACE,940544,932,937,973
[19:06:38.709][D][ldc1314:436]: TRACE,940561,932,937,973
[19:06:38.733][D][ldc1314:436]: TRACE,940576,932,937,973
[19:06:38.743][D][ldc1314:436]: TRACE,940594,932,937,973
[19:06:38.757][D][ldc1314:436]: TRACE,940610,932,937,973
[19:06:38.770][D][ldc1314:436]: TRACE,940622,932,937,974
[19:06:38.785][D][ldc1314:436]: TRACE,940637,932,937,974
[19:06:38.798][D][ldc1314:436]: TRACE,940651,932,937,974
[19:06:38.814][D][ldc1314:436]: TRACE,940666,932,937,974
[19:06:38.835][D][ldc1314:436]: TRACE,940680,932,937,974
[19:06:38.847][D][ldc1314:436]: TRACE,940698,932,936,974
[19:06:38.862][D][ldc1314:436]: TRACE,940711,932,936,974
[19:06:38.872][D][ldc1314:436]: TRACE,940724,932,936,974
[19:06:38.888][D][ldc1314:436]: TRACE,940738,932,936,975
[19:06:38.900][D][ldc1314:436]: TRACE,940753,932,936,975
[19:06:39.000][D][ldc1314:436]: TRACE,940767,932,936,975
[19:06:39.000][D][ldc1314:436]: TRACE,940781,932,936,975
[19:06:39.000][D][ldc1314:436]: TRACE,940794,932,936,975
[19:06:39.000][D][ldc1314:436]: TRACE,940805,932,936,975
[19:06:39.000][D][ldc1314:436]: TRACE,940816,932,936,975
[19:06:39.000][D][ldc1314:436]: TRACE,940825,932,935,976
[19:06:39.000][D][ldc1314:436]: TRACE,940835,932,935,976
[19:06:39.006][D][ldc1314:436]: TRACE,940845,932,935,976
[19:06:39.007][D][ldc1314:436]: TRACE,940855,932,935,976
[19:06:39.016][D][ldc1314:436]: TRACE,940865,932,935,976
[19:06:39.029][D][ldc1314:436]: TRACE,940882,932,935,976
[19:06:39.042][D][ldc1314:436]: TRACE,940897,932,935,976
[19:06:39.063][D][ldc1314:436]: TRACE,940915,932,935,976
[19:06:39.078][D][ldc1314:436]: TRACE,940930,932,935,977
[19:06:39.092][D][ldc1314:436]: TRACE,940945,932,935,977
[19:06:39.106][D][ldc1314:436]: TRACE,940959,932,935,977
[19:06:39.124][D][ldc1314:436]: TRACE,940972,932,935,977
[19:06:39.142][D][ldc1314:436]: TRACE,940989,932,934,977
[19:06:39.150][D][ldc1314:436]: TRACE,941002,932,934,977
[19:06:39.168][D][ldc1314:436]: TRACE,941021,932,934,977
[19:06:39.183][D][ldc1314:436]: TRACE,941035,932,934,978
[19:06:39.201][D][ldc1314:436]: TRACE,941049,932,934,978
[19:06:39.217][D][ldc1314:436]: TRACE,941064,932,934,978
[19:06:39.226][D][ldc1314:436]: TRACE,941078,932,934,978
[19:06:39.244][D][ldc1314:436]: TRACE,941092,932,934,978
[19:06:39.254][D][ldc1314:436]: TRACE,941105,932,934,978
[19:06:39.270][D][ldc1314:436]: TRACE,941121,932,933,978
[19:06:39.287][D][ldc1314:436]: TRACE,941138,932,933,979
[19:06:39.302][D][ldc1314:436]: TRACE,941153,932,933,979
[19:06:39.316][D][ldc1314:436]: TRACE,941168,932,933,979
[19:06:39.331][D][ldc1314:436]: TRACE,941183,932,933,979
[19:06:39.346][D][ldc1314:436]: TRACE,941198,932,933,979
[19:06:39.362][D][ldc1314:436]: TRACE,941211,932,933,980
[19:06:39.377][D][ldc1314:436]: TRACE,941229,932,933,980
[19:06:39.391][D][ldc1314:436]: TRACE,941244,932,932,980
[19:06:39.413][D][ldc1314:436]: TRACE,941264,932,932,980
[19:06:39.428][D][ldc1314:436]: TRACE,941279,932,932,980
[19:06:39.526][D][ldc1314:436]: TRACE,941294,932,932,980
[19:06:39.526][D][ldc1314:436]: TRACE,941307,932,932,980
[19:06:39.526][D][ldc1314:436]: TRACE,941318,932,932,980
[19:06:39.526][D][ldc1314:436]: TRACE,941327,932,932,980
[19:06:39.526][D][ldc1314:436]: TRACE,941337,932,932,981
[19:06:39.526][D][ldc1314:436]: TRACE,941347,932,932,981
[19:06:39.526][D][ldc1314:436]: TRACE,941357,932,932,981
[19:06:39.526][D][ldc1314:436]: TRACE,941367,932,932,981
[19:06:39.532][D][ldc1314:436]: TRACE,941378,932,932,981
[19:06:39.541][D][ldc1314:436]: TRACE,941389,932,932,981
[19:06:39.554][D][ldc1314:436]: TRACE,941402,932,932,981
[19:06:39.566][D][ldc1314:436]: TRACE,941415,932,932,981
[19:06:39.581][D][ldc1314:436]: TRACE,941433,932,931,981
[19:06:39.598][D][ldc1314:436]: TRACE,941449,932,931,981
[19:06:39.617][D][ldc1314:436]: TRACE,941464,932,931,981
[19:06:39.633][D][ldc1314:436]: TRACE,941481,932,931,982
[19:06:39.654][D][ldc1314:436]: TRACE,941497,932,931,982
[19:06:39.660][D][ldc1314:436]: TRACE,941512,932,931,982
[19:06:39.675][D][ldc1314:436]: TRACE,941526,932,931,982
[19:06:39.695][D][ldc1314:436]: TRACE,941543,932,931,982
[19:06:39.703][D][ldc1314:436]: TRACE,941557,932,931,982
[19:06:39.716][D][ldc1314:436]: TRACE,941570,932,931,982
[19:06:39.735][D][ldc1314:436]: TRACE,941586,932,931,982
[19:06:39.756][D][ldc1314:436]: TRACE,941602,932,931,982
[19:06:39.763][D][ldc1314:436]: TRACE,941615,932,930,982
[19:06:39.778][D][ldc1314:436]: TRACE,941631,932,930,982
[19:06:39.793][D][ldc1314:436]: TRACE,941644,932,930,982
[19:06:39.808][D][ldc1314:436]: TRACE,941659,932,930,982
[19:06:39.823][D][ldc1314:436]: TRACE,941676,932,930,983
[19:06:39.837][D][ldc1314:436]: TRACE,941689,932,930,983
[19:06:39.858][D][ldc1314:436]: TRACE,941709,932,930,983
[19:06:39.872][D][ldc1314:436]: TRACE,941721,932,930,983
[19:06:39.888][D][ldc1314:436]: TRACE,941738,932,930,983
[19:06:39.898][D][ldc1314:436]: TRACE,941752,932,930,983
[19:06:39.914][D][ldc1314:436]: TRACE,941764,932,930,983
[19:06:39.936][D][ldc1314:436]: TRACE,941781,932,930,983
[19:06:40.049][D][ldc1314:436]: TRACE,941803,932,930,983
[19:06:40.049][D][ldc1314:436]: TRACE,941824,932,930,983
[19:06:40.050][D][ldc1314:436]: TRACE,941837,932,930,983
[19:06:40.050][D][ldc1314:436]: TRACE,941848,932,930,983
[19:06:40.050][D][ldc1314:436]: TRACE,941858,932,930,983
[19:06:40.050][D][ldc1314:436]: TRACE,941868,932,930,983
[19:06:40.050][D][ldc1314:436]: TRACE,941878,932,930,983
[19:06:40.050][D][ldc1314:436]: TRACE,941888,932,930,983
[19:06:40.050][D][ldc1314:436]: TRACE,941898,932,929,983
[19:06:40.068][D][ldc1314:436]: TRACE,941908,932,929,983
[19:06:40.069][D][ldc1314:436]: TRACE,941919,932,929,983
[19:06:40.086][D][ldc1314:436]: TRACE,941936,932,929,983
[19:06:40.103][D][ldc1314:436]: TRACE,941952,932,929,983
[19:06:40.119][D][ldc1314:436]: TRACE,941969,932,929,983
[19:06:40.132][D][ldc1314:436]: TRACE,941983,932,929,984
[19:06:40.148][D][ldc1314:436]: TRACE,941999,932,929,983
[19:06:40.165][D][ldc1314:436]: TRACE,942016,932,929,984
[19:06:40.176][D][ldc1314:436]: TRACE,942027,932,929,984
[19:06:40.197][D][ldc1314:436]: TRACE,942048,932,929,984
[19:06:40.211][D][ldc1314:436]: TRACE,942063,932,929,984
[19:06:40.228][D][ldc1314:436]: TRACE,942078,932,929,984
[19:06:40.241][D][ldc1314:436]: TRACE,942092,932,929,984
[19:06:40.256][D][ldc1314:436]: TRACE,942109,932,929,984
[19:06:40.270][D][ldc1314:436]: TRACE,942122,933,929,984
[19:06:40.283][D][ldc1314:436]: TRACE,942132,932,929,984
[19:06:40.302][D][ldc1314:436]: TRACE,942155,932,929,984
[19:06:40.321][D][ldc1314:436]: TRACE,942168,932,929,984
[19:06:40.332][D][ldc1314:436]: TRACE,942186,932,929,984
[19:06:40.347][D][ldc1314:436]: TRACE,942198,932,929,984
[19:06:40.371][D][ldc1314:436]: TRACE,942215,932,929,984
[19:06:40.378][D][ldc1314:436]: TRACE,942228,932,929,984
[19:06:40.389][D][ldc1314:436]: TRACE,942240,932,929,984
[19:06:40.410][D][ldc1314:436]: TRACE,942262,933,929,984
[19:06:40.425][D][ldc1314:436]: TRACE,942278,933,929,984
[19:06:40.441][D][ldc1314:436]: TRACE,942291,933,929,984
[19:06:40.456][D][ldc1314:436]: TRACE,942308,933,929,984
[19:06:40.473][D][ldc1314:436]: TRACE,942322,933,929,984
[19:06:40.573][D][ldc1314:436]: TRACE,942336,933,929,984
[19:06:40.573][D][ldc1314:436]: TRACE,942351,933,929,984
[19:06:40.574][D][ldc1314:436]: TRACE,942361,933,929,984
[19:06:40.574][D][ldc1314:436]: TRACE,942371,933,929,984
[19:06:40.574][D][ldc1314:436]: TRACE,942383,933,929,984
[19:06:40.574][D][ldc1314:436]: TRACE,942393,933,929,984
[19:06:40.574][D][ldc1314:436]: TRACE,942403,933,929,984
[19:06:40.574][D][ldc1314:436]: TRACE,942413,933,929,984
[19:06:40.580][D][ldc1314:436]: TRACE,942423,933,929,984
[19:06:40.580][D][ldc1314:436]: TRACE,942433,933,929,984
[19:06:40.595][D][ldc1314:436]: TRACE,942447,933,929,984
[19:06:40.607][D][ldc1314:436]: TRACE,942457,933,929,984
[19:06:40.621][D][ldc1314:436]: TRACE,942475,933,929,984
[19:06:40.634][D][ldc1314:436]: TRACE,942487,933,929,984
[19:06:40.654][D][ldc1314:436]: TRACE,942505,933,929,984
[19:06:40.677][D][ldc1314:436]: TRACE,942520,933,929,984
[19:06:40.687][D][ldc1314:436]: TRACE,942535,933,929,984
[19:06:40.699][D][ldc1314:436]: TRACE,942548,933,929,984
[19:06:40.714][D][ldc1314:436]: TRACE,942565,933,929,984
[19:06:40.729][D][ldc1314:436]: TRACE,942581,933,929,984
[19:06:40.742][D][ldc1314:436]: TRACE,942596,933,929,984
[19:06:40.757][D][ldc1314:436]: TRACE,942608,933,929,984
[19:06:40.781][D][ldc1314:436]: TRACE,942628,933,929,984
[19:06:40.791][D][ldc1314:436]: TRACE,942643,933,929,984
[19:06:40.805][D][ldc1314:436]: TRACE,942659,933,929,984
[19:06:40.819][D][ldc1314:436]: TRACE,942671,933,929,984
[19:06:40.835][D][ldc1314:436]: TRACE,942688,933,929,984
[19:06:40.849][D][ldc1314:436]: TRACE,942700,933,929,984
[19:06:40.864][D][ldc1314:436]: TRACE,942715,933,929,984
[19:06:40.882][D][ldc1314:436]: TRACE,942730,933,929,984
[19:06:40.896][D][ldc1314:436]: TRACE,942746,933,929,984
[19:06:40.911][D][ldc1314:436]: TRACE,942764,933,929,984
[19:06:40.928][D][ldc1314:436]: TRACE,942779,933,929,984
[19:06:40.946][D][ldc1314:436]: TRACE,942793,933,929,984
[19:06:40.963][D][ldc1314:436]: TRACE,942814,933,929,984
[19:06:40.984][D][ldc1314:436]: TRACE,942829,933,929,984
[19:06:40.988][D][ldc1314:436]: TRACE,942844,933,929,984
[19:06:41.098][D][ldc1314:436]: TRACE,942861,934,929,983
[19:06:41.098][D][ldc1314:436]: TRACE,942876,934,929,983
[19:06:41.098][D][ldc1314:436]: TRACE,942886,934,929,983
[19:06:41.098][D][ldc1314:436]: TRACE,942896,934,929,983
[19:06:41.098][D][ldc1314:436]: TRACE,942906,934,929,983
[19:06:41.098][D][ldc1314:436]: TRACE,942916,934,929,983
[19:06:41.098][D][ldc1314:436]: TRACE,942926,934,929,983
[19:06:41.098][D][ldc1314:436]: TRACE,942936,934,929,983
[19:06:41.106][D][ldc1314:436]: TRACE,942946,934,929,983
[19:06:41.106][D][ldc1314:436]: TRACE,942957,934,929,983
[19:06:41.121][D][ldc1314:436]: TRACE,942973,934,929,983
[19:06:41.136][D][ldc1314:436]: TRACE,942988,934,929,983
[19:06:41.149][D][ldc1314:436]: TRACE,943002,934,929,983
[19:06:41.162][D][ldc1314:436]: TRACE,943015,934,929,983
[19:06:41.193][D][ldc1314:436]: TRACE,943029,934,929,983
[19:06:41.200][D][ldc1314:436]: TRACE,943046,934,929,983
[19:06:41.207][D][ldc1314:436]: TRACE,943058,934,929,983
[19:06:41.226][D][ldc1314:436]: TRACE,943076,934,929,983
[19:06:41.241][D][ldc1314:436]: TRACE,943092,934,929,983
[19:06:41.254][D][ldc1314:436]: TRACE,943109,934,929,983
[19:06:41.268][D][ldc1314:436]: TRACE,943121,934,929,983
[19:06:41.291][D][ldc1314:436]: TRACE,943136,935,929,983
[19:06:41.298][D][ldc1314:436]: TRACE,943149,935,929,983
[19:06:41.311][D][ldc1314:436]: TRACE,943161,935,929,983
[19:06:41.325][D][ldc1314:436]: TRACE,943177,935,929,983
[19:06:41.344][D][ldc1314:436]: TRACE,943194,935,929,983
[19:06:41.358][D][ldc1314:436]: TRACE,943209,935,929,982
[19:06:41.372][D][ldc1314:436]: TRACE,943224,935,929,982
[19:06:41.394][D][ldc1314:436]: TRACE,943239,935,929,982
[19:06:41.402][D][ldc1314:436]: TRACE,943253,935,929,982
[19:06:41.412][D][ldc1314:436]: TRACE,943263,935,929,982
[19:06:41.428][D][ldc1314:436]: TRACE,943280,935,929,982
[19:06:41.443][D][ldc1314:436]: TRACE,943295,935,929,982
[19:06:41.462][D][ldc1314:436]: TRACE,943316,935,929,982
[19:06:41.479][D][ldc1314:436]: TRACE,943329,936,929,982
[19:06:41.496][D][ldc1314:436]: TRACE,943345,936,929,982
[19:06:41.509][D][ldc1314:436]: TRACE,943359,936,929,982
[19:06:41.525][D][ldc1314:436]: TRACE,943377,936,929,981
[19:06:41.625][D][ldc1314:436]: TRACE,943391,936,929,981
[19:06:41.625][D][ldc1314:436]: TRACE,943404,936,929,981
[19:06:41.625][D][ldc1314:436]: TRACE,943414,936,929,981
[19:06:41.625][D][ldc1314:436]: TRACE,943425,936,929,981
[19:06:41.625][D][ldc1314:436]: TRACE,943436,936,929,981
[19:06:41.625][D][ldc1314:436]: TRACE,943446,936,929,981
[19:06:41.625][D][ldc1314:436]: TRACE,943456,936,929,981
[19:06:41.636][D][ldc1314:436]: TRACE,943466,936,929,981
[19:06:41.636][D][ldc1314:436]: TRACE,943477,936,929,981
[19:06:41.636][D][ldc1314:436]: TRACE,943488,936,929,981
[19:06:41.647][D][ldc1314:436]: TRACE,943500,936,929,981
[19:06:41.660][D][ldc1314:436]: TRACE,943512,937,929,980
[19:06:41.675][D][ldc1314:436]: TRACE,943527,937,929,980
[19:06:41.700][D][ldc1314:436]: TRACE,943544,937,929,980
[19:06:41.707][D][ldc1314:436]: TRACE,943560,937,929,980
[19:06:41.721][D][ldc1314:436]: TRACE,943574,937,929,980
[19:06:41.737][D][ldc1314:436]: TRACE,943588,937,929,980
[19:06:41.753][D][ldc1314:436]: TRACE,943603,937,929,980
[19:06:41.762][D][ldc1314:436]: TRACE,943617,937,929,980
[19:06:41.776][D][ldc1314:436]: TRACE,943629,937,929,979
[19:06:41.791][D][ldc1314:436]: TRACE,943643,937,929,979
[19:06:41.805][D][ldc1314:436]: TRACE,943658,938,929,979
[19:06:41.824][D][ldc1314:436]: TRACE,943674,938,929,979
[19:06:41.839][D][ldc1314:436]: TRACE,943690,938,929,979
[19:06:41.856][D][ldc1314:436]: TRACE,943705,938,929,979
[19:06:41.868][D][ldc1314:436]: TRACE,943721,938,929,978
[19:06:41.883][D][ldc1314:436]: TRACE,943734,938,928,978
[19:06:41.905][D][ldc1314:436]: TRACE,943750,938,928,978
[19:06:41.911][D][ldc1314:436]: TRACE,943763,938,928,978
[19:06:41.930][D][ldc1314:436]: TRACE,943781,938,928,978
[19:06:41.951][D][ldc1314:436]: TRACE,943796,938,928,977
[19:06:41.965][D][ldc1314:436]: TRACE,943817,939,928,977
[19:06:41.978][D][ldc1314:436]: TRACE,943832,939,928,977
[19:06:41.995][D][ldc1314:436]: TRACE,943846,939,928,977
[19:06:42.010][D][ldc1314:436]: TRACE,943861,939,928,977
[19:06:42.024][D][ldc1314:436]: TRACE,943872,939,928,977
[19:06:42.042][D][ldc1314:436]: TRACE,943893,939,928,977
[19:06:42.149][D][ldc1314:436]: TRACE,943908,939,928,976
[19:06:42.149][D][ldc1314:436]: TRACE,943923,939,928,976
[19:06:42.149][D][ldc1314:436]: TRACE,943933,939,928,976
[19:06:42.149][D][ldc1314:436]: TRACE,943943,939,928,976
[19:06:42.149][D][ldc1314:436]: TRACE,943953,939,928,976
[19:06:42.149][D][ldc1314:436]: TRACE,943963,939,928,976
[19:06:42.149][D][ldc1314:436]: TRACE,943973,939,928,976
[19:06:42.150][D][ldc1314:436]: TRACE,943983,940,928,976
[19:06:42.151][D][ldc1314:436]: TRACE,943993,940,928,976
[19:06:42.151][D][ldc1314:436]: TRACE,944003,940,928,975
[19:06:42.167][D][ldc1314:436]: TRACE,944016,940,928,975
[19:06:42.177][D][ldc1314:436]: TRACE,944031,940,929,975
[19:06:42.194][D][ldc1314:436]: TRACE,944044,940,929,975
[19:06:42.211][D][ldc1314:436]: TRACE,944058,940,929,975
[19:06:42.219][D][ldc1314:436]: TRACE,944071,940,929,975
[19:06:42.236][D][ldc1314:436]: TRACE,944085,940,929,975
[19:06:42.251][D][ldc1314:436]: TRACE,944102,940,929,974
[19:06:42.263][D][ldc1314:436]: TRACE,944117,940,929,974
[19:06:42.284][D][ldc1314:436]: TRACE,944135,941,929,974
[19:06:42.299][D][ldc1314:436]: TRACE,944150,941,929,974
[19:06:42.314][D][ldc1314:436]: TRACE,944165,941,929,974
[19:06:42.328][D][ldc1314:436]: TRACE,944178,941,929,974
[19:06:42.342][D][ldc1314:436]: TRACE,944195,941,929,974
[19:06:42.357][D][ldc1314:436]: TRACE,944208,941,929,974
[19:06:42.372][D][ldc1314:436]: TRACE,944224,941,929,973
[19:06:42.386][D][ldc1314:436]: TRACE,944237,941,929,973
[19:06:42.417][D][ldc1314:436]: TRACE,944258,941,929,973
[19:06:42.423][D][ldc1314:436]: TRACE,944274,941,929,973
[19:06:42.434][D][ldc1314:436]: TRACE,944286,941,929,973
[19:06:42.452][D][ldc1314:436]: TRACE,944300,941,929,973
[19:06:42.463][D][ldc1314:436]: TRACE,944315,941,929,973
[19:06:42.480][D][ldc1314:436]: TRACE,944331,941,929,973
[19:06:42.494][D][ldc1314:436]: TRACE,944345,941,929,972
[19:06:42.519][D][ldc1314:436]: TRACE,944361,942,928,972
[19:06:42.529][D][ldc1314:436]: TRACE,944379,942,929,972
[19:06:42.543][D][ldc1314:436]: TRACE,944395,942,929,972
[19:06:42.559][D][ldc1314:436]: TRACE,944410,942,928,972
[19:06:42.574][D][ldc1314:436]: TRACE,944425,942,928,972
[19:06:42.670][D][ldc1314:436]: TRACE,944439,942,928,972
[19:06:42.670][D][ldc1314:436]: TRACE,944452,942,928,972
[19:06:42.670][D][ldc1314:436]: TRACE,944463,942,928,972
[19:06:42.670][D][ldc1314:436]: TRACE,944473,942,929,972
[19:06:42.670][D][ldc1314:436]: TRACE,944484,942,928,971
[19:06:42.671][D][ldc1314:436]: TRACE,944494,942,928,971
[19:06:42.671][D][ldc1314:436]: TRACE,944504,942,928,971
[19:06:42.671][D][ldc1314:436]: TRACE,944514,942,928,971
[19:06:42.671][D][ldc1314:436]: TRACE,944525,942,929,971
[19:06:42.683][D][ldc1314:436]: TRACE,944535,942,929,971
[19:06:42.701][D][ldc1314:436]: TRACE,944549,942,928,971
[19:06:42.724][D][ldc1314:436]: TRACE,944566,942,929,971
[19:06:42.725][D][ldc1314:436]: TRACE,944581,942,928,971
[19:06:42.740][D][ldc1314:436]: TRACE,944592,942,929,971
[19:06:42.754][D][ldc1314:436]: TRACE,944606,942,929,971
[19:06:42.777][D][ldc1314:436]: TRACE,944627,942,929,971
[19:06:42.790][D][ldc1314:436]: TRACE,944642,942,929,971
[19:06:42.805][D][ldc1314:436]: TRACE,944656,942,929,971
[19:06:42.826][D][ldc1314:436]: TRACE,944673,942,929,971
[19:06:42.833][D][ldc1314:436]: TRACE,944686,942,929,970
[19:06:42.849][D][ldc1314:436]: TRACE,944700,942,929,970
[19:06:42.864][D][ldc1314:436]: TRACE,944714,943,929,970
[19:06:42.882][D][ldc1314:436]: TRACE,944732,943,928,970
[19:06:42.894][D][ldc1314:436]: TRACE,944746,943,928,970
[19:06:42.909][D][ldc1314:436]: TRACE,944761,943,928,970
[19:06:42.928][D][ldc1314:436]: TRACE,944776,943,929,970
[19:06:42.937][D][ldc1314:436]: TRACE,944791,943,929,970
[19:06:42.957][D][ldc1314:436]: TRACE,944804,943,929,970
[19:06:42.974][D][ldc1314:436]: TRACE,944824,943,929,970
[19:06:42.986][D][ldc1314:436]: TRACE,944839,943,929,970
[19:06:43.007][D][ldc1314:436]: TRACE,944858,943,929,970
[19:06:43.031][D][ldc1314:436]: TRACE,944873,943,929,970
[19:06:43.036][D][ldc1314:436]: TRACE,944888,943,929,970
[19:06:43.050][D][ldc1314:436]: TRACE,944900,943,929,970
[19:06:43.066][D][ldc1314:436]: TRACE,944917,943,929,970
[19:06:43.080][D][ldc1314:436]: TRACE,944932,943,929,969
[19:06:43.097][D][ldc1314:436]: TRACE,944947,943,929,969
[19:06:43.195][D][ldc1314:436]: TRACE,944961,943,929,969
[19:06:43.196][D][ldc1314:436]: TRACE,944979,943,929,969
[19:06:43.196][D][ldc1314:436]: TRACE,944989,943,929,969
[19:06:43.196][D][ldc1314:436]: TRACE,944999,943,929,969
[19:06:43.196][D][ldc1314:436]: TRACE,945009,943,929,969
[19:06:43.196][D][ldc1314:436]: TRACE,945020,943,929,969
[19:06:43.196][D][ldc1314:436]: TRACE,945030,943,929,969
[19:06:43.196][D][ldc1314:436]: TRACE,945040,943,929,969
[19:06:43.196][D][ldc1314:436]: TRACE,945050,943,929,969
[19:06:43.210][D][ldc1314:436]: TRACE,945060,943,929,969
[19:06:43.236][D][ldc1314:436]: TRACE,945077,943,929,969
[19:06:43.243][D][ldc1314:436]: TRACE,945092,943,929,969
[19:06:43.257][D][ldc1314:436]: TRACE,945108,943,929,969
[19:06:43.271][D][ldc1314:436]: TRACE,945123,943,929,969
[19:06:43.289][D][ldc1314:436]: TRACE,945137,943,929,969
[19:06:43.300][D][ldc1314:436]: TRACE,945152,943,929,969
[19:06:43.315][D][ldc1314:436]: TRACE,945167,943,929,969
[19:06:43.337][D][ldc1314:436]: TRACE,945181,943,929,969
[19:06:43.345][D][ldc1314:436]: TRACE,945197,943,929,969
[19:06:43.359][D][ldc1314:436]: TRACE,945211,943,929,969
[19:06:43.379][D][ldc1314:436]: TRACE,945231,943,929,969
[19:06:43.396][D][ldc1314:436]: TRACE,945245,943,929,969
[19:06:43.409][D][ldc1314:436]: TRACE,945260,943,929,969
[19:06:43.423][D][ldc1314:436]: TRACE,945275,943,929,969
[19:06:43.440][D][ldc1314:436]: TRACE,945289,943,929,969
[19:06:43.453][D][ldc1314:436]: TRACE,945303,943,929,969
[19:06:43.468][D][ldc1314:436]: TRACE,945319,943,929,969
[19:06:43.488][D][ldc1314:436]: TRACE,945340,943,929,969
[19:06:43.500][D][ldc1314:436]: TRACE,945354,943,929,969
[19:06:43.515][D][ldc1314:436]: TRACE,945368,943,929,969
[19:06:43.528][D][ldc1314:436]: TRACE,945380,943,929,969
[19:06:43.546][D][ldc1314:436]: TRACE,945395,943,929,969
[19:06:43.557][D][ldc1314:436]: TRACE,945407,943,929,969
[19:06:43.575][D][ldc1314:436]: TRACE,945425,943,929,969
[19:06:43.590][D][ldc1314:436]: TRACE,945440,943,929,969
[19:06:43.608][D][ldc1314:436]: TRACE,945461,943,929,969
[19:06:43.623][D][ldc1314:436]: TRACE,945474,943,929,969
[19:06:43.718][D][ldc1314:436]: TRACE,945490,943,929,969
[19:06:43.718][D][ldc1314:436]: TRACE,945503,943,929,969
[19:06:43.721][D][ldc1314:436]: TRACE,945514,943,929,969
[19:06:43.721][D][ldc1314:436]: TRACE,945523,943,929,969
[19:06:43.721][D][ldc1314:436]: TRACE,945533,943,929,969
[19:06:43.721][D][ldc1314:436]: TRACE,945543,943,929,969
[19:06:43.721][D][ldc1314:436]: TRACE,945553,943,929,969
[19:06:43.721][D][ldc1314:436]: TRACE,945564,943,929,969
[19:06:43.729][D][ldc1314:436]: TRACE,945576,943,929,969
[19:06:43.767][D][ldc1314:436]: TRACE,945589,943,929,969
[19:06:43.768][D][ldc1314:436]: TRACE,945604,943,929,969
[19:06:43.768][D][ldc1314:436]: TRACE,945615,943,929,969
[19:06:43.780][D][ldc1314:436]: TRACE,945627,943,929,969
[19:06:43.788][D][ldc1314:436]: TRACE,945637,943,929,969
[19:06:43.801][D][ldc1314:436]: TRACE,945653,943,929,969
[19:06:43.813][D][ldc1314:436]: TRACE,945667,943,929,969
[19:06:43.829][D][ldc1314:436]: TRACE,945681,943,929,969
[19:06:43.861][D][ldc1314:436]: TRACE,945697,943,929,969
[19:06:43.872][D][ldc1314:436]: TRACE,945709,943,929,969
[19:06:43.872][D][ldc1314:436]: TRACE,945720,943,929,969
[19:06:43.882][D][ldc1314:436]: TRACE,945732,943,929,969
[19:06:43.896][D][ldc1314:436]: TRACE,945748,943,929,969
[19:06:43.909][D][ldc1314:436]: TRACE,945763,943,929,969
[19:06:43.925][D][ldc1314:436]: TRACE,945777,943,929,969
[19:06:43.939][D][ldc1314:436]: TRACE,945790,943,929,969
[19:06:43.975][D][ldc1314:436]: TRACE,945808,942,929,969
[19:06:43.975][D][ldc1314:436]: TRACE,945822,942,929,969
[19:06:43.985][D][ldc1314:436]: TRACE,945833,942,929,969
[19:06:44.006][D][ldc1314:436]: TRACE,945852,942,930,969
[19:06:44.016][D][ldc1314:436]: TRACE,945868,942,930,969
[19:06:44.028][D][ldc1314:436]: TRACE,945881,942,930,969
[19:06:44.054][D][ldc1314:436]: TRACE,945895,942,930,969
[19:06:44.065][D][ldc1314:436]: TRACE,945915,942,930,969
[19:06:44.081][D][ldc1314:436]: TRACE,945932,942,930,969
[19:06:44.096][D][ldc1314:436]: TRACE,945946,942,930,969
[19:06:44.115][D][ldc1314:436]: TRACE,945963,942,930,969
[19:06:44.129][D][ldc1314:436]: TRACE,945973,942,930,969
[19:06:44.136][D][ldc1314:436]: TRACE,945986,942,930,969
[19:06:44.243][D][ldc1314:436]: TRACE,945999,942,930,969
[19:06:44.244][D][ldc1314:436]: TRACE,946019,942,930,969
[19:06:44.244][D][ldc1314:436]: TRACE,946031,942,930,969
[19:06:44.244][D][ldc1314:436]: TRACE,946041,942,930,969
[19:06:44.244][D][ldc1314:436]: TRACE,946051,942,930,969
[19:06:44.244][D][ldc1314:436]: TRACE,946061,942,930,969
[19:06:44.244][D][ldc1314:436]: TRACE,946072,942,930,969
[19:06:44.244][D][ldc1314:436]: TRACE,946082,942,930,969
[19:06:44.244][D][ldc1314:436]: TRACE,946092,942,930,969
[19:06:44.260][D][ldc1314:436]: TRACE,946102,942,930,969
[19:06:44.261][D][ldc1314:436]: TRACE,946113,942,930,969
[19:06:44.277][D][ldc1314:436]: TRACE,946125,942,930,969
[19:06:44.291][D][ldc1314:436]: TRACE,946142,942,930,969
[19:06:44.306][D][ldc1314:436]: TRACE,946157,941,931,969
[19:06:44.325][D][ldc1314:436]: TRACE,946171,941,931,969
[19:06:44.332][D][ldc1314:436]: TRACE,946184,941,931,969
[19:06:44.344][D][ldc1314:436]: TRACE,946194,941,931,969
[19:06:44.361][D][ldc1314:436]: TRACE,946212,941,931,969
[19:06:44.373][D][ldc1314:436]: TRACE,946224,941,931,969
[19:06:44.391][D][ldc1314:436]: TRACE,946244,941,931,969
[19:06:44.405][D][ldc1314:436]: TRACE,946258,941,931,969
[19:06:44.421][D][ldc1314:436]: TRACE,946273,941,931,969
[19:06:44.435][D][ldc1314:436]: TRACE,946287,941,931,969
[19:06:44.451][D][ldc1314:436]: TRACE,946302,941,931,969
[19:06:44.466][D][ldc1314:436]: TRACE,946317,941,931,969
[19:06:44.480][D][ldc1314:436]: TRACE,946329,941,931,969
[19:06:44.500][D][ldc1314:436]: TRACE,946351,940,932,969
[19:06:44.518][D][ldc1314:436]: TRACE,946366,940,932,969
[19:06:44.529][D][ldc1314:436]: TRACE,946381,940,932,969
[19:06:44.544][D][ldc1314:436]: TRACE,946395,940,932,969
[19:06:44.565][D][ldc1314:436]: TRACE,946411,940,932,969
[19:06:44.572][D][ldc1314:436]: TRACE,946425,940,932,969
[19:06:44.588][D][ldc1314:436]: TRACE,946440,940,932,969
[19:06:44.603][D][ldc1314:436]: TRACE,946455,940,932,969
[19:06:44.624][D][ldc1314:436]: TRACE,946475,940,932,969
[19:06:44.638][D][ldc1314:436]: TRACE,946490,940,932,969
[19:06:44.654][D][ldc1314:436]: TRACE,946505,939,932,969
[19:06:44.668][D][ldc1314:436]: TRACE,946522,939,933,969
[19:06:44.770][D][ldc1314:436]: TRACE,946532,939,933,969
[19:06:44.770][D][ldc1314:436]: TRACE,946548,939,933,969
[19:06:44.770][D][ldc1314:436]: TRACE,946557,939,933,969
[19:06:44.770][D][ldc1314:436]: TRACE,946567,939,933,969
[19:06:44.770][D][ldc1314:436]: TRACE,946577,939,933,969
[19:06:44.773][D][ldc1314:436]: TRACE,946589,939,933,969
[19:06:44.773][D][ldc1314:436]: TRACE,946599,939,933,969
[19:06:44.773][D][ldc1314:436]: TRACE,946609,939,933,969
[19:06:44.773][D][ldc1314:436]: TRACE,946619,939,933,969
[19:06:44.780][D][ldc1314:436]: TRACE,946630,939,933,969
[19:06:44.807][D][ldc1314:436]: TRACE,946647,938,933,969
[19:06:44.814][D][ldc1314:436]: TRACE,946657,938,933,969
[19:06:44.814][D][ldc1314:436]: TRACE,946670,938,933,969
[19:06:44.830][D][ldc1314:436]: TRACE,946681,938,934,969
[19:06:44.846][D][ldc1314:436]: TRACE,946698,938,934,969
[19:06:44.861][D][ldc1314:436]: TRACE,946712,938,934,969
[19:06:44.877][D][ldc1314:436]: TRACE,946729,938,934,969
[19:06:44.889][D][ldc1314:436]: TRACE,946741,938,934,969
[19:06:44.905][D][ldc1314:436]: TRACE,946756,938,934,969
[19:06:44.922][D][ldc1314:436]: TRACE,946772,938,934,969
[19:06:44.935][D][ldc1314:436]: TRACE,946787,938,934,969
[19:06:44.952][D][ldc1314:436]: TRACE,946804,937,934,969
[19:06:44.974][D][ldc1314:436]: TRACE,946818,937,935,969
[19:06:44.980][D][ldc1314:436]: TRACE,946837,937,935,969
[19:06:44.995][D][ldc1314:436]: TRACE,946847,937,935,969
[19:06:45.009][D][ldc1314:436]: TRACE,946861,937,935,969
[19:06:45.026][D][ldc1314:436]: TRACE,946876,937,935,969
[19:06:45.040][D][ldc1314:436]: TRACE,946891,937,935,969
[19:06:45.055][D][ldc1314:436]: TRACE,946906,937,935,969
[19:06:45.078][D][ldc1314:436]: TRACE,946924,937,936,969
[19:06:45.093][D][ldc1314:436]: TRACE,946940,936,936,969
[19:06:45.104][D][ldc1314:436]: TRACE,946955,936,936,969
[19:06:45.122][D][ldc1314:436]: TRACE,946970,936,936,969
[19:06:45.134][D][ldc1314:436]: TRACE,946985,936,936,969
[19:06:45.146][D][ldc1314:436]: TRACE,947000,936,936,969
[19:06:45.161][D][ldc1314:436]: TRACE,947012,936,936,969
[19:06:45.184][D][ldc1314:436]: TRACE,947033,936,936,969
[19:06:45.192][D][ldc1314:436]: TRACE,947042,936,936,969
[19:06:45.292][D][ldc1314:436]: TRACE,947059,936,936,969
[19:06:45.292][D][ldc1314:436]: TRACE,947071,936,937,969
[19:06:45.292][D][ldc1314:436]: TRACE,947082,936,937,969
[19:06:45.293][D][ldc1314:436]: TRACE,947093,936,937,969
[19:06:45.293][D][ldc1314:436]: TRACE,947103,936,937,969
[19:06:45.293][D][ldc1314:436]: TRACE,947113,935,937,969
[19:06:45.293][D][ldc1314:436]: TRACE,947123,935,937,969
[19:06:45.293][D][ldc1314:436]: TRACE,947134,935,937,969
[19:06:45.300][D][ldc1314:436]: TRACE,947146,935,937,969
[19:06:45.308][D][ldc1314:436]: TRACE,947157,935,937,969
[19:06:45.320][D][ldc1314:436]: TRACE,947170,935,937,969
[19:06:45.337][D][ldc1314:436]: TRACE,947188,935,937,969
[19:06:45.348][D][ldc1314:436]: TRACE,947202,935,937,969
[19:06:45.362][D][ldc1314:436]: TRACE,947215,935,938,969
[19:06:45.388][D][ldc1314:436]: TRACE,947229,935,938,969
[19:06:45.388][D][ldc1314:436]: TRACE,947242,935,938,969
[19:06:45.401][D][ldc1314:436]: TRACE,947254,935,938,969
[19:06:45.422][D][ldc1314:436]: TRACE,947271,935,938,969
[19:06:45.436][D][ldc1314:436]: TRACE,947287,935,938,969
[19:06:45.449][D][ldc1314:436]: TRACE,947302,934,938,969
[19:06:45.464][D][ldc1314:436]: TRACE,947316,934,938,969
[19:06:45.487][D][ldc1314:436]: TRACE,947331,934,938,969
[19:06:45.493][D][ldc1314:436]: TRACE,947346,934,938,969
[19:06:45.506][D][ldc1314:436]: TRACE,947359,934,938,969
[19:06:45.527][D][ldc1314:436]: TRACE,947378,934,938,969
[19:06:45.543][D][ldc1314:436]: TRACE,947392,934,939,969
[19:06:45.557][D][ldc1314:436]: TRACE,947407,934,939,969
[19:06:45.571][D][ldc1314:436]: TRACE,947422,934,939,969
[19:06:45.591][D][ldc1314:436]: TRACE,947437,934,939,969
[19:06:45.597][D][ldc1314:436]: TRACE,947450,934,939,969
[19:06:45.612][D][ldc1314:436]: TRACE,947465,934,939,969
[19:06:45.627][D][ldc1314:436]: TRACE,947480,934,939,969
[19:06:45.646][D][ldc1314:436]: TRACE,947500,934,939,969
[19:06:45.662][D][ldc1314:436]: TRACE,947512,934,939,969
[19:06:45.680][D][ldc1314:436]: TRACE,947528,934,939,969
[19:06:45.692][D][ldc1314:436]: TRACE,947543,934,939,969
[19:06:45.705][D][ldc1314:436]: TRACE,947553,934,939,969
[19:06:45.719][D][ldc1314:436]: TRACE,947570,934,939,969
[19:06:45.817][D][ldc1314:436]: TRACE,947586,933,939,969
[19:06:45.817][D][ldc1314:436]: TRACE,947602,933,940,969
[19:06:45.817][D][ldc1314:436]: TRACE,947613,933,940,969
[19:06:45.817][D][ldc1314:436]: TRACE,947623,933,940,969
[19:06:45.817][D][ldc1314:436]: TRACE,947633,933,940,969
[19:06:45.819][D][ldc1314:436]: TRACE,947643,933,940,969
[19:06:45.819][D][ldc1314:436]: TRACE,947653,933,940,969
[19:06:45.819][D][ldc1314:436]: TRACE,947663,933,940,969
[19:06:45.819][D][ldc1314:436]: TRACE,947674,933,940,969
[19:06:45.837][D][ldc1314:436]: TRACE,947686,933,940,969
[19:06:45.856][D][ldc1314:436]: TRACE,947706,933,940,969
[19:06:45.870][D][ldc1314:436]: TRACE,947721,933,940,969
[19:06:45.882][D][ldc1314:436]: TRACE,947736,933,940,969
[19:06:45.898][D][ldc1314:436]: TRACE,947750,933,940,969
[19:06:45.910][D][ldc1314:436]: TRACE,947761,933,940,969
[19:06:45.927][D][ldc1314:436]: TRACE,947776,933,940,969
[19:06:45.943][D][ldc1314:436]: TRACE,947793,933,940,969
[19:06:45.956][D][ldc1314:436]: TRACE,947808,933,940,969
[19:06:45.980][D][ldc1314:436]: TRACE,947824,933,940,969
[19:06:45.998][D][ldc1314:436]: TRACE,947845,933,940,969
[19:06:46.010][D][ldc1314:436]: TRACE,947860,933,940,969
[19:06:46.025][D][ldc1314:436]: TRACE,947876,933,940,969
[19:06:46.040][D][ldc1314:436]: TRACE,947891,933,940,969
[19:06:46.056][D][ldc1314:436]: TRACE,947907,933,940,969
[19:06:46.070][D][ldc1314:436]: TRACE,947922,933,940,969
[19:06:46.087][D][ldc1314:436]: TRACE,947940,933,940,969
[19:06:46.104][D][ldc1314:436]: TRACE,947953,933,940,969
[19:06:46.117][D][ldc1314:436]: TRACE,947965,933,940,969
[19:06:46.133][D][ldc1314:436]: TRACE,947983,933,940,969
[19:06:46.148][D][ldc1314:436]: TRACE,947999,933,940,969
[19:06:46.158][D][ldc1314:436]: TRACE,948012,933,940,969
[19:06:46.172][D][ldc1314:436]: TRACE,948026,933,940,969
[19:06:46.203][D][ldc1314:436]: TRACE,948043,933,940,969
[19:06:46.211][D][ldc1314:436]: TRACE,948059,933,940,969
[19:06:46.221][D][ldc1314:436]: TRACE,948071,933,940,969
[19:06:46.236][D][ldc1314:436]: TRACE,948087,933,940,969
[19:06:46.340][D][ldc1314:436]: TRACE,948103,933,940,969
[19:06:46.341][D][ldc1314:436]: TRACE,948118,933,941,969
[19:06:46.341][D][ldc1314:436]: TRACE,948128,933,941,969
[19:06:46.341][D][ldc1314:436]: TRACE,948138,933,941,969
[19:06:46.341][D][ldc1314:436]: TRACE,948149,933,941,969
[19:06:46.341][D][ldc1314:436]: TRACE,948160,933,941,969
[19:06:46.342][D][ldc1314:436]: TRACE,948170,933,941,969
[19:06:46.342][D][ldc1314:436]: TRACE,948180,933,941,969
[19:06:46.346][D][ldc1314:436]: TRACE,948190,933,941,969
[19:06:46.346][D][ldc1314:436]: TRACE,948200,933,941,969
[19:06:46.363][D][ldc1314:436]: TRACE,948213,933,941,969
[19:06:46.375][D][ldc1314:436]: TRACE,948228,933,941,969
[19:06:46.389][D][ldc1314:436]: TRACE,948242,933,941,969
[19:06:46.413][D][ldc1314:436]: TRACE,948262,932,941,969
[19:06:46.421][D][ldc1314:436]: TRACE,948271,932,941,969
[19:06:46.436][D][ldc1314:436]: TRACE,948287,933,941,969
[19:06:46.452][D][ldc1314:436]: TRACE,948302,933,941,969
[19:06:46.468][D][ldc1314:436]: TRACE,948320,932,941,969
[19:06:46.482][D][ldc1314:436]: TRACE,948333,933,941,969
[19:06:46.498][D][ldc1314:436]: TRACE,948348,932,941,969
[19:06:46.509][D][ldc1314:436]: TRACE,948363,932,941,969
[19:06:46.531][D][ldc1314:436]: TRACE,948382,932,941,969
[19:06:46.544][D][ldc1314:436]: TRACE,948397,932,941,969
[19:06:46.561][D][ldc1314:436]: TRACE,948412,932,941,969
[19:06:46.573][D][ldc1314:436]: TRACE,948426,932,941,969
[19:06:46.592][D][ldc1314:436]: TRACE,948441,932,941,969
[19:06:46.612][D][ldc1314:436]: TRACE,948455,932,941,969
[19:06:46.622][D][ldc1314:436]: TRACE,948470,932,941,969
[19:06:46.630][D][ldc1314:436]: TRACE,948481,932,941,969
[19:06:46.647][D][ldc1314:436]: TRACE,948498,932,941,969
[19:06:46.661][D][ldc1314:436]: TRACE,948514,932,941,969
[19:06:46.675][D][ldc1314:436]: TRACE,948527,932,941,969
[19:06:46.694][D][ldc1314:436]: TRACE,948543,932,941,969
[19:06:46.714][D][ldc1314:436]: TRACE,948559,932,941,969
[19:06:46.723][D][ldc1314:436]: TRACE,948575,932,941,969
[19:06:46.735][D][ldc1314:436]: TRACE,948585,932,940,969
[19:06:46.755][D][ldc1314:436]: TRACE,948605,932,940,969
[19:06:46.771][D][ldc1314:436]: TRACE,948621,932,940,969
[19:06:46.864][D][ldc1314:436]: TRACE,948636,932,940,969
[19:06:46.864][D][ldc1314:436]: TRACE,948649,932,940,969
[19:06:46.867][D][ldc1314:436]: TRACE,948659,932,940,969
[19:06:46.867][D][ldc1314:436]: TRACE,948669,932,940,969
[19:06:46.867][D][ldc1314:436]: TRACE,948679,932,940,969
[19:06:46.867][D][ldc1314:436]: TRACE,948690,932,940,969
[19:06:46.867][D][ldc1314:436]: TRACE,948700,932,940,969
[19:06:46.875][D][ldc1314:436]: TRACE,948711,932,940,969
[19:06:46.876][D][ldc1314:436]: TRACE,948722,932,940,969
[19:06:46.882][D][ldc1314:436]: TRACE,948732,932,940,969
[19:06:46.894][D][ldc1314:436]: TRACE,948746,932,940,969
[19:06:46.920][D][ldc1314:436]: TRACE,948761,932,940,969
[19:06:46.925][D][ldc1314:436]: TRACE,948775,932,940,969
[19:06:46.936][D][ldc1314:436]: TRACE,948785,932,940,969
[19:06:46.953][D][ldc1314:436]: TRACE,948804,932,940,969
[19:06:46.977][D][ldc1314:436]: TRACE,948824,932,940,970
[19:06:46.992][D][ldc1314:436]: TRACE,948844,932,940,970
[19:06:47.007][D][ldc1314:436]: TRACE,948859,932,940,970
[19:06:47.025][D][ldc1314:436]: TRACE,948873,932,940,970
[19:06:47.033][D][ldc1314:436]: TRACE,948883,932,940,970
[19:06:47.045][D][ldc1314:436]: TRACE,948899,932,940,970
[19:06:47.060][D][ldc1314:436]: TRACE,948911,932,940,970
[19:06:47.079][D][ldc1314:436]: TRACE,948932,932,940,970
[19:06:47.095][D][ldc1314:436]: TRACE,948946,932,940,970
[19:06:47.112][D][ldc1314:436]: TRACE,948961,932,940,970
[19:06:47.126][D][ldc1314:436]: TRACE,948975,932,940,970
[19:06:47.136][D][ldc1314:436]: TRACE,948988,932,940,970
[19:06:47.153][D][ldc1314:436]: TRACE,949004,932,940,970
[19:06:47.168][D][ldc1314:436]: TRACE,949019,932,940,970
[19:06:47.188][D][ldc1314:436]: TRACE,949038,932,940,970
[19:06:47.203][D][ldc1314:436]: TRACE,949054,932,940,970
[19:06:47.227][D][ldc1314:436]: TRACE,949069,932,939,970
[19:06:47.231][D][ldc1314:436]: TRACE,949084,932,939,970
[19:06:47.251][D][ldc1314:436]: TRACE,949098,932,939,970
[19:06:47.262][D][ldc1314:436]: TRACE,949113,932,939,971
[19:06:47.276][D][ldc1314:436]: TRACE,949127,932,939,971
[19:06:47.294][D][ldc1314:436]: TRACE,949145,932,939,971
[19:06:47.388][D][ldc1314:436]: TRACE,949159,932,939,971
[19:06:47.389][D][ldc1314:436]: TRACE,949172,932,939,971
[19:06:47.389][D][ldc1314:436]: TRACE,949182,932,939,971
[19:06:47.389][D][ldc1314:436]: TRACE,949192,932,939,971
[19:06:47.389][D][ldc1314:436]: TRACE,949203,932,939,971
[19:06:47.389][D][ldc1314:436]: TRACE,949213,932,939,971
[19:06:47.389][D][ldc1314:436]: TRACE,949223,932,939,971
[19:06:47.390][D][ldc1314:436]: TRACE,949233,932,939,971
[19:06:47.390][D][ldc1314:436]: TRACE,949244,932,939,971
[19:06:47.403][D][ldc1314:436]: TRACE,949255,932,939,971
[19:06:47.416][D][ldc1314:436]: TRACE,949270,932,939,971
[19:06:47.434][D][ldc1314:436]: TRACE,949282,932,939,971
[19:06:47.445][D][ldc1314:436]: TRACE,949294,932,939,971
[19:06:47.461][D][ldc1314:436]: TRACE,949311,932,938,972
[19:06:47.480][D][ldc1314:436]: TRACE,949326,932,938,972
[19:06:47.491][D][ldc1314:436]: TRACE,949341,932,938,972
[19:06:47.499][D][ldc1314:436]: TRACE,949353,932,938,972
[19:06:47.516][D][ldc1314:436]: TRACE,949368,932,938,972
[19:06:47.534][D][ldc1314:436]: TRACE,949383,932,938,972
[19:06:47.545][D][ldc1314:436]: TRACE,949395,932,938,972
[19:06:47.557][D][ldc1314:436]: TRACE,949410,932,938,972
[19:06:47.572][D][ldc1314:436]: TRACE,949423,932,938,973
[19:06:47.587][D][ldc1314:436]: TRACE,949438,932,938,973
[19:06:47.603][D][ldc1314:436]: TRACE,949455,932,938,973
[19:06:47.614][D][ldc1314:436]: TRACE,949467,932,938,973
[19:06:47.635][D][ldc1314:436]: TRACE,949485,932,938,973
[19:06:47.647][D][ldc1314:436]: TRACE,949500,932,937,973
[19:06:47.661][D][ldc1314:436]: TRACE,949515,932,937,973
[19:06:47.680][D][ldc1314:436]: TRACE,949527,932,937,973
[19:06:47.692][D][ldc1314:436]: TRACE,949541,932,937,973
[19:06:47.703][D][ldc1314:436]: TRACE,949556,932,937,973
[19:06:47.717][D][ldc1314:436]: TRACE,949569,932,937,974
[19:06:47.738][D][ldc1314:436]: TRACE,949584,932,937,974
[19:06:47.748][D][ldc1314:436]: TRACE,949598,932,937,974
[19:06:47.764][D][ldc1314:436]: TRACE,949613,932,937,974
[19:06:47.778][D][ldc1314:436]: TRACE,949629,932,937,974
[19:06:47.790][D][ldc1314:436]: TRACE,949641,932,937,974
[19:06:47.805][D][ldc1314:436]: TRACE,949656,932,936,974
[19:06:47.820][D][ldc1314:436]: TRACE,949671,932,936,975
[19:06:47.915][D][ldc1314:436]: TRACE,949686,932,936,975
[19:06:47.915][D][ldc1314:436]: TRACE,949699,932,936,975
[19:06:47.916][D][ldc1314:436]: TRACE,949712,932,936,975
[19:06:47.916][D][ldc1314:436]: TRACE,949722,932,936,975
[19:06:47.916][D][ldc1314:436]: TRACE,949732,932,936,975
[19:06:47.916][D][ldc1314:436]: TRACE,949742,932,936,975
[19:06:47.923][D][ldc1314:436]: TRACE,949752,932,936,975
[19:06:47.924][D][ldc1314:436]: TRACE,949762,932,936,976
[19:06:47.924][D][ldc1314:436]: TRACE,949773,932,935,976
[19:06:47.943][D][ldc1314:436]: TRACE,949784,932,935,976
[19:06:47.949][D][ldc1314:436]: TRACE,949799,932,935,976
[19:06:47.962][D][ldc1314:436]: TRACE,949809,932,935,976
[19:06:47.988][D][ldc1314:436]: TRACE,949832,932,935,976
[19:06:48.004][D][ldc1314:436]: TRACE,949854,932,935,977
[19:06:48.018][D][ldc1314:436]: TRACE,949869,932,935,977
[19:06:48.032][D][ldc1314:436]: TRACE,949882,932,935,977
[19:06:48.050][D][ldc1314:436]: TRACE,949900,932,935,977
[19:06:48.060][D][ldc1314:436]: TRACE,949909,932,935,977
[19:06:48.075][D][ldc1314:436]: TRACE,949927,932,934,977
[19:06:48.089][D][ldc1314:436]: TRACE,949941,932,934,977
[19:06:48.108][D][ldc1314:436]: TRACE,949961,932,934,978
[19:06:48.125][D][ldc1314:436]: TRACE,949975,932,934,978
[19:06:48.147][D][ldc1314:436]: TRACE,949991,932,934,978
[19:06:48.156][D][ldc1314:436]: TRACE,950010,932,934,978
[19:06:48.171][D][ldc1314:436]: TRACE,950022,932,934,978
[19:06:48.183][D][ldc1314:436]: TRACE,950037,932,934,978
[19:06:48.199][D][ldc1314:436]: TRACE,950051,932,934,979
[19:06:48.221][D][ldc1314:436]: TRACE,950070,932,933,979
[19:06:48.235][D][ldc1314:436]: TRACE,950088,932,933,979
[19:06:48.254][D][ldc1314:436]: TRACE,950101,932,933,979
[19:06:48.264][D][ldc1314:436]: TRACE,950113,932,933,979
[19:06:48.286][D][ldc1314:436]: TRACE,950131,932,933,979
[19:06:48.293][D][ldc1314:436]: TRACE,950147,932,933,980
[19:06:48.308][D][ldc1314:436]: TRACE,950159,932,933,980
[19:06:48.327][D][ldc1314:436]: TRACE,950177,932,933,980
[19:06:48.438][D][ldc1314:436]: TRACE,950193,932,933,980
[19:06:48.438][D][ldc1314:436]: TRACE,950208,932,932,980
[19:06:48.438][D][ldc1314:436]: TRACE,950220,932,932,980
[19:06:48.438][D][ldc1314:436]: TRACE,950231,932,932,980
[19:06:48.438][D][ldc1314:436]: TRACE,950241,932,932,980
[19:06:48.438][D][ldc1314:436]: TRACE,950251,932,932,980
[19:06:48.438][D][ldc1314:436]: TRACE,950261,932,932,980
[19:06:48.438][D][ldc1314:436]: TRACE,950271,932,932,980
[19:06:48.456][D][ldc1314:436]: TRACE,950282,932,932,981
[19:06:48.456][D][ldc1314:436]: TRACE,950292,932,932,981
[19:06:48.460][D][ldc1314:436]: TRACE,950302,932,932,981
[19:06:48.460][D][ldc1314:436]: TRACE,950316,932,932,981
[19:06:48.480][D][ldc1314:436]: TRACE,950329,932,932,981
[19:06:48.489][D][ldc1314:436]: TRACE,950343,932,932,981
[19:06:48.503][D][ldc1314:436]: TRACE,950355,932,932,981
[19:06:48.518][D][ldc1314:436]: TRACE,950369,932,932,981
[19:06:48.530][D][ldc1314:436]: TRACE,950384,932,931,981
[19:06:48.557][D][ldc1314:436]: TRACE,950401,932,931,981
[19:06:48.563][D][ldc1314:436]: TRACE,950414,932,931,982
[19:06:48.581][D][ldc1314:436]: TRACE,950427,932,931,982
[19:06:48.591][D][ldc1314:436]: TRACE,950443,932,931,982
[19:06:48.606][D][ldc1314:436]: TRACE,950458,932,931,982
[19:06:48.627][D][ldc1314:436]: TRACE,950470,932,931,982
[19:06:48.634][D][ldc1314:436]: TRACE,950485,932,931,982
[19:06:48.648][D][ldc1314:436]: TRACE,950495,932,931,982
[19:06:48.665][D][ldc1314:436]: TRACE,950515,932,931,982
[19:06:48.679][D][ldc1314:436]: TRACE,950528,932,931,982
[19:06:48.718][D][ldc1314:436]: TRACE,950561,932,930,982
[19:06:48.721][D][ldc1314:436]: TRACE,950574,932,930,982
[19:06:48.739][D][ldc1314:436]: TRACE,950586,932,930,982
[19:06:48.748][D][ldc1314:436]: TRACE,950601,932,930,982
[19:06:48.764][D][ldc1314:436]: TRACE,950616,932,930,983
[19:06:48.777][D][ldc1314:436]: TRACE,950630,932,930,983
[19:06:48.796][D][ldc1314:436]: TRACE,950648,932,930,983
[19:06:48.811][D][ldc1314:436]: TRACE,950663,932,930,983
[19:06:48.825][D][ldc1314:436]: TRACE,950677,932,930,983
[19:06:48.839][D][ldc1314:436]: TRACE,950692,932,930,983
[19:06:48.864][D][ldc1314:436]: TRACE,950706,932,930,983
[19:06:48.963][D][ldc1314:436]: TRACE,950722,932,930,983
[19:06:48.963][D][ldc1314:436]: TRACE,950734,932,930,983
[19:06:48.963][D][ldc1314:436]: TRACE,950747,932,930,983
[19:06:48.963][D][ldc1314:436]: TRACE,950757,932,930,983
[19:06:48.963][D][ldc1314:436]: TRACE,950767,932,930,983
[19:06:48.964][D][ldc1314:436]: TRACE,950777,932,930,983
[19:06:48.964][D][ldc1314:436]: TRACE,950787,932,930,983
[19:06:48.970][D][ldc1314:436]: TRACE,950797,932,930,983
[19:06:48.970][D][ldc1314:436]: TRACE,950808,932,930,983
[19:06:48.970][D][ldc1314:436]: TRACE,950819,932,930,983
[19:06:48.979][D][ldc1314:436]: TRACE,950829,932,930,983
[19:06:48.999][D][ldc1314:436]: TRACE,950846,932,930,983
[19:06:49.019][D][ldc1314:436]: TRACE,950870,932,929,983
[19:06:49.031][D][ldc1314:436]: TRACE,950884,932,929,983
[19:06:49.046][D][ldc1314:436]: TRACE,950897,932,929,983
[19:06:49.068][D][ldc1314:436]: TRACE,950914,932,929,983
[19:06:49.074][D][ldc1314:436]: TRACE,950926,932,929,983
[19:06:49.091][D][ldc1314:436]: TRACE,950940,932,929,984
[19:06:49.103][D][ldc1314:436]: TRACE,950954,932,929,984
[19:06:49.123][D][ldc1314:436]: TRACE,950973,932,929,984
[19:06:49.137][D][ldc1314:436]: TRACE,950988,932,929,984
[19:06:49.152][D][ldc1314:436]: TRACE,951003,932,929,984
[19:06:49.172][D][ldc1314:436]: TRACE,951020,932,929,984
[19:06:49.182][D][ldc1314:436]: TRACE,951034,932,929,984
[19:06:49.199][D][ldc1314:436]: TRACE,951050,932,929,984
[19:06:49.214][D][ldc1314:436]: TRACE,951065,932,929,984
[19:06:49.233][D][ldc1314:436]: TRACE,951086,932,929,984
[19:06:49.247][D][ldc1314:436]: TRACE,951098,932,929,984
[19:06:49.262][D][ldc1314:436]: TRACE,951115,932,929,984
[19:06:49.275][D][ldc1314:436]: TRACE,951129,932,929,984
[19:06:49.290][D][ldc1314:436]: TRACE,951142,932,929,984
[19:06:49.305][D][ldc1314:436]: TRACE,951156,932,929,984
[19:06:49.323][D][ldc1314:436]: TRACE,951171,933,929,984
[19:06:49.332][D][ldc1314:436]: TRACE,951186,932,929,984
[19:06:49.350][D][ldc1314:436]: TRACE,951201,933,929,984
[19:06:49.376][D][ldc1314:436]: TRACE,951216,932,929,984
[19:06:49.382][D][ldc1314:436]: TRACE,951231,933,929,984
[19:06:49.394][D][ldc1314:436]: TRACE,951243,933,929,984
[19:06:49.486][D][ldc1314:436]: TRACE,951259,933,929,984
[19:06:49.487][D][ldc1314:436]: TRACE,951272,933,929,984
[19:06:49.487][D][ldc1314:436]: TRACE,951282,933,929,984
[19:06:49.487][D][ldc1314:436]: TRACE,951292,933,929,984
[19:06:49.487][D][ldc1314:436]: TRACE,951304,933,929,984
[19:06:49.487][D][ldc1314:436]: TRACE,951314,933,929,984
[19:06:49.487][D][ldc1314:436]: TRACE,951324,933,929,984
[19:06:49.487][D][ldc1314:436]: TRACE,951334,933,929,984
[19:06:49.495][D][ldc1314:436]: TRACE,951347,933,929,984
[19:06:49.510][D][ldc1314:436]: TRACE,951361,933,929,984
[19:06:49.525][D][ldc1314:436]: TRACE,951376,933,929,984
[19:06:49.538][D][ldc1314:436]: TRACE,951391,933,929,984
[19:06:49.556][D][ldc1314:436]: TRACE,951410,933,929,984
[19:06:49.580][D][ldc1314:436]: TRACE,951424,933,929,984
[19:06:49.587][D][ldc1314:436]: TRACE,951439,933,929,984
[19:06:49.600][D][ldc1314:436]: TRACE,951449,933,929,984
[19:06:49.615][D][ldc1314:436]: TRACE,951464,933,929,984
[19:06:49.627][D][ldc1314:436]: TRACE,951481,933,929,984
[19:06:49.640][D][ldc1314:436]: TRACE,951493,933,929,984
[19:06:49.651][D][ldc1314:436]: TRACE,951505,933,929,984
[19:06:49.665][D][ldc1314:436]: TRACE,951518,933,929,984
[19:06:49.689][D][ldc1314:436]: TRACE,951536,933,929,984
[19:06:49.697][D][ldc1314:436]: TRACE,951546,933,929,984
[19:06:49.709][D][ldc1314:436]: TRACE,951559,933,929,984
[19:06:49.724][D][ldc1314:436]: TRACE,951577,933,929,984
[19:06:49.738][D][ldc1314:436]: TRACE,951591,933,929,984
[19:06:49.753][D][ldc1314:436]: TRACE,951605,933,929,984
[19:06:49.769][D][ldc1314:436]: TRACE,951620,933,929,984
[19:06:49.785][D][ldc1314:436]: TRACE,951635,933,929,984
[19:06:49.794][D][ldc1314:436]: TRACE,951649,933,929,984
[19:06:49.812][D][ldc1314:436]: TRACE,951663,933,929,984
[19:06:49.827][D][ldc1314:436]: TRACE,951679,933,929,984
[19:06:49.843][D][ldc1314:436]: TRACE,951695,933,929,984
[19:06:49.858][D][ldc1314:436]: TRACE,951710,933,929,984
[19:06:49.877][D][ldc1314:436]: TRACE,951725,933,929,984
[19:06:49.889][D][ldc1314:436]: TRACE,951743,933,929,984
[19:06:49.904][D][ldc1314:436]: TRACE,951756,933,928,984
[19:06:50.011][D][ldc1314:436]: TRACE,951773,933,928,983
[19:06:50.012][D][ldc1314:436]: TRACE,951789,933,929,983
[19:06:50.012][D][ldc1314:436]: TRACE,951798,933,928,983
[19:06:50.012][D][ldc1314:436]: TRACE,951808,933,929,983
[19:06:50.012][D][ldc1314:436]: TRACE,951818,933,928,983
[19:06:50.012][D][ldc1314:436]: TRACE,951828,933,928,983
[19:06:50.012][D][ldc1314:436]: TRACE,951838,933,928,983
[19:06:50.019][D][ldc1314:436]: TRACE,951848,933,928,983
[19:06:50.019][D][ldc1314:436]: TRACE,951862,933,928,983
[19:06:50.019][D][ldc1314:436]: TRACE,951872,933,928,983
[19:06:50.039][D][ldc1314:436]: TRACE,951889,934,928,983
[19:06:50.049][D][ldc1314:436]: TRACE,951903,934,928,983
[19:06:50.061][D][ldc1314:436]: TRACE,951915,934,928,983
[19:06:50.076][D][ldc1314:436]: TRACE,951929,934,928,983
[19:06:50.091][D][ldc1314:436]: TRACE,951942,934,928,983
[19:06:50.104][D][ldc1314:436]: TRACE,951956,934,928,983
[19:06:50.120][D][ldc1314:436]: TRACE,951972,934,928,983
[19:06:50.133][D][ldc1314:436]: TRACE,951987,934,928,983
[19:06:50.154][D][ldc1314:436]: TRACE,952003,934,928,983
[19:06:50.167][D][ldc1314:436]: TRACE,952019,934,928,983
[19:06:50.183][D][ldc1314:436]: TRACE,952034,934,928,983
[19:06:50.194][D][ldc1314:436]: TRACE,952049,934,928,983
[19:06:50.209][D][ldc1314:436]: TRACE,952059,934,928,983
[19:06:50.224][D][ldc1314:436]: TRACE,952077,934,928,982
[19:06:50.242][D][ldc1314:436]: TRACE,952089,934,928,982
[19:06:50.259][D][ldc1314:436]: TRACE,952109,934,928,982
[19:06:50.268][D][ldc1314:436]: TRACE,952122,934,928,982
[19:06:50.285][D][ldc1314:436]: TRACE,952135,934,928,982
[19:06:50.297][D][ldc1314:436]: TRACE,952149,935,928,982
[19:06:50.310][D][ldc1314:436]: TRACE,952162,935,928,982
[19:06:50.326][D][ldc1314:436]: TRACE,952176,935,928,982
[19:06:50.344][D][ldc1314:436]: TRACE,952192,935,928,982
[19:06:50.352][D][ldc1314:436]: TRACE,952206,935,928,982
[19:06:50.371][D][ldc1314:436]: TRACE,952221,935,928,982
[19:06:50.384][D][ldc1314:436]: TRACE,952237,935,928,982
[19:06:50.402][D][ldc1314:436]: TRACE,952252,935,928,982
[19:06:50.412][D][ldc1314:436]: TRACE,952262,935,928,982
[19:06:50.427][D][ldc1314:436]: TRACE,952280,935,928,981
[19:06:50.440][D][ldc1314:436]: TRACE,952295,935,928,981
[19:06:50.534][D][ldc1314:436]: TRACE,952308,935,928,981
[19:06:50.534][D][ldc1314:436]: TRACE,952321,936,928,981
[19:06:50.535][D][ldc1314:436]: TRACE,952333,936,928,981
[19:06:50.535][D][ldc1314:436]: TRACE,952344,936,928,981
[19:06:50.535][D][ldc1314:436]: TRACE,952355,936,928,981
[19:06:50.535][D][ldc1314:436]: TRACE,952365,936,928,981
[19:06:50.542][D][ldc1314:436]: TRACE,952375,936,928,981
[19:06:50.542][D][ldc1314:436]: TRACE,952385,936,928,981
[19:06:50.551][D][ldc1314:436]: TRACE,952395,936,928,981
[19:06:50.560][D][ldc1314:436]: TRACE,952408,936,928,981
[19:06:50.574][D][ldc1314:436]: TRACE,952424,936,928,980
[19:06:50.590][D][ldc1314:436]: TRACE,952439,936,928,980
[19:06:50.609][D][ldc1314:436]: TRACE,952459,936,928,980
[19:06:50.623][D][ldc1314:436]: TRACE,952469,936,928,980
[19:06:50.638][D][ldc1314:436]: TRACE,952489,936,928,980
[19:06:50.656][D][ldc1314:436]: TRACE,952504,937,928,980
[19:06:50.667][D][ldc1314:436]: TRACE,952519,937,928,980
[19:06:50.680][D][ldc1314:436]: TRACE,952531,937,928,980
[19:06:50.706][D][ldc1314:436]: TRACE,952546,937,928,979
[19:06:50.715][D][ldc1314:436]: TRACE,952565,937,928,979
[19:06:50.729][D][ldc1314:436]: TRACE,952580,937,928,979
[19:06:50.743][D][ldc1314:436]: TRACE,952595,937,928,979
[19:06:50.759][D][ldc1314:436]: TRACE,952609,937,928,979
[19:06:50.771][D][ldc1314:436]: TRACE,952624,937,928,979
[19:06:50.786][D][ldc1314:436]: TRACE,952639,938,928,978
[19:06:50.808][D][ldc1314:436]: TRACE,952654,938,928,978
[19:06:50.815][D][ldc1314:436]: TRACE,952666,938,928,978
[19:06:50.833][D][ldc1314:436]: TRACE,952686,938,928,978
[19:06:50.849][D][ldc1314:436]: TRACE,952700,938,928,978
[19:06:50.862][D][ldc1314:436]: TRACE,952715,938,928,978
[19:06:50.877][D][ldc1314:436]: TRACE,952731,938,928,978
[19:06:50.893][D][ldc1314:436]: TRACE,952745,938,928,977
[19:06:50.910][D][ldc1314:436]: TRACE,952760,938,928,977
[19:06:50.922][D][ldc1314:436]: TRACE,952772,938,928,977
[19:06:50.943][D][ldc1314:436]: TRACE,952793,938,928,977
[19:06:50.954][D][ldc1314:436]: TRACE,952808,939,928,977
[19:06:50.969][D][ldc1314:436]: TRACE,952820,939,928,977
[19:06:51.060][D][ldc1314:436]: TRACE,952835,939,928,977
[19:06:51.060][D][ldc1314:436]: TRACE,952846,939,928,976
[19:06:51.061][D][ldc1314:436]: TRACE,952857,939,928,976
[19:06:51.061][D][ldc1314:436]: TRACE,952868,939,928,976
[19:06:51.061][D][ldc1314:436]: TRACE,952878,939,928,976
[19:06:51.061][D][ldc1314:436]: TRACE,952888,939,928,976
[19:06:51.061][D][ldc1314:436]: TRACE,952898,939,928,976
[19:06:51.068][D][ldc1314:436]: TRACE,952910,939,928,976
[19:06:51.068][D][ldc1314:436]: TRACE,952920,939,928,976
[19:06:51.079][D][ldc1314:436]: TRACE,952930,939,928,975
[19:06:51.093][D][ldc1314:436]: TRACE,952945,939,928,975
[19:06:51.115][D][ldc1314:436]: TRACE,952959,940,928,975
[19:06:51.121][D][ldc1314:436]: TRACE,952971,940,928,975
[19:06:51.131][D][ldc1314:436]: TRACE,952981,940,928,975
[19:06:51.146][D][ldc1314:436]: TRACE,952998,940,928,975
[19:06:51.161][D][ldc1314:436]: TRACE,953012,940,928,975
[19:06:51.179][D][ldc1314:436]: TRACE,953029,940,928,974
[19:06:51.194][D][ldc1314:436]: TRACE,953045,940,928,974
[19:06:51.218][D][ldc1314:436]: TRACE,953062,940,928,974
[19:06:51.225][D][ldc1314:436]: TRACE,953076,940,928,974
[19:06:51.238][D][ldc1314:436]: TRACE,953091,940,928,974
[19:06:51.254][D][ldc1314:436]: TRACE,953106,940,928,974
[19:06:51.269][D][ldc1314:436]: TRACE,953120,940,928,974
[19:06:51.290][D][ldc1314:436]: TRACE,953141,941,928,973
[19:06:51.303][D][ldc1314:436]: TRACE,953156,941,928,973
[19:06:51.320][D][ldc1314:436]: TRACE,953171,941,928,973
[19:06:51.330][D][ldc1314:436]: TRACE,953184,941,928,973
[19:06:51.346][D][ldc1314:436]: TRACE,953197,941,928,973
[19:06:51.363][D][ldc1314:436]: TRACE,953214,941,928,973
[19:06:51.380][D][ldc1314:436]: TRACE,953228,941,928,973
[19:06:51.385][D][ldc1314:436]: TRACE,953238,941,928,973
[19:06:51.402][D][ldc1314:436]: TRACE,953251,941,928,973
[19:06:51.422][D][ldc1314:436]: TRACE,953272,941,928,972
[19:06:51.431][D][ldc1314:436]: TRACE,953285,941,928,972
[19:06:51.446][D][ldc1314:436]: TRACE,953298,941,928,972
[19:06:51.460][D][ldc1314:436]: TRACE,953312,941,928,972
[19:06:51.474][D][ldc1314:436]: TRACE,953327,942,929,972
[19:06:51.494][D][ldc1314:436]: TRACE,953341,942,928,972
[19:06:51.585][D][ldc1314:436]: TRACE,953356,942,928,972
[19:06:51.586][D][ldc1314:436]: TRACE,953366,942,928,972
[19:06:51.586][D][ldc1314:436]: TRACE,953379,942,928,972
[19:06:51.586][D][ldc1314:436]: TRACE,953389,942,928,972
[19:06:51.586][D][ldc1314:436]: TRACE,953400,942,928,972
[19:06:51.586][D][ldc1314:436]: TRACE,953410,942,928,972
[19:06:51.593][D][ldc1314:436]: TRACE,953420,942,929,972
[19:06:51.594][D][ldc1314:436]: TRACE,953430,942,928,971
[19:06:51.594][D][ldc1314:436]: TRACE,953441,942,928,971
[19:06:51.599][D][ldc1314:436]: TRACE,953451,942,928,971
[19:06:51.614][D][ldc1314:436]: TRACE,953467,942,929,971
[19:06:51.628][D][ldc1314:436]: TRACE,953480,942,928,971
[19:06:51.642][D][ldc1314:436]: TRACE,953492,942,928,971
[19:06:51.660][D][ldc1314:436]: TRACE,953508,942,928,971
[19:06:51.672][D][ldc1314:436]: TRACE,953525,942,928,971
[19:06:51.687][D][ldc1314:436]: TRACE,953538,942,928,971
[19:06:51.704][D][ldc1314:436]: TRACE,953555,942,928,971
[19:06:51.718][D][ldc1314:436]: TRACE,953569,942,928,971
[19:06:51.732][D][ldc1314:436]: TRACE,953585,942,929,971
[19:06:51.746][D][ldc1314:436]: TRACE,953597,942,928,971
[19:06:51.766][D][ldc1314:436]: TRACE,953618,942,928,970
[19:06:51.784][D][ldc1314:436]: TRACE,953632,942,928,970
[19:06:51.795][D][ldc1314:436]: TRACE,953647,942,929,970
[19:06:51.810][D][ldc1314:436]: TRACE,953660,942,929,970
[19:06:51.832][D][ldc1314:436]: TRACE,953675,943,928,970
[19:06:51.839][D][ldc1314:436]: TRACE,953690,943,928,970
[19:06:51.855][D][ldc1314:436]: TRACE,953706,943,928,970
[19:06:51.870][D][ldc1314:436]: TRACE,953721,943,928,970
[19:06:51.893][D][ldc1314:436]: TRACE,953739,943,928,970
[19:06:51.906][D][ldc1314:436]: TRACE,953757,943,929,970
[19:06:51.920][D][ldc1314:436]: TRACE,953772,943,929,970
[19:06:51.933][D][ldc1314:436]: TRACE,953789,943,929,970
[19:06:51.948][D][ldc1314:436]: TRACE,953799,943,929,970
[19:06:51.965][D][ldc1314:436]: TRACE,953817,943,929,970
[19:06:51.983][D][ldc1314:436]: TRACE,953831,943,929,970
[19:06:51.998][D][ldc1314:436]: TRACE,953848,943,929,970
[19:06:52.018][D][ldc1314:436]: TRACE,953865,943,929,970
[19:06:52.107][D][ldc1314:436]: TRACE,953883,943,929,970
[19:06:52.107][D][ldc1314:436]: TRACE,953893,943,929,970
[19:06:52.107][D][ldc1314:436]: TRACE,953903,943,929,969
[19:06:52.108][D][ldc1314:436]: TRACE,953913,943,929,969
[19:06:52.108][D][ldc1314:436]: TRACE,953923,943,929,969
[19:06:52.108][D][ldc1314:436]: TRACE,953933,943,929,969
[19:06:52.108][D][ldc1314:436]: TRACE,953943,943,929,969
[19:06:52.108][D][ldc1314:436]: TRACE,953953,943,929,969
[19:06:52.112][D][ldc1314:436]: TRACE,953965,943,929,969
[19:06:52.128][D][ldc1314:436]: TRACE,953976,943,929,969
[19:06:52.143][D][ldc1314:436]: TRACE,953994,943,929,969
[19:06:52.160][D][ldc1314:436]: TRACE,954004,943,929,969
[19:06:52.172][D][ldc1314:436]: TRACE,954023,943,929,969
[19:06:52.187][D][ldc1314:436]: TRACE,954039,943,929,969
[19:06:52.204][D][ldc1314:436]: TRACE,954055,943,929,969
[19:06:52.217][D][ldc1314:436]: TRACE,954070,943,929,969
[19:06:52.241][D][ldc1314:436]: TRACE,954089,943,929,969
[19:06:52.254][D][ldc1314:436]: TRACE,954104,943,929,969
[19:06:52.270][D][ldc1314:436]: TRACE,954120,943,929,969
[19:06:52.283][D][ldc1314:436]: TRACE,954136,943,929,969
[19:06:52.297][D][ldc1314:436]: TRACE,954150,943,929,969
[19:06:52.312][D][ldc1314:436]: TRACE,954165,943,929,969
[19:06:52.332][D][ldc1314:436]: TRACE,954179,943,929,969
[19:06:52.352][D][ldc1314:436]: TRACE,954198,943,929,969
[19:06:52.364][D][ldc1314:436]: TRACE,954208,943,929,969
[19:06:52.380][D][ldc1314:436]: TRACE,954231,943,929,969
[19:06:52.396][D][ldc1314:436]: TRACE,954247,943,929,969
[19:06:52.410][D][ldc1314:436]: TRACE,954261,943,929,969
[19:06:52.422][D][ldc1314:436]: TRACE,954274,943,929,969
[19:06:52.446][D][ldc1314:436]: TRACE,954290,943,929,969
[19:06:52.451][D][ldc1314:436]: TRACE,954303,943,929,969
[19:06:52.473][D][ldc1314:436]: TRACE,954322,943,929,969
[19:06:52.484][D][ldc1314:436]: TRACE,954336,943,929,969
[19:06:52.501][D][ldc1314:436]: TRACE,954351,943,929,969
[19:06:52.513][D][ldc1314:436]: TRACE,954366,943,929,969
[19:06:52.530][D][ldc1314:436]: TRACE,954381,943,929,969
[19:06:52.632][D][ldc1314:436]: TRACE,954396,943,929,969
[19:06:52.633][D][ldc1314:436]: TRACE,954410,943,929,969
[19:06:52.633][D][ldc1314:436]: TRACE,954422,943,929,969
[19:06:52.633][D][ldc1314:436]: TRACE,954434,943,929,969
[19:06:52.633][D][ldc1314:436]: TRACE,954445,943,929,969
[19:06:52.633][D][ldc1314:436]: TRACE,954455,943,929,969
[19:06:52.633][D][ldc1314:436]: TRACE,954465,943,929,969
[19:06:52.639][D][ldc1314:436]: TRACE,954475,943,929,969
[19:06:52.639][D][ldc1314:436]: TRACE,954485,943,929,969
[19:06:52.654][D][ldc1314:436]: TRACE,954496,943,929,969
[19:06:52.661][D][ldc1314:436]: TRACE,954509,943,929,969
[19:06:52.671][D][ldc1314:436]: TRACE,954522,943,929,969
[19:06:52.686][D][ldc1314:436]: TRACE,954537,943,929,969
[19:06:52.704][D][ldc1314:436]: TRACE,954557,943,929,969
[19:06:52.719][D][ldc1314:436]: TRACE,954570,943,929,969
[19:06:52.734][D][ldc1314:436]: TRACE,954585,943,929,969
[19:06:52.752][D][ldc1314:436]: TRACE,954601,943,929,969
[19:06:52.761][D][ldc1314:436]: TRACE,954615,943,929,969
[19:06:52.783][D][ldc1314:436]: TRACE,954627,943,929,969
[19:06:52.789][D][ldc1314:436]: TRACE,954642,943,929,969
[19:06:52.801][D][ldc1314:436]: TRACE,954653,943,929,969
[19:06:52.821][D][ldc1314:436]: TRACE,954673,943,929,969
[19:06:52.836][D][ldc1314:436]: TRACE,954687,943,929,969
[19:06:52.855][D][ldc1314:436]: TRACE,954702,943,929,969
[19:06:52.863][D][ldc1314:436]: TRACE,954715,943,929,969
[19:06:52.882][D][ldc1314:436]: TRACE,954731,943,929,969
[19:06:52.898][D][ldc1314:436]: TRACE,954745,942,929,969
[19:06:52.909][D][ldc1314:436]: TRACE,954760,942,929,969
[19:06:52.923][D][ldc1314:436]: TRACE,954775,942,929,969
[19:06:52.943][D][ldc1314:436]: TRACE,954794,942,930,969
[19:06:52.962][D][ldc1314:436]: TRACE,954807,942,930,969
[19:06:52.968][D][ldc1314:436]: TRACE,954817,942,930,969
[19:06:52.981][D][ldc1314:436]: TRACE,954832,942,930,969
[19:06:52.998][D][ldc1314:436]: TRACE,954848,942,930,969
[19:06:53.023][D][ldc1314:436]: TRACE,954865,942,930,969
[19:06:53.035][D][ldc1314:436]: TRACE,954886,942,930,969
[19:06:53.060][D][ldc1314:436]: TRACE,954901,942,930,969
[19:06:53.158][D][ldc1314:436]: TRACE,954917,942,930,969
[19:06:53.158][D][ldc1314:436]: TRACE,954930,942,930,969
[19:06:53.158][D][ldc1314:436]: TRACE,954944,942,930,969
[19:06:53.158][D][ldc1314:436]: TRACE,954953,942,930,969
[19:06:53.158][D][ldc1314:436]: TRACE,954963,942,930,969
[19:06:53.158][D][ldc1314:436]: TRACE,954974,942,930,969
[19:06:53.159][D][ldc1314:436]: TRACE,954984,942,930,969
[19:06:53.159][D][ldc1314:436]: TRACE,954994,942,930,969
[19:06:53.162][D][ldc1314:436]: TRACE,955004,942,930,969
[19:06:53.162][D][ldc1314:436]: TRACE,955015,942,930,969
[19:06:53.181][D][ldc1314:436]: TRACE,955027,942,930,969
[19:06:53.202][D][ldc1314:436]: TRACE,955046,942,930,969
[19:06:53.209][D][ldc1314:436]: TRACE,955060,942,930,969
[19:06:53.220][D][ldc1314:436]: TRACE,955070,942,930,969
[19:06:53.235][D][ldc1314:436]: TRACE,955088,941,930,969
[19:06:53.251][D][ldc1314:436]: TRACE,955102,941,931,969
[19:06:53.267][D][ldc1314:436]: TRACE,955117,941,931,969
[19:06:53.277][D][ldc1314:436]: TRACE,955127,941,931,969
[19:06:53.298][D][ldc1314:436]: TRACE,955150,941,931,969
[19:06:53.313][D][ldc1314:436]: TRACE,955164,941,931,969
[19:06:53.329][D][ldc1314:436]: TRACE,955180,941,931,969
[19:06:53.343][D][ldc1314:436]: TRACE,955195,941,931,969
[19:06:53.366][D][ldc1314:436]: TRACE,955210,941,931,969
[19:06:53.373][D][ldc1314:436]: TRACE,955224,941,931,969
[19:06:53.387][D][ldc1314:436]: TRACE,955238,941,931,969
[19:06:53.403][D][ldc1314:436]: TRACE,955253,941,931,969
[19:06:53.422][D][ldc1314:436]: TRACE,955273,941,931,969
[19:06:53.434][D][ldc1314:436]: TRACE,955288,941,931,969
[19:06:53.449][D][ldc1314:436]: TRACE,955302,941,931,969
[19:06:53.469][D][ldc1314:436]: TRACE,955317,940,932,969
[19:06:53.480][D][ldc1314:436]: TRACE,955330,940,932,969
[19:06:53.494][D][ldc1314:436]: TRACE,955346,940,932,969
[19:06:53.509][D][ldc1314:436]: TRACE,955361,940,932,969
[19:06:53.530][D][ldc1314:436]: TRACE,955381,940,932,969
[19:06:53.544][D][ldc1314:436]: TRACE,955396,940,932,969
[19:06:53.563][D][ldc1314:436]: TRACE,955410,940,932,969
[19:06:53.571][D][ldc1314:436]: TRACE,955426,940,932,969
[19:06:53.586][D][ldc1314:436]: TRACE,955436,940,932,969
[19:06:53.679][D][ldc1314:436]: TRACE,955454,940,932,969
[19:06:53.679][D][ldc1314:436]: TRACE,955466,940,932,969
[19:06:53.679][D][ldc1314:436]: TRACE,955477,939,933,969
[19:06:53.682][D][ldc1314:436]: TRACE,955487,939,933,969
[19:06:53.682][D][ldc1314:436]: TRACE,955498,939,933,969
[19:06:53.682][D][ldc1314:436]: TRACE,955509,939,933,969
[19:06:53.682][D][ldc1314:436]: TRACE,955520,939,933,969
[19:06:53.682][D][ldc1314:436]: TRACE,955530,939,933,969
[19:06:53.689][D][ldc1314:436]: TRACE,955541,939,933,969
[19:06:53.703][D][ldc1314:436]: TRACE,955555,939,933,969
[19:06:53.719][D][ldc1314:436]: TRACE,955570,939,933,969
[19:06:53.734][D][ldc1314:436]: TRACE,955585,939,933,969
[19:06:53.748][D][ldc1314:436]: TRACE,955599,939,933,969
[19:06:53.761][D][ldc1314:436]: TRACE,955614,939,933,969
[19:06:53.779][D][ldc1314:436]: TRACE,955627,938,934,969
[19:06:53.788][D][ldc1314:436]: TRACE,955639,938,934,969
[19:06:53.803][D][ldc1314:436]: TRACE,955655,938,934,969
[19:06:53.820][D][ldc1314:436]: TRACE,955669,938,934,969
[19:06:53.837][D][ldc1314:436]: TRACE,955686,938,934,969
[19:06:53.845][D][ldc1314:436]: TRACE,955700,938,934,969
[19:06:53.861][D][ldc1314:436]: TRACE,955712,938,934,969
[19:06:53.878][D][ldc1314:436]: TRACE,955726,938,934,969
[19:06:53.893][D][ldc1314:436]: TRACE,955742,938,934,969
[19:06:53.908][D][ldc1314:436]: TRACE,955760,938,934,969
[19:06:53.922][D][ldc1314:436]: TRACE,955775,938,935,969
[19:06:53.939][D][ldc1314:436]: TRACE,955790,937,935,969
[19:06:53.950][D][ldc1314:436]: TRACE,955803,937,935,969
[19:06:53.967][D][ldc1314:436]: TRACE,955817,937,935,969
[19:06:53.983][D][ldc1314:436]: TRACE,955832,937,935,969
[19:06:53.993][D][ldc1314:436]: TRACE,955846,937,935,969
[19:06:54.010][D][ldc1314:436]: TRACE,955862,937,935,969
[19:06:54.033][D][ldc1314:436]: TRACE,955877,937,935,969
[19:06:54.046][D][ldc1314:436]: TRACE,955900,937,936,969
[19:06:54.062][D][ldc1314:436]: TRACE,955914,937,936,969
[19:06:54.083][D][ldc1314:436]: TRACE,955928,936,936,969
[19:06:54.092][D][ldc1314:436]: TRACE,955943,936,936,969
[19:06:54.111][D][ldc1314:436]: TRACE,955961,936,936,969
[19:06:54.203][D][ldc1314:436]: TRACE,955977,936,936,969
[19:06:54.203][D][ldc1314:436]: TRACE,955989,936,936,969
[19:06:54.203][D][ldc1314:436]: TRACE,955999,936,936,969
[19:06:54.205][D][ldc1314:436]: TRACE,956009,936,936,969
[19:06:54.205][D][ldc1314:436]: TRACE,956020,936,936,969
[19:06:54.205][D][ldc1314:436]: TRACE,956030,936,936,969
[19:06:54.205][D][ldc1314:436]: TRACE,956040,936,937,969
[19:06:54.207][D][ldc1314:436]: TRACE,956050,936,937,969
[19:06:54.207][D][ldc1314:436]: TRACE,956060,936,937,969
[19:06:54.224][D][ldc1314:436]: TRACE,956074,936,937,969
[19:06:54.238][D][ldc1314:436]: TRACE,956089,936,937,969
[19:06:54.254][D][ldc1314:436]: TRACE,956104,936,937,969
[19:06:54.265][D][ldc1314:436]: TRACE,956118,935,937,969
[19:06:54.287][D][ldc1314:436]: TRACE,956133,935,937,969
[19:06:54.294][D][ldc1314:436]: TRACE,956145,935,937,969
[19:06:54.308][D][ldc1314:436]: TRACE,956157,935,937,969
[19:06:54.325][D][ldc1314:436]: TRACE,956175,935,937,969
[19:06:54.337][D][ldc1314:436]: TRACE,956191,935,938,969
[19:06:54.357][D][ldc1314:436]: TRACE,956208,935,938,969
[19:06:54.370][D][ldc1314:436]: TRACE,956222,935,938,969
[19:06:54.391][D][ldc1314:436]: TRACE,956237,935,938,969
[19:06:54.398][D][ldc1314:436]: TRACE,956250,935,938,969
[19:06:54.414][D][ldc1314:436]: TRACE,956262,935,938,969
[19:06:54.428][D][ldc1314:436]: TRACE,956279,935,938,969
[19:06:54.453][D][ldc1314:436]: TRACE,956294,935,938,969
[19:06:54.460][D][ldc1314:436]: TRACE,956311,934,938,969
[19:06:54.474][D][ldc1314:436]: TRACE,956326,934,938,969
[19:06:54.492][D][ldc1314:436]: TRACE,956340,934,938,969
[19:06:54.502][D][ldc1314:436]: TRACE,956354,934,938,969
[19:06:54.517][D][ldc1314:436]: TRACE,956368,934,938,969
[19:06:54.533][D][ldc1314:436]: TRACE,956385,934,939,969
[19:06:54.548][D][ldc1314:436]: TRACE,956399,934,939,969
[19:06:54.567][D][ldc1314:436]: TRACE,956420,934,939,969
[19:06:54.582][D][ldc1314:436]: TRACE,956434,934,939,969
[19:06:54.597][D][ldc1314:436]: TRACE,956450,934,939,969
[19:06:54.612][D][ldc1314:436]: TRACE,956463,934,939,969
[19:06:54.628][D][ldc1314:436]: TRACE,956478,934,939,969
[19:06:54.729][D][ldc1314:436]: TRACE,956493,934,939,969
[19:06:54.730][D][ldc1314:436]: TRACE,956508,934,939,969
[19:06:54.730][D][ldc1314:436]: TRACE,956517,934,939,969
[19:06:54.730][D][ldc1314:436]: TRACE,956530,934,939,969
[19:06:54.730][D][ldc1314:436]: TRACE,956539,934,939,969
[19:06:54.730][D][ldc1314:436]: TRACE,956549,934,939,969
[19:06:54.730][D][ldc1314:436]: TRACE,956559,934,939,969
[19:06:54.736][D][ldc1314:436]: TRACE,956570,933,939,969
[19:06:54.736][D][ldc1314:436]: TRACE,956580,933,939,969
[19:06:54.743][D][ldc1314:436]: TRACE,956590,933,939,969
[19:06:54.753][D][ldc1314:436]: TRACE,956604,933,940,969
[19:06:54.767][D][ldc1314:436]: TRACE,956619,933,940,969
[19:06:54.782][D][ldc1314:436]: TRACE,956634,933,940,969
[19:06:54.802][D][ldc1314:436]: TRACE,956654,933,940,969
[19:06:54.815][D][ldc1314:436]: TRACE,956664,933,940,969
[19:06:54.831][D][ldc1314:436]: TRACE,956682,933,940,969
[19:06:54.846][D][ldc1314:436]: TRACE,956697,933,940,969
[19:06:54.863][D][ldc1314:436]: TRACE,956714,933,940,969
[19:06:54.877][D][ldc1314:436]: TRACE,956728,933,940,969
[19:06:54.890][D][ldc1314:436]: TRACE,956743,933,940,969
[19:06:54.904][D][ldc1314:436]: TRACE,956757,933,940,969
[19:06:54.923][D][ldc1314:436]: TRACE,956772,933,940,969
[19:06:54.938][D][ldc1314:436]: TRACE,956790,933,940,969
[19:06:54.954][D][ldc1314:436]: TRACE,956804,933,940,969
[19:06:54.967][D][ldc1314:436]: TRACE,956819,933,940,969
[19:06:54.980][D][ldc1314:436]: TRACE,956832,933,940,969
[19:06:55.004][D][ldc1314:436]: TRACE,956846,933,940,969
[19:06:55.012][D][ldc1314:436]: TRACE,956861,933,940,969
[19:06:55.035][D][ldc1314:436]: TRACE,956880,933,940,969
[19:06:55.051][D][ldc1314:436]: TRACE,956901,933,940,969
[19:06:55.066][D][ldc1314:436]: TRACE,956918,933,940,969
[19:06:55.083][D][ldc1314:436]: TRACE,956933,933,940,969
[19:06:55.106][D][ldc1314:436]: TRACE,956949,933,940,969
[19:06:55.112][D][ldc1314:436]: TRACE,956964,933,940,969
[19:06:55.131][D][ldc1314:436]: TRACE,956980,933,940,969
[19:06:55.141][D][ldc1314:436]: TRACE,956994,933,940,969
[19:06:55.254][D][ldc1314:436]: TRACE,957013,933,940,969
[19:06:55.254][D][ldc1314:436]: TRACE,957028,933,940,969
[19:06:55.254][D][ldc1314:436]: TRACE,957039,933,940,969
[19:06:55.254][D][ldc1314:436]: TRACE,957049,933,940,969
[19:06:55.254][D][ldc1314:436]: TRACE,957059,933,940,969
[19:06:55.254][D][ldc1314:436]: TRACE,957070,933,940,969
[19:06:55.254][D][ldc1314:436]: TRACE,957080,933,940,969
[19:06:55.254][D][ldc1314:436]: TRACE,957090,933,940,969
[19:06:55.260][D][ldc1314:436]: TRACE,957100,933,940,969
[19:06:55.260][D][ldc1314:436]: TRACE,957111,933,940,969
[19:06:55.271][D][ldc1314:436]: TRACE,957126,933,940,969
[19:06:55.286][D][ldc1314:436]: TRACE,957137,933,940,969
[19:06:55.310][D][ldc1314:436]: TRACE,957152,933,940,969
[19:06:55.312][D][ldc1314:436]: TRACE,957168,932,940,969
[19:06:55.329][D][ldc1314:436]: TRACE,957179,932,941,969
[19:06:55.344][D][ldc1314:436]: TRACE,957195,932,941,969
[19:06:55.358][D][ldc1314:436]: TRACE,957211,932,941,969
[19:06:55.373][D][ldc1314:436]: TRACE,957225,932,941,969
[19:06:55.387][D][ldc1314:436]: TRACE,957238,932,941,969
[19:06:55.415][D][ldc1314:436]: TRACE,957259,932,941,969
[19:06:55.425][D][ldc1314:436]: TRACE,957273,932,941,969
[19:06:55.435][D][ldc1314:436]: TRACE,957283,932,941,969
[19:06:55.449][D][ldc1314:436]: TRACE,957302,932,941,969
[19:06:55.463][D][ldc1314:436]: TRACE,957314,932,941,969
[19:06:55.480][D][ldc1314:436]: TRACE,957331,932,941,969
[19:06:55.493][D][ldc1314:436]: TRACE,957344,932,941,969
[19:06:55.515][D][ldc1314:436]: TRACE,957364,932,941,969
[19:06:55.527][D][ldc1314:436]: TRACE,957378,932,941,969
[19:06:55.543][D][ldc1314:436]: TRACE,957393,932,941,969
[19:06:55.556][D][ldc1314:436]: TRACE,957409,932,941,969
[19:06:55.573][D][ldc1314:436]: TRACE,957424,932,941,969
[19:06:55.585][D][ldc1314:436]: TRACE,957439,932,941,969
[19:06:55.600][D][ldc1314:436]: TRACE,957451,932,941,969
[19:06:55.618][D][ldc1314:436]: TRACE,957466,932,941,969
[19:06:55.636][D][ldc1314:436]: TRACE,957481,932,941,969
[19:06:55.646][D][ldc1314:436]: TRACE,957497,932,941,969
[19:06:55.661][D][ldc1314:436]: TRACE,957512,932,941,969
[19:06:55.674][D][ldc1314:436]: TRACE,957528,932,941,969
[19:06:55.687][D][ldc1314:436]: TRACE,957541,932,941,969
[19:06:55.779][D][ldc1314:436]: TRACE,957553,932,941,969
[19:06:55.780][D][ldc1314:436]: TRACE,957565,932,941,969
[19:06:55.780][D][ldc1314:436]: TRACE,957574,932,940,969
[19:06:55.780][D][ldc1314:436]: TRACE,957584,932,940,969
[19:06:55.780][D][ldc1314:436]: TRACE,957595,932,940,969
[19:06:55.780][D][ldc1314:436]: TRACE,957605,932,940,969
[19:06:55.780][D][ldc1314:436]: TRACE,957615,932,940,969
[19:06:55.781][D][ldc1314:436]: TRACE,957625,932,940,969
[19:06:55.796][D][ldc1314:436]: TRACE,957635,932,940,969
[19:06:55.796][D][ldc1314:436]: TRACE,957645,932,940,969
[19:06:55.805][D][ldc1314:436]: TRACE,957655,932,940,969
[19:06:55.823][D][ldc1314:436]: TRACE,957671,932,940,969
[19:06:55.832][D][ldc1314:436]: TRACE,957684,932,940,969
[19:06:55.849][D][ldc1314:436]: TRACE,957702,932,940,969
[19:06:55.863][D][ldc1314:436]: TRACE,957715,932,940,969
[19:06:55.878][D][ldc1314:436]: TRACE,957730,932,940,969
[19:06:55.893][D][ldc1314:436]: TRACE,957744,932,940,969
[19:06:55.905][D][ldc1314:436]: TRACE,957758,932,940,969
[19:06:55.929][D][ldc1314:436]: TRACE,957772,932,940,969
[19:06:55.937][D][ldc1314:436]: TRACE,957786,932,940,969
[19:06:55.947][D][ldc1314:436]: TRACE,957798,932,940,969
[19:06:55.969][D][ldc1314:436]: TRACE,957819,932,940,970
[19:06:55.982][D][ldc1314:436]: TRACE,957834,932,940,970
[19:06:55.995][D][ldc1314:436]: TRACE,957848,932,940,970
[19:06:56.011][D][ldc1314:436]: TRACE,957862,932,940,970
[19:06:56.027][D][ldc1314:436]: TRACE,957874,932,940,970
[19:06:56.043][D][ldc1314:436]: TRACE,957890,932,940,970
[19:06:56.057][D][ldc1314:436]: TRACE,957905,932,940,970
[19:06:56.075][D][ldc1314:436]: TRACE,957926,932,940,970
[19:06:56.087][D][ldc1314:436]: TRACE,957941,932,940,970
[19:06:56.101][D][ldc1314:436]: TRACE,957953,932,940,970
[19:06:56.117][D][ldc1314:436]: TRACE,957968,932,940,970
[19:06:56.132][D][ldc1314:436]: TRACE,957985,932,940,970
[19:06:56.145][D][ldc1314:436]: TRACE,957998,932,940,970
[19:06:56.159][D][ldc1314:436]: TRACE,958012,932,940,970
[19:06:56.174][D][ldc1314:436]: TRACE,958026,932,940,970
[19:06:56.194][D][ldc1314:436]: TRACE,958044,932,940,970
[19:06:56.208][D][ldc1314:436]: TRACE,958059,932,940,970
[19:06:56.302][D][ldc1314:436]: TRACE,958074,932,940,970
[19:06:56.302][D][ldc1314:436]: TRACE,958087,932,939,970
[19:06:56.302][D][ldc1314:436]: TRACE,958097,932,939,971
[19:06:56.302][D][ldc1314:436]: TRACE,958108,932,939,971
[19:06:56.302][D][ldc1314:436]: TRACE,958118,932,939,971
[19:06:56.302][D][ldc1314:436]: TRACE,958128,932,939,971
[19:06:56.302][D][ldc1314:436]: TRACE,958138,932,939,971
[19:06:56.308][D][ldc1314:436]: TRACE,958149,932,939,971
[19:06:56.309][D][ldc1314:436]: TRACE,958160,932,939,971
[19:06:56.334][D][ldc1314:436]: TRACE,958171,932,939,971
[19:06:56.338][D][ldc1314:436]: TRACE,958192,932,939,971
[19:06:56.355][D][ldc1314:436]: TRACE,958204,932,939,971
[19:06:56.370][D][ldc1314:436]: TRACE,958221,932,939,971
[19:06:56.384][D][ldc1314:436]: TRACE,958236,932,939,971
[19:06:56.403][D][ldc1314:436]: TRACE,958255,932,939,971
[19:06:56.417][D][ldc1314:436]: TRACE,958268,932,939,971
[19:06:56.436][D][ldc1314:436]: TRACE,958285,932,939,971
[19:06:56.448][D][ldc1314:436]: TRACE,958298,932,939,972
[19:06:56.464][D][ldc1314:436]: TRACE,958315,932,938,972
[19:06:56.478][D][ldc1314:436]: TRACE,958329,932,938,972
[19:06:56.492][D][ldc1314:436]: TRACE,958344,932,938,972
[19:06:56.507][D][ldc1314:436]: TRACE,958359,932,938,972
[19:06:56.527][D][ldc1314:436]: TRACE,958377,932,938,972
[19:06:56.542][D][ldc1314:436]: TRACE,958393,932,938,972
[19:06:56.553][D][ldc1314:436]: TRACE,958403,932,938,972
[19:06:56.570][D][ldc1314:436]: TRACE,958421,932,938,972
[19:06:56.585][D][ldc1314:436]: TRACE,958436,932,938,973
[19:06:56.603][D][ldc1314:436]: TRACE,958452,932,938,973
[19:06:56.614][D][ldc1314:436]: TRACE,958467,932,938,973
[19:06:56.644][D][ldc1314:436]: TRACE,958484,932,938,973
[19:06:56.652][D][ldc1314:436]: TRACE,958499,932,938,973
[19:06:56.658][D][ldc1314:436]: TRACE,958509,932,937,973
[19:06:56.671][D][ldc1314:436]: TRACE,958521,932,937,973
[19:06:56.685][D][ldc1314:436]: TRACE,958538,932,937,973
[19:06:56.700][D][ldc1314:436]: TRACE,958550,932,937,973
[19:06:56.713][D][ldc1314:436]: TRACE,958567,932,937,974
[19:06:56.729][D][ldc1314:436]: TRACE,958579,932,937,974
[19:06:56.827][D][ldc1314:436]: TRACE,958599,932,937,974
[19:06:56.827][D][ldc1314:436]: TRACE,958608,932,937,974
[19:06:56.827][D][ldc1314:436]: TRACE,958620,932,937,974
[19:06:56.827][D][ldc1314:436]: TRACE,958630,932,937,974
[19:06:56.827][D][ldc1314:436]: TRACE,958640,932,937,974
[19:06:56.827][D][ldc1314:436]: TRACE,958651,932,936,974
[19:06:56.827][D][ldc1314:436]: TRACE,958661,932,936,974
[19:06:56.827][D][ldc1314:436]: TRACE,958671,932,936,975
[19:06:56.833][D][ldc1314:436]: TRACE,958681,932,936,975
[19:06:56.847][D][ldc1314:436]: TRACE,958691,932,936,975
[19:06:56.859][D][ldc1314:436]: TRACE,958707,932,936,975
[19:06:56.872][D][ldc1314:436]: TRACE,958723,932,936,975
[19:06:56.889][D][ldc1314:436]: TRACE,958738,932,936,975
[19:06:56.903][D][ldc1314:436]: TRACE,958755,932,936,975
[19:06:56.919][D][ldc1314:436]: TRACE,958769,932,936,976
[19:06:56.933][D][ldc1314:436]: TRACE,958784,932,935,976
[19:06:56.948][D][ldc1314:436]: TRACE,958799,932,935,976
[19:06:56.961][D][ldc1314:436]: TRACE,958812,932,935,976
[19:06:56.977][D][ldc1314:436]: TRACE,958829,932,935,976
[19:06:56.993][D][ldc1314:436]: TRACE,958844,932,935,976
[19:06:57.008][D][ldc1314:436]: TRACE,958860,932,935,977
[19:06:57.022][D][ldc1314:436]: TRACE,958874,932,935,977
[19:06:57.036][D][ldc1314:436]: TRACE,958889,932,935,977
[19:06:57.056][D][ldc1314:436]: TRACE,958904,932,935,977
[19:06:57.065][D][ldc1314:436]: TRACE,958917,932,935,977
[19:06:57.086][D][ldc1314:436]: TRACE,958937,932,934,977
[19:06:57.101][D][ldc1314:436]: TRACE,958952,932,934,977
[19:06:57.115][D][ldc1314:436]: TRACE,958968,932,934,978
[19:06:57.131][D][ldc1314:436]: TRACE,958981,932,934,978
[19:06:57.152][D][ldc1314:436]: TRACE,958998,932,934,978
[19:06:57.159][D][ldc1314:436]: TRACE,959010,932,934,978
[19:06:57.172][D][ldc1314:436]: TRACE,959021,932,934,978
[19:06:57.193][D][ldc1314:436]: TRACE,959044,932,933,978
[19:06:57.208][D][ldc1314:436]: TRACE,959059,932,933,979
[19:06:57.224][D][ldc1314:436]: TRACE,959075,932,933,979
[19:06:57.239][D][ldc1314:436]: TRACE,959090,932,933,979
[19:06:57.255][D][ldc1314:436]: TRACE,959106,932,933,979
[19:06:57.350][D][ldc1314:436]: TRACE,959118,932,933,979
[19:06:57.350][D][ldc1314:436]: TRACE,959134,932,933,979
[19:06:57.351][D][ldc1314:436]: TRACE,959144,932,933,979
[19:06:57.351][D][ldc1314:436]: TRACE,959155,932,933,979
[19:06:57.351][D][ldc1314:436]: TRACE,959165,932,933,980
[19:06:57.351][D][ldc1314:436]: TRACE,959175,932,933,980
[19:06:57.351][D][ldc1314:436]: TRACE,959185,932,933,980
[19:06:57.363][D][ldc1314:436]: TRACE,959195,932,933,980
[19:06:57.363][D][ldc1314:436]: TRACE,959206,932,933,980
[19:06:57.375][D][ldc1314:436]: TRACE,959217,932,932,980
[19:06:57.378][D][ldc1314:436]: TRACE,959231,932,932,980
[19:06:57.393][D][ldc1314:436]: TRACE,959244,932,932,980
[19:06:57.413][D][ldc1314:436]: TRACE,959264,932,932,980
[19:06:57.428][D][ldc1314:436]: TRACE,959279,932,932,981
[19:06:57.441][D][ldc1314:436]: TRACE,959292,932,932,981
[19:06:57.460][D][ldc1314:436]: TRACE,959308,932,932,981
[19:06:57.470][D][ldc1314:436]: TRACE,959322,932,932,981
[19:06:57.485][D][ldc1314:436]: TRACE,959336,932,932,981
[19:06:57.500][D][ldc1314:436]: TRACE,959353,932,932,981
[19:06:57.520][D][ldc1314:436]: TRACE,959367,932,932,981
[19:06:57.531][D][ldc1314:436]: TRACE,959384,932,931,981
[19:06:57.546][D][ldc1314:436]: TRACE,959396,932,931,981
[19:06:57.562][D][ldc1314:436]: TRACE,959413,932,931,982
[19:06:57.574][D][ldc1314:436]: TRACE,959427,932,931,982
[19:06:57.590][D][ldc1314:436]: TRACE,959439,932,931,982
[19:06:57.605][D][ldc1314:436]: TRACE,959456,932,931,982
[19:06:57.619][D][ldc1314:436]: TRACE,959471,932,931,982
[19:06:57.640][D][ldc1314:436]: TRACE,959491,932,931,982
[19:06:57.665][D][ldc1314:436]: TRACE,959506,932,931,982
[19:06:57.672][D][ldc1314:436]: TRACE,959521,932,931,982
[19:06:57.682][D][ldc1314:436]: TRACE,959533,932,931,982
[19:06:57.701][D][ldc1314:436]: TRACE,959548,932,931,982
[19:06:57.712][D][ldc1314:436]: TRACE,959562,932,931,982
[19:06:57.728][D][ldc1314:436]: TRACE,959577,932,930,982
[19:06:57.747][D][ldc1314:436]: TRACE,959596,932,930,982
[19:06:57.768][D][ldc1314:436]: TRACE,959612,932,930,983
[19:06:57.775][D][ldc1314:436]: TRACE,959627,932,930,983
[19:06:57.875][D][ldc1314:436]: TRACE,959641,932,930,983
[19:06:57.875][D][ldc1314:436]: TRACE,959656,932,930,983
[19:06:57.876][D][ldc1314:436]: TRACE,959666,932,930,983
[19:06:57.876][D][ldc1314:436]: TRACE,959676,932,930,983
[19:06:57.876][D][ldc1314:436]: TRACE,959686,932,930,983
[19:06:57.876][D][ldc1314:436]: TRACE,959696,932,930,983
[19:06:57.876][D][ldc1314:436]: TRACE,959706,932,930,983
[19:06:57.882][D][ldc1314:436]: TRACE,959716,932,930,983
[19:06:57.883][D][ldc1314:436]: TRACE,959726,932,930,983
[19:06:57.891][D][ldc1314:436]: TRACE,959738,932,930,983
[19:06:57.900][D][ldc1314:436]: TRACE,959751,932,930,983
[19:06:57.913][D][ldc1314:436]: TRACE,959766,932,930,983
[19:06:57.927][D][ldc1314:436]: TRACE,959780,932,930,983
[19:06:57.942][D][ldc1314:436]: TRACE,959795,932,930,983
[19:06:57.958][D][ldc1314:436]: TRACE,959808,932,930,983
[19:06:57.979][D][ldc1314:436]: TRACE,959828,932,930,983
[19:06:57.989][D][ldc1314:436]: TRACE,959838,932,930,983
[19:06:58.007][D][ldc1314:436]: TRACE,959856,932,930,983
[19:06:58.018][D][ldc1314:436]: TRACE,959871,932,929,983
[19:06:58.033][D][ldc1314:436]: TRACE,959886,932,929,983
[19:06:58.047][D][ldc1314:436]: TRACE,959900,932,929,983
[19:06:58.074][D][ldc1314:436]: TRACE,959913,932,929,983
[19:06:58.086][D][ldc1314:436]: TRACE,959937,932,929,983
[19:06:58.102][D][ldc1314:436]: TRACE,959953,932,929,983
[19:06:58.119][D][ldc1314:436]: TRACE,959968,932,929,983
[19:06:58.132][D][ldc1314:436]: TRACE,959984,932,929,983
[19:06:58.148][D][ldc1314:436]: TRACE,959999,932,929,984
[19:06:58.161][D][ldc1314:436]: TRACE,960013,932,929,984
[19:06:58.177][D][ldc1314:436]: TRACE,960028,932,929,984
[19:06:58.192][D][ldc1314:436]: TRACE,960040,932,929,984
[19:06:58.206][D][ldc1314:436]: TRACE,960058,932,929,984
[19:06:58.223][D][ldc1314:436]: TRACE,960073,932,929,984
[19:06:58.240][D][ldc1314:436]: TRACE,960090,932,929,984
[19:06:58.254][D][ldc1314:436]: TRACE,960106,932,929,984
[19:06:58.278][D][ldc1314:436]: TRACE,960120,932,929,984
[19:06:58.288][D][ldc1314:436]: TRACE,960136,932,929,984
[19:06:58.295][D][ldc1314:436]: TRACE,960147,932,929,984
[19:06:58.399][D][ldc1314:436]: TRACE,960166,932,929,984
[19:06:58.400][D][ldc1314:436]: TRACE,960180,932,929,984
[19:06:58.400][D][ldc1314:436]: TRACE,960190,933,929,984
[19:06:58.400][D][ldc1314:436]: TRACE,960200,932,929,984
[19:06:58.400][D][ldc1314:436]: TRACE,960210,933,929,984
[19:06:58.400][D][ldc1314:436]: TRACE,960220,933,929,984
[19:06:58.400][D][ldc1314:436]: TRACE,960230,933,929,984
[19:06:58.400][D][ldc1314:436]: TRACE,960240,933,929,984
[19:06:58.414][D][ldc1314:436]: TRACE,960251,933,929,984
[19:06:58.414][D][ldc1314:436]: TRACE,960261,933,929,984
[19:06:58.426][D][ldc1314:436]: TRACE,960278,933,929,984
[19:06:58.440][D][ldc1314:436]: TRACE,960292,933,929,984
[19:06:58.456][D][ldc1314:436]: TRACE,960308,933,929,984
[19:06:58.467][D][ldc1314:436]: TRACE,960320,933,929,984
[19:06:58.483][D][ldc1314:436]: TRACE,960334,933,929,984
[19:06:58.494][D][ldc1314:436]: TRACE,960347,933,929,984
[19:06:58.511][D][ldc1314:436]: TRACE,960362,933,929,984
[19:06:58.526][D][ldc1314:436]: TRACE,960377,933,929,984
[19:06:58.545][D][ldc1314:436]: TRACE,960396,933,929,984
[19:06:58.561][D][ldc1314:436]: TRACE,960412,933,929,984
[19:06:58.574][D][ldc1314:436]: TRACE,960425,933,929,984
[19:06:58.592][D][ldc1314:436]: TRACE,960441,933,929,984
[19:06:58.599][D][ldc1314:436]: TRACE,960451,933,929,984
[19:06:58.613][D][ldc1314:436]: TRACE,960461,933,929,984
[19:06:58.625][D][ldc1314:436]: TRACE,960479,933,929,984
[19:06:58.638][D][ldc1314:436]: TRACE,960491,933,929,984
[19:06:58.657][D][ldc1314:436]: TRACE,960509,933,929,984
[19:06:58.673][D][ldc1314:436]: TRACE,960524,933,929,984
[19:06:58.688][D][ldc1314:436]: TRACE,960539,933,929,984
[19:06:58.708][D][ldc1314:436]: TRACE,960559,933,929,984
[19:06:58.728][D][ldc1314:436]: TRACE,960574,933,929,984
[19:06:58.737][D][ldc1314:436]: TRACE,960591,933,929,984
[19:06:58.752][D][ldc1314:436]: TRACE,960603,933,929,984
[19:06:58.770][D][ldc1314:436]: TRACE,960622,933,929,984
[19:06:58.791][D][ldc1314:436]: TRACE,960638,933,929,984
[19:06:58.800][D][ldc1314:436]: TRACE,960650,933,929,984
[19:06:58.812][D][ldc1314:436]: TRACE,960662,933,929,984
[19:06:58.827][D][ldc1314:436]: TRACE,960678,933,929,984
[19:06:58.924][D][ldc1314:436]: TRACE,960693,933,929,984
[19:06:58.924][D][ldc1314:436]: TRACE,960706,933,929,984
[19:06:58.924][D][ldc1314:436]: TRACE,960716,933,929,984
[19:06:58.925][D][ldc1314:436]: TRACE,960727,933,929,984
[19:06:58.925][D][ldc1314:436]: TRACE,960738,933,929,984
[19:06:58.925][D][ldc1314:436]: TRACE,960749,933,929,984
[19:06:58.925][D][ldc1314:436]: TRACE,960759,933,929,984
[19:06:58.930][D][ldc1314:436]: TRACE,960769,933,929,984
[19:06:58.930][D][ldc1314:436]: TRACE,960779,933,929,984
[19:06:58.943][D][ldc1314:436]: TRACE,960790,933,929,984
[19:06:58.953][D][ldc1314:436]: TRACE,960806,934,929,984
[19:06:58.968][D][ldc1314:436]: TRACE,960819,934,929,984
[19:06:58.995][D][ldc1314:436]: TRACE,960838,934,929,983
[19:06:59.002][D][ldc1314:436]: TRACE,960851,934,929,983
[19:06:59.010][D][ldc1314:436]: TRACE,960861,934,929,983
[19:06:59.026][D][ldc1314:436]: TRACE,960877,934,929,983
[19:06:59.041][D][ldc1314:436]: TRACE,960893,934,929,983
[19:06:59.055][D][ldc1314:436]: TRACE,960906,934,929,983
[19:06:59.076][D][ldc1314:436]: TRACE,960923,934,929,983
[19:06:59.097][D][ldc1314:436]: TRACE,960947,934,929,983
[19:06:59.107][D][ldc1314:436]: TRACE,960960,934,929,983
[19:06:59.121][D][ldc1314:436]: TRACE,960973,934,929,983
[19:06:59.137][D][ldc1314:436]: TRACE,960989,934,929,983
[19:06:59.155][D][ldc1314:436]: TRACE,961004,934,929,983
[19:06:59.168][D][ldc1314:436]: TRACE,961019,934,929,983
[19:06:59.177][D][ldc1314:436]: TRACE,961031,934,929,983
[19:06:59.199][D][ldc1314:436]: TRACE,961043,934,929,983
[19:06:59.209][D][ldc1314:436]: TRACE,961060,934,929,983
[19:06:59.224][D][ldc1314:436]: TRACE,961075,934,929,983
[19:06:59.235][D][ldc1314:436]: TRACE,961089,935,929,983
[19:06:59.250][D][ldc1314:436]: TRACE,961103,935,929,983
[19:06:59.268][D][ldc1314:436]: TRACE,961118,935,929,983
[19:06:59.283][D][ldc1314:436]: TRACE,961133,935,929,983
[19:06:59.301][D][ldc1314:436]: TRACE,961148,935,929,983
[19:06:59.310][D][ldc1314:436]: TRACE,961161,935,929,982
[19:06:59.329][D][ldc1314:436]: TRACE,961182,935,929,982
[19:06:59.345][D][ldc1314:436]: TRACE,961196,935,929,982
[19:06:59.448][D][ldc1314:436]: TRACE,961210,935,928,982
[19:06:59.448][D][ldc1314:436]: TRACE,961225,935,928,982
[19:06:59.448][D][ldc1314:436]: TRACE,961236,935,928,982
[19:06:59.448][D][ldc1314:436]: TRACE,961247,935,928,982
[19:06:59.448][D][ldc1314:436]: TRACE,961257,935,928,982
[19:06:59.448][D][ldc1314:436]: TRACE,961267,935,928,982
[19:06:59.448][D][ldc1314:436]: TRACE,961277,935,928,982
[19:06:59.448][D][ldc1314:436]: TRACE,961288,935,928,982
[19:06:59.457][D][ldc1314:436]: TRACE,961298,936,928,982
[19:06:59.464][D][ldc1314:436]: TRACE,961310,936,928,982
[19:06:59.473][D][ldc1314:436]: TRACE,961323,936,928,981
[19:06:59.488][D][ldc1314:436]: TRACE,961339,936,928,981
[19:06:59.507][D][ldc1314:436]: TRACE,961354,936,928,981
[19:06:59.517][D][ldc1314:436]: TRACE,961368,936,928,981
[19:06:59.532][D][ldc1314:436]: TRACE,961383,936,928,981
[19:06:59.547][D][ldc1314:436]: TRACE,961398,936,928,981
[19:06:59.566][D][ldc1314:436]: TRACE,961416,936,928,981
[19:06:59.578][D][ldc1314:436]: TRACE,961432,936,928,981
[19:06:59.594][D][ldc1314:436]: TRACE,961444,936,929,981
[19:06:59.608][D][ldc1314:436]: TRACE,961459,936,928,980
[19:06:59.621][D][ldc1314:436]: TRACE,961472,937,928,980
[19:06:59.638][D][ldc1314:436]: TRACE,961488,937,928,980
[19:06:59.651][D][ldc1314:436]: TRACE,961504,937,928,980
[19:06:59.666][D][ldc1314:436]: TRACE,961518,937,929,980
[19:06:59.687][D][ldc1314:436]: TRACE,961534,937,928,980
[19:06:59.698][D][ldc1314:436]: TRACE,961551,937,928,980
[19:06:59.715][D][ldc1314:436]: TRACE,961564,937,928,979
[19:06:59.725][D][ldc1314:436]: TRACE,961576,937,928,979
[19:06:59.739][D][ldc1314:436]: TRACE,961591,937,928,979
[19:06:59.752][D][ldc1314:436]: TRACE,961605,937,929,979
[19:06:59.768][D][ldc1314:436]: TRACE,961619,938,928,979
[19:06:59.781][D][ldc1314:436]: TRACE,961632,938,928,979
[19:06:59.799][D][ldc1314:436]: TRACE,961648,938,928,979
[19:06:59.816][D][ldc1314:436]: TRACE,961666,938,928,978
[19:06:59.827][D][ldc1314:436]: TRACE,961677,938,928,978
[19:06:59.844][D][ldc1314:436]: TRACE,961695,938,928,978
[19:06:59.860][D][ldc1314:436]: TRACE,961710,938,928,978
[19:06:59.873][D][ldc1314:436]: TRACE,961725,938,928,978
[19:06:59.971][D][ldc1314:436]: TRACE,961739,938,928,978
[19:06:59.971][D][ldc1314:436]: TRACE,961752,938,928,978
[19:06:59.972][D][ldc1314:436]: TRACE,961763,938,928,978
[19:06:59.972][D][ldc1314:436]: TRACE,961773,938,928,977
[19:06:59.972][D][ldc1314:436]: TRACE,961783,939,928,977
[19:06:59.972][D][ldc1314:436]: TRACE,961793,939,928,977
[19:06:59.978][D][ldc1314:436]: TRACE,961803,939,928,977
[19:06:59.978][D][ldc1314:436]: TRACE,961814,939,928,977
[19:06:59.978][D][ldc1314:436]: TRACE,961824,939,928,977
[19:06:59.982][D][ldc1314:436]: TRACE,961834,939,928,977
[19:06:59.997][D][ldc1314:436]: TRACE,961848,939,929,977
[19:07:00.018][D][ldc1314:436]: TRACE,961863,939,928,977
[19:07:00.029][D][ldc1314:436]: TRACE,961881,939,929,976
[19:07:00.045][D][ldc1314:436]: TRACE,961895,939,929,976
[19:07:00.059][D][ldc1314:436]: TRACE,961911,939,928,976
[19:07:00.078][D][ldc1314:436]: TRACE,961926,940,928,976
[19:07:00.091][D][ldc1314:436]: TRACE,961945,940,928,975
[19:07:00.106][D][ldc1314:436]: TRACE,961957,940,928,975
[19:07:00.120][D][ldc1314:436]: TRACE,961972,940,928,975
[19:07:00.134][D][ldc1314:436]: TRACE,961985,940,928,975
[19:07:00.154][D][ldc1314:436]: TRACE,962005,940,928,975
[19:07:00.169][D][ldc1314:436]: TRACE,962019,940,928,975
[19:07:00.183][D][ldc1314:436]: TRACE,962036,940,928,975
[19:07:00.198][D][ldc1314:436]: TRACE,962049,940,928,974
[19:07:00.226][D][ldc1314:436]: TRACE,962065,940,928,974
[19:07:00.233][D][ldc1314:436]: TRACE,962080,940,928,974
[19:07:00.243][D][ldc1314:436]: TRACE,962093,940,928,974
[19:07:00.263][D][ldc1314:436]: TRACE,962113,941,928,974
[19:07:00.277][D][ldc1314:436]: TRACE,962128,941,928,974
[19:07:00.292][D][ldc1314:436]: TRACE,962145,941,928,974
[19:07:00.307][D][ldc1314:436]: TRACE,962159,941,928,974
[19:07:00.326][D][ldc1314:436]: TRACE,962174,941,928,973
[19:07:00.336][D][ldc1314:436]: TRACE,962190,941,928,973
[19:07:00.352][D][ldc1314:436]: TRACE,962203,941,928,973
[19:07:00.376][D][ldc1314:436]: TRACE,962226,941,928,973
[19:07:00.391][D][ldc1314:436]: TRACE,962240,941,928,973
[19:07:00.404][D][ldc1314:436]: TRACE,962255,941,928,973
[19:07:00.499][D][ldc1314:436]: TRACE,962270,941,928,973
[19:07:00.499][D][ldc1314:436]: TRACE,962283,941,928,973
[19:07:00.499][D][ldc1314:436]: TRACE,962294,941,928,972
[19:07:00.499][D][ldc1314:436]: TRACE,962304,941,929,972
[19:07:00.499][D][ldc1314:436]: TRACE,962314,941,928,972
[19:07:00.499][D][ldc1314:436]: TRACE,962324,942,928,972
[19:07:00.499][D][ldc1314:436]: TRACE,962334,942,928,972
[19:07:00.506][D][ldc1314:436]: TRACE,962344,942,928,972
[19:07:00.506][D][ldc1314:436]: TRACE,962356,942,928,972
[19:07:00.519][D][ldc1314:436]: TRACE,962367,942,928,972
[19:07:00.532][D][ldc1314:436]: TRACE,962385,942,928,972
[19:07:00.546][D][ldc1314:436]: TRACE,962399,942,928,972
[19:07:00.567][D][ldc1314:436]: TRACE,962413,942,928,972
[19:07:00.574][D][ldc1314:436]: TRACE,962427,942,928,972
[19:07:00.589][D][ldc1314:436]: TRACE,962441,942,928,971
[19:07:00.603][D][ldc1314:436]: TRACE,962454,942,929,971
[19:07:00.622][D][ldc1314:436]: TRACE,962474,942,928,971
[19:07:00.636][D][ldc1314:436]: TRACE,962487,942,928,971
[19:07:00.649][D][ldc1314:436]: TRACE,962502,942,929,971
[19:07:00.664][D][ldc1314:436]: TRACE,962517,942,928,971
[19:07:00.681][D][ldc1314:436]: TRACE,962532,942,928,971
[19:07:00.693][D][ldc1314:436]: TRACE,962546,942,928,971
[19:07:00.708][D][ldc1314:436]: TRACE,962559,942,928,971
[19:07:00.723][D][ldc1314:436]: TRACE,962574,942,929,971
[19:07:00.736][D][ldc1314:436]: TRACE,962589,942,929,971
[19:07:00.750][D][ldc1314:436]: TRACE,962600,942,928,971
[19:07:00.770][D][ldc1314:436]: TRACE,962618,942,928,971
[19:07:00.782][D][ldc1314:436]: TRACE,962632,942,928,970
[19:07:00.797][D][ldc1314:436]: TRACE,962648,942,928,970
[19:07:00.812][D][ldc1314:436]: TRACE,962665,943,928,970
[19:07:00.836][D][ldc1314:436]: TRACE,962678,943,929,970
[19:07:00.843][D][ldc1314:436]: TRACE,962693,943,928,970
[19:07:00.856][D][ldc1314:436]: TRACE,962703,943,929,970
[19:07:00.876][D][ldc1314:436]: TRACE,962726,943,929,970
[19:07:00.890][D][ldc1314:436]: TRACE,962742,943,928,970
[19:07:00.905][D][ldc1314:436]: TRACE,962756,943,928,970
[19:07:00.918][D][ldc1314:436]: TRACE,962771,943,929,970
[19:07:01.020][D][ldc1314:436]: TRACE,962785,943,929,970
[19:07:01.020][D][ldc1314:436]: TRACE,962798,943,929,970
[19:07:01.020][D][ldc1314:436]: TRACE,962810,943,929,970
[19:07:01.021][D][ldc1314:436]: TRACE,962820,943,929,970
[19:07:01.021][D][ldc1314:436]: TRACE,962833,943,928,970
[19:07:01.021][D][ldc1314:436]: TRACE,962843,943,929,970
[19:07:01.021][D][ldc1314:436]: TRACE,962853,943,929,970
[19:07:01.021][D][ldc1314:436]: TRACE,962864,943,929,970
[19:07:01.027][D][ldc1314:436]: TRACE,962874,943,929,970
[19:07:01.044][D][ldc1314:436]: TRACE,962884,943,929,970
[19:07:01.050][D][ldc1314:436]: TRACE,962900,943,929,970
[19:07:01.065][D][ldc1314:436]: TRACE,962916,943,928,969
[19:07:01.083][D][ldc1314:436]: TRACE,962930,943,929,969
[19:07:01.102][D][ldc1314:436]: TRACE,962954,943,929,969
[19:07:01.115][D][ldc1314:436]: TRACE,962969,943,929,969
[19:07:01.131][D][ldc1314:436]: TRACE,962982,943,929,969
[19:07:01.144][D][ldc1314:436]: TRACE,962999,943,929,969
[19:07:01.158][D][ldc1314:436]: TRACE,963009,943,929,969
[19:07:01.176][D][ldc1314:436]: TRACE,963024,943,929,969
[19:07:01.191][D][ldc1314:436]: TRACE,963040,943,929,969
[19:07:01.202][D][ldc1314:436]: TRACE,963055,943,929,969
[19:07:01.221][D][ldc1314:436]: TRACE,963073,943,929,969
[19:07:01.235][D][ldc1314:436]: TRACE,963087,943,929,969
[19:07:01.249][D][ldc1314:436]: TRACE,963102,943,929,969
[19:07:01.264][D][ldc1314:436]: TRACE,963115,943,929,969
[19:07:01.277][D][ldc1314:436]: TRACE,963127,943,929,969
[19:07:01.289][D][ldc1314:436]: TRACE,963143,943,929,969
[19:07:01.304][D][ldc1314:436]: TRACE,963157,943,929,969
[19:07:01.319][D][ldc1314:436]: TRACE,963170,943,929,969
[19:07:01.337][D][ldc1314:436]: TRACE,963190,943,929,969
[19:07:01.352][D][ldc1314:436]: TRACE,963203,943,929,969
[19:07:01.362][D][ldc1314:436]: TRACE,963213,943,929,969
[19:07:01.376][D][ldc1314:436]: TRACE,963228,943,929,969
[19:07:01.391][D][ldc1314:436]: TRACE,963243,943,929,969
[19:07:01.409][D][ldc1314:436]: TRACE,963259,943,929,969
[19:07:01.421][D][ldc1314:436]: TRACE,963274,943,929,969
[19:07:01.436][D][ldc1314:436]: TRACE,963287,943,929,969
[19:07:01.451][D][ldc1314:436]: TRACE,963303,943,929,969
[19:07:01.545][D][ldc1314:436]: TRACE,963316,943,929,969
[19:07:01.545][D][ldc1314:436]: TRACE,963330,943,929,969
[19:07:01.545][D][ldc1314:436]: TRACE,963341,943,929,969
[19:07:01.545][D][ldc1314:436]: TRACE,963351,943,929,969
[19:07:01.545][D][ldc1314:436]: TRACE,963361,943,929,969
[19:07:01.546][D][ldc1314:436]: TRACE,963371,943,929,969
[19:07:01.546][D][ldc1314:436]: TRACE,963381,943,929,969
[19:07:01.546][D][ldc1314:436]: TRACE,963391,943,929,969
[19:07:01.556][D][ldc1314:436]: TRACE,963401,943,929,969
[19:07:01.561][D][ldc1314:436]: TRACE,963411,943,929,969
[19:07:01.576][D][ldc1314:436]: TRACE,963426,943,929,969
[19:07:01.593][D][ldc1314:436]: TRACE,963442,943,929,969
[19:07:01.606][D][ldc1314:436]: TRACE,963459,943,929,969
[19:07:01.623][D][ldc1314:436]: TRACE,963471,943,929,969
[19:07:01.637][D][ldc1314:436]: TRACE,963488,943,929,969
[19:07:01.656][D][ldc1314:436]: TRACE,963503,943,929,969
[19:07:01.665][D][ldc1314:436]: TRACE,963516,943,929,969
[19:07:01.680][D][ldc1314:436]: TRACE,963532,943,929,969
[19:07:01.701][D][ldc1314:436]: TRACE,963548,943,929,969
[19:07:01.710][D][ldc1314:436]: TRACE,963562,943,929,969
[19:07:01.727][D][ldc1314:436]: TRACE,963578,943,929,969
[19:07:01.738][D][ldc1314:436]: TRACE,963590,943,929,969
[19:07:01.758][D][ldc1314:436]: TRACE,963605,943,929,968
[19:07:01.766][D][ldc1314:436]: TRACE,963618,942,929,969
[19:07:01.781][D][ldc1314:436]: TRACE,963633,942,929,969
[19:07:01.795][D][ldc1314:436]: TRACE,963646,942,929,968
[19:07:01.816][D][ldc1314:436]: TRACE,963666,942,929,968
[19:07:01.833][D][ldc1314:436]: TRACE,963680,942,929,968
[19:07:01.845][D][ldc1314:436]: TRACE,963695,942,929,968
[19:07:01.864][D][ldc1314:436]: TRACE,963711,942,929,969
[19:07:01.871][D][ldc1314:436]: TRACE,963720,942,929,968
[19:07:01.882][D][ldc1314:436]: TRACE,963732,942,929,968
[19:07:01.897][D][ldc1314:436]: TRACE,963748,942,929,968
[19:07:01.911][D][ldc1314:436]: TRACE,963763,942,929,968
[19:07:01.932][D][ldc1314:436]: TRACE,963784,942,929,968
[19:07:01.946][D][ldc1314:436]: TRACE,963796,942,929,968
[19:07:01.962][D][ldc1314:436]: TRACE,963811,942,929,968
[19:07:01.968][D][ldc1314:436]: TRACE,963825,942,929,968
[19:07:02.070][D][ldc1314:436]: TRACE,963837,942,929,968
[19:07:02.070][D][ldc1314:436]: TRACE,963850,942,929,968
[19:07:02.070][D][ldc1314:436]: TRACE,963860,942,929,968
[19:07:02.070][D][ldc1314:436]: TRACE,963870,942,929,968
[19:07:02.070][D][ldc1314:436]: TRACE,963880,942,929,968
[19:07:02.070][D][ldc1314:436]: TRACE,963890,942,930,968
[19:07:02.073][D][ldc1314:436]: TRACE,963900,942,929,968
[19:07:02.073][D][ldc1314:436]: TRACE,963911,942,930,968
[19:07:02.073][D][ldc1314:436]: TRACE,963922,942,930,968
[19:07:02.088][D][ldc1314:436]: TRACE,963932,942,930,968
[19:07:02.102][D][ldc1314:436]: TRACE,963955,942,930,968
[19:07:02.119][D][ldc1314:436]: TRACE,963968,942,930,968
[19:07:02.132][D][ldc1314:436]: TRACE,963985,942,930,968
[19:07:02.148][D][ldc1314:436]: TRACE,963999,942,930,968
[19:07:02.166][D][ldc1314:436]: TRACE,964016,942,930,968
[19:07:02.180][D][ldc1314:436]: TRACE,964031,941,930,968
[19:07:02.197][D][ldc1314:436]: TRACE,964046,941,930,968
[19:07:02.211][D][ldc1314:436]: TRACE,964063,941,930,968
[19:07:02.227][D][ldc1314:436]: TRACE,964077,941,930,968
[19:07:02.239][D][ldc1314:436]: TRACE,964092,941,930,968
[19:07:02.253][D][ldc1314:436]: TRACE,964105,941,930,968
[19:07:02.280][D][ldc1314:436]: TRACE,964125,941,930,968
[19:07:02.286][D][ldc1314:436]: TRACE,964138,941,930,968
[19:07:02.303][D][ldc1314:436]: TRACE,964150,941,931,968
[19:07:02.318][D][ldc1314:436]: TRACE,964167,941,931,968
[19:07:02.332][D][ldc1314:436]: TRACE,964185,941,931,968
[19:07:02.347][D][ldc1314:436]: TRACE,964198,941,931,968
[19:07:02.360][D][ldc1314:436]: TRACE,964213,941,931,968
[19:07:02.372][D][ldc1314:436]: TRACE,964226,941,931,968
[19:07:02.390][D][ldc1314:436]: TRACE,964241,940,931,968
[19:07:02.404][D][ldc1314:436]: TRACE,964257,940,931,968
[19:07:02.421][D][ldc1314:436]: TRACE,964271,940,931,968
[19:07:02.436][D][ldc1314:436]: TRACE,964286,940,931,968
[19:07:02.450][D][ldc1314:436]: TRACE,964302,940,931,968
[19:07:02.474][D][ldc1314:436]: TRACE,964318,940,931,968
[19:07:02.481][D][ldc1314:436]: TRACE,964333,940,931,968
[19:07:02.496][D][ldc1314:436]: TRACE,964347,940,931,968
[19:07:02.594][D][ldc1314:436]: TRACE,964364,940,932,968
[19:07:02.594][D][ldc1314:436]: TRACE,964378,940,932,968
[19:07:02.595][D][ldc1314:436]: TRACE,964387,940,932,968
[19:07:02.595][D][ldc1314:436]: TRACE,964397,940,932,968
[19:07:02.595][D][ldc1314:436]: TRACE,964407,940,932,968
[19:07:02.595][D][ldc1314:436]: TRACE,964417,940,932,968
[19:07:02.595][D][ldc1314:436]: TRACE,964427,939,932,968
[19:07:02.595][D][ldc1314:436]: TRACE,964437,939,932,968
[19:07:02.605][D][ldc1314:436]: TRACE,964450,939,932,968
[19:07:02.610][D][ldc1314:436]: TRACE,964460,939,932,968
[19:07:02.627][D][ldc1314:436]: TRACE,964478,939,932,968
[19:07:02.640][D][ldc1314:436]: TRACE,964492,939,932,968
[19:07:02.653][D][ldc1314:436]: TRACE,964507,939,933,968
[19:07:02.679][D][ldc1314:436]: TRACE,964519,939,933,968
[19:07:02.686][D][ldc1314:436]: TRACE,964536,939,933,968
[19:07:02.697][D][ldc1314:436]: TRACE,964546,939,933,968
[19:07:02.709][D][ldc1314:436]: TRACE,964561,939,933,969
[19:07:02.725][D][ldc1314:436]: TRACE,964576,939,933,969
[19:07:02.743][D][ldc1314:436]: TRACE,964593,938,933,969
[19:07:02.757][D][ldc1314:436]: TRACE,964609,938,933,969
[19:07:02.771][D][ldc1314:436]: TRACE,964623,938,933,968
[19:07:02.783][D][ldc1314:436]: TRACE,964637,938,933,968
[19:07:02.798][D][ldc1314:436]: TRACE,964650,938,934,968
[19:07:02.813][D][ldc1314:436]: TRACE,964664,938,934,968
[19:07:02.828][D][ldc1314:436]: TRACE,964680,938,934,969
[19:07:02.844][D][ldc1314:436]: TRACE,964693,938,934,968
[19:07:02.858][D][ldc1314:436]: TRACE,964712,938,934,968
[19:07:02.884][D][ldc1314:436]: TRACE,964724,937,934,968
[19:07:02.891][D][ldc1314:436]: TRACE,964740,937,934,968
[19:07:02.902][D][ldc1314:436]: TRACE,964752,937,934,968
[19:07:02.917][D][ldc1314:436]: TRACE,964769,937,934,968
[19:07:02.932][D][ldc1314:436]: TRACE,964782,937,935,968
[19:07:02.947][D][ldc1314:436]: TRACE,964799,937,935,968
[19:07:02.959][D][ldc1314:436]: TRACE,964813,937,935,968
[19:07:02.986][D][ldc1314:436]: TRACE,964827,937,935,969
[19:07:02.992][D][ldc1314:436]: TRACE,964844,937,935,968
[19:07:03.008][D][ldc1314:436]: TRACE,964858,936,935,968
[19:07:03.023][D][ldc1314:436]: TRACE,964874,936,935,968
[19:07:03.117][D][ldc1314:436]: TRACE,964890,936,935,968
[19:07:03.118][D][ldc1314:436]: TRACE,964903,936,935,968
[19:07:03.118][D][ldc1314:436]: TRACE,964912,936,936,968
[19:07:03.118][D][ldc1314:436]: TRACE,964922,936,936,968
[19:07:03.118][D][ldc1314:436]: TRACE,964934,936,936,969
[19:07:03.118][D][ldc1314:436]: TRACE,964946,936,936,968
[19:07:03.118][D][ldc1314:436]: TRACE,964957,936,936,969
[19:07:03.125][D][ldc1314:436]: TRACE,964967,936,936,968
[19:07:03.125][D][ldc1314:436]: TRACE,964977,936,936,968
[19:07:03.136][D][ldc1314:436]: TRACE,964990,936,936,968
[19:07:03.151][D][ldc1314:436]: TRACE,965004,936,936,968
[19:07:03.165][D][ldc1314:436]: TRACE,965017,936,936,968
[19:07:03.193][D][ldc1314:436]: TRACE,965033,936,936,968
[19:07:03.194][D][ldc1314:436]: TRACE,965048,935,936,968
[19:07:03.209][D][ldc1314:436]: TRACE,965059,935,937,968
[19:07:03.222][D][ldc1314:436]: TRACE,965076,935,937,968
[19:07:03.239][D][ldc1314:436]: TRACE,965088,935,937,968
[19:07:03.253][D][ldc1314:436]: TRACE,965103,935,937,968
[19:07:03.269][D][ldc1314:436]: TRACE,965122,935,937,969
[19:07:03.292][D][ldc1314:436]: TRACE,965136,935,937,969
[19:07:03.298][D][ldc1314:436]: TRACE,965150,935,937,969
[19:07:03.311][D][ldc1314:436]: TRACE,965161,935,937,968
[19:07:03.329][D][ldc1314:436]: TRACE,965182,935,937,968
[19:07:03.344][D][ldc1314:436]: TRACE,965194,935,938,968
[19:07:03.365][D][ldc1314:436]: TRACE,965211,935,938,968
[19:07:03.374][D][ldc1314:436]: TRACE,965226,935,938,968
[19:07:03.395][D][ldc1314:436]: TRACE,965241,934,938,968
[19:07:03.402][D][ldc1314:436]: TRACE,965253,934,938,968
[19:07:03.416][D][ldc1314:436]: TRACE,965267,934,938,968
[19:07:03.433][D][ldc1314:436]: TRACE,965282,934,938,969
[19:07:03.448][D][ldc1314:436]: TRACE,965299,934,938,968
[19:07:03.463][D][ldc1314:436]: TRACE,965314,934,938,968
[19:07:03.478][D][ldc1314:436]: TRACE,965329,934,938,969
[19:07:03.497][D][ldc1314:436]: TRACE,965346,934,938,968
[19:07:03.508][D][ldc1314:436]: TRACE,965359,934,938,968
[19:07:03.521][D][ldc1314:436]: TRACE,965372,934,938,968
[19:07:03.539][D][ldc1314:436]: TRACE,965387,934,939,968
[19:07:03.642][D][ldc1314:436]: TRACE,965406,934,939,969
[19:07:03.642][D][ldc1314:436]: TRACE,965422,934,939,969
[19:07:03.642][D][ldc1314:436]: TRACE,965432,934,939,968
[19:07:03.642][D][ldc1314:436]: TRACE,965442,934,939,968
[19:07:03.642][D][ldc1314:436]: TRACE,965452,934,939,969
[19:07:03.642][D][ldc1314:436]: TRACE,965463,934,939,969
[19:07:03.642][D][ldc1314:436]: TRACE,965473,934,939,968
[19:07:03.642][D][ldc1314:436]: TRACE,965483,934,939,968
[19:07:03.649][D][ldc1314:436]: TRACE,965493,934,939,969
[19:07:03.659][D][ldc1314:436]: TRACE,965503,933,939,969
[19:07:03.667][D][ldc1314:436]: TRACE,965516,933,939,968
[19:07:03.683][D][ldc1314:436]: TRACE,965535,933,939,968
[19:07:03.702][D][ldc1314:436]: TRACE,965550,933,939,969
[19:07:03.713][D][ldc1314:436]: TRACE,965563,933,939,968
[19:07:03.726][D][ldc1314:436]: TRACE,965579,933,939,968
[19:07:03.741][D][ldc1314:436]: TRACE,965592,933,939,969
[19:07:03.755][D][ldc1314:436]: TRACE,965606,933,939,969
[19:07:03.771][D][ldc1314:436]: TRACE,965621,933,940,969
[19:07:03.782][D][ldc1314:436]: TRACE,965636,933,940,969
[19:07:03.805][D][ldc1314:436]: TRACE,965654,933,940,969
[19:07:03.816][D][ldc1314:436]: TRACE,965668,933,940,969
[19:07:03.828][D][ldc1314:436]: TRACE,965680,933,940,968
[19:07:03.843][D][ldc1314:436]: TRACE,965694,933,940,968
[19:07:03.858][D][ldc1314:436]: TRACE,965709,933,940,968
[19:07:03.872][D][ldc1314:436]: TRACE,965723,933,940,969
[19:07:03.885][D][ldc1314:436]: TRACE,965738,933,940,969
[19:07:03.910][D][ldc1314:436]: TRACE,965750,933,940,969
[19:07:03.920][D][ldc1314:436]: TRACE,965768,933,940,969
[19:07:03.934][D][ldc1314:436]: TRACE,965785,933,940,969
[19:07:03.948][D][ldc1314:436]: TRACE,965800,933,940,968
[19:07:03.968][D][ldc1314:436]: TRACE,965814,933,940,969
[19:07:03.976][D][ldc1314:436]: TRACE,965829,933,940,969
[19:07:03.991][D][ldc1314:436]: TRACE,965841,933,940,969
[19:07:04.011][D][ldc1314:436]: TRACE,965855,933,940,969
[19:07:04.022][D][ldc1314:436]: TRACE,965871,933,940,969
[19:07:04.036][D][ldc1314:436]: TRACE,965888,933,940,969
[19:07:04.051][D][ldc1314:436]: TRACE,965902,933,940,969
[19:07:04.066][D][ldc1314:436]: TRACE,965917,933,940,969
[19:07:04.168][D][ldc1314:436]: TRACE,965932,933,940,969
[19:07:04.168][D][ldc1314:436]: TRACE,965946,933,940,969
[19:07:04.168][D][ldc1314:436]: TRACE,965957,933,940,969
[19:07:04.168][D][ldc1314:436]: TRACE,965967,933,940,969
[19:07:04.168][D][ldc1314:436]: TRACE,965977,933,940,969
[19:07:04.168][D][ldc1314:436]: TRACE,965992,932,940,969
[19:07:04.168][D][ldc1314:436]: TRACE,966001,932,940,969
[19:07:04.168][D][ldc1314:436]: TRACE,966011,932,940,969
[19:07:04.168][D][ldc1314:436]: TRACE,966021,932,940,969
[19:07:04.180][D][ldc1314:436]: TRACE,966031,932,940,969
[19:07:04.189][D][ldc1314:436]: TRACE,966043,932,940,969
[19:07:04.214][D][ldc1314:436]: TRACE,966055,932,940,969
[19:07:04.216][D][ldc1314:436]: TRACE,966070,932,940,969
[19:07:04.232][D][ldc1314:436]: TRACE,966083,932,940,969
[19:07:04.247][D][ldc1314:436]: TRACE,966098,932,940,969
[19:07:04.267][D][ldc1314:436]: TRACE,966118,932,940,969
[19:07:04.283][D][ldc1314:436]: TRACE,966133,932,940,969
[19:07:04.294][D][ldc1314:436]: TRACE,966147,932,940,969
[19:07:04.319][D][ldc1314:436]: TRACE,966160,932,940,969
[19:07:04.326][D][ldc1314:436]: TRACE,966175,932,940,969
[19:07:04.337][D][ldc1314:436]: TRACE,966187,932,940,969
[19:07:04.352][D][ldc1314:436]: TRACE,966203,932,940,969
[19:07:04.367][D][ldc1314:436]: TRACE,966217,932,940,969
[19:07:04.384][D][ldc1314:436]: TRACE,966235,932,940,969
[19:07:04.396][D][ldc1314:436]: TRACE,966248,932,940,969
[19:07:04.423][D][ldc1314:436]: TRACE,966262,932,940,969
[19:07:04.424][D][ldc1314:436]: TRACE,966276,932,940,969
[19:07:04.440][D][ldc1314:436]: TRACE,966290,932,940,969
[19:07:04.459][D][ldc1314:436]: TRACE,966306,932,940,969
[19:07:04.470][D][ldc1314:436]: TRACE,966322,932,940,969
[19:07:04.487][D][ldc1314:436]: TRACE,966336,932,940,969
[19:07:04.503][D][ldc1314:436]: TRACE,966355,932,940,969
[19:07:04.520][D][ldc1314:436]: TRACE,966369,932,940,969
[19:07:04.535][D][ldc1314:436]: TRACE,966385,932,940,969
[19:07:04.554][D][ldc1314:436]: TRACE,966402,932,940,969
[19:07:04.568][D][ldc1314:436]: TRACE,966418,932,940,969
[19:07:04.583][D][ldc1314:436]: TRACE,966434,932,940,969
[19:07:04.597][D][ldc1314:436]: TRACE,966450,932,940,969
[19:07:04.698][D][ldc1314:436]: TRACE,966462,932,940,969
[19:07:04.698][D][ldc1314:436]: TRACE,966478,932,940,969
[19:07:04.698][D][ldc1314:436]: TRACE,966488,932,940,969
[19:07:04.698][D][ldc1314:436]: TRACE,966498,932,940,969
[19:07:04.698][D][ldc1314:436]: TRACE,966509,932,940,969
[19:07:04.698][D][ldc1314:436]: TRACE,966519,932,940,969
[19:07:04.698][D][ldc1314:436]: TRACE,966530,932,940,969
[19:07:04.698][D][ldc1314:436]: TRACE,966540,932,940,969
[19:07:04.698][D][ldc1314:436]: TRACE,966551,932,940,969
[19:07:04.711][D][ldc1314:436]: TRACE,966561,932,940,969
[19:07:04.729][D][ldc1314:436]: TRACE,966580,932,940,969
[19:07:04.740][D][ldc1314:436]: TRACE,966590,932,940,969
[19:07:04.760][D][ldc1314:436]: TRACE,966612,932,940,969
[19:07:04.775][D][ldc1314:436]: TRACE,966626,932,940,969
[19:07:04.790][D][ldc1314:436]: TRACE,966641,932,940,969
[19:07:04.804][D][ldc1314:436]: TRACE,966655,932,940,969
[19:07:04.828][D][ldc1314:436]: TRACE,966670,932,940,969
[19:07:04.835][D][ldc1314:436]: TRACE,966685,932,940,969
[19:07:04.850][D][ldc1314:436]: TRACE,966697,932,940,969
[19:07:04.868][D][ldc1314:436]: TRACE,966718,932,940,969
[19:07:04.885][D][ldc1314:436]: TRACE,966734,932,940,969
[19:07:04.901][D][ldc1314:436]: TRACE,966749,932,940,969
[19:07:04.912][D][ldc1314:436]: TRACE,966766,932,940,969
[19:07:04.930][D][ldc1314:436]: TRACE,966780,932,940,969
[19:07:04.941][D][ldc1314:436]: TRACE,966794,932,940,969
[19:07:04.956][D][ldc1314:436]: TRACE,966806,932,940,969
[19:07:04.977][D][ldc1314:436]: TRACE,966827,932,940,969
[19:07:04.992][D][ldc1314:436]: TRACE,966843,932,940,969
[19:07:05.006][D][ldc1314:436]: TRACE,966857,932,940,969
[19:07:05.034][D][ldc1314:436]: TRACE,966872,932,940,970
[19:07:05.041][D][ldc1314:436]: TRACE,966885,932,940,970
[19:07:05.047][D][ldc1314:436]: TRACE,966895,932,940,970
[19:07:05.060][D][ldc1314:436]: TRACE,966910,932,940,970
[19:07:05.080][D][ldc1314:436]: TRACE,966932,932,940,970
[19:07:05.101][D][ldc1314:436]: TRACE,966946,932,940,970
[19:07:05.113][D][ldc1314:436]: TRACE,966965,932,940,970
[19:07:05.214][D][ldc1314:436]: TRACE,966979,932,939,970
[19:07:05.214][D][ldc1314:436]: TRACE,966994,932,939,970
[19:07:05.214][D][ldc1314:436]: TRACE,967004,932,939,970
[19:07:05.214][D][ldc1314:436]: TRACE,967015,932,939,970
[19:07:05.215][D][ldc1314:436]: TRACE,967025,932,939,970
[19:07:05.215][D][ldc1314:436]: TRACE,967037,932,939,970
[19:07:05.215][D][ldc1314:436]: TRACE,967047,932,939,970
[19:07:05.215][D][ldc1314:436]: TRACE,967057,932,939,970
[19:07:05.215][D][ldc1314:436]: TRACE,967067,932,939,970
[19:07:05.227][D][ldc1314:436]: TRACE,967077,932,939,970
[19:07:05.241][D][ldc1314:436]: TRACE,967092,932,939,970
[19:07:05.252][D][ldc1314:436]: TRACE,967102,932,939,970
[19:07:05.267][D][ldc1314:436]: TRACE,967120,932,939,971
[19:07:05.283][D][ldc1314:436]: TRACE,967133,932,939,971
[19:07:05.302][D][ldc1314:436]: TRACE,967151,932,939,971
[19:07:05.317][D][ldc1314:436]: TRACE,967167,932,939,971
[19:07:05.345][D][ldc1314:436]: TRACE,967182,932,939,971
[19:07:05.345][D][ldc1314:436]: TRACE,967197,932,939,971
[19:07:05.356][D][ldc1314:436]: TRACE,967209,932,939,971
[19:07:05.375][D][ldc1314:436]: TRACE,967224,932,939,971
[19:07:05.388][D][ldc1314:436]: TRACE,967239,932,938,971
[19:07:05.408][D][ldc1314:436]: TRACE,967260,932,938,971
[19:07:05.421][D][ldc1314:436]: TRACE,967274,932,938,971
[19:07:05.442][D][ldc1314:436]: TRACE,967289,932,938,972
[19:07:05.456][D][ldc1314:436]: TRACE,967301,932,938,972
[19:07:05.464][D][ldc1314:436]: TRACE,967317,932,938,972
[19:07:05.477][D][ldc1314:436]: TRACE,967329,932,938,972
[19:07:05.495][D][ldc1314:436]: TRACE,967344,932,938,972
[19:07:05.508][D][ldc1314:436]: TRACE,967359,932,938,972
[19:07:05.530][D][ldc1314:436]: TRACE,967378,932,938,972
[19:07:05.547][D][ldc1314:436]: TRACE,967394,932,938,972
[19:07:05.558][D][ldc1314:436]: TRACE,967406,932,938,973
[19:07:05.572][D][ldc1314:436]: TRACE,967422,932,938,973
[19:07:05.589][D][ldc1314:436]: TRACE,967439,932,938,973
[19:07:05.606][D][ldc1314:436]: TRACE,967456,932,938,973
[19:07:05.619][D][ldc1314:436]: TRACE,967471,932,937,973
[19:07:05.647][D][ldc1314:436]: TRACE,967489,932,937,973
[19:07:05.739][D][ldc1314:436]: TRACE,967505,932,937,973
[19:07:05.739][D][ldc1314:436]: TRACE,967514,932,937,973
[19:07:05.739][D][ldc1314:436]: TRACE,967527,932,937,974
[19:07:05.739][D][ldc1314:436]: TRACE,967537,932,937,974
[19:07:05.739][D][ldc1314:436]: TRACE,967548,932,937,974
[19:07:05.739][D][ldc1314:436]: TRACE,967558,932,937,974
[19:07:05.739][D][ldc1314:436]: TRACE,967568,932,937,974
[19:07:05.739][D][ldc1314:436]: TRACE,967578,932,937,974
[19:07:05.739][D][ldc1314:436]: TRACE,967588,932,937,974
[19:07:05.753][D][ldc1314:436]: TRACE,967600,932,936,974
[19:07:05.765][D][ldc1314:436]: TRACE,967610,932,936,974
[19:07:05.772][D][ldc1314:436]: TRACE,967626,932,936,975
[19:07:05.785][D][ldc1314:436]: TRACE,967638,932,936,975
[19:07:05.799][D][ldc1314:436]: TRACE,967652,932,936,975
[19:07:05.813][D][ldc1314:436]: TRACE,967665,932,936,975
[19:07:05.826][D][ldc1314:436]: TRACE,967680,932,936,975
[19:07:05.851][D][ldc1314:436]: TRACE,967692,932,936,975
[19:07:05.859][D][ldc1314:436]: TRACE,967709,932,936,975
[19:07:05.873][D][ldc1314:436]: TRACE,967723,932,936,976
[19:07:05.890][D][ldc1314:436]: TRACE,967739,932,935,976
[19:07:05.905][D][ldc1314:436]: TRACE,967756,932,935,976
[19:07:05.920][D][ldc1314:436]: TRACE,967770,932,935,976
[19:07:05.931][D][ldc1314:436]: TRACE,967784,932,935,976
[19:07:05.954][D][ldc1314:436]: TRACE,967799,932,935,976
[19:07:05.965][D][ldc1314:436]: TRACE,967814,932,935,977
[19:07:05.978][D][ldc1314:436]: TRACE,967831,932,935,977
[19:07:05.992][D][ldc1314:436]: TRACE,967843,932,935,977
[19:07:06.008][D][ldc1314:436]: TRACE,967858,932,935,977
[19:07:06.024][D][ldc1314:436]: TRACE,967873,932,934,977
[19:07:06.036][D][ldc1314:436]: TRACE,967889,932,934,977
[19:07:06.056][D][ldc1314:436]: TRACE,967903,932,934,977
[19:07:06.069][D][ldc1314:436]: TRACE,967919,932,934,978
[19:07:06.086][D][ldc1314:436]: TRACE,967934,932,934,978
[19:07:06.104][D][ldc1314:436]: TRACE,967951,932,934,978
[19:07:06.120][D][ldc1314:436]: TRACE,967972,932,934,978
[19:07:06.136][D][ldc1314:436]: TRACE,967987,932,934,978
[19:07:06.158][D][ldc1314:436]: TRACE,968002,932,933,979
[19:07:06.165][D][ldc1314:436]: TRACE,968017,932,933,979
[19:07:06.263][D][ldc1314:436]: TRACE,968031,932,933,979
[19:07:06.264][D][ldc1314:436]: TRACE,968050,932,933,979
[19:07:06.264][D][ldc1314:436]: TRACE,968059,932,933,979
[19:07:06.264][D][ldc1314:436]: TRACE,968069,932,933,979
[19:07:06.264][D][ldc1314:436]: TRACE,968080,932,933,979
[19:07:06.270][D][ldc1314:436]: TRACE,968091,932,933,979
[19:07:06.270][D][ldc1314:436]: TRACE,968100,932,933,979
[19:07:06.270][D][ldc1314:436]: TRACE,968110,932,933,980
[19:07:06.270][D][ldc1314:436]: TRACE,968120,932,933,980
[19:07:06.284][D][ldc1314:436]: TRACE,968136,932,933,980
[19:07:06.299][D][ldc1314:436]: TRACE,968150,932,933,980
[19:07:06.321][D][ldc1314:436]: TRACE,968170,932,932,980
[19:07:06.336][D][ldc1314:436]: TRACE,968185,932,932,980
[19:07:06.348][D][ldc1314:436]: TRACE,968200,932,932,980
[19:07:06.363][D][ldc1314:436]: TRACE,968214,932,932,980
[19:07:06.376][D][ldc1314:436]: TRACE,968225,932,932,981
[19:07:06.391][D][ldc1314:436]: TRACE,968241,932,932,981
[19:07:06.405][D][ldc1314:436]: TRACE,968256,932,932,981
[19:07:06.425][D][ldc1314:436]: TRACE,968275,932,932,981
[19:07:06.441][D][ldc1314:436]: TRACE,968291,932,932,981
[19:07:06.455][D][ldc1314:436]: TRACE,968306,932,932,981
[19:07:06.467][D][ldc1314:436]: TRACE,968321,932,931,981
[19:07:06.485][D][ldc1314:436]: TRACE,968332,932,931,981
[19:07:06.494][D][ldc1314:436]: TRACE,968348,932,931,981
[19:07:06.512][D][ldc1314:436]: TRACE,968361,932,931,982
[19:07:06.530][D][ldc1314:436]: TRACE,968381,932,931,982
[19:07:06.545][D][ldc1314:436]: TRACE,968396,932,931,982
[19:07:06.567][D][ldc1314:436]: TRACE,968411,932,931,982
[19:07:06.574][D][ldc1314:436]: TRACE,968426,932,931,982
[19:07:06.588][D][ldc1314:436]: TRACE,968439,932,931,982
[19:07:06.603][D][ldc1314:436]: TRACE,968454,932,931,982
[19:07:06.618][D][ldc1314:436]: TRACE,968469,932,931,982
[19:07:06.633][D][ldc1314:436]: TRACE,968484,932,931,982
[19:07:06.651][D][ldc1314:436]: TRACE,968505,932,931,982
[19:07:06.672][D][ldc1314:436]: TRACE,968517,932,930,982
[19:07:06.682][D][ldc1314:436]: TRACE,968530,932,930,982
[19:07:06.693][D][ldc1314:436]: TRACE,968544,932,930,982
[19:07:06.790][D][ldc1314:436]: TRACE,968556,932,930,983
[19:07:06.790][D][ldc1314:436]: TRACE,968568,932,930,983
[19:07:06.790][D][ldc1314:436]: TRACE,968577,932,930,983
[19:07:06.790][D][ldc1314:436]: TRACE,968587,932,930,983
[19:07:06.791][D][ldc1314:436]: TRACE,968597,932,930,983
[19:07:06.791][D][ldc1314:436]: TRACE,968608,932,930,983
[19:07:06.793][D][ldc1314:436]: TRACE,968619,932,930,983
[19:07:06.793][D][ldc1314:436]: TRACE,968629,932,930,983
[19:07:06.793][D][ldc1314:436]: TRACE,968639,932,930,983
[19:07:06.793][D][ldc1314:436]: TRACE,968649,932,930,983
[19:07:06.810][D][ldc1314:436]: TRACE,968660,932,930,983
[19:07:06.820][D][ldc1314:436]: TRACE,968674,932,930,983
[19:07:06.833][D][ldc1314:436]: TRACE,968686,932,930,983
[19:07:06.847][D][ldc1314:436]: TRACE,968700,932,930,983
[19:07:06.874][D][ldc1314:436]: TRACE,968713,932,930,983
[19:07:06.881][D][ldc1314:436]: TRACE,968732,932,930,983
[19:07:06.898][D][ldc1314:436]: TRACE,968747,932,930,983
[19:07:06.911][D][ldc1314:436]: TRACE,968761,932,930,983
[19:07:06.926][D][ldc1314:436]: TRACE,968776,932,930,983
[19:07:06.941][D][ldc1314:436]: TRACE,968791,932,929,983
[19:07:06.955][D][ldc1314:436]: TRACE,968808,932,929,983
[19:07:06.977][D][ldc1314:436]: TRACE,968821,932,929,983
[19:07:06.990][D][ldc1314:436]: TRACE,968839,932,929,983
[19:07:07.003][D][ldc1314:436]: TRACE,968855,932,929,983
[19:07:07.018][D][ldc1314:436]: TRACE,968870,932,929,983
[19:07:07.033][D][ldc1314:436]: TRACE,968884,932,929,983
[19:07:07.048][D][ldc1314:436]: TRACE,968899,932,929,984
[19:07:07.060][D][ldc1314:436]: TRACE,968913,932,929,984
[19:07:07.081][D][ldc1314:436]: TRACE,968925,932,929,984
[19:07:07.086][D][ldc1314:436]: TRACE,968939,932,929,984
[19:07:07.108][D][ldc1314:436]: TRACE,968954,932,929,984
[19:07:07.128][D][ldc1314:436]: TRACE,968977,932,929,984
[19:07:07.143][D][ldc1314:436]: TRACE,968994,932,929,984
[19:07:07.157][D][ldc1314:436]: TRACE,969008,932,929,984
[19:07:07.182][D][ldc1314:436]: TRACE,969024,932,929,984
[19:07:07.189][D][ldc1314:436]: TRACE,969039,932,929,984
[19:07:07.199][D][ldc1314:436]: TRACE,969049,932,929,984
[19:07:07.215][D][ldc1314:436]: TRACE,969065,933,929,984
[19:07:07.312][D][ldc1314:436]: TRACE,969084,933,929,984
[19:07:07.312][D][ldc1314:436]: TRACE,969098,933,929,984
[19:07:07.312][D][ldc1314:436]: TRACE,969109,932,929,984
[19:07:07.312][D][ldc1314:436]: TRACE,969119,933,929,984
[19:07:07.312][D][ldc1314:436]: TRACE,969129,933,929,984
[19:07:07.312][D][ldc1314:436]: TRACE,969139,933,929,984
[19:07:07.312][D][ldc1314:436]: TRACE,969149,933,929,984
[19:07:07.313][D][ldc1314:436]: TRACE,969159,933,929,984
[19:07:07.320][D][ldc1314:436]: TRACE,969169,933,929,984
[19:07:07.330][D][ldc1314:436]: TRACE,969179,933,929,984
[19:07:07.351][D][ldc1314:436]: TRACE,969202,933,929,984
[19:07:07.363][D][ldc1314:436]: TRACE,969217,933,929,984
[19:07:07.386][D][ldc1314:436]: TRACE,969229,933,929,984
[19:07:07.387][D][ldc1314:436]: TRACE,969243,933,929,984
[19:07:07.403][D][ldc1314:436]: TRACE,969254,933,929,984
[19:07:07.418][D][ldc1314:436]: TRACE,969269,933,929,984
[19:07:07.434][D][ldc1314:436]: TRACE,969285,933,929,984
[19:07:07.448][D][ldc1314:436]: TRACE,969300,933,929,984
[19:07:07.469][D][ldc1314:436]: TRACE,969317,933,929,984
[19:07:07.489][D][ldc1314:436]: TRACE,969332,933,929,984
[19:07:07.494][D][ldc1314:436]: TRACE,969345,933,929,984
[19:07:07.508][D][ldc1314:436]: TRACE,969357,933,929,984
[19:07:07.522][D][ldc1314:436]: TRACE,969373,933,929,984
[19:07:07.536][D][ldc1314:436]: TRACE,969388,933,929,984
[19:07:07.552][D][ldc1314:436]: TRACE,969403,933,929,984
[19:07:07.565][D][ldc1314:436]: TRACE,969417,933,929,984
[19:07:07.591][D][ldc1314:436]: TRACE,969434,933,929,984
[19:07:07.598][D][ldc1314:436]: TRACE,969450,933,929,984
[19:07:07.610][D][ldc1314:436]: TRACE,969460,933,929,984
[19:07:07.625][D][ldc1314:436]: TRACE,969478,933,929,984
[19:07:07.641][D][ldc1314:436]: TRACE,969491,933,929,984
[19:07:07.655][D][ldc1314:436]: TRACE,969507,933,929,984
[19:07:07.668][D][ldc1314:436]: TRACE,969520,933,929,984
[19:07:07.693][D][ldc1314:436]: TRACE,969541,933,929,984
[19:07:07.703][D][ldc1314:436]: TRACE,969553,933,929,984
[19:07:07.717][D][ldc1314:436]: TRACE,969569,933,929,984
[19:07:07.730][D][ldc1314:436]: TRACE,969582,933,929,984
[19:07:07.745][D][ldc1314:436]: TRACE,969597,933,929,984
[19:07:07.837][D][ldc1314:436]: TRACE,969611,933,929,984
[19:07:07.837][D][ldc1314:436]: TRACE,969621,933,929,984
[19:07:07.837][D][ldc1314:436]: TRACE,969631,933,929,984
[19:07:07.837][D][ldc1314:436]: TRACE,969641,933,929,984
[19:07:07.837][D][ldc1314:436]: TRACE,969651,933,929,984
[19:07:07.838][D][ldc1314:436]: TRACE,969662,933,929,984
[19:07:07.838][D][ldc1314:436]: TRACE,969672,933,929,984
[19:07:07.838][D][ldc1314:436]: TRACE,969682,933,929,984
[19:07:07.838][D][ldc1314:436]: TRACE,969692,933,929,984
[19:07:07.870][D][ldc1314:436]: TRACE,969704,933,929,984
[19:07:07.877][D][ldc1314:436]: TRACE,969714,933,929,984
[19:07:07.877][D][ldc1314:436]: TRACE,969725,933,929,984
[19:07:07.882][D][ldc1314:436]: TRACE,969735,934,929,984
[19:07:07.898][D][ldc1314:436]: TRACE,969750,934,929,983
[19:07:07.911][D][ldc1314:436]: TRACE,969762,934,929,983
[19:07:07.933][D][ldc1314:436]: TRACE,969779,934,929,983
[19:07:07.946][D][ldc1314:436]: TRACE,969797,934,929,983
[19:07:07.963][D][ldc1314:436]: TRACE,969812,934,929,983
[19:07:07.978][D][ldc1314:436]: TRACE,969829,934,929,983
[19:07:08.001][D][ldc1314:436]: TRACE,969844,934,929,983
[19:07:08.011][D][ldc1314:436]: TRACE,969859,934,929,983
[19:07:08.019][D][ldc1314:436]: TRACE,969869,934,929,983
[19:07:08.037][D][ldc1314:436]: TRACE,969889,934,929,983
[19:07:08.053][D][ldc1314:436]: TRACE,969903,934,929,983
[19:07:08.067][D][ldc1314:436]: TRACE,969920,934,929,983
[19:07:08.081][D][ldc1314:436]: TRACE,969932,934,929,983
[19:07:08.103][D][ldc1314:436]: TRACE,969947,934,929,983
[19:07:08.118][D][ldc1314:436]: TRACE,969962,934,929,983
[19:07:08.133][D][ldc1314:436]: TRACE,969984,934,929,983
[19:07:08.148][D][ldc1314:436]: TRACE,969999,934,929,983
[19:07:08.168][D][ldc1314:436]: TRACE,970019,935,929,983
[19:07:08.182][D][ldc1314:436]: TRACE,970034,935,929,983
[19:07:08.207][D][ldc1314:436]: TRACE,970048,935,929,983
[19:07:08.210][D][ldc1314:436]: TRACE,970063,935,928,983
[19:07:08.225][D][ldc1314:436]: TRACE,970075,935,928,982
[19:07:08.241][D][ldc1314:436]: TRACE,970092,935,928,982
[19:07:08.257][D][ldc1314:436]: TRACE,970108,935,928,982
[19:07:08.366][D][ldc1314:436]: TRACE,970123,935,928,982
[19:07:08.367][D][ldc1314:436]: TRACE,970139,935,928,982
[19:07:08.367][D][ldc1314:436]: TRACE,970149,935,928,982
[19:07:08.367][D][ldc1314:436]: TRACE,970159,935,928,982
[19:07:08.367][D][ldc1314:436]: TRACE,970169,935,928,982
[19:07:08.367][D][ldc1314:436]: TRACE,970180,935,928,982
[19:07:08.367][D][ldc1314:436]: TRACE,970189,935,928,982
[19:07:08.367][D][ldc1314:436]: TRACE,970199,935,928,982
[19:07:08.367][D][ldc1314:436]: TRACE,970209,935,928,982
[19:07:08.373][D][ldc1314:436]: TRACE,970219,936,928,982
[19:07:08.379][D][ldc1314:436]: TRACE,970230,936,928,982
[19:07:08.395][D][ldc1314:436]: TRACE,970244,936,928,982
[19:07:08.413][D][ldc1314:436]: TRACE,970262,936,928,981
[19:07:08.422][D][ldc1314:436]: TRACE,970272,936,928,981
[19:07:08.437][D][ldc1314:436]: TRACE,970288,936,928,981
[19:07:08.452][D][ldc1314:436]: TRACE,970303,936,928,981
[19:07:08.467][D][ldc1314:436]: TRACE,970320,936,928,981
[19:07:08.482][D][ldc1314:436]: TRACE,970334,936,928,981
[19:07:08.512][D][ldc1314:436]: TRACE,970351,936,928,981
[19:07:08.521][D][ldc1314:436]: TRACE,970368,936,928,981
[19:07:08.532][D][ldc1314:436]: TRACE,970381,936,928,980
[19:07:08.547][D][ldc1314:436]: TRACE,970398,937,928,980
[19:07:08.562][D][ldc1314:436]: TRACE,970413,937,928,980
[19:07:08.578][D][ldc1314:436]: TRACE,970429,937,928,980
[19:07:08.593][D][ldc1314:436]: TRACE,970444,937,928,980
[19:07:08.614][D][ldc1314:436]: TRACE,970464,937,928,980
[19:07:08.628][D][ldc1314:436]: TRACE,970479,937,928,979
[19:07:08.642][D][ldc1314:436]: TRACE,970493,937,928,979
[19:07:08.655][D][ldc1314:436]: TRACE,970508,937,928,979
[19:07:08.668][D][ldc1314:436]: TRACE,970521,937,928,979
[19:07:08.681][D][ldc1314:436]: TRACE,970535,938,928,979
[19:07:08.695][D][ldc1314:436]: TRACE,970549,938,928,979
[19:07:08.732][D][ldc1314:436]: TRACE,970579,938,928,978
[19:07:08.749][D][ldc1314:436]: TRACE,970597,938,928,978
[19:07:08.763][D][ldc1314:436]: TRACE,970614,938,928,978
[19:07:08.779][D][ldc1314:436]: TRACE,970629,938,928,978
[19:07:08.793][D][ldc1314:436]: TRACE,970646,938,928,978
[19:07:08.885][D][ldc1314:436]: TRACE,970658,938,928,978
[19:07:08.885][D][ldc1314:436]: TRACE,970669,938,928,978
[19:07:08.885][D][ldc1314:436]: TRACE,970679,938,928,977
[19:07:08.885][D][ldc1314:436]: TRACE,970691,938,928,977
[19:07:08.885][D][ldc1314:436]: TRACE,970702,939,928,977
[19:07:08.885][D][ldc1314:436]: TRACE,970712,939,928,977
[19:07:08.885][D][ldc1314:436]: TRACE,970722,939,928,977
[19:07:08.896][D][ldc1314:436]: TRACE,970732,939,928,977
[19:07:08.896][D][ldc1314:436]: TRACE,970742,939,928,977
[19:07:08.902][D][ldc1314:436]: TRACE,970752,939,928,977
[19:07:08.921][D][ldc1314:436]: TRACE,970766,939,928,977
[19:07:08.930][D][ldc1314:436]: TRACE,970782,939,928,976
[19:07:08.946][D][ldc1314:436]: TRACE,970797,939,928,976
[19:07:08.966][D][ldc1314:436]: TRACE,970818,939,928,976
[19:07:08.984][D][ldc1314:436]: TRACE,970833,939,928,976
[19:07:08.997][D][ldc1314:436]: TRACE,970849,940,928,976
[19:07:09.011][D][ldc1314:436]: TRACE,970862,940,928,975
[19:07:09.026][D][ldc1314:436]: TRACE,970877,940,928,975
[19:07:09.040][D][ldc1314:436]: TRACE,970888,940,928,975
[19:07:09.053][D][ldc1314:436]: TRACE,970905,940,928,975
[19:07:09.068][D][ldc1314:436]: TRACE,970920,940,928,975
[19:07:09.086][D][ldc1314:436]: TRACE,970940,940,928,975
[19:07:09.101][D][ldc1314:436]: TRACE,970952,940,928,975
[19:07:09.126][D][ldc1314:436]: TRACE,970966,940,928,974
[19:07:09.138][D][ldc1314:436]: TRACE,970985,940,928,974
[19:07:09.145][D][ldc1314:436]: TRACE,970994,940,928,974
[19:07:09.156][D][ldc1314:436]: TRACE,971007,940,928,974
[19:07:09.168][D][ldc1314:436]: TRACE,971022,941,928,974
[19:07:09.185][D][ldc1314:436]: TRACE,971036,941,928,974
[19:07:09.204][D][ldc1314:436]: TRACE,971051,941,928,974
[19:07:09.218][D][ldc1314:436]: TRACE,971068,941,928,974
[19:07:09.231][D][ldc1314:436]: TRACE,971083,941,928,973
[19:07:09.244][D][ldc1314:436]: TRACE,971097,941,928,973
[19:07:09.259][D][ldc1314:436]: TRACE,971111,941,928,973
[19:07:09.275][D][ldc1314:436]: TRACE,971126,941,928,973
[19:07:09.287][D][ldc1314:436]: TRACE,971140,941,928,973
[19:07:09.304][D][ldc1314:436]: TRACE,971154,941,928,973
[19:07:09.409][D][ldc1314:436]: TRACE,971172,941,928,973
[19:07:09.409][D][ldc1314:436]: TRACE,971187,941,928,973
[19:07:09.409][D][ldc1314:436]: TRACE,971197,941,928,972
[19:07:09.409][D][ldc1314:436]: TRACE,971207,941,928,972
[19:07:09.409][D][ldc1314:436]: TRACE,971217,941,928,972
[19:07:09.410][D][ldc1314:436]: TRACE,971227,942,928,972
[19:07:09.410][D][ldc1314:436]: TRACE,971237,942,928,972
[19:07:09.410][D][ldc1314:436]: TRACE,971247,942,928,972
[19:07:09.414][D][ldc1314:436]: TRACE,971257,942,928,972
[19:07:09.414][D][ldc1314:436]: TRACE,971267,942,928,972
[19:07:09.433][D][ldc1314:436]: TRACE,971279,942,928,972
[19:07:09.442][D][ldc1314:436]: TRACE,971295,942,928,972
[19:07:09.457][D][ldc1314:436]: TRACE,971307,942,928,972
[19:07:09.471][D][ldc1314:436]: TRACE,971322,942,928,972
[19:07:09.486][D][ldc1314:436]: TRACE,971337,942,928,971
[19:07:09.500][D][ldc1314:436]: TRACE,971352,942,928,971
[19:07:09.515][D][ldc1314:436]: TRACE,971366,942,928,971
[19:07:09.535][D][ldc1314:436]: TRACE,971385,942,928,971
[19:07:09.547][D][ldc1314:436]: TRACE,971398,942,928,971
[19:07:09.565][D][ldc1314:436]: TRACE,971413,942,928,971
[19:07:09.577][D][ldc1314:436]: TRACE,971428,942,928,971
[19:07:09.593][D][ldc1314:436]: TRACE,971444,942,928,971
[19:07:09.610][D][ldc1314:436]: TRACE,971458,942,928,971
[19:07:09.620][D][ldc1314:436]: TRACE,971473,942,928,971
[19:07:09.637][D][ldc1314:436]: TRACE,971485,942,928,971
[19:07:09.653][D][ldc1314:436]: TRACE,971501,942,928,971
[19:07:09.669][D][ldc1314:436]: TRACE,971520,942,928,970
[19:07:09.684][D][ldc1314:436]: TRACE,971534,942,928,970
[19:07:09.700][D][ldc1314:436]: TRACE,971551,942,928,970
[19:07:09.714][D][ldc1314:436]: TRACE,971565,942,928,970
[19:07:09.728][D][ldc1314:436]: TRACE,971581,943,928,970
[19:07:09.745][D][ldc1314:436]: TRACE,971594,943,928,970
[19:07:09.762][D][ldc1314:436]: TRACE,971612,943,928,970
[19:07:09.778][D][ldc1314:436]: TRACE,971627,943,929,970
[19:07:09.795][D][ldc1314:436]: TRACE,971644,943,928,970
[19:07:09.813][D][ldc1314:436]: TRACE,971661,943,928,970
[19:07:09.825][D][ldc1314:436]: TRACE,971678,943,928,970
[19:07:09.843][D][ldc1314:436]: TRACE,971692,943,928,970
[19:07:09.933][D][ldc1314:436]: TRACE,971706,943,929,970
[19:07:09.933][D][ldc1314:436]: TRACE,971717,943,928,970
[19:07:09.934][D][ldc1314:436]: TRACE,971728,943,928,970
[19:07:09.934][D][ldc1314:436]: TRACE,971740,943,928,970
[19:07:09.934][D][ldc1314:436]: TRACE,971750,943,929,970
[19:07:09.934][D][ldc1314:436]: TRACE,971760,943,929,970
[19:07:09.946][D][ldc1314:436]: TRACE,971770,943,929,970
[19:07:09.946][D][ldc1314:436]: TRACE,971781,943,929,970
[19:07:09.946][D][ldc1314:436]: TRACE,971791,943,928,970
[19:07:09.947][D][ldc1314:436]: TRACE,971801,943,928,969
[19:07:09.962][D][ldc1314:436]: TRACE,971811,943,929,969
[19:07:09.977][D][ldc1314:436]: TRACE,971829,943,929,969
[19:07:09.994][D][ldc1314:436]: TRACE,971843,943,929,969
[19:07:10.010][D][ldc1314:436]: TRACE,971860,943,929,969
[19:07:10.026][D][ldc1314:436]: TRACE,971876,943,929,969
[19:07:10.047][D][ldc1314:436]: TRACE,971891,943,929,969
[19:07:10.054][D][ldc1314:436]: TRACE,971906,943,929,969
[19:07:10.070][D][ldc1314:436]: TRACE,971920,943,929,969
[19:07:10.088][D][ldc1314:436]: TRACE,971937,943,929,969
[19:07:10.101][D][ldc1314:436]: TRACE,971952,943,928,969
[19:07:10.128][D][ldc1314:436]: TRACE,971972,943,928,969
[19:07:10.149][D][ldc1314:436]: TRACE,971994,943,928,969
[19:07:10.158][D][ldc1314:436]: TRACE,972009,943,928,969
[19:07:10.172][D][ldc1314:436]: TRACE,972024,943,929,969
[19:07:10.188][D][ldc1314:436]: TRACE,972041,943,929,969
[19:07:10.203][D][ldc1314:436]: TRACE,972055,943,929,969
[19:07:10.217][D][ldc1314:436]: TRACE,972070,943,929,969
[19:07:10.229][D][ldc1314:436]: TRACE,972083,943,929,969
[19:07:10.256][D][ldc1314:436]: TRACE,972101,943,929,969
[19:07:10.264][D][ldc1314:436]: TRACE,972113,943,929,969
[19:07:10.278][D][ldc1314:436]: TRACE,972126,943,929,969
[19:07:10.292][D][ldc1314:436]: TRACE,972143,943,929,969
[19:07:10.306][D][ldc1314:436]: TRACE,972158,943,929,969
[19:07:10.324][D][ldc1314:436]: TRACE,972172,943,929,969
[19:07:10.335][D][ldc1314:436]: TRACE,972187,943,929,969
[19:07:10.357][D][ldc1314:436]: TRACE,972207,943,929,969
[19:07:10.459][D][ldc1314:436]: TRACE,972218,943,929,969
[19:07:10.459][D][ldc1314:436]: TRACE,972235,943,929,969
[19:07:10.460][D][ldc1314:436]: TRACE,972245,943,929,969
[19:07:10.460][D][ldc1314:436]: TRACE,972255,943,929,969
[19:07:10.460][D][ldc1314:436]: TRACE,972266,943,929,969
[19:07:10.460][D][ldc1314:436]: TRACE,972277,943,929,969
[19:07:10.460][D][ldc1314:436]: TRACE,972287,943,929,969
[19:07:10.460][D][ldc1314:436]: TRACE,972297,943,929,969
[19:07:10.460][D][ldc1314:436]: TRACE,972307,943,929,969
[19:07:10.471][D][ldc1314:436]: TRACE,972320,943,929,969
[19:07:10.488][D][ldc1314:436]: TRACE,972338,943,929,969
[19:07:10.501][D][ldc1314:436]: TRACE,972353,943,929,969
[19:07:10.517][D][ldc1314:436]: TRACE,972367,943,929,969
[19:07:10.533][D][ldc1314:436]: TRACE,972384,943,929,969
[19:07:10.547][D][ldc1314:436]: TRACE,972399,943,929,969
[19:07:10.561][D][ldc1314:436]: TRACE,972414,943,929,969
[19:07:10.574][D][ldc1314:436]: TRACE,972427,943,929,969
[19:07:10.594][D][ldc1314:436]: TRACE,972446,943,929,969
[19:07:10.609][D][ldc1314:436]: TRACE,972460,943,929,969
[19:07:10.626][D][ldc1314:436]: TRACE,972477,943,929,969
[19:07:10.639][D][ldc1314:436]: TRACE,972491,943,929,969
[19:07:10.660][D][ldc1314:436]: TRACE,972506,943,929,969
[19:07:10.670][D][ldc1314:436]: TRACE,972519,943,929,969
[19:07:10.681][D][ldc1314:436]: TRACE,972530,943,929,969
[19:07:10.699][D][ldc1314:436]: TRACE,972548,943,929,969
[19:07:10.714][D][ldc1314:436]: TRACE,972566,943,929,969
[19:07:10.728][D][ldc1314:436]: TRACE,972582,943,929,969
[19:07:10.741][D][ldc1314:436]: TRACE,972593,943,929,969
[19:07:10.768][D][ldc1314:436]: TRACE,972608,943,929,969
[19:07:10.773][D][ldc1314:436]: TRACE,972621,943,929,969
[19:07:10.781][D][ldc1314:436]: TRACE,972630,943,929,969
[19:07:10.794][D][ldc1314:436]: TRACE,972644,942,929,969
[19:07:10.807][D][ldc1314:436]: TRACE,972659,942,929,969
[19:07:10.829][D][ldc1314:436]: TRACE,972682,942,930,969
[19:07:10.844][D][ldc1314:436]: TRACE,972697,942,930,969
[19:07:10.868][D][ldc1314:436]: TRACE,972709,942,930,969
[19:07:10.870][D][ldc1314:436]: TRACE,972724,942,930,969
[19:07:10.883][D][ldc1314:436]: TRACE,972735,942,930,969
[19:07:10.982][D][ldc1314:436]: TRACE,972749,942,930,969
[19:07:10.982][D][ldc1314:436]: TRACE,972763,942,930,969
[19:07:10.982][D][ldc1314:436]: TRACE,972773,942,930,969
[19:07:10.982][D][ldc1314:436]: TRACE,972783,942,930,969
[19:07:10.983][D][ldc1314:436]: TRACE,972794,942,930,969
[19:07:10.983][D][ldc1314:436]: TRACE,972805,942,930,969
[19:07:10.983][D][ldc1314:436]: TRACE,972815,942,930,969
[19:07:10.983][D][ldc1314:436]: TRACE,972825,942,930,969
[19:07:10.989][D][ldc1314:436]: TRACE,972836,942,930,969
[19:07:10.996][D][ldc1314:436]: TRACE,972846,942,930,969
[19:07:11.012][D][ldc1314:436]: TRACE,972863,942,930,969
[19:07:11.026][D][ldc1314:436]: TRACE,972878,942,930,969
[19:07:11.045][D][ldc1314:436]: TRACE,972892,942,930,969
[19:07:11.055][D][ldc1314:436]: TRACE,972907,942,930,969
[19:07:11.077][D][ldc1314:436]: TRACE,972925,942,930,969
[19:07:11.088][D][ldc1314:436]: TRACE,972935,942,930,969
[19:07:11.104][D][ldc1314:436]: TRACE,972954,942,930,969
[19:07:11.120][D][ldc1314:436]: TRACE,972971,942,930,969
[19:07:11.144][D][ldc1314:436]: TRACE,972986,941,931,969
[19:07:11.156][D][ldc1314:436]: TRACE,973007,941,931,969
[19:07:11.173][D][ldc1314:436]: TRACE,973022,941,931,969
[19:07:11.188][D][ldc1314:436]: TRACE,973037,941,931,969
[19:07:11.204][D][ldc1314:436]: TRACE,973055,941,931,969
[19:07:11.219][D][ldc1314:436]: TRACE,973069,941,931,969
[19:07:11.234][D][ldc1314:436]: TRACE,973085,941,931,969
[19:07:11.250][D][ldc1314:436]: TRACE,973099,941,931,969
[19:07:11.264][D][ldc1314:436]: TRACE,973114,941,931,969
[19:07:11.278][D][ldc1314:436]: TRACE,973130,941,931,969
[19:07:11.291][D][ldc1314:436]: TRACE,973144,941,931,969
[19:07:11.306][D][ldc1314:436]: TRACE,973159,941,931,969
[19:07:11.323][D][ldc1314:436]: TRACE,973172,941,931,969
[19:07:11.336][D][ldc1314:436]: TRACE,973189,940,931,969
[19:07:11.357][D][ldc1314:436]: TRACE,973203,940,931,969
[19:07:11.366][D][ldc1314:436]: TRACE,973218,940,931,969
[19:07:11.385][D][ldc1314:436]: TRACE,973233,940,932,969
[19:07:11.394][D][ldc1314:436]: TRACE,973245,940,932,969
[19:07:11.414][D][ldc1314:436]: TRACE,973265,940,932,969
[19:07:11.507][D][ldc1314:436]: TRACE,973279,940,932,969
[19:07:11.507][D][ldc1314:436]: TRACE,973292,940,932,969
[19:07:11.507][D][ldc1314:436]: TRACE,973303,940,932,969
[19:07:11.508][D][ldc1314:436]: TRACE,973313,940,932,969
[19:07:11.508][D][ldc1314:436]: TRACE,973323,940,932,969
[19:07:11.508][D][ldc1314:436]: TRACE,973334,940,932,969
[19:07:11.508][D][ldc1314:436]: TRACE,973344,940,932,969
[19:07:11.510][D][ldc1314:436]: TRACE,973354,939,932,969
[19:07:11.511][D][ldc1314:436]: TRACE,973364,939,932,969
[19:07:11.528][D][ldc1314:436]: TRACE,973376,939,933,969
[19:07:11.544][D][ldc1314:436]: TRACE,973394,939,933,969
[19:07:11.557][D][ldc1314:436]: TRACE,973408,939,933,969
[19:07:11.584][D][ldc1314:436]: TRACE,973423,939,933,969
[19:07:11.591][D][ldc1314:436]: TRACE,973438,939,933,969
[19:07:11.603][D][ldc1314:436]: TRACE,973450,939,933,969
[19:07:11.615][D][ldc1314:436]: TRACE,973466,939,933,969
[19:07:11.637][D][ldc1314:436]: TRACE,973485,939,933,969
[19:07:11.650][D][ldc1314:436]: TRACE,973501,938,933,969
[19:07:11.666][D][ldc1314:436]: TRACE,973517,938,933,969
[19:07:11.684][D][ldc1314:436]: TRACE,973532,938,934,969
[19:07:11.695][D][ldc1314:436]: TRACE,973545,938,934,969
[19:07:11.707][D][ldc1314:436]: TRACE,973560,938,934,969
[19:07:11.728][D][ldc1314:436]: TRACE,973575,938,934,969
[19:07:11.738][D][ldc1314:436]: TRACE,973590,938,934,969
[19:07:11.758][D][ldc1314:436]: TRACE,973609,938,934,969
[19:07:11.773][D][ldc1314:436]: TRACE,973623,938,934,969
[19:07:11.790][D][ldc1314:436]: TRACE,973641,938,934,969
[19:07:11.802][D][ldc1314:436]: TRACE,973651,937,934,969
[19:07:11.819][D][ldc1314:436]: TRACE,973669,937,935,969
[19:07:11.832][D][ldc1314:436]: TRACE,973684,937,935,969
[19:07:11.850][D][ldc1314:436]: TRACE,973700,937,935,969
[19:07:11.863][D][ldc1314:436]: TRACE,973714,937,935,969
[19:07:11.889][D][ldc1314:436]: TRACE,973735,937,935,969
[19:07:11.896][D][ldc1314:436]: TRACE,973748,937,935,969
[19:07:11.913][D][ldc1314:436]: TRACE,973764,937,935,969
[19:07:11.928][D][ldc1314:436]: TRACE,973778,937,935,969
[19:07:12.028][D][ldc1314:436]: TRACE,973793,936,936,969
[19:07:12.029][D][ldc1314:436]: TRACE,973809,936,936,969
[19:07:12.029][D][ldc1314:436]: TRACE,973820,936,936,969
[19:07:12.029][D][ldc1314:436]: TRACE,973830,936,936,969
[19:07:12.034][D][ldc1314:436]: TRACE,973842,936,936,969
[19:07:12.034][D][ldc1314:436]: TRACE,973854,936,936,969
[19:07:12.034][D][ldc1314:436]: TRACE,973863,936,936,969
[19:07:12.034][D][ldc1314:436]: TRACE,973873,936,936,969
[19:07:12.041][D][ldc1314:436]: TRACE,973883,936,936,969
[19:07:12.041][D][ldc1314:436]: TRACE,973893,936,936,969
[19:07:12.054][D][ldc1314:436]: TRACE,973907,936,936,969
[19:07:12.069][D][ldc1314:436]: TRACE,973921,936,936,969
[19:07:12.094][D][ldc1314:436]: TRACE,973934,936,936,969
[19:07:12.099][D][ldc1314:436]: TRACE,973949,936,937,969
[19:07:12.113][D][ldc1314:436]: TRACE,973964,936,937,969
[19:07:12.127][D][ldc1314:436]: TRACE,973980,935,937,969
[19:07:12.148][D][ldc1314:436]: TRACE,973994,935,937,969
[19:07:12.164][D][ldc1314:436]: TRACE,974015,935,937,969
[19:07:12.176][D][ldc1314:436]: TRACE,974029,935,937,969
[19:07:12.196][D][ldc1314:436]: TRACE,974041,935,937,969
[19:07:12.202][D][ldc1314:436]: TRACE,974056,935,937,969
[19:07:12.218][D][ldc1314:436]: TRACE,974070,935,937,969
[19:07:12.234][D][ldc1314:436]: TRACE,974087,935,938,969
[19:07:12.250][D][ldc1314:436]: TRACE,974100,935,938,969
[19:07:12.264][D][ldc1314:436]: TRACE,974117,935,938,969
[19:07:12.279][D][ldc1314:436]: TRACE,974130,935,938,969
[19:07:12.298][D][ldc1314:436]: TRACE,974144,935,938,969
[19:07:12.306][D][ldc1314:436]: TRACE,974157,935,938,969
[19:07:12.321][D][ldc1314:436]: TRACE,974173,934,938,969
[19:07:12.342][D][ldc1314:436]: TRACE,974193,934,938,969
[19:07:12.357][D][ldc1314:436]: TRACE,974208,934,938,969
[19:07:12.373][D][ldc1314:436]: TRACE,974223,934,938,969
[19:07:12.385][D][ldc1314:436]: TRACE,974237,934,938,969
[19:07:12.407][D][ldc1314:436]: TRACE,974251,934,938,969
[19:07:12.414][D][ldc1314:436]: TRACE,974261,934,938,969
[19:07:12.424][D][ldc1314:436]: TRACE,974274,934,939,969
[19:07:12.439][D][ldc1314:436]: TRACE,974290,934,939,969
[19:07:12.453][D][ldc1314:436]: TRACE,974305,934,939,969
[19:07:12.555][D][ldc1314:436]: TRACE,974325,934,939,969
[19:07:12.556][D][ldc1314:436]: TRACE,974338,934,939,969
[19:07:12.557][D][ldc1314:436]: TRACE,974348,934,939,969
[19:07:12.557][D][ldc1314:436]: TRACE,974358,934,939,969
[19:07:12.557][D][ldc1314:436]: TRACE,974369,934,939,969
[19:07:12.557][D][ldc1314:436]: TRACE,974379,934,939,969
[19:07:12.557][D][ldc1314:436]: TRACE,974389,934,939,969
[19:07:12.557][D][ldc1314:436]: TRACE,974399,934,939,969
[19:07:12.564][D][ldc1314:436]: TRACE,974409,934,939,969
[19:07:12.571][D][ldc1314:436]: TRACE,974419,934,939,969
[19:07:12.585][D][ldc1314:436]: TRACE,974435,934,939,969
[19:07:12.606][D][ldc1314:436]: TRACE,974450,933,939,969
[19:07:12.618][D][ldc1314:436]: TRACE,974467,933,939,969
[19:07:12.634][D][ldc1314:436]: TRACE,974484,933,940,969
[19:07:12.649][D][ldc1314:436]: TRACE,974501,933,940,969
[19:07:12.663][D][ldc1314:436]: TRACE,974515,933,940,969
[19:07:12.677][D][ldc1314:436]: TRACE,974530,933,940,969
[19:07:12.697][D][ldc1314:436]: TRACE,974542,933,940,969
[19:07:12.714][D][ldc1314:436]: TRACE,974563,933,940,969
[19:07:12.732][D][ldc1314:436]: TRACE,974573,933,940,969
[19:07:12.744][D][ldc1314:436]: TRACE,974597,933,940,969
[19:07:12.760][D][ldc1314:436]: TRACE,974611,933,940,969
[19:07:12.775][D][ldc1314:436]: TRACE,974626,933,940,969
[19:07:12.789][D][ldc1314:436]: TRACE,974639,933,940,969
[19:07:12.810][D][ldc1314:436]: TRACE,974654,933,940,969
[19:07:12.820][D][ldc1314:436]: TRACE,974669,933,940,969
[19:07:12.836][D][ldc1314:436]: TRACE,974687,933,940,969
[19:07:12.851][D][ldc1314:436]: TRACE,974702,933,940,969
[19:07:12.868][D][ldc1314:436]: TRACE,974719,933,940,969
[19:07:12.888][D][ldc1314:436]: TRACE,974733,933,940,969
[19:07:12.894][D][ldc1314:436]: TRACE,974748,933,940,969
[19:07:12.912][D][ldc1314:436]: TRACE,974761,933,940,969
[19:07:12.941][D][ldc1314:436]: TRACE,974776,933,940,969
[19:07:12.951][D][ldc1314:436]: TRACE,974793,933,940,969
[19:07:12.958][D][ldc1314:436]: TRACE,974803,933,940,969
[19:07:12.962][D][ldc1314:436]: TRACE,974815,933,940,969
[19:07:12.979][D][ldc1314:436]: TRACE,974828,933,940,969
[19:07:13.081][D][ldc1314:436]: TRACE,974845,933,940,969
[19:07:13.082][D][ldc1314:436]: TRACE,974859,933,940,969
[19:07:13.082][D][ldc1314:436]: TRACE,974869,933,940,969
[19:07:13.082][D][ldc1314:436]: TRACE,974879,933,940,969
[19:07:13.082][D][ldc1314:436]: TRACE,974890,933,940,969
[19:07:13.082][D][ldc1314:436]: TRACE,974901,933,940,969
[19:07:13.082][D][ldc1314:436]: TRACE,974911,933,940,969
[19:07:13.082][D][ldc1314:436]: TRACE,974921,933,940,969
[19:07:13.088][D][ldc1314:436]: TRACE,974931,933,940,969
[19:07:13.089][D][ldc1314:436]: TRACE,974941,933,940,969
[19:07:13.101][D][ldc1314:436]: TRACE,974954,933,940,969
[19:07:13.117][D][ldc1314:436]: TRACE,974969,933,940,969
[19:07:13.130][D][ldc1314:436]: TRACE,974981,933,940,969
[19:07:13.157][D][ldc1314:436]: TRACE,975002,933,940,969
[19:07:13.174][D][ldc1314:436]: TRACE,975023,933,940,969
[19:07:13.191][D][ldc1314:436]: TRACE,975040,932,940,969
[19:07:13.202][D][ldc1314:436]: TRACE,975055,932,940,969
[19:07:13.220][D][ldc1314:436]: TRACE,975069,933,941,969
[19:07:13.232][D][ldc1314:436]: TRACE,975083,932,940,969
[19:07:13.244][D][ldc1314:436]: TRACE,975098,932,940,969
[19:07:13.260][D][ldc1314:436]: TRACE,975110,932,941,969
[19:07:13.280][D][ldc1314:436]: TRACE,975131,932,941,969
[19:07:13.294][D][ldc1314:436]: TRACE,975146,932,941,969
[19:07:13.310][D][ldc1314:436]: TRACE,975161,932,941,969
[19:07:13.323][D][ldc1314:436]: TRACE,975175,932,941,969
[19:07:13.336][D][ldc1314:436]: TRACE,975186,932,941,969
[19:07:13.351][D][ldc1314:436]: TRACE,975202,932,941,969
[19:07:13.368][D][ldc1314:436]: TRACE,975218,932,941,969
[19:07:13.385][D][ldc1314:436]: TRACE,975233,932,940,969
[19:07:13.397][D][ldc1314:436]: TRACE,975250,932,941,969
[19:07:13.413][D][ldc1314:436]: TRACE,975263,932,940,969
[19:07:13.427][D][ldc1314:436]: TRACE,975278,932,941,969
[19:07:13.439][D][ldc1314:436]: TRACE,975288,932,941,969
[19:07:13.456][D][ldc1314:436]: TRACE,975306,932,940,969
[19:07:13.470][D][ldc1314:436]: TRACE,975321,932,940,969
[19:07:13.484][D][ldc1314:436]: TRACE,975336,932,940,969
[19:07:13.498][D][ldc1314:436]: TRACE,975351,932,940,969
[19:07:13.603][D][ldc1314:436]: TRACE,975368,932,940,969
[19:07:13.603][D][ldc1314:436]: TRACE,975384,932,940,969
[19:07:13.603][D][ldc1314:436]: TRACE,975394,932,940,969
[19:07:13.603][D][ldc1314:436]: TRACE,975404,932,940,969
[19:07:13.603][D][ldc1314:436]: TRACE,975414,932,940,969
[19:07:13.604][D][ldc1314:436]: TRACE,975424,932,940,969
[19:07:13.604][D][ldc1314:436]: TRACE,975434,932,940,969
[19:07:13.604][D][ldc1314:436]: TRACE,975444,932,940,969
[19:07:13.610][D][ldc1314:436]: TRACE,975454,932,940,969
[19:07:13.618][D][ldc1314:436]: TRACE,975464,932,940,969
[19:07:13.630][D][ldc1314:436]: TRACE,975477,932,940,969
[19:07:13.643][D][ldc1314:436]: TRACE,975493,932,940,969
[19:07:13.660][D][ldc1314:436]: TRACE,975511,932,940,969
[19:07:13.679][D][ldc1314:436]: TRACE,975525,932,940,969
[19:07:13.687][D][ldc1314:436]: TRACE,975540,932,940,969
[19:07:13.699][D][ldc1314:436]: TRACE,975552,932,940,969
[19:07:13.714][D][ldc1314:436]: TRACE,975565,932,940,969
[19:07:13.736][D][ldc1314:436]: TRACE,975579,932,940,969
[19:07:13.746][D][ldc1314:436]: TRACE,975595,932,940,969
[19:07:13.761][D][ldc1314:436]: TRACE,975611,932,940,969
[19:07:13.776][D][ldc1314:436]: TRACE,975628,932,940,969
[19:07:13.792][D][ldc1314:436]: TRACE,975642,932,940,969
[19:07:13.807][D][ldc1314:436]: TRACE,975657,932,940,969
[19:07:13.818][D][ldc1314:436]: TRACE,975671,932,940,969
[19:07:13.833][D][ldc1314:436]: TRACE,975686,932,940,969
[19:07:13.847][D][ldc1314:436]: TRACE,975697,932,940,969
[19:07:13.868][D][ldc1314:436]: TRACE,975719,932,940,970
[19:07:13.886][D][ldc1314:436]: TRACE,975733,932,940,970
[19:07:13.897][D][ldc1314:436]: TRACE,975750,932,940,970
[19:07:13.912][D][ldc1314:436]: TRACE,975762,932,940,970
[19:07:13.924][D][ldc1314:436]: TRACE,975777,932,940,970
[19:07:13.939][D][ldc1314:436]: TRACE,975792,932,940,970
[19:07:13.956][D][ldc1314:436]: TRACE,975804,932,940,970
[19:07:13.973][D][ldc1314:436]: TRACE,975824,932,940,970
[19:07:13.986][D][ldc1314:436]: TRACE,975838,932,940,970
[19:07:14.001][D][ldc1314:436]: TRACE,975853,932,940,970
[19:07:14.018][D][ldc1314:436]: TRACE,975867,932,940,970
[19:07:14.128][D][ldc1314:436]: TRACE,975884,932,940,970
[19:07:14.128][D][ldc1314:436]: TRACE,975897,932,940,970
[19:07:14.128][D][ldc1314:436]: TRACE,975909,932,940,970
[19:07:14.128][D][ldc1314:436]: TRACE,975919,932,940,970
[19:07:14.129][D][ldc1314:436]: TRACE,975932,932,940,970
[19:07:14.129][D][ldc1314:436]: TRACE,975941,932,940,970
[19:07:14.129][D][ldc1314:436]: TRACE,975951,932,940,970
[19:07:14.129][D][ldc1314:436]: TRACE,975961,932,940,970
[19:07:14.143][D][ldc1314:436]: TRACE,975971,932,939,970
[19:07:14.144][D][ldc1314:436]: TRACE,975981,932,939,970
[19:07:14.144][D][ldc1314:436]: TRACE,975991,932,939,971
[19:07:14.149][D][ldc1314:436]: TRACE,976001,932,939,971
[19:07:14.172][D][ldc1314:436]: TRACE,976017,932,939,971
[19:07:14.190][D][ldc1314:436]: TRACE,976041,932,939,971
[19:07:14.206][D][ldc1314:436]: TRACE,976056,932,939,971
[19:07:14.220][D][ldc1314:436]: TRACE,976073,932,939,971
[19:07:14.243][D][ldc1314:436]: TRACE,976087,932,939,971
[19:07:14.249][D][ldc1314:436]: TRACE,976100,932,939,971
[19:07:14.263][D][ldc1314:436]: TRACE,976112,932,939,971
[19:07:14.281][D][ldc1314:436]: TRACE,976128,932,939,971
[19:07:14.299][D][ldc1314:436]: TRACE,976147,932,939,971
[19:07:14.313][D][ldc1314:436]: TRACE,976163,932,939,971
[19:07:14.329][D][ldc1314:436]: TRACE,976178,932,939,972
[19:07:14.351][D][ldc1314:436]: TRACE,976194,932,939,972
[19:07:14.357][D][ldc1314:436]: TRACE,976208,932,938,972
[19:07:14.370][D][ldc1314:436]: TRACE,976219,932,938,972
[19:07:14.386][D][ldc1314:436]: TRACE,976237,932,938,972
[19:07:14.401][D][ldc1314:436]: TRACE,976252,932,938,972
[19:07:14.422][D][ldc1314:436]: TRACE,976272,932,938,972
[19:07:14.436][D][ldc1314:436]: TRACE,976287,932,938,972
[19:07:14.450][D][ldc1314:436]: TRACE,976302,932,938,972
[19:07:14.463][D][ldc1314:436]: TRACE,976312,932,938,972
[19:07:14.480][D][ldc1314:436]: TRACE,976328,932,938,973
[19:07:14.494][D][ldc1314:436]: TRACE,976343,932,938,973
[19:07:14.507][D][ldc1314:436]: TRACE,976358,932,938,973
[19:07:14.523][D][ldc1314:436]: TRACE,976375,932,938,973
[19:07:14.550][D][ldc1314:436]: TRACE,976393,932,937,973
[19:07:14.558][D][ldc1314:436]: TRACE,976408,932,937,973
[19:07:14.652][D][ldc1314:436]: TRACE,976419,932,937,973
[19:07:14.652][D][ldc1314:436]: TRACE,976435,932,937,973
[19:07:14.652][D][ldc1314:436]: TRACE,976445,932,937,974
[19:07:14.652][D][ldc1314:436]: TRACE,976455,932,937,974
[19:07:14.652][D][ldc1314:436]: TRACE,976465,932,937,974
[19:07:14.652][D][ldc1314:436]: TRACE,976476,932,937,974
[19:07:14.652][D][ldc1314:436]: TRACE,976486,932,937,974
[19:07:14.659][D][ldc1314:436]: TRACE,976497,932,937,974
[19:07:14.659][D][ldc1314:436]: TRACE,976508,932,937,974
[19:07:14.669][D][ldc1314:436]: TRACE,976519,932,936,974
[19:07:14.685][D][ldc1314:436]: TRACE,976535,932,936,975
[19:07:14.701][D][ldc1314:436]: TRACE,976552,932,936,975
[19:07:14.714][D][ldc1314:436]: TRACE,976566,932,936,975
[19:07:14.728][D][ldc1314:436]: TRACE,976581,932,936,975
[19:07:14.744][D][ldc1314:436]: TRACE,976594,932,936,975
[19:07:14.761][D][ldc1314:436]: TRACE,976611,932,936,975
[19:07:14.774][D][ldc1314:436]: TRACE,976624,932,936,975
[19:07:14.788][D][ldc1314:436]: TRACE,976639,932,936,976
[19:07:14.802][D][ldc1314:436]: TRACE,976654,932,936,976
[19:07:14.821][D][ldc1314:436]: TRACE,976670,932,935,976
[19:07:14.834][D][ldc1314:436]: TRACE,976685,932,935,976
[19:07:14.857][D][ldc1314:436]: TRACE,976698,932,935,976
[19:07:14.857][D][ldc1314:436]: TRACE,976713,932,935,976
[19:07:14.878][D][ldc1314:436]: TRACE,976729,932,935,976
[19:07:14.890][D][ldc1314:436]: TRACE,976743,932,935,976
[19:07:14.909][D][ldc1314:436]: TRACE,976757,932,935,977
[19:07:14.920][D][ldc1314:436]: TRACE,976771,932,935,977
[19:07:14.937][D][ldc1314:436]: TRACE,976788,932,935,977
[19:07:14.959][D][ldc1314:436]: TRACE,976803,932,934,977
[19:07:14.966][D][ldc1314:436]: TRACE,976816,932,934,977
[19:07:14.984][D][ldc1314:436]: TRACE,976828,932,934,977
[19:07:14.992][D][ldc1314:436]: TRACE,976843,932,934,978
[19:07:15.009][D][ldc1314:436]: TRACE,976859,932,934,978
[19:07:15.025][D][ldc1314:436]: TRACE,976876,932,934,978
[19:07:15.038][D][ldc1314:436]: TRACE,976889,932,934,978
[19:07:15.061][D][ldc1314:436]: TRACE,976906,932,934,978
[19:07:15.067][D][ldc1314:436]: TRACE,976919,932,934,978
[19:07:15.081][D][ldc1314:436]: TRACE,976930,932,933,979
[19:07:15.176][D][ldc1314:436]: TRACE,976947,932,933,979
[19:07:15.177][D][ldc1314:436]: TRACE,976959,932,933,979
[19:07:15.177][D][ldc1314:436]: TRACE,976972,932,933,979
[19:07:15.177][D][ldc1314:436]: TRACE,976982,932,933,979
[19:07:15.177][D][ldc1314:436]: TRACE,976992,932,933,979
[19:07:15.177][D][ldc1314:436]: TRACE,977002,932,933,979
[19:07:15.180][D][ldc1314:436]: TRACE,977012,932,933,979
[19:07:15.180][D][ldc1314:436]: TRACE,977022,932,933,979
[19:07:15.180][D][ldc1314:436]: TRACE,977035,932,933,980
[19:07:15.196][D][ldc1314:436]: TRACE,977045,932,933,980
[19:07:15.212][D][ldc1314:436]: TRACE,977063,932,933,980
[19:07:15.227][D][ldc1314:436]: TRACE,977077,932,933,980
[19:07:15.245][D][ldc1314:436]: TRACE,977098,932,932,980
[19:07:15.266][D][ldc1314:436]: TRACE,977112,932,932,980
[19:07:15.273][D][ldc1314:436]: TRACE,977125,932,932,980
[19:07:15.287][D][ldc1314:436]: TRACE,977139,932,932,980
[19:07:15.303][D][ldc1314:436]: TRACE,977153,932,932,981
[19:07:15.318][D][ldc1314:436]: TRACE,977170,932,932,981
[19:07:15.333][D][ldc1314:436]: TRACE,977184,932,932,981
[19:07:15.350][D][ldc1314:436]: TRACE,977202,932,932,981
[19:07:15.368][D][ldc1314:436]: TRACE,977216,932,932,981
[19:07:15.380][D][ldc1314:436]: TRACE,977230,932,932,981
[19:07:15.394][D][ldc1314:436]: TRACE,977246,932,931,981
[19:07:15.409][D][ldc1314:436]: TRACE,977260,932,931,981
[19:07:15.421][D][ldc1314:436]: TRACE,977274,932,931,982
[19:07:15.436][D][ldc1314:436]: TRACE,977287,932,931,982
[19:07:15.454][D][ldc1314:436]: TRACE,977301,932,931,982
[19:07:15.473][D][ldc1314:436]: TRACE,977318,932,931,982
[19:07:15.479][D][ldc1314:436]: TRACE,977332,932,931,982
[19:07:15.494][D][ldc1314:436]: TRACE,977345,932,931,982
[19:07:15.510][D][ldc1314:436]: TRACE,977360,932,931,982
[19:07:15.527][D][ldc1314:436]: TRACE,977377,932,931,982
[19:07:15.542][D][ldc1314:436]: TRACE,977391,932,931,982
[19:07:15.555][D][ldc1314:436]: TRACE,977407,932,931,982
[19:07:15.573][D][ldc1314:436]: TRACE,977421,932,931,982
[19:07:15.588][D][ldc1314:436]: TRACE,977437,932,931,982
[19:07:15.603][D][ldc1314:436]: TRACE,977455,932,930,982
[19:07:15.701][D][ldc1314:436]: TRACE,977470,932,930,982
[19:07:15.701][D][ldc1314:436]: TRACE,977483,932,930,983
[19:07:15.701][D][ldc1314:436]: TRACE,977492,932,930,983
[19:07:15.701][D][ldc1314:436]: TRACE,977502,932,930,983
[19:07:15.701][D][ldc1314:436]: TRACE,977512,932,930,983
[19:07:15.701][D][ldc1314:436]: TRACE,977522,932,930,983
[19:07:15.701][D][ldc1314:436]: TRACE,977532,932,930,983
[19:07:15.708][D][ldc1314:436]: TRACE,977544,932,930,983
[19:07:15.709][D][ldc1314:436]: TRACE,977555,932,930,983
[19:07:15.715][D][ldc1314:436]: TRACE,977567,932,930,983
[19:07:15.733][D][ldc1314:436]: TRACE,977582,932,930,983
[19:07:15.743][D][ldc1314:436]: TRACE,977597,932,930,983
[19:07:15.758][D][ldc1314:436]: TRACE,977609,932,930,983
[19:07:15.780][D][ldc1314:436]: TRACE,977623,932,930,983
[19:07:15.784][D][ldc1314:436]: TRACE,977636,932,930,983
[19:07:15.799][D][ldc1314:436]: TRACE,977650,932,930,983
[19:07:15.818][D][ldc1314:436]: TRACE,977669,932,930,983
[19:07:15.834][D][ldc1314:436]: TRACE,977684,932,930,983
[19:07:15.845][D][ldc1314:436]: TRACE,977698,932,930,983
[19:07:15.858][D][ldc1314:436]: TRACE,977711,932,930,983
[19:07:15.880][D][ldc1314:436]: TRACE,977725,932,929,983
[19:07:15.886][D][ldc1314:436]: TRACE,977738,932,929,983
[19:07:15.901][D][ldc1314:436]: TRACE,977752,932,929,983
[19:07:15.916][D][ldc1314:436]: TRACE,977766,932,929,983
[19:07:15.937][D][ldc1314:436]: TRACE,977787,932,929,983
[19:07:15.950][D][ldc1314:436]: TRACE,977802,932,929,984
[19:07:15.966][D][ldc1314:436]: TRACE,977817,932,929,984
[19:07:15.982][D][ldc1314:436]: TRACE,977831,932,929,984
[19:07:15.995][D][ldc1314:436]: TRACE,977845,932,929,984
[19:07:16.011][D][ldc1314:436]: TRACE,977861,932,929,984
[19:07:16.027][D][ldc1314:436]: TRACE,977878,932,929,984
[19:07:16.042][D][ldc1314:436]: TRACE,977893,932,929,984
[19:07:16.063][D][ldc1314:436]: TRACE,977914,932,929,984
[19:07:16.084][D][ldc1314:436]: TRACE,977931,932,929,984
[19:07:16.093][D][ldc1314:436]: TRACE,977945,932,929,984
[19:07:16.106][D][ldc1314:436]: TRACE,977958,933,929,984
[19:07:16.122][D][ldc1314:436]: TRACE,977972,933,929,984
[19:07:16.225][D][ldc1314:436]: TRACE,977987,933,929,984
[19:07:16.226][D][ldc1314:436]: TRACE,978002,933,929,984
[19:07:16.226][D][ldc1314:436]: TRACE,978012,933,929,984
[19:07:16.226][D][ldc1314:436]: TRACE,978022,933,929,984
[19:07:16.227][D][ldc1314:436]: TRACE,978037,933,929,984
[19:07:16.227][D][ldc1314:436]: TRACE,978047,933,929,984
[19:07:16.227][D][ldc1314:436]: TRACE,978056,933,929,984
[19:07:16.227][D][ldc1314:436]: TRACE,978066,933,929,984
[19:07:16.232][D][ldc1314:436]: TRACE,978078,933,929,984
[19:07:16.239][D][ldc1314:436]: TRACE,978089,933,929,984
[19:07:16.256][D][ldc1314:436]: TRACE,978107,933,929,984
[19:07:16.269][D][ldc1314:436]: TRACE,978122,933,929,984
[19:07:16.290][D][ldc1314:436]: TRACE,978134,933,929,984
[19:07:16.297][D][ldc1314:436]: TRACE,978149,933,929,984
[19:07:16.318][D][ldc1314:436]: TRACE,978169,933,929,984
[19:07:16.332][D][ldc1314:436]: TRACE,978184,933,929,984
[19:07:16.348][D][ldc1314:436]: TRACE,978198,933,929,984
[19:07:16.362][D][ldc1314:436]: TRACE,978215,933,929,984
[19:07:16.377][D][ldc1314:436]: TRACE,978229,933,929,984
[19:07:16.394][D][ldc1314:436]: TRACE,978242,933,929,984
[19:07:16.404][D][ldc1314:436]: TRACE,978254,933,929,984
[19:07:16.424][D][ldc1314:436]: TRACE,978273,933,929,984
[19:07:16.439][D][ldc1314:436]: TRACE,978290,933,929,984
[19:07:16.455][D][ldc1314:436]: TRACE,978305,933,929,984
[19:07:16.472][D][ldc1314:436]: TRACE,978321,933,929,984
[19:07:16.494][D][ldc1314:436]: TRACE,978336,933,929,984
[19:07:16.504][D][ldc1314:436]: TRACE,978352,933,929,984
[19:07:16.514][D][ldc1314:436]: TRACE,978364,933,929,984
[19:07:16.535][D][ldc1314:436]: TRACE,978385,933,929,984
[19:07:16.549][D][ldc1314:436]: TRACE,978401,933,929,984
[19:07:16.563][D][ldc1314:436]: TRACE,978413,933,929,984
[19:07:16.575][D][ldc1314:436]: TRACE,978428,933,929,984
[19:07:16.597][D][ldc1314:436]: TRACE,978441,933,929,984
[19:07:16.604][D][ldc1314:436]: TRACE,978456,933,929,984
[19:07:16.620][D][ldc1314:436]: TRACE,978470,933,929,984
[19:07:16.631][D][ldc1314:436]: TRACE,978483,933,929,984
[19:07:16.652][D][ldc1314:436]: TRACE,978503,933,929,984
[19:07:16.754][D][ldc1314:436]: TRACE,978518,933,929,984
[19:07:16.754][D][ldc1314:436]: TRACE,978532,933,929,984
[19:07:16.754][D][ldc1314:436]: TRACE,978542,933,929,984
[19:07:16.754][D][ldc1314:436]: TRACE,978553,933,929,984
[19:07:16.754][D][ldc1314:436]: TRACE,978563,933,929,984
[19:07:16.754][D][ldc1314:436]: TRACE,978573,933,929,984
[19:07:16.754][D][ldc1314:436]: TRACE,978583,933,929,984
[19:07:16.754][D][ldc1314:436]: TRACE,978593,933,929,984
[19:07:16.754][D][ldc1314:436]: TRACE,978604,933,929,984
[19:07:16.766][D][ldc1314:436]: TRACE,978615,933,929,984
[19:07:16.780][D][ldc1314:436]: TRACE,978631,933,929,984
[19:07:16.805][D][ldc1314:436]: TRACE,978645,934,929,984
[19:07:16.809][D][ldc1314:436]: TRACE,978659,934,929,983
[19:07:16.825][D][ldc1314:436]: TRACE,978673,934,929,983
[19:07:16.840][D][ldc1314:436]: TRACE,978691,934,929,983
[19:07:16.858][D][ldc1314:436]: TRACE,978706,934,929,983
[19:07:16.873][D][ldc1314:436]: TRACE,978722,934,929,983
[19:07:16.888][D][ldc1314:436]: TRACE,978738,934,929,983
[19:07:16.903][D][ldc1314:436]: TRACE,978753,934,929,983
[19:07:16.916][D][ldc1314:436]: TRACE,978767,934,929,983
[19:07:16.935][D][ldc1314:436]: TRACE,978782,934,929,983
[19:07:16.943][D][ldc1314:436]: TRACE,978797,934,929,983
[19:07:16.958][D][ldc1314:436]: TRACE,978809,934,929,983
[19:07:16.980][D][ldc1314:436]: TRACE,978829,934,929,983
[19:07:16.991][D][ldc1314:436]: TRACE,978843,934,928,983
[19:07:17.013][D][ldc1314:436]: TRACE,978857,934,929,983
[19:07:17.022][D][ldc1314:436]: TRACE,978869,934,929,983
[19:07:17.037][D][ldc1314:436]: TRACE,978887,934,929,983
[19:07:17.047][D][ldc1314:436]: TRACE,978902,934,929,983
[19:07:17.065][D][ldc1314:436]: TRACE,978916,934,929,983
[19:07:17.079][D][ldc1314:436]: TRACE,978931,935,929,983
[19:07:17.107][D][ldc1314:436]: TRACE,978950,935,929,983
[19:07:17.113][D][ldc1314:436]: TRACE,978964,935,929,983
[19:07:17.126][D][ldc1314:436]: TRACE,978976,935,929,983
[19:07:17.141][D][ldc1314:436]: TRACE,978993,935,929,982
[19:07:17.158][D][ldc1314:436]: TRACE,979009,935,929,982
[19:07:17.180][D][ldc1314:436]: TRACE,979024,935,929,982
[19:07:17.274][D][ldc1314:436]: TRACE,979047,935,929,982
[19:07:17.274][D][ldc1314:436]: TRACE,979059,935,929,982
[19:07:17.275][D][ldc1314:436]: TRACE,979070,935,929,982
[19:07:17.275][D][ldc1314:436]: TRACE,979081,935,929,982
[19:07:17.275][D][ldc1314:436]: TRACE,979091,935,929,982
[19:07:17.275][D][ldc1314:436]: TRACE,979101,935,929,982
[19:07:17.283][D][ldc1314:436]: TRACE,979112,935,929,982
[19:07:17.283][D][ldc1314:436]: TRACE,979123,935,929,982
[19:07:17.283][D][ldc1314:436]: TRACE,979134,936,929,982
[19:07:17.295][D][ldc1314:436]: TRACE,979145,936,929,982
[19:07:17.313][D][ldc1314:436]: TRACE,979161,936,929,982
[19:07:17.325][D][ldc1314:436]: TRACE,979174,936,929,981
[19:07:17.343][D][ldc1314:436]: TRACE,979194,936,929,981
[19:07:17.357][D][ldc1314:436]: TRACE,979208,936,929,981
[19:07:17.372][D][ldc1314:436]: TRACE,979223,936,929,981
[19:07:17.386][D][ldc1314:436]: TRACE,979237,936,929,981
[19:07:17.401][D][ldc1314:436]: TRACE,979254,936,929,981
[19:07:17.418][D][ldc1314:436]: TRACE,979266,936,929,981
[19:07:17.430][D][ldc1314:436]: TRACE,979278,936,929,981
[19:07:17.449][D][ldc1314:436]: TRACE,979300,936,929,981
[19:07:17.465][D][ldc1314:436]: TRACE,979315,937,929,980
[19:07:17.480][D][ldc1314:436]: TRACE,979332,937,929,980
[19:07:17.496][D][ldc1314:436]: TRACE,979346,937,929,980
[19:07:17.517][D][ldc1314:436]: TRACE,979361,937,929,980
[19:07:17.530][D][ldc1314:436]: TRACE,979376,937,929,980
[19:07:17.539][D][ldc1314:436]: TRACE,979386,937,929,980
[19:07:17.557][D][ldc1314:436]: TRACE,979407,937,929,979
[19:07:17.572][D][ldc1314:436]: TRACE,979422,937,929,979
[19:07:17.587][D][ldc1314:436]: TRACE,979439,938,929,979
[19:07:17.597][D][ldc1314:436]: TRACE,979453,938,929,979
[19:07:17.625][D][ldc1314:436]: TRACE,979466,938,929,979
[19:07:17.633][D][ldc1314:436]: TRACE,979479,938,929,979
[19:07:17.640][D][ldc1314:436]: TRACE,979491,938,929,979
[19:07:17.653][D][ldc1314:436]: TRACE,979506,938,929,979
[19:07:17.671][D][ldc1314:436]: TRACE,979523,938,929,978
[19:07:17.685][D][ldc1314:436]: TRACE,979538,938,929,978
[19:07:17.699][D][ldc1314:436]: TRACE,979552,938,929,978
[19:07:17.803][D][ldc1314:436]: TRACE,979565,938,929,978
[19:07:17.803][D][ldc1314:436]: TRACE,979580,938,929,978
[19:07:17.803][D][ldc1314:436]: TRACE,979590,938,929,978
[19:07:17.803][D][ldc1314:436]: TRACE,979601,938,928,978
[19:07:17.803][D][ldc1314:436]: TRACE,979611,939,929,977
[19:07:17.803][D][ldc1314:436]: TRACE,979622,939,929,977
[19:07:17.803][D][ldc1314:436]: TRACE,979632,939,929,977
[19:07:17.809][D][ldc1314:436]: TRACE,979642,939,929,977
[19:07:17.809][D][ldc1314:436]: TRACE,979654,939,929,977
[19:07:17.810][D][ldc1314:436]: TRACE,979663,939,929,977
[19:07:17.825][D][ldc1314:436]: TRACE,979675,939,929,977
[19:07:17.835][D][ldc1314:436]: TRACE,979686,939,929,977
[19:07:17.852][D][ldc1314:436]: TRACE,979701,939,929,976
[19:07:17.867][D][ldc1314:436]: TRACE,979716,939,929,976
[19:07:17.878][D][ldc1314:436]: TRACE,979731,939,929,976
[19:07:17.895][D][ldc1314:436]: TRACE,979745,940,929,976
[19:07:17.913][D][ldc1314:436]: TRACE,979763,940,929,976
[19:07:17.930][D][ldc1314:436]: TRACE,979779,940,928,976
[19:07:17.942][D][ldc1314:436]: TRACE,979791,940,929,975
[19:07:17.954][D][ldc1314:436]: TRACE,979806,940,929,975
[19:07:17.968][D][ldc1314:436]: TRACE,979823,940,929,975
[19:07:17.984][D][ldc1314:436]: TRACE,979835,940,929,975
[19:07:18.000][D][ldc1314:436]: TRACE,979850,940,929,975
[19:07:18.011][D][ldc1314:436]: TRACE,979864,940,929,975
[19:07:18.032][D][ldc1314:436]: TRACE,979882,940,929,975
[19:07:18.044][D][ldc1314:436]: TRACE,979892,940,929,974
[19:07:18.060][D][ldc1314:436]: TRACE,979909,940,929,974
[19:07:18.077][D][ldc1314:436]: TRACE,979927,941,929,974
[19:07:18.092][D][ldc1314:436]: TRACE,979942,941,929,974
[19:07:18.107][D][ldc1314:436]: TRACE,979957,941,929,974
[19:07:18.117][D][ldc1314:436]: TRACE,979972,941,929,974
[19:07:18.142][D][ldc1314:436]: TRACE,979988,941,929,974
[19:07:18.151][D][ldc1314:436]: TRACE,980001,941,929,973
[19:07:18.168][D][ldc1314:436]: TRACE,980019,941,929,973
[19:07:18.190][D][ldc1314:436]: TRACE,980035,941,929,973
[19:07:18.206][D][ldc1314:436]: TRACE,980057,941,929,973
[19:07:18.218][D][ldc1314:436]: TRACE,980072,941,929,973
[19:07:18.321][D][ldc1314:436]: TRACE,980086,941,929,973
[19:07:18.322][D][ldc1314:436]: TRACE,980098,941,929,973
[19:07:18.322][D][ldc1314:436]: TRACE,980112,941,929,973
[19:07:18.322][D][ldc1314:436]: TRACE,980123,941,929,972
[19:07:18.322][D][ldc1314:436]: TRACE,980133,942,929,972
[19:07:18.322][D][ldc1314:436]: TRACE,980143,942,929,972
[19:07:18.336][D][ldc1314:436]: TRACE,980153,942,928,972
[19:07:18.336][D][ldc1314:436]: TRACE,980164,942,929,972
[19:07:18.336][D][ldc1314:436]: TRACE,980174,942,929,972
[19:07:18.336][D][ldc1314:436]: TRACE,980184,942,929,972
[19:07:18.344][D][ldc1314:436]: TRACE,980195,942,928,972
[19:07:18.359][D][ldc1314:436]: TRACE,980211,942,929,972
[19:07:18.375][D][ldc1314:436]: TRACE,980224,942,929,972
[19:07:18.394][D][ldc1314:436]: TRACE,980243,942,929,972
[19:07:18.408][D][ldc1314:436]: TRACE,980259,942,929,972
[19:07:18.423][D][ldc1314:436]: TRACE,980275,942,929,971
[19:07:18.440][D][ldc1314:436]: TRACE,980289,942,929,971
[19:07:18.450][D][ldc1314:436]: TRACE,980301,942,929,971
[19:07:18.467][D][ldc1314:436]: TRACE,980317,942,929,971
[19:07:18.477][D][ldc1314:436]: TRACE,980328,942,929,971
[19:07:18.490][D][ldc1314:436]: TRACE,980339,942,929,971
[19:07:18.524][D][ldc1314:436]: TRACE,980361,942,929,971
[19:07:18.524][D][ldc1314:436]: TRACE,980371,942,929,971
[19:07:18.555][D][ldc1314:436]: TRACE,980381,942,929,971
[19:07:18.555][D][ldc1314:436]: TRACE,980393,942,929,971
[19:07:18.563][D][ldc1314:436]: TRACE,980406,942,929,971
[19:07:18.574][D][ldc1314:436]: TRACE,980421,942,929,971
[19:07:18.584][D][ldc1314:436]: TRACE,980436,942,929,971
[19:07:18.601][D][ldc1314:436]: TRACE,980451,942,929,970
[19:07:18.618][D][ldc1314:436]: TRACE,980469,943,929,970
[19:07:18.644][D][ldc1314:436]: TRACE,980484,943,929,970
[19:07:18.651][D][ldc1314:436]: TRACE,980499,943,929,970
[19:07:18.661][D][ldc1314:436]: TRACE,980509,943,929,970
[19:07:18.679][D][ldc1314:436]: TRACE,980527,943,929,970
[19:07:18.692][D][ldc1314:436]: TRACE,980544,943,929,970
[19:07:18.708][D][ldc1314:436]: TRACE,980558,943,929,970
[19:07:18.735][D][ldc1314:436]: TRACE,980584,943,929,970
[19:07:18.750][D][ldc1314:436]: TRACE,980600,943,929,970
[19:07:18.847][D][ldc1314:436]: TRACE,980610,943,929,970
[19:07:18.847][D][ldc1314:436]: TRACE,980627,943,929,970
[19:07:18.847][D][ldc1314:436]: TRACE,980637,943,929,970
[19:07:18.847][D][ldc1314:436]: TRACE,980647,943,929,970
[19:07:18.847][D][ldc1314:436]: TRACE,980657,943,929,970
[19:07:18.847][D][ldc1314:436]: TRACE,980668,943,929,970
[19:07:18.847][D][ldc1314:436]: TRACE,980678,943,929,970
[19:07:18.855][D][ldc1314:436]: TRACE,980689,943,929,970
[19:07:18.856][D][ldc1314:436]: TRACE,980700,943,929,970
[19:07:18.863][D][ldc1314:436]: TRACE,980710,943,929,970
[19:07:18.874][D][ldc1314:436]: TRACE,980724,943,929,970
[19:07:18.888][D][ldc1314:436]: TRACE,980739,943,929,969
[19:07:18.903][D][ldc1314:436]: TRACE,980754,943,929,969
[19:07:18.916][D][ldc1314:436]: TRACE,980770,943,929,969
[19:07:18.930][D][ldc1314:436]: TRACE,980783,943,929,969
[19:07:18.950][D][ldc1314:436]: TRACE,980800,943,929,969
[19:07:18.962][D][ldc1314:436]: TRACE,980813,943,929,969
[19:07:18.977][D][ldc1314:436]: TRACE,980828,943,929,969
[19:07:18.995][D][ldc1314:436]: TRACE,980845,943,929,969
[19:07:19.009][D][ldc1314:436]: TRACE,980860,943,929,969
[19:07:19.021][D][ldc1314:436]: TRACE,980874,943,929,969
[19:07:19.035][D][ldc1314:436]: TRACE,980887,943,929,969
[19:07:19.059][D][ldc1314:436]: TRACE,980906,943,929,969
[19:07:19.068][D][ldc1314:436]: TRACE,980917,943,929,969
[19:07:19.080][D][ldc1314:436]: TRACE,980930,943,929,969
[19:07:19.098][D][ldc1314:436]: TRACE,980949,943,929,969
[19:07:19.113][D][ldc1314:436]: TRACE,980963,943,929,969
[19:07:19.125][D][ldc1314:436]: TRACE,980978,943,929,969
[19:07:19.155][D][ldc1314:436]: TRACE,980993,943,929,969
[19:07:19.161][D][ldc1314:436]: TRACE,981010,943,929,969
[19:07:19.172][D][ldc1314:436]: TRACE,981021,943,929,969
[19:07:19.192][D][ldc1314:436]: TRACE,981037,943,929,969
[19:07:19.208][D][ldc1314:436]: TRACE,981059,943,929,969
[19:07:19.228][D][ldc1314:436]: TRACE,981076,943,929,969
[19:07:19.240][D][ldc1314:436]: TRACE,981091,943,929,969
[19:07:19.257][D][ldc1314:436]: TRACE,981106,943,929,969
[19:07:19.270][D][ldc1314:436]: TRACE,981120,943,929,969
[19:07:19.371][D][ldc1314:436]: TRACE,981141,943,929,969
[19:07:19.371][D][ldc1314:436]: TRACE,981154,943,929,969
[19:07:19.371][D][ldc1314:436]: TRACE,981164,943,929,969
[19:07:19.371][D][ldc1314:436]: TRACE,981174,943,929,969
[19:07:19.371][D][ldc1314:436]: TRACE,981184,943,929,969
[19:07:19.371][D][ldc1314:436]: TRACE,981195,943,929,969
[19:07:19.371][D][ldc1314:436]: TRACE,981205,943,929,969
[19:07:19.372][D][ldc1314:436]: TRACE,981215,943,929,969
[19:07:19.382][D][ldc1314:436]: TRACE,981227,943,929,969
[19:07:19.388][D][ldc1314:436]: TRACE,981237,943,929,969
[19:07:19.406][D][ldc1314:436]: TRACE,981256,943,929,969
[19:07:19.422][D][ldc1314:436]: TRACE,981271,943,929,969
[19:07:19.439][D][ldc1314:436]: TRACE,981288,943,929,969
[19:07:19.462][D][ldc1314:436]: TRACE,981303,943,929,969
[19:07:19.467][D][ldc1314:436]: TRACE,981318,943,929,969
[19:07:19.481][D][ldc1314:436]: TRACE,981330,943,929,969
[19:07:19.497][D][ldc1314:436]: TRACE,981347,943,929,969
[19:07:19.517][D][ldc1314:436]: TRACE,981368,943,929,969
[19:07:19.533][D][ldc1314:436]: TRACE,981382,943,929,969
[19:07:19.546][D][ldc1314:436]: TRACE,981397,943,929,969
[19:07:19.564][D][ldc1314:436]: TRACE,981414,943,929,969
[19:07:19.574][D][ldc1314:436]: TRACE,981428,943,929,969
[19:07:19.590][D][ldc1314:436]: TRACE,981440,943,929,969
[19:07:19.606][D][ldc1314:436]: TRACE,981457,943,929,969
[19:07:19.621][D][ldc1314:436]: TRACE,981471,943,929,969
[19:07:19.639][D][ldc1314:436]: TRACE,981492,943,929,969
[19:07:19.653][D][ldc1314:436]: TRACE,981506,943,929,969
[19:07:19.669][D][ldc1314:436]: TRACE,981519,943,929,969
[19:07:19.682][D][ldc1314:436]: TRACE,981531,943,929,969
[19:07:19.697][D][ldc1314:436]: TRACE,981550,942,929,969
[19:07:19.716][D][ldc1314:436]: TRACE,981563,942,929,969
[19:07:19.727][D][ldc1314:436]: TRACE,981577,942,929,969
[19:07:19.742][D][ldc1314:436]: TRACE,981592,942,929,969
[19:07:19.768][D][ldc1314:436]: TRACE,981612,942,929,969
[19:07:19.777][D][ldc1314:436]: TRACE,981628,942,930,969
[19:07:19.787][D][ldc1314:436]: TRACE,981641,942,930,969
[19:07:19.804][D][ldc1314:436]: TRACE,981653,942,930,969
[19:07:19.895][D][ldc1314:436]: TRACE,981667,942,930,969
[19:07:19.895][D][ldc1314:436]: TRACE,981679,942,930,969
[19:07:19.895][D][ldc1314:436]: TRACE,981688,942,930,969
[19:07:19.895][D][ldc1314:436]: TRACE,981698,942,930,969
[19:07:19.895][D][ldc1314:436]: TRACE,981708,942,930,969
[19:07:19.896][D][ldc1314:436]: TRACE,981718,942,930,969
[19:07:19.896][D][ldc1314:436]: TRACE,981728,942,930,969
[19:07:19.896][D][ldc1314:436]: TRACE,981738,942,930,969
[19:07:19.896][D][ldc1314:436]: TRACE,981748,942,930,969
[19:07:19.910][D][ldc1314:436]: TRACE,981758,942,930,969
[19:07:19.926][D][ldc1314:436]: TRACE,981776,942,930,969
[19:07:19.940][D][ldc1314:436]: TRACE,981792,942,930,969
[19:07:19.954][D][ldc1314:436]: TRACE,981807,942,930,969
[19:07:19.977][D][ldc1314:436]: TRACE,981826,942,930,969
[19:07:19.988][D][ldc1314:436]: TRACE,981837,942,930,969
[19:07:20.003][D][ldc1314:436]: TRACE,981854,942,930,969
[19:07:20.018][D][ldc1314:436]: TRACE,981869,942,930,969
[19:07:20.034][D][ldc1314:436]: TRACE,981885,942,930,969
[19:07:20.049][D][ldc1314:436]: TRACE,981900,941,930,969
[19:07:20.062][D][ldc1314:436]: TRACE,981914,941,930,969
[19:07:20.076][D][ldc1314:436]: TRACE,981929,941,931,969
[19:07:20.095][D][ldc1314:436]: TRACE,981945,941,931,969
[19:07:20.111][D][ldc1314:436]: TRACE,981960,941,931,969
[19:07:20.127][D][ldc1314:436]: TRACE,981977,941,931,969
[19:07:20.139][D][ldc1314:436]: TRACE,981992,941,931,969
[19:07:20.156][D][ldc1314:436]: TRACE,982007,941,931,969
[19:07:20.180][D][ldc1314:436]: TRACE,982024,941,931,969
[19:07:20.191][D][ldc1314:436]: TRACE,982037,941,931,969
[19:07:20.211][D][ldc1314:436]: TRACE,982063,941,931,969
[19:07:20.226][D][ldc1314:436]: TRACE,982077,941,931,969
[19:07:20.240][D][ldc1314:436]: TRACE,982094,941,931,969
[19:07:20.256][D][ldc1314:436]: TRACE,982106,941,931,969
[19:07:20.270][D][ldc1314:436]: TRACE,982122,940,931,969
[19:07:20.284][D][ldc1314:436]: TRACE,982137,940,932,969
[19:07:20.309][D][ldc1314:436]: TRACE,982149,940,932,969
[19:07:20.309][D][ldc1314:436]: TRACE,982163,940,932,969
[19:07:20.326][D][ldc1314:436]: TRACE,982176,940,932,969
[19:07:20.418][D][ldc1314:436]: TRACE,982193,940,932,969
[19:07:20.418][D][ldc1314:436]: TRACE,982204,940,932,969
[19:07:20.418][D][ldc1314:436]: TRACE,982215,940,932,969
[19:07:20.418][D][ldc1314:436]: TRACE,982225,940,932,969
[19:07:20.418][D][ldc1314:436]: TRACE,982235,940,932,969
[19:07:20.418][D][ldc1314:436]: TRACE,982245,940,932,969
[19:07:20.418][D][ldc1314:436]: TRACE,982255,940,932,969
[19:07:20.425][D][ldc1314:436]: TRACE,982265,940,932,969
[19:07:20.426][D][ldc1314:436]: TRACE,982275,940,932,969
[19:07:20.434][D][ldc1314:436]: TRACE,982285,940,933,969
[19:07:20.452][D][ldc1314:436]: TRACE,982303,939,933,969
[19:07:20.468][D][ldc1314:436]: TRACE,982318,939,933,969
[19:07:20.484][D][ldc1314:436]: TRACE,982333,939,933,969
[19:07:20.495][D][ldc1314:436]: TRACE,982348,939,933,969
[19:07:20.509][D][ldc1314:436]: TRACE,982361,939,933,969
[19:07:20.525][D][ldc1314:436]: TRACE,982375,939,933,969
[19:07:20.541][D][ldc1314:436]: TRACE,982392,939,933,969
[19:07:20.556][D][ldc1314:436]: TRACE,982407,939,933,969
[19:07:20.575][D][ldc1314:436]: TRACE,982424,939,933,969
[19:07:20.590][D][ldc1314:436]: TRACE,982439,938,933,969
[19:07:20.603][D][ldc1314:436]: TRACE,982452,938,934,969
[19:07:20.619][D][ldc1314:436]: TRACE,982469,938,934,969
[19:07:20.634][D][ldc1314:436]: TRACE,982486,938,934,969
[19:07:20.648][D][ldc1314:436]: TRACE,982501,938,934,969
[19:07:20.663][D][ldc1314:436]: TRACE,982515,938,934,969
[19:07:20.690][D][ldc1314:436]: TRACE,982534,938,934,969
[19:07:20.696][D][ldc1314:436]: TRACE,982547,938,934,969
[19:07:20.708][D][ldc1314:436]: TRACE,982559,938,934,969
[19:07:20.722][D][ldc1314:436]: TRACE,982573,937,935,969
[19:07:20.738][D][ldc1314:436]: TRACE,982588,937,935,969
[19:07:20.752][D][ldc1314:436]: TRACE,982605,937,935,969
[19:07:20.766][D][ldc1314:436]: TRACE,982619,937,935,969
[19:07:20.778][D][ldc1314:436]: TRACE,982632,937,935,969
[19:07:20.795][D][ldc1314:436]: TRACE,982644,937,935,969
[19:07:20.816][D][ldc1314:436]: TRACE,982658,937,935,969
[19:07:20.825][D][ldc1314:436]: TRACE,982676,937,935,969
[19:07:20.843][D][ldc1314:436]: TRACE,982694,937,935,969
[19:07:20.942][D][ldc1314:436]: TRACE,982708,937,936,969
[19:07:20.943][D][ldc1314:436]: TRACE,982723,937,936,969
[19:07:20.943][D][ldc1314:436]: TRACE,982733,936,936,969
[19:07:20.943][D][ldc1314:436]: TRACE,982743,936,936,969
[19:07:20.943][D][ldc1314:436]: TRACE,982753,936,936,969
[19:07:20.943][D][ldc1314:436]: TRACE,982764,936,936,969
[19:07:20.952][D][ldc1314:436]: TRACE,982775,936,936,969
[19:07:20.953][D][ldc1314:436]: TRACE,982787,936,936,969
[19:07:20.953][D][ldc1314:436]: TRACE,982797,936,936,969
[19:07:20.955][D][ldc1314:436]: TRACE,982807,936,936,969
[19:07:20.968][D][ldc1314:436]: TRACE,982821,936,936,969
[19:07:20.983][D][ldc1314:436]: TRACE,982835,936,936,969
[19:07:21.003][D][ldc1314:436]: TRACE,982851,936,937,969
[19:07:21.013][D][ldc1314:436]: TRACE,982860,936,937,969
[19:07:21.035][D][ldc1314:436]: TRACE,982884,936,937,969
[19:07:21.047][D][ldc1314:436]: TRACE,982899,935,937,969
[19:07:21.064][D][ldc1314:436]: TRACE,982913,935,937,969
[19:07:21.076][D][ldc1314:436]: TRACE,982928,935,937,969
[19:07:21.099][D][ldc1314:436]: TRACE,982940,935,937,969
[19:07:21.104][D][ldc1314:436]: TRACE,982956,935,937,969
[19:07:21.116][D][ldc1314:436]: TRACE,982968,935,937,969
[19:07:21.132][D][ldc1314:436]: TRACE,982984,935,938,969
[19:07:21.148][D][ldc1314:436]: TRACE,982999,935,938,969
[19:07:21.166][D][ldc1314:436]: TRACE,983016,935,938,969
[19:07:21.183][D][ldc1314:436]: TRACE,983032,935,938,969
[19:07:21.201][D][ldc1314:436]: TRACE,983046,935,938,969
[19:07:21.218][D][ldc1314:436]: TRACE,983065,935,938,969
[19:07:21.232][D][ldc1314:436]: TRACE,983083,935,938,969
[19:07:21.248][D][ldc1314:436]: TRACE,983098,935,938,969
[19:07:21.262][D][ldc1314:436]: TRACE,983113,934,938,969
[19:07:21.276][D][ldc1314:436]: TRACE,983127,934,938,969
[19:07:21.303][D][ldc1314:436]: TRACE,983147,934,938,969
[19:07:21.312][D][ldc1314:436]: TRACE,983162,934,938,969
[19:07:21.322][D][ldc1314:436]: TRACE,983172,934,939,969
[19:07:21.340][D][ldc1314:436]: TRACE,983190,934,939,969
[19:07:21.355][D][ldc1314:436]: TRACE,983205,934,939,969
[19:07:21.367][D][ldc1314:436]: TRACE,983220,934,939,969
[19:07:21.468][D][ldc1314:436]: TRACE,983234,934,939,969
[19:07:21.468][D][ldc1314:436]: TRACE,983248,934,939,969
[19:07:21.468][D][ldc1314:436]: TRACE,983259,934,939,969
[19:07:21.468][D][ldc1314:436]: TRACE,983269,934,939,969
[19:07:21.468][D][ldc1314:436]: TRACE,983279,934,939,969
[19:07:21.468][D][ldc1314:436]: TRACE,983290,934,939,969
[19:07:21.468][D][ldc1314:436]: TRACE,983300,934,939,969
[19:07:21.468][D][ldc1314:436]: TRACE,983310,934,939,969
[19:07:21.468][D][ldc1314:436]: TRACE,983320,934,939,969
[19:07:21.480][D][ldc1314:436]: TRACE,983330,934,939,969
[19:07:21.497][D][ldc1314:436]: TRACE,983347,934,939,969
[19:07:21.510][D][ldc1314:436]: TRACE,983362,934,939,969
[19:07:21.526][D][ldc1314:436]: TRACE,983375,934,940,969
[19:07:21.542][D][ldc1314:436]: TRACE,983392,933,940,969
[19:07:21.556][D][ldc1314:436]: TRACE,983409,933,940,969
[19:07:21.570][D][ldc1314:436]: TRACE,983423,933,940,969
[19:07:21.585][D][ldc1314:436]: TRACE,983437,933,940,969
[19:07:21.600][D][ldc1314:436]: TRACE,983452,933,940,969
[19:07:21.613][D][ldc1314:436]: TRACE,983467,933,940,969
[19:07:21.628][D][ldc1314:436]: TRACE,983479,933,940,969
[19:07:21.646][D][ldc1314:436]: TRACE,983496,933,940,969
[19:07:21.661][D][ldc1314:436]: TRACE,983511,933,940,969
[19:07:21.676][D][ldc1314:436]: TRACE,983526,933,940,969
[19:07:21.691][D][ldc1314:436]: TRACE,983541,933,940,969
[19:07:21.713][D][ldc1314:436]: TRACE,983557,933,940,969
[19:07:21.719][D][ldc1314:436]: TRACE,983570,933,940,969
[19:07:21.733][D][ldc1314:436]: TRACE,983582,933,940,969
[19:07:21.753][D][ldc1314:436]: TRACE,983604,933,940,969
[19:07:21.768][D][ldc1314:436]: TRACE,983619,933,940,969
[19:07:21.784][D][ldc1314:436]: TRACE,983633,933,940,969
[19:07:21.798][D][ldc1314:436]: TRACE,983648,933,940,969
[19:07:21.815][D][ldc1314:436]: TRACE,983663,933,940,969
[19:07:21.826][D][ldc1314:436]: TRACE,983676,933,940,969
[19:07:21.841][D][ldc1314:436]: TRACE,983692,933,940,969
[19:07:21.857][D][ldc1314:436]: TRACE,983706,933,940,969
[19:07:21.876][D][ldc1314:436]: TRACE,983726,933,940,969
[19:07:21.891][D][ldc1314:436]: TRACE,983741,933,940,969
[19:07:21.992][D][ldc1314:436]: TRACE,983756,933,940,969
[19:07:21.993][D][ldc1314:436]: TRACE,983771,933,940,969
[19:07:21.993][D][ldc1314:436]: TRACE,983781,933,940,969
[19:07:21.993][D][ldc1314:436]: TRACE,983791,933,940,969
[19:07:21.993][D][ldc1314:436]: TRACE,983801,933,940,969
[19:07:21.993][D][ldc1314:436]: TRACE,983812,933,940,969
[19:07:21.993][D][ldc1314:436]: TRACE,983822,933,940,969
[19:07:21.993][D][ldc1314:436]: TRACE,983833,933,940,969
[19:07:21.999][D][ldc1314:436]: TRACE,983844,933,940,969
[19:07:22.006][D][ldc1314:436]: TRACE,983855,933,940,969
[19:07:22.024][D][ldc1314:436]: TRACE,983868,933,940,969
[19:07:22.030][D][ldc1314:436]: TRACE,983882,933,940,969
[19:07:22.048][D][ldc1314:436]: TRACE,983897,933,940,969
[19:07:22.061][D][ldc1314:436]: TRACE,983912,933,940,969
[19:07:22.077][D][ldc1314:436]: TRACE,983927,933,940,969
[19:07:22.091][D][ldc1314:436]: TRACE,983942,933,940,969
[19:07:22.111][D][ldc1314:436]: TRACE,983960,932,941,969
[19:07:22.126][D][ldc1314:436]: TRACE,983977,933,941,969
[19:07:22.138][D][ldc1314:436]: TRACE,983987,932,941,969
[19:07:22.152][D][ldc1314:436]: TRACE,984005,932,941,969
[19:07:22.169][D][ldc1314:436]: TRACE,984016,932,941,969
[19:07:22.179][D][ldc1314:436]: TRACE,984032,932,941,969
[19:07:22.191][D][ldc1314:436]: TRACE,984044,932,941,969
[19:07:22.209][D][ldc1314:436]: TRACE,984056,932,941,969
[19:07:22.230][D][ldc1314:436]: TRACE,984080,932,941,969
[19:07:22.240][D][ldc1314:436]: TRACE,984091,932,941,969
[19:07:22.255][D][ldc1314:436]: TRACE,984107,932,941,969
[19:07:22.271][D][ldc1314:436]: TRACE,984122,932,941,969
[19:07:22.288][D][ldc1314:436]: TRACE,984137,932,941,969
[19:07:22.302][D][ldc1314:436]: TRACE,984152,932,941,969
[19:07:22.327][D][ldc1314:436]: TRACE,984167,932,941,969
[19:07:22.332][D][ldc1314:436]: TRACE,984185,932,941,969
[19:07:22.351][D][ldc1314:436]: TRACE,984200,932,941,969
[19:07:22.366][D][ldc1314:436]: TRACE,984216,932,941,969
[19:07:22.382][D][ldc1314:436]: TRACE,984233,932,941,969
[19:07:22.399][D][ldc1314:436]: TRACE,984247,932,941,969
[19:07:22.414][D][ldc1314:436]: TRACE,984264,932,940,969
[19:07:22.520][D][ldc1314:436]: TRACE,984279,932,940,969
[19:07:22.520][D][ldc1314:436]: TRACE,984294,932,940,969
[19:07:22.520][D][ldc1314:436]: TRACE,984304,932,940,969
[19:07:22.520][D][ldc1314:436]: TRACE,984314,932,940,969
[19:07:22.520][D][ldc1314:436]: TRACE,984324,932,940,969
[19:07:22.520][D][ldc1314:436]: TRACE,984334,932,940,969
[19:07:22.520][D][ldc1314:436]: TRACE,984344,932,940,969
[19:07:22.520][D][ldc1314:436]: TRACE,984354,932,940,969
[19:07:22.520][D][ldc1314:436]: TRACE,984365,932,940,969
[19:07:22.534][D][ldc1314:436]: TRACE,984375,932,940,969
[19:07:22.535][D][ldc1314:436]: TRACE,984387,932,940,969
[19:07:22.549][D][ldc1314:436]: TRACE,984398,932,940,969
[19:07:22.563][D][ldc1314:436]: TRACE,984416,932,940,969
[19:07:22.579][D][ldc1314:436]: TRACE,984430,932,940,969
[19:07:22.593][D][ldc1314:436]: TRACE,984445,932,940,969
[19:07:22.607][D][ldc1314:436]: TRACE,984460,932,940,969
[19:07:22.623][D][ldc1314:436]: TRACE,984474,932,940,969
[19:07:22.637][D][ldc1314:436]: TRACE,984490,932,940,969
[19:07:22.654][D][ldc1314:436]: TRACE,984502,932,940,969
[19:07:22.669][D][ldc1314:436]: TRACE,984518,932,940,969
[19:07:22.684][D][ldc1314:436]: TRACE,984534,932,940,969
[19:07:22.698][D][ldc1314:436]: TRACE,984549,932,940,969
[19:07:22.711][D][ldc1314:436]: TRACE,984564,932,940,969
[19:07:22.736][D][ldc1314:436]: TRACE,984578,932,940,969
[19:07:22.742][D][ldc1314:436]: TRACE,984592,932,940,969
[19:07:22.752][D][ldc1314:436]: TRACE,984604,932,940,969
[19:07:22.773][D][ldc1314:436]: TRACE,984624,932,940,970
[19:07:22.787][D][ldc1314:436]: TRACE,984638,932,940,970
[19:07:22.801][D][ldc1314:436]: TRACE,984653,932,940,970
[19:07:22.817][D][ldc1314:436]: TRACE,984667,932,940,970
[19:07:22.839][D][ldc1314:436]: TRACE,984682,932,940,970
[19:07:22.847][D][ldc1314:436]: TRACE,984695,932,940,970
[19:07:22.855][D][ldc1314:436]: TRACE,984707,932,940,970
[19:07:22.871][D][ldc1314:436]: TRACE,984722,932,940,970
[19:07:22.886][D][ldc1314:436]: TRACE,984736,932,940,970
[19:07:22.906][D][ldc1314:436]: TRACE,984757,932,940,970
[19:07:22.924][D][ldc1314:436]: TRACE,984771,932,940,970
[19:07:22.941][D][ldc1314:436]: TRACE,984786,932,940,970
[19:07:22.947][D][ldc1314:436]: TRACE,984799,932,940,970
[19:07:23.043][D][ldc1314:436]: TRACE,984813,932,940,970
[19:07:23.043][D][ldc1314:436]: TRACE,984826,932,940,970
[19:07:23.043][D][ldc1314:436]: TRACE,984836,932,940,970
[19:07:23.043][D][ldc1314:436]: TRACE,984846,932,939,970
[19:07:23.043][D][ldc1314:436]: TRACE,984856,932,939,970
[19:07:23.043][D][ldc1314:436]: TRACE,984866,932,939,970
[19:07:23.050][D][ldc1314:436]: TRACE,984876,932,939,970
[19:07:23.050][D][ldc1314:436]: TRACE,984886,932,939,970
[19:07:23.050][D][ldc1314:436]: TRACE,984896,932,939,970
[19:07:23.058][D][ldc1314:436]: TRACE,984907,932,939,971
[19:07:23.069][D][ldc1314:436]: TRACE,984924,932,939,971
[19:07:23.085][D][ldc1314:436]: TRACE,984936,932,939,971
[19:07:23.098][D][ldc1314:436]: TRACE,984951,932,939,971
[19:07:23.112][D][ldc1314:436]: TRACE,984965,932,939,971
[19:07:23.131][D][ldc1314:436]: TRACE,984983,932,939,971
[19:07:23.149][D][ldc1314:436]: TRACE,984997,932,939,971
[19:07:23.158][D][ldc1314:436]: TRACE,985007,932,939,971
[19:07:23.170][D][ldc1314:436]: TRACE,985023,932,939,971
[19:07:23.186][D][ldc1314:436]: TRACE,985037,932,939,971
[19:07:23.201][D][ldc1314:436]: TRACE,985052,932,939,971
[19:07:23.222][D][ldc1314:436]: TRACE,985068,932,938,972
[19:07:23.248][D][ldc1314:436]: TRACE,985093,932,938,972
[19:07:23.256][D][ldc1314:436]: TRACE,985107,932,938,972
[19:07:23.272][D][ldc1314:436]: TRACE,985121,932,938,972
[19:07:23.287][D][ldc1314:436]: TRACE,985138,932,938,972
[19:07:23.301][D][ldc1314:436]: TRACE,985153,932,938,972
[19:07:23.316][D][ldc1314:436]: TRACE,985167,932,938,972
[19:07:23.330][D][ldc1314:436]: TRACE,985182,932,938,972
[19:07:23.350][D][ldc1314:436]: TRACE,985200,932,938,972
[19:07:23.361][D][ldc1314:436]: TRACE,985214,932,938,972
[19:07:23.375][D][ldc1314:436]: TRACE,985227,932,938,973
[19:07:23.389][D][ldc1314:436]: TRACE,985242,932,938,973
[19:07:23.405][D][ldc1314:436]: TRACE,985256,932,938,973
[19:07:23.421][D][ldc1314:436]: TRACE,985273,932,937,973
[19:07:23.436][D][ldc1314:436]: TRACE,985288,932,937,973
[19:07:23.455][D][ldc1314:436]: TRACE,985306,932,937,973
[19:07:23.471][D][ldc1314:436]: TRACE,985317,932,937,973
[19:07:23.564][D][ldc1314:436]: TRACE,985335,932,937,974
[19:07:23.564][D][ldc1314:436]: TRACE,985349,932,937,974
[19:07:23.564][D][ldc1314:436]: TRACE,985359,932,937,974
[19:07:23.564][D][ldc1314:436]: TRACE,985370,932,937,974
[19:07:23.565][D][ldc1314:436]: TRACE,985380,932,937,974
[19:07:23.565][D][ldc1314:436]: TRACE,985390,932,937,974
[19:07:23.565][D][ldc1314:436]: TRACE,985400,932,936,974
[19:07:23.565][D][ldc1314:436]: TRACE,985410,932,936,974
[19:07:23.570][D][ldc1314:436]: TRACE,985422,932,936,974
[19:07:23.587][D][ldc1314:436]: TRACE,985438,932,936,975
[19:07:23.603][D][ldc1314:436]: TRACE,985453,932,936,975
[19:07:23.617][D][ldc1314:436]: TRACE,985469,932,936,975
[19:07:23.631][D][ldc1314:436]: TRACE,985484,932,936,975
[19:07:23.647][D][ldc1314:436]: TRACE,985497,932,936,975
[19:07:23.662][D][ldc1314:436]: TRACE,985510,932,936,975
[19:07:23.671][D][ldc1314:436]: TRACE,985520,932,936,975
[19:07:23.692][D][ldc1314:436]: TRACE,985542,932,935,976
[19:07:23.707][D][ldc1314:436]: TRACE,985558,932,935,976
[19:07:23.720][D][ldc1314:436]: TRACE,985572,932,935,976
[19:07:23.736][D][ldc1314:436]: TRACE,985586,932,935,976
[19:07:23.748][D][ldc1314:436]: TRACE,985599,932,935,976
[19:07:23.762][D][ldc1314:436]: TRACE,985615,932,935,976
[19:07:23.778][D][ldc1314:436]: TRACE,985627,932,935,976
[19:07:23.791][D][ldc1314:436]: TRACE,985642,932,935,977
[19:07:23.812][D][ldc1314:436]: TRACE,985658,932,935,977
[19:07:23.826][D][ldc1314:436]: TRACE,985675,932,934,977
[19:07:23.841][D][ldc1314:436]: TRACE,985691,932,934,977
[19:07:23.863][D][ldc1314:436]: TRACE,985705,932,934,977
[19:07:23.869][D][ldc1314:436]: TRACE,985720,932,934,977
[19:07:23.881][D][ldc1314:436]: TRACE,985734,932,934,978
[19:07:23.900][D][ldc1314:436]: TRACE,985746,932,934,978
[19:07:23.910][D][ldc1314:436]: TRACE,985761,932,934,978
[19:07:23.926][D][ldc1314:436]: TRACE,985776,932,934,978
[19:07:23.945][D][ldc1314:436]: TRACE,985793,932,934,978
[19:07:23.963][D][ldc1314:436]: TRACE,985809,932,933,978
[19:07:23.969][D][ldc1314:436]: TRACE,985821,932,933,979
[19:07:23.982][D][ldc1314:436]: TRACE,985833,932,933,979
[19:07:23.998][D][ldc1314:436]: TRACE,985849,932,933,979
[19:07:24.089][D][ldc1314:436]: TRACE,985863,932,933,979
[19:07:24.089][D][ldc1314:436]: TRACE,985874,932,933,979
[19:07:24.089][D][ldc1314:436]: TRACE,985884,932,933,979
[19:07:24.090][D][ldc1314:436]: TRACE,985895,932,933,979
[19:07:24.090][D][ldc1314:436]: TRACE,985906,932,933,979
[19:07:24.090][D][ldc1314:436]: TRACE,985916,932,933,979
[19:07:24.090][D][ldc1314:436]: TRACE,985926,932,933,980
[19:07:24.095][D][ldc1314:436]: TRACE,985937,932,933,980
[19:07:24.095][D][ldc1314:436]: TRACE,985947,932,933,980
[19:07:24.107][D][ldc1314:436]: TRACE,985957,932,933,980
[19:07:24.124][D][ldc1314:436]: TRACE,985975,932,932,980
[19:07:24.142][D][ldc1314:436]: TRACE,985989,932,932,980
[19:07:24.154][D][ldc1314:436]: TRACE,986006,932,932,980
[19:07:24.169][D][ldc1314:436]: TRACE,986019,932,932,980
[19:07:24.183][D][ldc1314:436]: TRACE,986033,932,932,980
[19:07:24.198][D][ldc1314:436]: TRACE,986050,932,932,981
[19:07:24.213][D][ldc1314:436]: TRACE,986064,932,932,981
[19:07:24.235][D][ldc1314:436]: TRACE,986079,932,932,981
[19:07:24.250][D][ldc1314:436]: TRACE,986102,932,932,981
[19:07:24.272][D][ldc1314:436]: TRACE,986114,932,932,981
[19:07:24.280][D][ldc1314:436]: TRACE,986131,932,931,981
[19:07:24.296][D][ldc1314:436]: TRACE,986147,932,931,981
[19:07:24.310][D][ldc1314:436]: TRACE,986161,932,931,981
[19:07:24.324][D][ldc1314:436]: TRACE,986176,932,931,982
[19:07:24.341][D][ldc1314:436]: TRACE,986190,932,931,982
[19:07:24.358][D][ldc1314:436]: TRACE,986207,932,931,982
[19:07:24.368][D][ldc1314:436]: TRACE,986221,932,931,982
[19:07:24.386][D][ldc1314:436]: TRACE,986236,932,931,982
[19:07:24.400][D][ldc1314:436]: TRACE,986252,932,931,982
[19:07:24.415][D][ldc1314:436]: TRACE,986267,932,931,982
[19:07:24.430][D][ldc1314:436]: TRACE,986281,932,931,982
[19:07:24.446][D][ldc1314:436]: TRACE,986296,932,931,982
[19:07:24.457][D][ldc1314:436]: TRACE,986311,932,931,982
[19:07:24.476][D][ldc1314:436]: TRACE,986323,932,931,982
[19:07:24.492][D][ldc1314:436]: TRACE,986341,932,930,982
[19:07:24.506][D][ldc1314:436]: TRACE,986357,932,930,982
[19:07:24.521][D][ldc1314:436]: TRACE,986372,932,930,983
[19:07:24.616][D][ldc1314:436]: TRACE,986387,932,930,983
[19:07:24.616][D][ldc1314:436]: TRACE,986399,932,930,983
[19:07:24.616][D][ldc1314:436]: TRACE,986408,932,930,983
[19:07:24.616][D][ldc1314:436]: TRACE,986418,932,930,983
[19:07:24.616][D][ldc1314:436]: TRACE,986428,932,930,983
[19:07:24.617][D][ldc1314:436]: TRACE,986438,932,930,983
[19:07:24.625][D][ldc1314:436]: TRACE,986450,932,930,983
[19:07:24.625][D][ldc1314:436]: TRACE,986460,932,930,983
[19:07:24.625][D][ldc1314:436]: TRACE,986470,932,930,983
[19:07:24.629][D][ldc1314:436]: TRACE,986481,932,930,983
[19:07:24.645][D][ldc1314:436]: TRACE,986496,932,930,983
[19:07:24.660][D][ldc1314:436]: TRACE,986510,932,930,983
[19:07:24.681][D][ldc1314:436]: TRACE,986526,932,930,983
[19:07:24.687][D][ldc1314:436]: TRACE,986539,932,930,983
[19:07:24.708][D][ldc1314:436]: TRACE,986559,932,930,983
[19:07:24.723][D][ldc1314:436]: TRACE,986573,932,930,983
[19:07:24.737][D][ldc1314:436]: TRACE,986588,932,930,983
[19:07:24.753][D][ldc1314:436]: TRACE,986604,932,930,983
[19:07:24.768][D][ldc1314:436]: TRACE,986620,932,929,983
[19:07:24.783][D][ldc1314:436]: TRACE,986633,932,929,983
[19:07:24.797][D][ldc1314:436]: TRACE,986648,932,929,983
[19:07:24.813][D][ldc1314:436]: TRACE,986663,932,929,983
[19:07:24.833][D][ldc1314:436]: TRACE,986683,932,929,983
[19:07:24.847][D][ldc1314:436]: TRACE,986698,932,929,983
[19:07:24.860][D][ldc1314:436]: TRACE,986710,932,929,983
[19:07:24.872][D][ldc1314:436]: TRACE,986725,932,929,983
[19:07:24.888][D][ldc1314:436]: TRACE,986739,932,929,983
[19:07:24.899][D][ldc1314:436]: TRACE,986749,932,929,984
[19:07:24.916][D][ldc1314:436]: TRACE,986767,932,929,984
[19:07:24.931][D][ldc1314:436]: TRACE,986781,932,929,984
[19:07:24.951][D][ldc1314:436]: TRACE,986801,932,929,984
[19:07:24.967][D][ldc1314:436]: TRACE,986817,932,929,984
[19:07:24.988][D][ldc1314:436]: TRACE,986831,932,929,984
[19:07:25.000][D][ldc1314:436]: TRACE,986847,932,929,984
[19:07:25.017][D][ldc1314:436]: TRACE,986865,932,929,984
[19:07:25.031][D][ldc1314:436]: TRACE,986883,932,929,984
[19:07:25.137][D][ldc1314:436]: TRACE,986897,932,929,984
[19:07:25.137][D][ldc1314:436]: TRACE,986914,932,929,984
[19:07:25.137][D][ldc1314:436]: TRACE,986924,932,929,984
[19:07:25.137][D][ldc1314:436]: TRACE,986934,932,929,984
[19:07:25.137][D][ldc1314:436]: TRACE,986945,932,929,984
[19:07:25.137][D][ldc1314:436]: TRACE,986957,932,929,984
[19:07:25.137][D][ldc1314:436]: TRACE,986967,932,929,984
[19:07:25.137][D][ldc1314:436]: TRACE,986977,932,929,984
[19:07:25.137][D][ldc1314:436]: TRACE,986987,932,929,984
[19:07:25.146][D][ldc1314:436]: TRACE,986997,932,929,984
[19:07:25.163][D][ldc1314:436]: TRACE,987012,932,929,984
[19:07:25.181][D][ldc1314:436]: TRACE,987031,932,929,984
[19:07:25.197][D][ldc1314:436]: TRACE,987047,932,929,984
[19:07:25.208][D][ldc1314:436]: TRACE,987056,932,929,984
[19:07:25.222][D][ldc1314:436]: TRACE,987074,932,929,984
[19:07:25.243][D][ldc1314:436]: TRACE,987089,932,929,984
[19:07:25.258][D][ldc1314:436]: TRACE,987110,932,928,984
[19:07:25.271][D][ldc1314:436]: TRACE,987124,932,928,984
[19:07:25.295][D][ldc1314:436]: TRACE,987141,932,928,984
[19:07:25.304][D][ldc1314:436]: TRACE,987156,932,928,984
[19:07:25.322][D][ldc1314:436]: TRACE,987171,932,928,984
[19:07:25.336][D][ldc1314:436]: TRACE,987186,933,928,984
[19:07:25.351][D][ldc1314:436]: TRACE,987203,933,928,984
[19:07:25.369][D][ldc1314:436]: TRACE,987218,933,928,984
[19:07:25.382][D][ldc1314:436]: TRACE,987233,933,928,984
[19:07:25.398][D][ldc1314:436]: TRACE,987248,933,928,984
[19:07:25.414][D][ldc1314:436]: TRACE,987266,933,928,984
[19:07:25.429][D][ldc1314:436]: TRACE,987281,933,928,984
[19:07:25.445][D][ldc1314:436]: TRACE,987295,933,928,984
[19:07:25.458][D][ldc1314:436]: TRACE,987310,933,928,984
[19:07:25.471][D][ldc1314:436]: TRACE,987323,933,928,984
[19:07:25.487][D][ldc1314:436]: TRACE,987337,933,928,984
[19:07:25.504][D][ldc1314:436]: TRACE,987354,933,928,984
[19:07:25.513][D][ldc1314:436]: TRACE,987364,933,928,984
[19:07:25.534][D][ldc1314:436]: TRACE,987385,933,928,984
[19:07:25.549][D][ldc1314:436]: TRACE,987400,933,928,984
[19:07:25.566][D][ldc1314:436]: TRACE,987416,933,928,984
[19:07:25.660][D][ldc1314:436]: TRACE,987431,933,928,984
[19:07:25.661][D][ldc1314:436]: TRACE,987444,933,928,983
[19:07:25.661][D][ldc1314:436]: TRACE,987454,933,928,983
[19:07:25.661][D][ldc1314:436]: TRACE,987465,933,928,983
[19:07:25.661][D][ldc1314:436]: TRACE,987476,933,928,983
[19:07:25.666][D][ldc1314:436]: TRACE,987488,933,928,983
[19:07:25.666][D][ldc1314:436]: TRACE,987499,933,928,983
[19:07:25.666][D][ldc1314:436]: TRACE,987509,933,928,983
[19:07:25.666][D][ldc1314:436]: TRACE,987519,933,928,983
[19:07:25.679][D][ldc1314:436]: TRACE,987532,933,928,983
[19:07:25.704][D][ldc1314:436]: TRACE,987546,933,928,983
[19:07:25.712][D][ldc1314:436]: TRACE,987561,933,928,983
[19:07:25.723][D][ldc1314:436]: TRACE,987572,933,928,983
[19:07:25.743][D][ldc1314:436]: TRACE,987595,933,928,983
[19:07:25.759][D][ldc1314:436]: TRACE,987609,933,928,983
[19:07:25.775][D][ldc1314:436]: TRACE,987625,934,928,983
[19:07:25.793][D][ldc1314:436]: TRACE,987640,934,928,983
[19:07:25.809][D][ldc1314:436]: TRACE,987655,934,928,983
[19:07:25.818][D][ldc1314:436]: TRACE,987667,934,928,983
[19:07:25.831][D][ldc1314:436]: TRACE,987683,934,928,983
[19:07:25.846][D][ldc1314:436]: TRACE,987697,934,928,983
[19:07:25.864][D][ldc1314:436]: TRACE,987717,934,928,983
[19:07:25.881][D][ldc1314:436]: TRACE,987730,934,928,983
[19:07:25.894][D][ldc1314:436]: TRACE,987746,934,928,983
[19:07:25.909][D][ldc1314:436]: TRACE,987760,934,928,983
[19:07:25.922][D][ldc1314:436]: TRACE,987771,934,928,983
[19:07:25.936][D][ldc1314:436]: TRACE,987787,934,928,983
[19:07:25.951][D][ldc1314:436]: TRACE,987802,934,928,983
[19:07:25.966][D][ldc1314:436]: TRACE,987817,934,928,983
[19:07:25.982][D][ldc1314:436]: TRACE,987831,934,928,983
[19:07:26.000][D][ldc1314:436]: TRACE,987850,934,928,983
[19:07:26.017][D][ldc1314:436]: TRACE,987865,934,928,982
[19:07:26.027][D][ldc1314:436]: TRACE,987875,935,928,982
[19:07:26.042][D][ldc1314:436]: TRACE,987894,935,928,982
[19:07:26.056][D][ldc1314:436]: TRACE,987906,935,928,982
[19:07:26.071][D][ldc1314:436]: TRACE,987922,935,928,982
[19:07:26.084][D][ldc1314:436]: TRACE,987936,935,928,982
[19:07:26.184][D][ldc1314:436]: TRACE,987953,935,928,982
[19:07:26.184][D][ldc1314:436]: TRACE,987967,935,928,982
[19:07:26.184][D][ldc1314:436]: TRACE,987976,935,928,982
[19:07:26.184][D][ldc1314:436]: TRACE,987986,935,928,982
[19:07:26.184][D][ldc1314:436]: TRACE,987996,935,928,982
[19:07:26.184][D][ldc1314:436]: TRACE,988007,935,928,982
[19:07:26.184][D][ldc1314:436]: TRACE,988017,935,928,982
[19:07:26.184][D][ldc1314:436]: TRACE,988027,935,928,982
[19:07:26.191][D][ldc1314:436]: TRACE,988037,935,928,982
[19:07:26.199][D][ldc1314:436]: TRACE,988047,935,928,982
[19:07:26.218][D][ldc1314:436]: TRACE,988063,935,928,981
[19:07:26.228][D][ldc1314:436]: TRACE,988078,936,928,981
[19:07:26.246][D][ldc1314:436]: TRACE,988093,936,928,981
[19:07:26.261][D][ldc1314:436]: TRACE,988112,936,928,981
[19:07:26.276][D][ldc1314:436]: TRACE,988127,936,928,981
[19:07:26.291][D][ldc1314:436]: TRACE,988141,936,928,981
[19:07:26.306][D][ldc1314:436]: TRACE,988156,936,928,981
[19:07:26.327][D][ldc1314:436]: TRACE,988174,936,928,981
[19:07:26.338][D][ldc1314:436]: TRACE,988184,936,928,980
[19:07:26.352][D][ldc1314:436]: TRACE,988203,936,928,980
[19:07:26.365][D][ldc1314:436]: TRACE,988217,936,928,980
[19:07:26.381][D][ldc1314:436]: TRACE,988230,937,928,980
[19:07:26.396][D][ldc1314:436]: TRACE,988247,937,928,980
[19:07:26.409][D][ldc1314:436]: TRACE,988261,937,928,980
[19:07:26.429][D][ldc1314:436]: TRACE,988278,937,928,980
[19:07:26.443][D][ldc1314:436]: TRACE,988293,937,928,979
[19:07:26.456][D][ldc1314:436]: TRACE,988308,937,928,979
[19:07:26.470][D][ldc1314:436]: TRACE,988322,937,928,979
[19:07:26.486][D][ldc1314:436]: TRACE,988337,937,928,979
[19:07:26.500][D][ldc1314:436]: TRACE,988352,937,928,979
[19:07:26.524][D][ldc1314:436]: TRACE,988366,937,928,979
[19:07:26.526][D][ldc1314:436]: TRACE,988381,937,928,979
[19:07:26.546][D][ldc1314:436]: TRACE,988398,938,928,978
[19:07:26.562][D][ldc1314:436]: TRACE,988413,938,928,978
[19:07:26.578][D][ldc1314:436]: TRACE,988429,938,928,978
[19:07:26.593][D][ldc1314:436]: TRACE,988444,938,928,978
[19:07:26.608][D][ldc1314:436]: TRACE,988458,938,928,978
[19:07:26.711][D][ldc1314:436]: TRACE,988473,938,928,978
[19:07:26.711][D][ldc1314:436]: TRACE,988487,938,928,978
[19:07:26.711][D][ldc1314:436]: TRACE,988499,938,928,977
[19:07:26.711][D][ldc1314:436]: TRACE,988510,938,928,977
[19:07:26.711][D][ldc1314:436]: TRACE,988519,938,928,977
[19:07:26.711][D][ldc1314:436]: TRACE,988530,938,928,977
[19:07:26.711][D][ldc1314:436]: TRACE,988540,938,928,977
[19:07:26.728][D][ldc1314:436]: TRACE,988550,939,928,977
[19:07:26.728][D][ldc1314:436]: TRACE,988560,939,928,977
[19:07:26.728][D][ldc1314:436]: TRACE,988571,939,928,977
[19:07:26.729][D][ldc1314:436]: TRACE,988584,939,928,977
[19:07:26.744][D][ldc1314:436]: TRACE,988595,939,928,976
[19:07:26.759][D][ldc1314:436]: TRACE,988610,939,928,976
[19:07:26.777][D][ldc1314:436]: TRACE,988627,939,928,976
[19:07:26.791][D][ldc1314:436]: TRACE,988643,939,928,976
[19:07:26.805][D][ldc1314:436]: TRACE,988657,939,928,976
[19:07:26.830][D][ldc1314:436]: TRACE,988672,939,928,976
[19:07:26.836][D][ldc1314:436]: TRACE,988685,939,928,975
[19:07:26.848][D][ldc1314:436]: TRACE,988697,940,928,975
[19:07:26.864][D][ldc1314:436]: TRACE,988715,940,928,975
[19:07:26.879][D][ldc1314:436]: TRACE,988730,940,928,975
[19:07:26.899][D][ldc1314:436]: TRACE,988750,940,928,975
[19:07:26.913][D][ldc1314:436]: TRACE,988765,940,928,975
[19:07:26.933][D][ldc1314:436]: TRACE,988779,940,928,975
[19:07:26.942][D][ldc1314:436]: TRACE,988792,940,928,974
[19:07:26.955][D][ldc1314:436]: TRACE,988806,940,928,974
[19:07:26.970][D][ldc1314:436]: TRACE,988821,940,928,974
[19:07:26.985][D][ldc1314:436]: TRACE,988836,940,928,974
[19:07:26.998][D][ldc1314:436]: TRACE,988851,940,928,974
[19:07:27.020][D][ldc1314:436]: TRACE,988867,940,928,974
[19:07:27.037][D][ldc1314:436]: TRACE,988884,940,928,974
[19:07:27.046][D][ldc1314:436]: TRACE,988896,941,928,973
[19:07:27.064][D][ldc1314:436]: TRACE,988912,941,928,973
[19:07:27.079][D][ldc1314:436]: TRACE,988929,941,928,973
[19:07:27.096][D][ldc1314:436]: TRACE,988944,941,928,973
[19:07:27.106][D][ldc1314:436]: TRACE,988959,941,928,973
[19:07:27.124][D][ldc1314:436]: TRACE,988971,941,928,973
[19:07:27.140][D][ldc1314:436]: TRACE,988991,941,928,973
[19:07:27.233][D][ldc1314:436]: TRACE,989001,941,928,973
[19:07:27.233][D][ldc1314:436]: TRACE,989016,941,928,972
[19:07:27.233][D][ldc1314:436]: TRACE,989026,941,928,972
[19:07:27.233][D][ldc1314:436]: TRACE,989036,941,928,972
[19:07:27.233][D][ldc1314:436]: TRACE,989047,941,928,972
[19:07:27.233][D][ldc1314:436]: TRACE,989057,941,928,972
[19:07:27.233][D][ldc1314:436]: TRACE,989067,941,928,972
[19:07:27.242][D][ldc1314:436]: TRACE,989077,941,928,972
[19:07:27.242][D][ldc1314:436]: TRACE,989087,941,928,972
[19:07:27.255][D][ldc1314:436]: TRACE,989098,941,928,972
[19:07:27.271][D][ldc1314:436]: TRACE,989122,942,928,972
[19:07:27.286][D][ldc1314:436]: TRACE,989136,942,928,972
[19:07:27.303][D][ldc1314:436]: TRACE,989153,942,928,972
[19:07:27.316][D][ldc1314:436]: TRACE,989167,942,928,971
[19:07:27.341][D][ldc1314:436]: TRACE,989182,942,928,971
[19:07:27.342][D][ldc1314:436]: TRACE,989197,942,928,971
[19:07:27.363][D][ldc1314:436]: TRACE,989213,942,928,971
[19:07:27.380][D][ldc1314:436]: TRACE,989228,942,928,971
[19:07:27.392][D][ldc1314:436]: TRACE,989244,942,928,971
[19:07:27.406][D][ldc1314:436]: TRACE,989258,942,928,971
[19:07:27.421][D][ldc1314:436]: TRACE,989273,942,928,971
[19:07:27.444][D][ldc1314:436]: TRACE,989288,942,928,971
[19:07:27.450][D][ldc1314:436]: TRACE,989300,942,928,971
[19:07:27.463][D][ldc1314:436]: TRACE,989312,942,928,971
[19:07:27.484][D][ldc1314:436]: TRACE,989334,942,928,970
[19:07:27.500][D][ldc1314:436]: TRACE,989350,942,928,970
[19:07:27.513][D][ldc1314:436]: TRACE,989364,942,928,970
[19:07:27.527][D][ldc1314:436]: TRACE,989378,942,928,970
[19:07:27.546][D][ldc1314:436]: TRACE,989393,942,928,970
[19:07:27.556][D][ldc1314:436]: TRACE,989405,942,928,970
[19:07:27.565][D][ldc1314:436]: TRACE,989415,942,928,970
[19:07:27.580][D][ldc1314:436]: TRACE,989431,942,928,970
[19:07:27.596][D][ldc1314:436]: TRACE,989447,942,928,970
[19:07:27.621][D][ldc1314:436]: TRACE,989467,942,928,970
[19:07:27.634][D][ldc1314:436]: TRACE,989485,943,928,970
[19:07:27.652][D][ldc1314:436]: TRACE,989500,943,928,970
[19:07:27.664][D][ldc1314:436]: TRACE,989512,943,928,970
[19:07:27.758][D][ldc1314:436]: TRACE,989529,943,928,970
[19:07:27.758][D][ldc1314:436]: TRACE,989542,943,928,970
[19:07:27.758][D][ldc1314:436]: TRACE,989552,943,928,970
[19:07:27.758][D][ldc1314:436]: TRACE,989562,943,928,970
[19:07:27.759][D][ldc1314:436]: TRACE,989574,943,928,970
[19:07:27.759][D][ldc1314:436]: TRACE,989584,943,928,970
[19:07:27.759][D][ldc1314:436]: TRACE,989594,943,928,970
[19:07:27.759][D][ldc1314:436]: TRACE,989604,943,928,969
[19:07:27.765][D][ldc1314:436]: TRACE,989615,943,928,969
[19:07:27.777][D][ldc1314:436]: TRACE,989626,943,928,969
[19:07:27.794][D][ldc1314:436]: TRACE,989644,943,928,969
[19:07:27.808][D][ldc1314:436]: TRACE,989659,943,928,969
[19:07:27.820][D][ldc1314:436]: TRACE,989674,943,928,969
[19:07:27.835][D][ldc1314:436]: TRACE,989687,943,928,969
[19:07:27.853][D][ldc1314:436]: TRACE,989703,943,928,969
[19:07:27.866][D][ldc1314:436]: TRACE,989718,943,928,969
[19:07:27.883][D][ldc1314:436]: TRACE,989733,943,928,969
[19:07:27.897][D][ldc1314:436]: TRACE,989747,943,928,969
[19:07:27.912][D][ldc1314:436]: TRACE,989762,943,928,969
[19:07:27.928][D][ldc1314:436]: TRACE,989777,943,928,969
[19:07:27.942][D][ldc1314:436]: TRACE,989794,943,928,969
[19:07:27.956][D][ldc1314:436]: TRACE,989806,943,928,969
[19:07:27.971][D][ldc1314:436]: TRACE,989821,943,929,969
[19:07:27.987][D][ldc1314:436]: TRACE,989837,943,929,969
[19:07:28.002][D][ldc1314:436]: TRACE,989853,943,929,969
[19:07:28.017][D][ldc1314:436]: TRACE,989868,943,929,969
[19:07:28.032][D][ldc1314:436]: TRACE,989883,943,929,969
[19:07:28.047][D][ldc1314:436]: TRACE,989898,943,929,969
[19:07:28.062][D][ldc1314:436]: TRACE,989913,943,929,969
[19:07:28.073][D][ldc1314:436]: TRACE,989926,943,929,969
[19:07:28.092][D][ldc1314:436]: TRACE,989943,943,929,969
[19:07:28.111][D][ldc1314:436]: TRACE,989958,943,929,969
[19:07:28.119][D][ldc1314:436]: TRACE,989973,943,929,969
[19:07:28.133][D][ldc1314:436]: TRACE,989985,943,929,969
[19:07:28.147][D][ldc1314:436]: TRACE,990000,943,929,969
[19:07:28.163][D][ldc1314:436]: TRACE,990013,943,929,969
[19:07:28.175][D][ldc1314:436]: TRACE,990024,943,929,969
[19:07:28.189][D][ldc1314:436]: TRACE,990041,943,929,969
[19:07:28.281][D][ldc1314:436]: TRACE,990056,943,929,969
[19:07:28.282][D][ldc1314:436]: TRACE,990067,943,929,969
[19:07:28.282][D][ldc1314:436]: TRACE,990077,943,929,969
[19:07:28.282][D][ldc1314:436]: TRACE,990087,943,929,969
[19:07:28.282][D][ldc1314:436]: TRACE,990097,943,929,969
[19:07:28.282][D][ldc1314:436]: TRACE,990107,943,929,969
[19:07:28.282][D][ldc1314:436]: TRACE,990118,943,929,969
[19:07:28.282][D][ldc1314:436]: TRACE,990128,943,929,969
[19:07:28.291][D][ldc1314:436]: TRACE,990139,943,929,969
[19:07:28.302][D][ldc1314:436]: TRACE,990151,943,929,969
[19:07:28.315][D][ldc1314:436]: TRACE,990166,943,929,969
[19:07:28.334][D][ldc1314:436]: TRACE,990185,943,929,969
[19:07:28.349][D][ldc1314:436]: TRACE,990200,943,929,969
[19:07:28.365][D][ldc1314:436]: TRACE,990215,943,929,969
[19:07:28.375][D][ldc1314:436]: TRACE,990228,943,929,969
[19:07:28.390][D][ldc1314:436]: TRACE,990241,943,929,969
[19:07:28.407][D][ldc1314:436]: TRACE,990255,943,929,969
[19:07:28.421][D][ldc1314:436]: TRACE,990272,943,929,969
[19:07:28.436][D][ldc1314:436]: TRACE,990287,943,929,969
[19:07:28.454][D][ldc1314:436]: TRACE,990306,943,929,969
[19:07:28.470][D][ldc1314:436]: TRACE,990321,943,929,969
[19:07:28.482][D][ldc1314:436]: TRACE,990331,943,929,969
[19:07:28.496][D][ldc1314:436]: TRACE,990347,943,929,969
[19:07:28.512][D][ldc1314:436]: TRACE,990362,943,929,969
[19:07:28.527][D][ldc1314:436]: TRACE,990377,943,929,969
[19:07:28.543][D][ldc1314:436]: TRACE,990392,943,929,969
[19:07:28.556][D][ldc1314:436]: TRACE,990405,943,929,969
[19:07:28.570][D][ldc1314:436]: TRACE,990420,943,929,969
[19:07:28.581][D][ldc1314:436]: TRACE,990431,943,929,969
[19:07:28.595][D][ldc1314:436]: TRACE,990448,943,929,969
[19:07:28.608][D][ldc1314:436]: TRACE,990461,943,929,969
[19:07:28.629][D][ldc1314:436]: TRACE,990474,943,929,969
[19:07:28.639][D][ldc1314:436]: TRACE,990490,943,929,969
[19:07:28.656][D][ldc1314:436]: TRACE,990505,942,929,969
[19:07:28.673][D][ldc1314:436]: TRACE,990517,942,929,969
[19:07:28.676][D][ldc1314:436]: TRACE,990531,942,929,969
[19:07:28.695][D][ldc1314:436]: TRACE,990548,942,929,969
[19:07:28.710][D][ldc1314:436]: TRACE,990560,942,930,969
[19:07:28.807][D][ldc1314:436]: TRACE,990586,942,930,969
[19:07:28.807][D][ldc1314:436]: TRACE,990596,942,930,969
[19:07:28.807][D][ldc1314:436]: TRACE,990606,942,930,969
[19:07:28.807][D][ldc1314:436]: TRACE,990617,942,930,969
[19:07:28.807][D][ldc1314:436]: TRACE,990627,942,930,969
[19:07:28.807][D][ldc1314:436]: TRACE,990637,942,930,969
[19:07:28.807][D][ldc1314:436]: TRACE,990647,942,930,969
[19:07:28.808][D][ldc1314:436]: TRACE,990657,942,930,969
[19:07:28.819][D][ldc1314:436]: TRACE,990669,942,930,969
[19:07:28.833][D][ldc1314:436]: TRACE,990686,942,930,969
[19:07:28.859][D][ldc1314:436]: TRACE,990698,942,930,969
[19:07:28.859][D][ldc1314:436]: TRACE,990711,942,930,969
[19:07:28.877][D][ldc1314:436]: TRACE,990722,942,930,969
[19:07:28.883][D][ldc1314:436]: TRACE,990734,942,930,969
[19:07:28.898][D][ldc1314:436]: TRACE,990749,942,930,969
[19:07:28.928][D][ldc1314:436]: TRACE,990763,942,930,969
[19:07:28.937][D][ldc1314:436]: TRACE,990779,942,930,969
[19:07:28.938][D][ldc1314:436]: TRACE,990789,942,930,969
[19:07:28.949][D][ldc1314:436]: TRACE,990799,942,930,969
[19:07:28.963][D][ldc1314:436]: TRACE,990816,942,930,969
[19:07:29.000][D][ldc1314:436]: TRACE,990827,941,930,969
[19:07:29.004][D][ldc1314:436]: TRACE,990841,941,930,969
[19:07:29.004][D][ldc1314:436]: TRACE,990850,941,931,969
[19:07:29.004][D][ldc1314:436]: TRACE,990860,941,931,969
[19:07:29.020][D][ldc1314:436]: TRACE,990872,941,931,969
[19:07:29.040][D][ldc1314:436]: TRACE,990891,941,931,969
[19:07:29.054][D][ldc1314:436]: TRACE,990905,941,931,969
[19:07:29.083][D][ldc1314:436]: TRACE,990920,941,931,969
[19:07:29.084][D][ldc1314:436]: TRACE,990933,941,931,969
[19:07:29.098][D][ldc1314:436]: TRACE,990942,941,931,969
[19:07:29.107][D][ldc1314:436]: TRACE,990958,941,931,969
[19:07:29.125][D][ldc1314:436]: TRACE,990972,941,931,969
[19:07:29.143][D][ldc1314:436]: TRACE,990990,941,931,969
[19:07:29.159][D][ldc1314:436]: TRACE,991009,941,931,969
[19:07:29.183][D][ldc1314:436]: TRACE,991025,941,931,969
[19:07:29.190][D][ldc1314:436]: TRACE,991040,940,931,969
[19:07:29.204][D][ldc1314:436]: TRACE,991052,940,931,969
[19:07:29.217][D][ldc1314:436]: TRACE,991071,940,932,969
[19:07:29.234][D][ldc1314:436]: TRACE,991085,940,932,969
[19:07:29.330][D][ldc1314:436]: TRACE,991101,940,932,969
[19:07:29.330][D][ldc1314:436]: TRACE,991113,940,932,969
[19:07:29.331][D][ldc1314:436]: TRACE,991127,940,932,969
[19:07:29.331][D][ldc1314:436]: TRACE,991137,940,932,969
[19:07:29.331][D][ldc1314:436]: TRACE,991147,940,932,969
[19:07:29.331][D][ldc1314:436]: TRACE,991157,940,932,969
[19:07:29.337][D][ldc1314:436]: TRACE,991167,940,932,969
[19:07:29.337][D][ldc1314:436]: TRACE,991177,940,932,969
[19:07:29.337][D][ldc1314:436]: TRACE,991187,940,932,969
[19:07:29.345][D][ldc1314:436]: TRACE,991197,940,932,969
[19:07:29.362][D][ldc1314:436]: TRACE,991213,939,932,969
[19:07:29.376][D][ldc1314:436]: TRACE,991227,939,933,969
[19:07:29.395][D][ldc1314:436]: TRACE,991245,939,933,969
[19:07:29.406][D][ldc1314:436]: TRACE,991257,939,933,969
[19:07:29.422][D][ldc1314:436]: TRACE,991273,939,933,969
[19:07:29.438][D][ldc1314:436]: TRACE,991288,939,933,969
[19:07:29.454][D][ldc1314:436]: TRACE,991305,939,933,969
[19:07:29.469][D][ldc1314:436]: TRACE,991319,939,933,969
[19:07:29.492][D][ldc1314:436]: TRACE,991336,939,933,969
[19:07:29.495][D][ldc1314:436]: TRACE,991348,939,933,969
[19:07:29.517][D][ldc1314:436]: TRACE,991367,938,934,969
[19:07:29.532][D][ldc1314:436]: TRACE,991382,938,934,969
[19:07:29.546][D][ldc1314:436]: TRACE,991397,938,934,969
[19:07:29.561][D][ldc1314:436]: TRACE,991413,938,934,969
[19:07:29.576][D][ldc1314:436]: TRACE,991426,938,934,969
[19:07:29.593][D][ldc1314:436]: TRACE,991442,938,934,969
[19:07:29.603][D][ldc1314:436]: TRACE,991456,938,934,969
[19:07:29.623][D][ldc1314:436]: TRACE,991474,938,934,969
[19:07:29.637][D][ldc1314:436]: TRACE,991489,938,934,969
[19:07:29.650][D][ldc1314:436]: TRACE,991503,937,935,969
[19:07:29.665][D][ldc1314:436]: TRACE,991516,937,935,969
[19:07:29.682][D][ldc1314:436]: TRACE,991533,937,935,969
[19:07:29.698][D][ldc1314:436]: TRACE,991548,937,935,969
[19:07:29.711][D][ldc1314:436]: TRACE,991559,937,935,969
[19:07:29.730][D][ldc1314:436]: TRACE,991582,937,935,969
[19:07:29.745][D][ldc1314:436]: TRACE,991597,937,935,969
[19:07:29.761][D][ldc1314:436]: TRACE,991612,937,935,969
[19:07:29.854][D][ldc1314:436]: TRACE,991626,937,935,969
[19:07:29.855][D][ldc1314:436]: TRACE,991639,937,936,969
[19:07:29.855][D][ldc1314:436]: TRACE,991649,937,936,969
[19:07:29.855][D][ldc1314:436]: TRACE,991659,937,936,969
[19:07:29.855][D][ldc1314:436]: TRACE,991670,936,936,969
[19:07:29.855][D][ldc1314:436]: TRACE,991680,936,936,969
[19:07:29.855][D][ldc1314:436]: TRACE,991691,936,936,969
[19:07:29.864][D][ldc1314:436]: TRACE,991701,936,936,969
[19:07:29.864][D][ldc1314:436]: TRACE,991713,936,936,969
[19:07:29.874][D][ldc1314:436]: TRACE,991723,936,936,969
[19:07:29.889][D][ldc1314:436]: TRACE,991739,936,936,969
[19:07:29.903][D][ldc1314:436]: TRACE,991754,936,936,969
[19:07:29.918][D][ldc1314:436]: TRACE,991768,936,936,969
[19:07:29.934][D][ldc1314:436]: TRACE,991783,936,937,969
[19:07:29.949][D][ldc1314:436]: TRACE,991799,936,937,969
[19:07:29.964][D][ldc1314:436]: TRACE,991814,936,937,969
[19:07:29.985][D][ldc1314:436]: TRACE,991835,935,937,969
[19:07:30.005][D][ldc1314:436]: TRACE,991851,935,937,969
[19:07:30.013][D][ldc1314:436]: TRACE,991862,935,937,969
[19:07:30.027][D][ldc1314:436]: TRACE,991878,935,937,969
[19:07:30.042][D][ldc1314:436]: TRACE,991892,935,937,969
[19:07:30.057][D][ldc1314:436]: TRACE,991907,935,937,969
[19:07:30.072][D][ldc1314:436]: TRACE,991922,935,938,969
[19:07:30.093][D][ldc1314:436]: TRACE,991943,935,938,969
[19:07:30.108][D][ldc1314:436]: TRACE,991959,935,938,969
[19:07:30.118][D][ldc1314:436]: TRACE,991968,935,938,969
[19:07:30.136][D][ldc1314:436]: TRACE,991986,935,938,969
[19:07:30.147][D][ldc1314:436]: TRACE,992000,935,938,969
[19:07:30.162][D][ldc1314:436]: TRACE,992013,935,938,969
[19:07:30.181][D][ldc1314:436]: TRACE,992029,935,938,969
[19:07:30.207][D][ldc1314:436]: TRACE,992047,934,938,969
[19:07:30.214][D][ldc1314:436]: TRACE,992062,934,938,969
[19:07:30.225][D][ldc1314:436]: TRACE,992074,934,938,969
[19:07:30.241][D][ldc1314:436]: TRACE,992091,934,938,969
[19:07:30.257][D][ldc1314:436]: TRACE,992108,934,939,969
[19:07:30.279][D][ldc1314:436]: TRACE,992122,934,939,969
[19:07:30.379][D][ldc1314:436]: TRACE,992146,934,939,969
[19:07:30.379][D][ldc1314:436]: TRACE,992159,934,939,969
[19:07:30.379][D][ldc1314:436]: TRACE,992170,934,939,969
[19:07:30.379][D][ldc1314:436]: TRACE,992181,934,939,969
[19:07:30.379][D][ldc1314:436]: TRACE,992191,934,939,969
[19:07:30.380][D][ldc1314:436]: TRACE,992201,934,939,969
[19:07:30.386][D][ldc1314:436]: TRACE,992211,934,939,969
[19:07:30.386][D][ldc1314:436]: TRACE,992222,934,939,969
[19:07:30.386][D][ldc1314:436]: TRACE,992233,934,939,969
[19:07:30.394][D][ldc1314:436]: TRACE,992244,934,939,969
[19:07:30.411][D][ldc1314:436]: TRACE,992259,934,939,969
[19:07:30.419][D][ldc1314:436]: TRACE,992273,934,939,969
[19:07:30.438][D][ldc1314:436]: TRACE,992289,934,939,969
[19:07:30.453][D][ldc1314:436]: TRACE,992303,934,939,969
[19:07:30.469][D][ldc1314:436]: TRACE,992320,933,940,969
[19:07:30.483][D][ldc1314:436]: TRACE,992335,933,940,969
[19:07:30.498][D][ldc1314:436]: TRACE,992350,933,940,969
[19:07:30.517][D][ldc1314:436]: TRACE,992363,933,940,969
[19:07:30.523][D][ldc1314:436]: TRACE,992373,933,940,969
[19:07:30.537][D][ldc1314:436]: TRACE,992386,933,940,969
[19:07:30.556][D][ldc1314:436]: TRACE,992408,933,940,969
[19:07:30.571][D][ldc1314:436]: TRACE,992422,933,940,969
[19:07:30.588][D][ldc1314:436]: TRACE,992438,933,940,969
[19:07:30.599][D][ldc1314:436]: TRACE,992453,933,940,969
[19:07:30.617][D][ldc1314:436]: TRACE,992465,933,940,969
[19:07:30.629][D][ldc1314:436]: TRACE,992479,933,940,969
[19:07:30.643][D][ldc1314:436]: TRACE,992494,933,940,969
[19:07:30.658][D][ldc1314:436]: TRACE,992509,933,940,969
[19:07:30.679][D][ldc1314:436]: TRACE,992526,933,940,969
[19:07:30.694][D][ldc1314:436]: TRACE,992544,933,940,969
[19:07:30.718][D][ldc1314:436]: TRACE,992559,933,940,969
[19:07:30.721][D][ldc1314:436]: TRACE,992576,933,940,969
[19:07:30.738][D][ldc1314:436]: TRACE,992589,933,940,969
[19:07:30.755][D][ldc1314:436]: TRACE,992606,933,940,969
[19:07:30.771][D][ldc1314:436]: TRACE,992621,933,940,969
[19:07:30.788][D][ldc1314:436]: TRACE,992641,933,940,969
[19:07:30.801][D][ldc1314:436]: TRACE,992654,933,940,969
[19:07:30.904][D][ldc1314:436]: TRACE,992667,933,940,969
[19:07:30.904][D][ldc1314:436]: TRACE,992680,933,940,969
[19:07:30.904][D][ldc1314:436]: TRACE,992694,933,940,969
[19:07:30.904][D][ldc1314:436]: TRACE,992703,933,940,969
[19:07:30.904][D][ldc1314:436]: TRACE,992713,933,940,969
[19:07:30.904][D][ldc1314:436]: TRACE,992723,933,940,969
[19:07:30.904][D][ldc1314:436]: TRACE,992733,933,940,969
[19:07:30.904][D][ldc1314:436]: TRACE,992743,933,940,969
[19:07:30.913][D][ldc1314:436]: TRACE,992754,933,940,969
[19:07:30.913][D][ldc1314:436]: TRACE,992765,933,940,969
[19:07:30.927][D][ldc1314:436]: TRACE,992777,933,940,969
[19:07:30.937][D][ldc1314:436]: TRACE,992787,933,940,969
[19:07:30.952][D][ldc1314:436]: TRACE,992803,933,940,969
[19:07:30.967][D][ldc1314:436]: TRACE,992818,933,940,969
[19:07:30.982][D][ldc1314:436]: TRACE,992834,933,940,969
[19:07:31.000][D][ldc1314:436]: TRACE,992849,933,940,969
[19:07:31.026][D][ldc1314:436]: TRACE,992866,933,940,969
[19:07:31.033][D][ldc1314:436]: TRACE,992882,932,940,969
[19:07:31.042][D][ldc1314:436]: TRACE,992892,932,940,969
[19:07:31.064][D][ldc1314:436]: TRACE,992908,933,940,969
[19:07:31.070][D][ldc1314:436]: TRACE,992921,932,940,969
[19:07:31.081][D][ldc1314:436]: TRACE,992930,932,940,969
[19:07:31.098][D][ldc1314:436]: TRACE,992948,932,941,969
[19:07:31.113][D][ldc1314:436]: TRACE,992963,932,941,969
[19:07:31.134][D][ldc1314:436]: TRACE,992983,932,941,969
[19:07:31.147][D][ldc1314:436]: TRACE,992993,932,941,969
[19:07:31.161][D][ldc1314:436]: TRACE,993012,932,941,969
[19:07:31.176][D][ldc1314:436]: TRACE,993027,932,941,969
[19:07:31.191][D][ldc1314:436]: TRACE,993042,932,941,969
[19:07:31.206][D][ldc1314:436]: TRACE,993057,932,941,969
[19:07:31.220][D][ldc1314:436]: TRACE,993072,932,941,969
[19:07:31.232][D][ldc1314:436]: TRACE,993087,932,940,969
[19:07:31.254][D][ldc1314:436]: TRACE,993105,932,941,969
[19:07:31.269][D][ldc1314:436]: TRACE,993119,932,940,969
[19:07:31.295][D][ldc1314:436]: TRACE,993134,932,940,969
[19:07:31.307][D][ldc1314:436]: TRACE,993157,932,940,969
[19:07:31.322][D][ldc1314:436]: TRACE,993171,932,940,969
[19:07:31.335][D][ldc1314:436]: TRACE,993186,932,940,969
[19:07:31.426][D][ldc1314:436]: TRACE,993197,932,940,969
[19:07:31.427][D][ldc1314:436]: TRACE,993215,932,940,969
[19:07:31.427][D][ldc1314:436]: TRACE,993225,932,940,969
[19:07:31.427][D][ldc1314:436]: TRACE,993235,932,940,969
[19:07:31.427][D][ldc1314:436]: TRACE,993245,932,940,969
[19:07:31.434][D][ldc1314:436]: TRACE,993255,932,940,969
[19:07:31.434][D][ldc1314:436]: TRACE,993266,932,940,969
[19:07:31.434][D][ldc1314:436]: TRACE,993276,932,940,969
[19:07:31.434][D][ldc1314:436]: TRACE,993286,932,940,969
[19:07:31.447][D][ldc1314:436]: TRACE,993296,932,940,969
[19:07:31.464][D][ldc1314:436]: TRACE,993315,932,940,969
[19:07:31.482][D][ldc1314:436]: TRACE,993330,932,940,969
[19:07:31.499][D][ldc1314:436]: TRACE,993346,932,940,969
[19:07:31.513][D][ldc1314:436]: TRACE,993364,932,940,969
[19:07:31.527][D][ldc1314:436]: TRACE,993379,932,940,969
[19:07:31.537][D][ldc1314:436]: TRACE,993392,932,940,969
[19:07:31.551][D][ldc1314:436]: TRACE,993401,932,940,969
[19:07:31.571][D][ldc1314:436]: TRACE,993417,932,940,969
[19:07:31.580][D][ldc1314:436]: TRACE,993432,932,940,969
[19:07:31.595][D][ldc1314:436]: TRACE,993445,932,940,969
[19:07:31.610][D][ldc1314:436]: TRACE,993460,932,940,969
[19:07:31.642][D][ldc1314:436]: TRACE,993479,932,940,969
[19:07:31.649][D][ldc1314:436]: TRACE,993495,932,940,969
[19:07:31.656][D][ldc1314:436]: TRACE,993507,932,940,969
[19:07:31.667][D][ldc1314:436]: TRACE,993522,932,940,969
[19:07:31.684][D][ldc1314:436]: TRACE,993534,932,940,969
[19:07:31.697][D][ldc1314:436]: TRACE,993549,932,940,969
[19:07:31.711][D][ldc1314:436]: TRACE,993564,932,940,969
[19:07:31.727][D][ldc1314:436]: TRACE,993578,932,940,970
[19:07:31.743][D][ldc1314:436]: TRACE,993593,932,940,970
[19:07:31.756][D][ldc1314:436]: TRACE,993605,932,940,970
[19:07:31.772][D][ldc1314:436]: TRACE,993622,932,940,970
[19:07:31.788][D][ldc1314:436]: TRACE,993638,932,940,970
[19:07:31.804][D][ldc1314:436]: TRACE,993655,932,940,970
[19:07:31.820][D][ldc1314:436]: TRACE,993670,932,940,970
[19:07:31.844][D][ldc1314:436]: TRACE,993686,932,940,970
[19:07:31.847][D][ldc1314:436]: TRACE,993699,932,940,970
[19:07:31.863][D][ldc1314:436]: TRACE,993710,932,940,970
[19:07:31.951][D][ldc1314:436]: TRACE,993728,932,940,970
[19:07:31.951][D][ldc1314:436]: TRACE,993738,932,940,970
[19:07:31.951][D][ldc1314:436]: TRACE,993748,932,940,970
[19:07:31.951][D][ldc1314:436]: TRACE,993758,932,940,970
[19:07:31.951][D][ldc1314:436]: TRACE,993768,932,940,970
[19:07:31.952][D][ldc1314:436]: TRACE,993779,932,940,970
[19:07:31.952][D][ldc1314:436]: TRACE,993789,932,940,970
[19:07:31.958][D][ldc1314:436]: TRACE,993799,932,939,970
[19:07:31.958][D][ldc1314:436]: TRACE,993809,932,940,970
[19:07:31.969][D][ldc1314:436]: TRACE,993820,932,939,970
[19:07:31.990][D][ldc1314:436]: TRACE,993840,932,939,970
[19:07:32.005][D][ldc1314:436]: TRACE,993855,932,939,970
[19:07:32.024][D][ldc1314:436]: TRACE,993872,932,939,971
[19:07:32.035][D][ldc1314:436]: TRACE,993886,932,939,971
[19:07:32.052][D][ldc1314:436]: TRACE,993898,932,939,971
[19:07:32.059][D][ldc1314:436]: TRACE,993909,932,939,971
[19:07:32.073][D][ldc1314:436]: TRACE,993924,932,939,971
[19:07:32.088][D][ldc1314:436]: TRACE,993939,932,939,971
[19:07:32.111][D][ldc1314:436]: TRACE,993959,932,939,971
[19:07:32.122][D][ldc1314:436]: TRACE,993973,932,939,971
[19:07:32.137][D][ldc1314:436]: TRACE,993988,932,939,971
[19:07:32.151][D][ldc1314:436]: TRACE,994003,932,939,971
[19:07:32.163][D][ldc1314:436]: TRACE,994013,932,939,971
[19:07:32.179][D][ldc1314:436]: TRACE,994029,932,938,972
[19:07:32.196][D][ldc1314:436]: TRACE,994045,932,938,972
[19:07:32.207][D][ldc1314:436]: TRACE,994060,932,938,972
[19:07:32.229][D][ldc1314:436]: TRACE,994078,932,938,972
[19:07:32.242][D][ldc1314:436]: TRACE,994093,932,938,972
[19:07:32.257][D][ldc1314:436]: TRACE,994108,932,938,972
[19:07:32.268][D][ldc1314:436]: TRACE,994118,932,938,972
[19:07:32.290][D][ldc1314:436]: TRACE,994134,932,938,972
[19:07:32.307][D][ldc1314:436]: TRACE,994157,932,938,972
[19:07:32.322][D][ldc1314:436]: TRACE,994172,932,938,972
[19:07:32.341][D][ldc1314:436]: TRACE,994193,932,938,973
[19:07:32.360][D][ldc1314:436]: TRACE,994208,932,938,973
[19:07:32.370][D][ldc1314:436]: TRACE,994219,932,938,973
[19:07:32.383][D][ldc1314:436]: TRACE,994235,932,937,973
[19:07:32.476][D][ldc1314:436]: TRACE,994250,932,937,973
[19:07:32.477][D][ldc1314:436]: TRACE,994261,932,937,973
[19:07:32.477][D][ldc1314:436]: TRACE,994271,932,937,973
[19:07:32.477][D][ldc1314:436]: TRACE,994281,932,937,973
[19:07:32.477][D][ldc1314:436]: TRACE,994292,932,937,973
[19:07:32.482][D][ldc1314:436]: TRACE,994303,932,937,974
[19:07:32.482][D][ldc1314:436]: TRACE,994313,932,937,974
[19:07:32.482][D][ldc1314:436]: TRACE,994324,932,937,974
[19:07:32.482][D][ldc1314:436]: TRACE,994334,932,937,974
[19:07:32.494][D][ldc1314:436]: TRACE,994345,932,936,974
[19:07:32.510][D][ldc1314:436]: TRACE,994362,932,936,974
[19:07:32.524][D][ldc1314:436]: TRACE,994375,932,936,974
[19:07:32.540][D][ldc1314:436]: TRACE,994390,932,936,975
[19:07:32.564][D][ldc1314:436]: TRACE,994411,932,936,975
[19:07:32.571][D][ldc1314:436]: TRACE,994422,932,936,975
[19:07:32.587][D][ldc1314:436]: TRACE,994438,932,936,975
[19:07:32.602][D][ldc1314:436]: TRACE,994452,932,936,975
[19:07:32.617][D][ldc1314:436]: TRACE,994469,932,936,975
[19:07:32.632][D][ldc1314:436]: TRACE,994482,932,936,975
[19:07:32.649][D][ldc1314:436]: TRACE,994499,932,935,976
[19:07:32.663][D][ldc1314:436]: TRACE,994513,932,935,976
[19:07:32.676][D][ldc1314:436]: TRACE,994526,932,935,976
[19:07:32.691][D][ldc1314:436]: TRACE,994542,932,935,976
[19:07:32.708][D][ldc1314:436]: TRACE,994557,932,935,976
[19:07:32.722][D][ldc1314:436]: TRACE,994573,932,935,976
[19:07:32.741][D][ldc1314:436]: TRACE,994588,932,935,976
[19:07:32.750][D][ldc1314:436]: TRACE,994603,932,935,977
[19:07:32.768][D][ldc1314:436]: TRACE,994615,932,935,977
[19:07:32.775][D][ldc1314:436]: TRACE,994625,932,935,977
[19:07:32.787][D][ldc1314:436]: TRACE,994639,932,934,977
[19:07:32.810][D][ldc1314:436]: TRACE,994660,932,934,977
[19:07:32.824][D][ldc1314:436]: TRACE,994674,932,934,978
[19:07:32.840][D][ldc1314:436]: TRACE,994691,932,934,978
[19:07:32.856][D][ldc1314:436]: TRACE,994706,932,934,978
[19:07:32.873][D][ldc1314:436]: TRACE,994721,932,934,978
[19:07:32.884][D][ldc1314:436]: TRACE,994732,932,934,978
[19:07:32.899][D][ldc1314:436]: TRACE,994749,932,934,978
[19:07:33.000][D][ldc1314:436]: TRACE,994769,932,933,979
[19:07:33.000][D][ldc1314:436]: TRACE,994783,932,933,979
[19:07:33.000][D][ldc1314:436]: TRACE,994793,932,933,979
[19:07:33.000][D][ldc1314:436]: TRACE,994803,932,933,979
[19:07:33.000][D][ldc1314:436]: TRACE,994813,932,933,979
[19:07:33.001][D][ldc1314:436]: TRACE,994823,932,933,979
[19:07:33.001][D][ldc1314:436]: TRACE,994833,932,933,979
[19:07:33.001][D][ldc1314:436]: TRACE,994843,932,933,979
[19:07:33.007][D][ldc1314:436]: TRACE,994854,932,933,979
[19:07:33.015][D][ldc1314:436]: TRACE,994864,932,933,979
[19:07:33.032][D][ldc1314:436]: TRACE,994884,932,933,979
[19:07:33.048][D][ldc1314:436]: TRACE,994898,932,933,980
[19:07:33.072][D][ldc1314:436]: TRACE,994913,932,932,980
[19:07:33.074][D][ldc1314:436]: TRACE,994928,932,932,980
[19:07:33.091][D][ldc1314:436]: TRACE,994941,932,932,980
[19:07:33.106][D][ldc1314:436]: TRACE,994956,932,932,980
[19:07:33.121][D][ldc1314:436]: TRACE,994971,932,932,980
[19:07:33.141][D][ldc1314:436]: TRACE,994992,932,932,980
[19:07:33.155][D][ldc1314:436]: TRACE,995006,932,932,981
[19:07:33.180][D][ldc1314:436]: TRACE,995023,932,932,981
[19:07:33.186][D][ldc1314:436]: TRACE,995033,932,932,981
[19:07:33.201][D][ldc1314:436]: TRACE,995052,932,932,981
[19:07:33.217][D][ldc1314:436]: TRACE,995067,932,932,981
[19:07:33.229][D][ldc1314:436]: TRACE,995081,932,931,981
[19:07:33.244][D][ldc1314:436]: TRACE,995096,932,931,981
[19:07:33.263][D][ldc1314:436]: TRACE,995113,932,931,981
[19:07:33.280][D][ldc1314:436]: TRACE,995129,932,931,981
[19:07:33.292][D][ldc1314:436]: TRACE,995139,932,931,982
[19:07:33.308][D][ldc1314:436]: TRACE,995159,932,931,982
[19:07:33.323][D][ldc1314:436]: TRACE,995173,932,931,982
[19:07:33.339][D][ldc1314:436]: TRACE,995189,932,931,982
[19:07:33.352][D][ldc1314:436]: TRACE,995203,932,931,982
[19:07:33.379][D][ldc1314:436]: TRACE,995224,932,931,982
[19:07:33.389][D][ldc1314:436]: TRACE,995239,932,931,982
[19:07:33.405][D][ldc1314:436]: TRACE,995255,932,931,982
[19:07:33.419][D][ldc1314:436]: TRACE,995270,932,931,982
[19:07:33.434][D][ldc1314:436]: TRACE,995285,932,930,982
[19:07:33.524][D][ldc1314:436]: TRACE,995299,932,930,982
[19:07:33.525][D][ldc1314:436]: TRACE,995310,932,930,982
[19:07:33.525][D][ldc1314:436]: TRACE,995321,932,930,982
[19:07:33.525][D][ldc1314:436]: TRACE,995332,932,930,982
[19:07:33.525][D][ldc1314:436]: TRACE,995344,932,930,983
[19:07:33.525][D][ldc1314:436]: TRACE,995355,932,930,983
[19:07:33.525][D][ldc1314:436]: TRACE,995365,932,930,983
[19:07:33.531][D][ldc1314:436]: TRACE,995375,932,930,983
[19:07:33.539][D][ldc1314:436]: TRACE,995385,932,930,983
[19:07:33.549][D][ldc1314:436]: TRACE,995399,932,930,983
[19:07:33.565][D][ldc1314:436]: TRACE,995414,932,930,983
[19:07:33.585][D][ldc1314:436]: TRACE,995431,932,930,983
[19:07:33.593][D][ldc1314:436]: TRACE,995444,932,930,983
[19:07:33.612][D][ldc1314:436]: TRACE,995460,932,930,983
[19:07:33.626][D][ldc1314:436]: TRACE,995476,932,930,983
[19:07:33.642][D][ldc1314:436]: TRACE,995492,932,930,983
[19:07:33.656][D][ldc1314:436]: TRACE,995507,932,930,983
[19:07:33.673][D][ldc1314:436]: TRACE,995522,932,930,983
[19:07:33.693][D][ldc1314:436]: TRACE,995536,932,930,983
[19:07:33.701][D][ldc1314:436]: TRACE,995546,932,930,983
[19:07:33.709][D][ldc1314:436]: TRACE,995559,932,929,983
[19:07:33.727][D][ldc1314:436]: TRACE,995577,932,929,983
[19:07:33.744][D][ldc1314:436]: TRACE,995592,932,929,983
[19:07:33.759][D][ldc1314:436]: TRACE,995609,932,929,983
[19:07:33.774][D][ldc1314:436]: TRACE,995624,932,929,983
[19:07:33.792][D][ldc1314:436]: TRACE,995639,932,929,983
[19:07:33.806][D][ldc1314:436]: TRACE,995651,932,929,983
[19:07:33.821][D][ldc1314:436]: TRACE,995667,932,929,983
[19:07:33.827][D][ldc1314:436]: TRACE,995678,932,929,983
[19:07:33.848][D][ldc1314:436]: TRACE,995700,932,929,983
[19:07:33.864][D][ldc1314:436]: TRACE,995715,932,929,983
[19:07:33.891][D][ldc1314:436]: TRACE,995730,932,929,984
[19:07:33.891][D][ldc1314:436]: TRACE,995745,932,929,984
[19:07:33.905][D][ldc1314:436]: TRACE,995755,932,929,984
[19:07:33.919][D][ldc1314:436]: TRACE,995772,932,929,984
[19:07:33.936][D][ldc1314:436]: TRACE,995787,932,929,984
[19:07:33.954][D][ldc1314:436]: TRACE,995805,932,929,984
[19:07:34.048][D][ldc1314:436]: TRACE,995819,932,929,984
[19:07:34.049][D][ldc1314:436]: TRACE,995832,932,929,984
[19:07:34.049][D][ldc1314:436]: TRACE,995842,932,929,984
[19:07:34.049][D][ldc1314:436]: TRACE,995852,932,929,984
[19:07:34.049][D][ldc1314:436]: TRACE,995862,932,929,984
[19:07:34.049][D][ldc1314:436]: TRACE,995872,932,929,984
[19:07:34.049][D][ldc1314:436]: TRACE,995882,932,929,984
[19:07:34.049][D][ldc1314:436]: TRACE,995892,932,929,984
[19:07:34.049][D][ldc1314:436]: TRACE,995902,932,929,984
[19:07:34.062][D][ldc1314:436]: TRACE,995912,932,929,984
[19:07:34.075][D][ldc1314:436]: TRACE,995927,932,929,984
[19:07:34.096][D][ldc1314:436]: TRACE,995941,933,929,984
[19:07:34.100][D][ldc1314:436]: TRACE,995953,932,929,984
[19:07:34.118][D][ldc1314:436]: TRACE,995966,932,929,984
[19:07:34.130][D][ldc1314:436]: TRACE,995981,933,929,984
[19:07:34.145][D][ldc1314:436]: TRACE,995995,933,929,984
[19:07:34.164][D][ldc1314:436]: TRACE,996015,933,929,984
[19:07:34.178][D][ldc1314:436]: TRACE,996029,933,929,984
[19:07:34.198][D][ldc1314:436]: TRACE,996044,933,929,984
[19:07:34.206][D][ldc1314:436]: TRACE,996057,933,929,984
[19:07:34.220][D][ldc1314:436]: TRACE,996071,933,929,984
[19:07:34.237][D][ldc1314:436]: TRACE,996086,933,929,984
[19:07:34.254][D][ldc1314:436]: TRACE,996103,933,929,984
[19:07:34.267][D][ldc1314:436]: TRACE,996117,933,929,984
[19:07:34.288][D][ldc1314:436]: TRACE,996138,933,929,984
[19:07:34.303][D][ldc1314:436]: TRACE,996153,933,929,984
[19:07:34.317][D][ldc1314:436]: TRACE,996165,933,929,984
[19:07:34.332][D][ldc1314:436]: TRACE,996183,933,929,984
[19:07:34.348][D][ldc1314:436]: TRACE,996198,933,929,984
[19:07:34.362][D][ldc1314:436]: TRACE,996214,933,929,984
[19:07:34.376][D][ldc1314:436]: TRACE,996229,933,929,984
[19:07:34.403][D][ldc1314:436]: TRACE,996247,933,929,984
[19:07:34.409][D][ldc1314:436]: TRACE,996260,933,929,984
[19:07:34.423][D][ldc1314:436]: TRACE,996272,933,929,984
[19:07:34.439][D][ldc1314:436]: TRACE,996288,933,929,984
[19:07:34.454][D][ldc1314:436]: TRACE,996305,933,929,984
[19:07:34.470][D][ldc1314:436]: TRACE,996320,933,929,984
[19:07:34.573][D][ldc1314:436]: TRACE,996337,933,929,984
[19:07:34.573][D][ldc1314:436]: TRACE,996351,933,929,984
[19:07:34.574][D][ldc1314:436]: TRACE,996363,933,929,984
[19:07:34.574][D][ldc1314:436]: TRACE,996374,933,929,984
[19:07:34.574][D][ldc1314:436]: TRACE,996384,933,929,984
[19:07:34.574][D][ldc1314:436]: TRACE,996394,933,929,984
[19:07:34.580][D][ldc1314:436]: TRACE,996404,933,929,984
[19:07:34.580][D][ldc1314:436]: TRACE,996415,933,929,984
[19:07:34.580][D][ldc1314:436]: TRACE,996425,933,929,984
[19:07:34.583][D][ldc1314:436]: TRACE,996435,933,929,984
[19:07:34.606][D][ldc1314:436]: TRACE,996449,933,928,984
[19:07:34.613][D][ldc1314:436]: TRACE,996464,933,929,984
[19:07:34.631][D][ldc1314:436]: TRACE,996482,933,929,983
[19:07:34.646][D][ldc1314:436]: TRACE,996496,933,928,983
[19:07:34.662][D][ldc1314:436]: TRACE,996513,933,928,983
[19:07:34.677][D][ldc1314:436]: TRACE,996527,933,929,983
[19:07:34.693][D][ldc1314:436]: TRACE,996544,934,928,983
[19:07:34.709][D][ldc1314:436]: TRACE,996558,934,929,983
[19:07:34.722][D][ldc1314:436]: TRACE,996572,934,929,983
[19:07:34.745][D][ldc1314:436]: TRACE,996588,934,928,983
[19:07:34.759][D][ldc1314:436]: TRACE,996607,934,928,983
[19:07:34.768][D][ldc1314:436]: TRACE,996621,934,928,983
[19:07:34.783][D][ldc1314:436]: TRACE,996634,934,928,983
[19:07:34.798][D][ldc1314:436]: TRACE,996649,934,928,983
[19:07:34.815][D][ldc1314:436]: TRACE,996665,934,928,983
[19:07:34.826][D][ldc1314:436]: TRACE,996675,934,928,983
[19:07:34.842][D][ldc1314:436]: TRACE,996693,934,928,983
[19:07:34.857][D][ldc1314:436]: TRACE,996708,934,928,983
[19:07:34.877][D][ldc1314:436]: TRACE,996728,934,928,983
[19:07:34.891][D][ldc1314:436]: TRACE,996742,934,928,983
[19:07:34.914][D][ldc1314:436]: TRACE,996757,934,928,983
[19:07:34.919][D][ldc1314:436]: TRACE,996772,934,928,983
[19:07:34.934][D][ldc1314:436]: TRACE,996785,934,928,983
[19:07:34.949][D][ldc1314:436]: TRACE,996800,934,928,983
[19:07:34.966][D][ldc1314:436]: TRACE,996815,935,928,983
[19:07:34.986][D][ldc1314:436]: TRACE,996837,935,928,983
[19:07:34.999][D][ldc1314:436]: TRACE,996851,935,928,982
[19:07:35.100][D][ldc1314:436]: TRACE,996866,935,928,982
[19:07:35.100][D][ldc1314:436]: TRACE,996878,935,928,982
[19:07:35.100][D][ldc1314:436]: TRACE,996891,935,929,982
[19:07:35.100][D][ldc1314:436]: TRACE,996901,935,929,982
[19:07:35.100][D][ldc1314:436]: TRACE,996911,935,929,982
[19:07:35.100][D][ldc1314:436]: TRACE,996921,935,929,982
[19:07:35.100][D][ldc1314:436]: TRACE,996931,935,929,982
[19:07:35.100][D][ldc1314:436]: TRACE,996942,935,929,982
[19:07:35.107][D][ldc1314:436]: TRACE,996952,935,929,982
[19:07:35.122][D][ldc1314:436]: TRACE,996963,935,929,982
[19:07:35.129][D][ldc1314:436]: TRACE,996977,935,929,982
[19:07:35.140][D][ldc1314:436]: TRACE,996989,935,929,982
[19:07:35.155][D][ldc1314:436]: TRACE,997005,935,929,982
[19:07:35.170][D][ldc1314:436]: TRACE,997020,936,929,982
[19:07:35.185][D][ldc1314:436]: TRACE,997035,936,929,982
[19:07:35.200][D][ldc1314:436]: TRACE,997052,936,929,981
[19:07:35.221][D][ldc1314:436]: TRACE,997066,936,929,981
[19:07:35.231][D][ldc1314:436]: TRACE,997082,936,929,981
[19:07:35.245][D][ldc1314:436]: TRACE,997096,936,929,981
[19:07:35.261][D][ldc1314:436]: TRACE,997111,936,929,981
[19:07:35.273][D][ldc1314:436]: TRACE,997124,936,929,981
[19:07:35.288][D][ldc1314:436]: TRACE,997138,936,929,981
[19:07:35.305][D][ldc1314:436]: TRACE,997153,936,928,981
[19:07:35.326][D][ldc1314:436]: TRACE,997173,936,928,980
[19:07:35.335][D][ldc1314:436]: TRACE,997185,937,928,980
[19:07:35.355][D][ldc1314:436]: TRACE,997206,937,928,980
[19:07:35.370][D][ldc1314:436]: TRACE,997221,937,928,980
[19:07:35.386][D][ldc1314:436]: TRACE,997237,937,928,980
[19:07:35.401][D][ldc1314:436]: TRACE,997251,937,928,980
[19:07:35.426][D][ldc1314:436]: TRACE,997266,937,928,980
[19:07:35.435][D][ldc1314:436]: TRACE,997280,937,928,979
[19:07:35.443][D][ldc1314:436]: TRACE,997290,937,928,979
[19:07:35.452][D][ldc1314:436]: TRACE,997302,937,928,979
[19:07:35.473][D][ldc1314:436]: TRACE,997324,937,928,979
[19:07:35.488][D][ldc1314:436]: TRACE,997340,938,928,979
[19:07:35.506][D][ldc1314:436]: TRACE,997355,938,928,979
[19:07:35.528][D][ldc1314:436]: TRACE,997370,938,928,979
[19:07:35.619][D][ldc1314:436]: TRACE,997385,938,928,979
[19:07:35.620][D][ldc1314:436]: TRACE,997397,938,928,978
[19:07:35.620][D][ldc1314:436]: TRACE,997408,938,928,978
[19:07:35.620][D][ldc1314:436]: TRACE,997418,938,928,978
[19:07:35.620][D][ldc1314:436]: TRACE,997428,938,928,978
[19:07:35.621][D][ldc1314:436]: TRACE,997440,938,928,978
[19:07:35.621][D][ldc1314:436]: TRACE,997449,938,928,978
[19:07:35.621][D][ldc1314:436]: TRACE,997459,938,928,978
[19:07:35.621][D][ldc1314:436]: TRACE,997469,938,928,978
[19:07:35.634][D][ldc1314:436]: TRACE,997479,938,928,978
[19:07:35.641][D][ldc1314:436]: TRACE,997489,939,928,977
[19:07:35.654][D][ldc1314:436]: TRACE,997503,939,928,977
[19:07:35.669][D][ldc1314:436]: TRACE,997521,939,928,977
[19:07:35.684][D][ldc1314:436]: TRACE,997535,939,928,977
[19:07:35.704][D][ldc1314:436]: TRACE,997555,939,928,977
[19:07:35.720][D][ldc1314:436]: TRACE,997570,939,928,976
[19:07:35.736][D][ldc1314:436]: TRACE,997587,939,928,976
[19:07:35.748][D][ldc1314:436]: TRACE,997596,939,928,976
[19:07:35.766][D][ldc1314:436]: TRACE,997613,939,928,976
[19:07:35.778][D][ldc1314:436]: TRACE,997629,939,928,976
[19:07:35.793][D][ldc1314:436]: TRACE,997644,940,928,976
[19:07:35.813][D][ldc1314:436]: TRACE,997661,940,928,976
[19:07:35.824][D][ldc1314:436]: TRACE,997676,940,928,975
[19:07:35.838][D][ldc1314:436]: TRACE,997689,940,928,975
[19:07:35.849][D][ldc1314:436]: TRACE,997699,940,928,975
[19:07:35.870][D][ldc1314:436]: TRACE,997715,940,928,975
[19:07:35.879][D][ldc1314:436]: TRACE,997732,940,928,975
[19:07:35.892][D][ldc1314:436]: TRACE,997744,940,928,975
[19:07:35.908][D][ldc1314:436]: TRACE,997759,940,928,975
[19:07:35.924][D][ldc1314:436]: TRACE,997774,940,928,975
[19:07:35.945][D][ldc1314:436]: TRACE,997793,940,928,974
[19:07:35.956][D][ldc1314:436]: TRACE,997803,940,928,974
[19:07:35.973][D][ldc1314:436]: TRACE,997824,940,928,974
[19:07:35.988][D][ldc1314:436]: TRACE,997839,941,928,974
[19:07:36.007][D][ldc1314:436]: TRACE,997854,941,928,974
[19:07:36.021][D][ldc1314:436]: TRACE,997871,941,928,974
[19:07:36.040][D][ldc1314:436]: TRACE,997886,941,928,973
[19:07:36.054][D][ldc1314:436]: TRACE,997902,941,928,973
[19:07:36.146][D][ldc1314:436]: TRACE,997917,941,928,973
[19:07:36.147][D][ldc1314:436]: TRACE,997929,941,928,973
[19:07:36.147][D][ldc1314:436]: TRACE,997939,941,928,973
[19:07:36.147][D][ldc1314:436]: TRACE,997949,941,928,973
[19:07:36.147][D][ldc1314:436]: TRACE,997960,941,928,973
[19:07:36.147][D][ldc1314:436]: TRACE,997970,941,928,973
[19:07:36.147][D][ldc1314:436]: TRACE,997980,941,928,973
[19:07:36.149][D][ldc1314:436]: TRACE,997990,941,928,973
[19:07:36.149][D][ldc1314:436]: TRACE,998000,941,928,973
[19:07:36.163][D][ldc1314:436]: TRACE,998012,941,928,972
[19:07:36.180][D][ldc1314:436]: TRACE,998029,941,928,972
[19:07:36.195][D][ldc1314:436]: TRACE,998046,941,928,972
[19:07:36.212][D][ldc1314:436]: TRACE,998061,942,928,972
[19:07:36.226][D][ldc1314:436]: TRACE,998077,942,928,972
[19:07:36.245][D][ldc1314:436]: TRACE,998092,942,928,972
[19:07:36.256][D][ldc1314:436]: TRACE,998107,942,928,972
[19:07:36.276][D][ldc1314:436]: TRACE,998121,942,928,972
[19:07:36.291][D][ldc1314:436]: TRACE,998140,942,928,972
[19:07:36.309][D][ldc1314:436]: TRACE,998156,942,928,971
[19:07:36.326][D][ldc1314:436]: TRACE,998176,942,928,971
[19:07:36.347][D][ldc1314:436]: TRACE,998191,942,928,971
[19:07:36.352][D][ldc1314:436]: TRACE,998204,942,928,971
[19:07:36.365][D][ldc1314:436]: TRACE,998216,942,928,971
[19:07:36.389][D][ldc1314:436]: TRACE,998232,942,928,971
[19:07:36.390][D][ldc1314:436]: TRACE,998244,942,928,971
[19:07:36.406][D][ldc1314:436]: TRACE,998255,942,928,971
[19:07:36.420][D][ldc1314:436]: TRACE,998272,942,928,971
[19:07:36.433][D][ldc1314:436]: TRACE,998286,942,928,971
[19:07:36.449][D][ldc1314:436]: TRACE,998299,942,928,971
[19:07:36.461][D][ldc1314:436]: TRACE,998312,942,928,971
[19:07:36.476][D][ldc1314:436]: TRACE,998327,942,928,971
[19:07:36.488][D][ldc1314:436]: TRACE,998341,942,928,970
[19:07:36.509][D][ldc1314:436]: TRACE,998360,942,928,970
[19:07:36.524][D][ldc1314:436]: TRACE,998374,942,928,970
[19:07:36.539][D][ldc1314:436]: TRACE,998391,942,928,970
[19:07:36.553][D][ldc1314:436]: TRACE,998405,942,928,970
[19:07:36.567][D][ldc1314:436]: TRACE,998416,943,928,970
[19:07:36.670][D][ldc1314:436]: TRACE,998434,943,928,970
[19:07:36.670][D][ldc1314:436]: TRACE,998448,943,928,970
[19:07:36.671][D][ldc1314:436]: TRACE,998458,943,929,970
[19:07:36.671][D][ldc1314:436]: TRACE,998468,943,928,970
[19:07:36.671][D][ldc1314:436]: TRACE,998479,943,928,970
[19:07:36.671][D][ldc1314:436]: TRACE,998490,943,928,970
[19:07:36.671][D][ldc1314:436]: TRACE,998500,943,928,970
[19:07:36.671][D][ldc1314:436]: TRACE,998510,943,928,970
[19:07:36.677][D][ldc1314:436]: TRACE,998520,943,928,970
[19:07:36.677][D][ldc1314:436]: TRACE,998530,943,928,970
[19:07:36.693][D][ldc1314:436]: TRACE,998543,943,928,970
[19:07:36.707][D][ldc1314:436]: TRACE,998557,943,928,970
[19:07:36.722][D][ldc1314:436]: TRACE,998572,943,929,970
[19:07:36.741][D][ldc1314:436]: TRACE,998589,943,928,970
[19:07:36.760][D][ldc1314:436]: TRACE,998608,943,928,970
[19:07:36.768][D][ldc1314:436]: TRACE,998618,943,929,969
[19:07:36.783][D][ldc1314:436]: TRACE,998634,943,928,969
[19:07:36.800][D][ldc1314:436]: TRACE,998648,943,929,969
[19:07:36.816][D][ldc1314:436]: TRACE,998665,943,928,969
[19:07:36.828][D][ldc1314:436]: TRACE,998679,943,929,969
[19:07:36.859][D][ldc1314:436]: TRACE,998697,943,929,969
[19:07:36.866][D][ldc1314:436]: TRACE,998714,943,929,969
[19:07:36.876][D][ldc1314:436]: TRACE,998726,943,929,969
[19:07:36.891][D][ldc1314:436]: TRACE,998742,943,929,969
[19:07:36.908][D][ldc1314:436]: TRACE,998756,943,929,969
[19:07:36.925][D][ldc1314:436]: TRACE,998773,943,929,969
[19:07:36.939][D][ldc1314:436]: TRACE,998790,943,929,969
[19:07:36.963][D][ldc1314:436]: TRACE,998804,943,929,969
[19:07:36.969][D][ldc1314:436]: TRACE,998821,943,929,969
[19:07:36.985][D][ldc1314:436]: TRACE,998836,943,929,969
[19:07:36.999][D][ldc1314:436]: TRACE,998850,943,929,969
[19:07:37.016][D][ldc1314:436]: TRACE,998865,943,929,969
[19:07:37.033][D][ldc1314:436]: TRACE,998882,943,929,969
[19:07:37.050][D][ldc1314:436]: TRACE,998899,943,929,969
[19:07:37.067][D][ldc1314:436]: TRACE,998916,943,929,969
[19:07:37.076][D][ldc1314:436]: TRACE,998926,943,929,969
[19:07:37.096][D][ldc1314:436]: TRACE,998947,943,929,969
[19:07:37.194][D][ldc1314:436]: TRACE,998962,943,929,969
[19:07:37.194][D][ldc1314:436]: TRACE,998976,943,929,969
[19:07:37.194][D][ldc1314:436]: TRACE,998986,943,929,969
[19:07:37.194][D][ldc1314:436]: TRACE,998996,943,929,969
[19:07:37.194][D][ldc1314:436]: TRACE,999006,943,929,969
[19:07:37.194][D][ldc1314:436]: TRACE,999016,943,929,969
[19:07:37.194][D][ldc1314:436]: TRACE,999027,943,929,969
[19:07:37.197][D][ldc1314:436]: TRACE,999037,943,929,969
[19:07:37.197][D][ldc1314:436]: TRACE,999047,943,929,969
[19:07:37.212][D][ldc1314:436]: TRACE,999059,943,929,969
[19:07:37.228][D][ldc1314:436]: TRACE,999078,943,929,969
[19:07:37.240][D][ldc1314:436]: TRACE,999093,943,929,969
[19:07:37.268][D][ldc1314:436]: TRACE,999108,943,929,969
[19:07:37.274][D][ldc1314:436]: TRACE,999125,943,929,969
[19:07:37.288][D][ldc1314:436]: TRACE,999137,943,929,969
[19:07:37.301][D][ldc1314:436]: TRACE,999153,943,929,969
[19:07:37.324][D][ldc1314:436]: TRACE,999167,943,929,969
[19:07:37.343][D][ldc1314:436]: TRACE,999194,943,929,969
[19:07:37.360][D][ldc1314:436]: TRACE,999208,943,929,969
[19:07:37.376][D][ldc1314:436]: TRACE,999223,943,929,969
[19:07:37.385][D][ldc1314:436]: TRACE,999233,943,929,969
[19:07:37.409][D][ldc1314:436]: TRACE,999251,943,929,969
[19:07:37.415][D][ldc1314:436]: TRACE,999265,943,929,969
[19:07:37.429][D][ldc1314:436]: TRACE,999276,943,929,969
[19:07:37.449][D][ldc1314:436]: TRACE,999300,943,929,969
[19:07:37.473][D][ldc1314:436]: TRACE,999314,943,929,969
[19:07:37.480][D][ldc1314:436]: TRACE,999331,943,929,969
[19:07:37.496][D][ldc1314:436]: TRACE,999345,943,929,969
[19:07:37.511][D][ldc1314:436]: TRACE,999361,943,929,969
[19:07:37.525][D][ldc1314:436]: TRACE,999376,943,929,969
[19:07:37.543][D][ldc1314:436]: TRACE,999393,943,929,969
[19:07:37.557][D][ldc1314:436]: TRACE,999407,943,929,969
[19:07:37.579][D][ldc1314:436]: TRACE,999425,943,929,969
[19:07:37.586][D][ldc1314:436]: TRACE,999436,943,929,969
[19:07:37.601][D][ldc1314:436]: TRACE,999452,942,929,969
[19:07:37.615][D][ldc1314:436]: TRACE,999467,942,929,969
[19:07:37.717][D][ldc1314:436]: TRACE,999482,942,929,969
[19:07:37.717][D][ldc1314:436]: TRACE,999497,942,929,969
[19:07:37.717][D][ldc1314:436]: TRACE,999507,942,929,969
[19:07:37.717][D][ldc1314:436]: TRACE,999517,942,929,969
[19:07:37.719][D][ldc1314:436]: TRACE,999530,942,929,969
[19:07:37.719][D][ldc1314:436]: TRACE,999540,942,929,969
[19:07:37.719][D][ldc1314:436]: TRACE,999551,942,929,969
[19:07:37.719][D][ldc1314:436]: TRACE,999561,942,929,969
[19:07:37.725][D][ldc1314:436]: TRACE,999571,942,929,969
[19:07:37.732][D][ldc1314:436]: TRACE,999581,942,930,969
[19:07:37.748][D][ldc1314:436]: TRACE,999598,942,930,969
[19:07:37.761][D][ldc1314:436]: TRACE,999614,942,930,969
[19:07:37.781][D][ldc1314:436]: TRACE,999628,942,930,969
[19:07:37.790][D][ldc1314:436]: TRACE,999642,942,930,969
[19:07:37.805][D][ldc1314:436]: TRACE,999657,942,930,969
[19:07:37.820][D][ldc1314:436]: TRACE,999671,942,930,969
[19:07:37.835][D][ldc1314:436]: TRACE,999686,942,930,969
[19:07:37.850][D][ldc1314:436]: TRACE,999701,942,930,969
[19:07:37.865][D][ldc1314:436]: TRACE,999716,942,930,969
[19:07:37.882][D][ldc1314:436]: TRACE,999730,942,930,969
[19:07:37.894][D][ldc1314:436]: TRACE,999744,942,930,969
[19:07:37.907][D][ldc1314:436]: TRACE,999760,942,930,969
[19:07:37.928][D][ldc1314:436]: TRACE,999778,942,930,969
[19:07:37.942][D][ldc1314:436]: TRACE,999793,942,930,969
[19:07:37.957][D][ldc1314:436]: TRACE,999808,942,930,969
[19:07:37.973][D][ldc1314:436]: TRACE,999823,941,930,969
[19:07:37.993][D][ldc1314:436]: TRACE,999839,941,930,969
[19:07:38.001][D][ldc1314:436]: TRACE,999849,941,930,969
[19:07:38.017][D][ldc1314:436]: TRACE,999866,941,931,969
[19:07:38.030][D][ldc1314:436]: TRACE,999881,941,931,969
[19:07:38.050][D][ldc1314:436]: TRACE,999901,941,931,969
[19:07:38.065][D][ldc1314:436]: TRACE,999916,941,931,969
[19:07:38.086][D][ldc1314:436]: TRACE,999933,941,931,969
[19:07:38.093][D][ldc1314:436]: TRACE,999945,941,931,969
[19:07:38.109][D][ldc1314:436]: TRACE,999959,941,931,969
[19:07:38.125][D][ldc1314:436]: TRACE,999976,941,931,969
[19:07:38.139][D][ldc1314:436]: TRACE,999990,941,931,969
[19:07:38.243][D][ldc1314:436]: TRACE,1000007,941,931,969
[19:07:38.244][D][ldc1314:436]: TRACE,1000022,941,931,969
[19:07:38.244][D][ldc1314:436]: TRACE,1000032,940,931,969
[19:07:38.244][D][ldc1314:436]: TRACE,1000042,940,931,969
[19:07:38.244][D][ldc1314:436]: TRACE,1000053,940,931,969
[19:07:38.244][D][ldc1314:436]: TRACE,1000062,940,932,969
[19:07:38.244][D][ldc1314:436]: TRACE,1000072,940,932,969
[19:07:38.244][D][ldc1314:436]: TRACE,1000082,940,932,969
[19:07:38.250][D][ldc1314:436]: TRACE,1000092,940,932,969
[19:07:38.251][D][ldc1314:436]: TRACE,1000102,940,932,969
[19:07:38.269][D][ldc1314:436]: TRACE,1000118,940,932,969
[19:07:38.291][D][ldc1314:436]: TRACE,1000134,940,932,969
[19:07:38.298][D][ldc1314:436]: TRACE,1000149,940,932,969
[19:07:38.310][D][ldc1314:436]: TRACE,1000159,940,932,969
[19:07:38.331][D][ldc1314:436]: TRACE,1000176,940,932,969
[19:07:38.346][D][ldc1314:436]: TRACE,1000198,940,932,969
[19:07:38.363][D][ldc1314:436]: TRACE,1000213,939,932,969
[19:07:38.382][D][ldc1314:436]: TRACE,1000229,939,933,969
[19:07:38.396][D][ldc1314:436]: TRACE,1000246,939,933,969
[19:07:38.408][D][ldc1314:436]: TRACE,1000257,939,933,969
[19:07:38.423][D][ldc1314:436]: TRACE,1000273,939,933,969
[19:07:38.444][D][ldc1314:436]: TRACE,1000290,939,933,969
[19:07:38.451][D][ldc1314:436]: TRACE,1000303,939,933,969
[19:07:38.466][D][ldc1314:436]: TRACE,1000313,939,933,969
[19:07:38.484][D][ldc1314:436]: TRACE,1000333,939,933,969
[19:07:38.499][D][ldc1314:436]: TRACE,1000349,939,933,969
[19:07:38.513][D][ldc1314:436]: TRACE,1000360,938,933,969
[19:07:38.526][D][ldc1314:436]: TRACE,1000378,938,934,969
[19:07:38.541][D][ldc1314:436]: TRACE,1000393,938,934,969
[19:07:38.557][D][ldc1314:436]: TRACE,1000407,938,934,969
[19:07:38.572][D][ldc1314:436]: TRACE,1000422,938,934,969
[19:07:38.598][D][ldc1314:436]: TRACE,1000441,938,934,969
[19:07:38.604][D][ldc1314:436]: TRACE,1000455,938,934,969
[19:07:38.617][D][ldc1314:436]: TRACE,1000467,938,934,969
[19:07:38.631][D][ldc1314:436]: TRACE,1000484,937,934,969
[19:07:38.646][D][ldc1314:436]: TRACE,1000497,937,934,969
[19:07:38.661][D][ldc1314:436]: TRACE,1000511,937,935,969
[19:07:38.675][D][ldc1314:436]: TRACE,1000526,937,935,969
[19:07:38.767][D][ldc1314:436]: TRACE,1000545,937,935,969
[19:07:38.767][D][ldc1314:436]: TRACE,1000555,937,935,969
[19:07:38.767][D][ldc1314:436]: TRACE,1000565,937,935,969
[19:07:38.767][D][ldc1314:436]: TRACE,1000580,937,935,969
[19:07:38.767][D][ldc1314:436]: TRACE,1000590,937,935,969
[19:07:38.767][D][ldc1314:436]: TRACE,1000601,937,935,969
[19:07:38.767][D][ldc1314:436]: TRACE,1000611,937,935,969
[19:07:38.767][D][ldc1314:436]: TRACE,1000621,937,935,969
[19:07:38.784][D][ldc1314:436]: TRACE,1000631,937,935,969
[19:07:38.806][D][ldc1314:436]: TRACE,1000654,936,936,969
[19:07:38.814][D][ldc1314:436]: TRACE,1000664,936,936,969
[19:07:38.828][D][ldc1314:436]: TRACE,1000680,936,936,969
[19:07:38.845][D][ldc1314:436]: TRACE,1000692,936,936,969
[19:07:38.855][D][ldc1314:436]: TRACE,1000707,936,936,969
[19:07:38.872][D][ldc1314:436]: TRACE,1000720,936,936,969
[19:07:38.883][D][ldc1314:436]: TRACE,1000736,936,936,969
[19:07:38.905][D][ldc1314:436]: TRACE,1000748,936,936,969
[19:07:38.916][D][ldc1314:436]: TRACE,1000765,936,936,969
[19:07:38.930][D][ldc1314:436]: TRACE,1000782,936,937,969
[19:07:38.944][D][ldc1314:436]: TRACE,1000796,936,937,969
[19:07:38.958][D][ldc1314:436]: TRACE,1000811,936,937,969
[19:07:38.972][D][ldc1314:436]: TRACE,1000823,935,937,969
[19:07:38.989][D][ldc1314:436]: TRACE,1000839,935,937,969
[19:07:39.008][D][ldc1314:436]: TRACE,1000854,935,937,969
[19:07:39.016][D][ldc1314:436]: TRACE,1000867,935,937,969
[19:07:39.035][D][ldc1314:436]: TRACE,1000887,935,937,969
[19:07:39.049][D][ldc1314:436]: TRACE,1000901,935,937,969
[19:07:39.065][D][ldc1314:436]: TRACE,1000916,935,937,969
[19:07:39.081][D][ldc1314:436]: TRACE,1000930,935,938,969
[19:07:39.096][D][ldc1314:436]: TRACE,1000947,935,938,969
[19:07:39.113][D][ldc1314:436]: TRACE,1000961,935,938,969
[19:07:39.124][D][ldc1314:436]: TRACE,1000973,935,938,969
[19:07:39.144][D][ldc1314:436]: TRACE,1000996,935,938,969
[19:07:39.161][D][ldc1314:436]: TRACE,1001010,935,938,969
[19:07:39.175][D][ldc1314:436]: TRACE,1001026,935,938,969
[19:07:39.188][D][ldc1314:436]: TRACE,1001041,934,938,969
[19:07:39.292][D][ldc1314:436]: TRACE,1001055,934,938,969
[19:07:39.292][D][ldc1314:436]: TRACE,1001070,934,938,969
[19:07:39.292][D][ldc1314:436]: TRACE,1001081,934,938,969
[19:07:39.292][D][ldc1314:436]: TRACE,1001091,934,938,969
[19:07:39.293][D][ldc1314:436]: TRACE,1001102,934,938,969
[19:07:39.293][D][ldc1314:436]: TRACE,1001114,934,939,969
[19:07:39.293][D][ldc1314:436]: TRACE,1001124,934,939,969
[19:07:39.293][D][ldc1314:436]: TRACE,1001134,934,939,969
[19:07:39.300][D][ldc1314:436]: TRACE,1001144,934,939,969
[19:07:39.322][D][ldc1314:436]: TRACE,1001154,934,939,969
[19:07:39.322][D][ldc1314:436]: TRACE,1001168,934,939,969
[19:07:39.331][D][ldc1314:436]: TRACE,1001177,934,939,969
[19:07:39.346][D][ldc1314:436]: TRACE,1001197,934,939,969
[19:07:39.363][D][ldc1314:436]: TRACE,1001211,934,939,969
[19:07:39.379][D][ldc1314:436]: TRACE,1001232,934,939,969
[19:07:39.393][D][ldc1314:436]: TRACE,1001246,934,939,969
[19:07:39.417][D][ldc1314:436]: TRACE,1001260,934,939,969
[19:07:39.419][D][ldc1314:436]: TRACE,1001273,934,939,969
[19:07:39.435][D][ldc1314:436]: TRACE,1001285,934,939,969
[19:07:39.450][D][ldc1314:436]: TRACE,1001301,933,939,969
[19:07:39.465][D][ldc1314:436]: TRACE,1001316,933,939,969
[19:07:39.480][D][ldc1314:436]: TRACE,1001330,933,940,969
[19:07:39.494][D][ldc1314:436]: TRACE,1001346,933,940,969
[19:07:39.519][D][ldc1314:436]: TRACE,1001366,933,940,969
[19:07:39.529][D][ldc1314:436]: TRACE,1001379,933,940,969
[19:07:39.543][D][ldc1314:436]: TRACE,1001393,933,940,969
[19:07:39.555][D][ldc1314:436]: TRACE,1001408,933,940,969
[19:07:39.572][D][ldc1314:436]: TRACE,1001422,933,940,969
[19:07:39.613][D][ldc1314:436]: TRACE,1001436,933,940,969
[19:07:39.625][D][ldc1314:436]: TRACE,1001449,933,940,969
[19:07:39.625][D][ldc1314:436]: TRACE,1001459,933,940,969
[19:07:39.672][D][ldc1314:436]: TRACE,1001470,933,940,969
[19:07:39.672][D][ldc1314:436]: TRACE,1001480,933,940,969
[19:07:39.672][D][ldc1314:436]: TRACE,1001491,933,940,969
[19:07:39.673][D][ldc1314:436]: TRACE,1001502,933,940,969
[19:07:39.681][D][ldc1314:436]: TRACE,1001512,933,940,969
[19:07:39.681][D][ldc1314:436]: TRACE,1001522,933,940,969
[19:07:39.681][D][ldc1314:436]: TRACE,1001532,933,940,969
[19:07:39.695][D][ldc1314:436]: TRACE,1001545,933,940,969
[19:07:39.709][D][ldc1314:436]: TRACE,1001560,933,940,969
[19:07:39.725][D][ldc1314:436]: TRACE,1001575,933,940,969
[19:07:39.817][D][ldc1314:436]: TRACE,1001588,933,940,969
[19:07:39.817][D][ldc1314:436]: TRACE,1001600,933,940,969
[19:07:39.817][D][ldc1314:436]: TRACE,1001610,933,940,969
[19:07:39.817][D][ldc1314:436]: TRACE,1001620,933,940,969
[19:07:39.817][D][ldc1314:436]: TRACE,1001630,933,940,969
[19:07:39.817][D][ldc1314:436]: TRACE,1001640,933,940,969
[19:07:39.818][D][ldc1314:436]: TRACE,1001650,933,940,969
[19:07:39.818][D][ldc1314:436]: TRACE,1001660,933,940,969
[19:07:39.830][D][ldc1314:436]: TRACE,1001671,933,940,969
[19:07:39.830][D][ldc1314:436]: TRACE,1001681,933,940,969
[19:07:39.847][D][ldc1314:436]: TRACE,1001697,933,940,969
[19:07:39.862][D][ldc1314:436]: TRACE,1001713,933,940,969
[19:07:39.879][D][ldc1314:436]: TRACE,1001728,933,940,969
[19:07:39.894][D][ldc1314:436]: TRACE,1001744,933,940,969
[19:07:39.910][D][ldc1314:436]: TRACE,1001759,933,940,969
[19:07:39.929][D][ldc1314:436]: TRACE,1001773,933,940,969
[19:07:39.936][D][ldc1314:436]: TRACE,1001786,933,940,969
[19:07:39.952][D][ldc1314:436]: TRACE,1001803,933,940,969
[19:07:39.968][D][ldc1314:436]: TRACE,1001818,933,940,969
[19:07:39.986][D][ldc1314:436]: TRACE,1001835,933,940,969
[19:07:40.001][D][ldc1314:436]: TRACE,1001849,933,940,969
[19:07:40.016][D][ldc1314:436]: TRACE,1001866,933,940,969
[19:07:40.038][D][ldc1314:436]: TRACE,1001881,932,940,969
[19:07:40.045][D][ldc1314:436]: TRACE,1001894,932,940,969
[19:07:40.064][D][ldc1314:436]: TRACE,1001915,932,940,969
[19:07:40.079][D][ldc1314:436]: TRACE,1001929,932,940,969
[19:07:40.093][D][ldc1314:436]: TRACE,1001946,932,940,969
[19:07:40.108][D][ldc1314:436]: TRACE,1001958,932,940,969
[19:07:40.133][D][ldc1314:436]: TRACE,1001973,932,940,969
[19:07:40.139][D][ldc1314:436]: TRACE,1001988,932,940,969
[19:07:40.151][D][ldc1314:436]: TRACE,1002001,932,940,969
[19:07:40.171][D][ldc1314:436]: TRACE,1002023,932,940,969
[19:07:40.191][D][ldc1314:436]: TRACE,1002037,932,940,969
[19:07:40.199][D][ldc1314:436]: TRACE,1002053,932,940,969
[19:07:40.217][D][ldc1314:436]: TRACE,1002066,932,940,969
[19:07:40.236][D][ldc1314:436]: TRACE,1002082,932,940,969
[19:07:40.244][D][ldc1314:436]: TRACE,1002096,932,940,969
[19:07:40.340][D][ldc1314:436]: TRACE,1002112,932,940,969
[19:07:40.340][D][ldc1314:436]: TRACE,1002125,932,940,969
[19:07:40.340][D][ldc1314:436]: TRACE,1002136,932,940,969
[19:07:40.340][D][ldc1314:436]: TRACE,1002146,932,940,969
[19:07:40.340][D][ldc1314:436]: TRACE,1002156,932,940,969
[19:07:40.341][D][ldc1314:436]: TRACE,1002166,932,940,969
[19:07:40.346][D][ldc1314:436]: TRACE,1002176,932,940,969
[19:07:40.346][D][ldc1314:436]: TRACE,1002186,932,940,969
[19:07:40.346][D][ldc1314:436]: TRACE,1002199,932,940,969
[19:07:40.360][D][ldc1314:436]: TRACE,1002212,932,940,969
[19:07:40.378][D][ldc1314:436]: TRACE,1002227,932,940,969
[19:07:40.393][D][ldc1314:436]: TRACE,1002241,932,940,969
[19:07:40.414][D][ldc1314:436]: TRACE,1002261,932,940,969
[19:07:40.427][D][ldc1314:436]: TRACE,1002276,932,940,969
[19:07:40.444][D][ldc1314:436]: TRACE,1002293,932,940,969
[19:07:40.456][D][ldc1314:436]: TRACE,1002304,932,940,969
[19:07:40.473][D][ldc1314:436]: TRACE,1002324,932,940,969
[19:07:40.488][D][ldc1314:436]: TRACE,1002339,932,940,969
[19:07:40.503][D][ldc1314:436]: TRACE,1002353,932,940,969
[19:07:40.524][D][ldc1314:436]: TRACE,1002374,932,940,969
[19:07:40.543][D][ldc1314:436]: TRACE,1002389,932,940,969
[19:07:40.554][D][ldc1314:436]: TRACE,1002403,932,940,969
[19:07:40.568][D][ldc1314:436]: TRACE,1002419,932,940,969
[19:07:40.582][D][ldc1314:436]: TRACE,1002434,932,940,969
[19:07:40.598][D][ldc1314:436]: TRACE,1002448,932,940,969
[19:07:40.613][D][ldc1314:436]: TRACE,1002463,932,940,969
[19:07:40.632][D][ldc1314:436]: TRACE,1002484,932,940,969
[19:07:40.648][D][ldc1314:436]: TRACE,1002499,932,940,969
[19:07:40.660][D][ldc1314:436]: TRACE,1002509,932,940,969
[19:07:40.674][D][ldc1314:436]: TRACE,1002525,932,940,969
[19:07:40.690][D][ldc1314:436]: TRACE,1002540,932,940,969
[19:07:40.706][D][ldc1314:436]: TRACE,1002556,932,940,969
[19:07:40.719][D][ldc1314:436]: TRACE,1002571,932,940,970
[19:07:40.747][D][ldc1314:436]: TRACE,1002588,932,940,970
[19:07:40.755][D][ldc1314:436]: TRACE,1002606,932,940,970
[19:07:40.770][D][ldc1314:436]: TRACE,1002620,932,940,970
[19:07:40.864][D][ldc1314:436]: TRACE,1002637,932,940,970
[19:07:40.865][D][ldc1314:436]: TRACE,1002649,932,940,970
[19:07:40.865][D][ldc1314:436]: TRACE,1002659,932,940,970
[19:07:40.865][D][ldc1314:436]: TRACE,1002669,932,940,970
[19:07:40.865][D][ldc1314:436]: TRACE,1002679,932,940,970
[19:07:40.865][D][ldc1314:436]: TRACE,1002689,932,940,970
[19:07:40.872][D][ldc1314:436]: TRACE,1002702,932,940,970
[19:07:40.872][D][ldc1314:436]: TRACE,1002712,932,940,970
[19:07:40.872][D][ldc1314:436]: TRACE,1002721,932,940,970
[19:07:40.881][D][ldc1314:436]: TRACE,1002731,932,940,970
[19:07:40.897][D][ldc1314:436]: TRACE,1002746,932,940,970
[19:07:40.911][D][ldc1314:436]: TRACE,1002761,932,940,970
[19:07:40.927][D][ldc1314:436]: TRACE,1002777,932,939,970
[19:07:40.943][D][ldc1314:436]: TRACE,1002792,932,939,970
[19:07:40.959][D][ldc1314:436]: TRACE,1002809,932,939,970
[19:07:40.973][D][ldc1314:436]: TRACE,1002822,932,939,970
[19:07:40.990][D][ldc1314:436]: TRACE,1002838,932,939,970
[19:07:41.005][D][ldc1314:436]: TRACE,1002855,932,939,970
[19:07:41.021][D][ldc1314:436]: TRACE,1002870,932,939,971
[19:07:41.036][D][ldc1314:436]: TRACE,1002885,932,939,971
[19:07:41.054][D][ldc1314:436]: TRACE,1002900,932,939,971
[19:07:41.067][D][ldc1314:436]: TRACE,1002916,932,939,971
[19:07:41.085][D][ldc1314:436]: TRACE,1002932,932,939,971
[19:07:41.100][D][ldc1314:436]: TRACE,1002950,932,939,971
[19:07:41.119][D][ldc1314:436]: TRACE,1002965,932,939,971
[19:07:41.132][D][ldc1314:436]: TRACE,1002982,932,939,971
[19:07:41.157][D][ldc1314:436]: TRACE,1002997,932,939,971
[19:07:41.165][D][ldc1314:436]: TRACE,1003014,932,939,971
[19:07:41.176][D][ldc1314:436]: TRACE,1003024,932,938,971
[19:07:41.195][D][ldc1314:436]: TRACE,1003045,932,938,972
[19:07:41.210][D][ldc1314:436]: TRACE,1003062,932,938,972
[19:07:41.228][D][ldc1314:436]: TRACE,1003078,932,938,972
[19:07:41.242][D][ldc1314:436]: TRACE,1003093,932,938,972
[19:07:41.258][D][ldc1314:436]: TRACE,1003108,932,938,972
[19:07:41.273][D][ldc1314:436]: TRACE,1003123,932,938,972
[19:07:41.288][D][ldc1314:436]: TRACE,1003140,932,938,972
[19:07:41.388][D][ldc1314:436]: TRACE,1003154,932,938,972
[19:07:41.389][D][ldc1314:436]: TRACE,1003170,932,938,972
[19:07:41.389][D][ldc1314:436]: TRACE,1003180,932,938,972
[19:07:41.389][D][ldc1314:436]: TRACE,1003190,932,938,973
[19:07:41.389][D][ldc1314:436]: TRACE,1003203,932,938,973
[19:07:41.389][D][ldc1314:436]: TRACE,1003212,932,938,973
[19:07:41.389][D][ldc1314:436]: TRACE,1003222,932,937,973
[19:07:41.389][D][ldc1314:436]: TRACE,1003232,932,937,973
[19:07:41.396][D][ldc1314:436]: TRACE,1003243,932,937,973
[19:07:41.404][D][ldc1314:436]: TRACE,1003253,932,937,973
[19:07:41.420][D][ldc1314:436]: TRACE,1003270,932,937,973
[19:07:41.435][D][ldc1314:436]: TRACE,1003285,932,937,974
[19:07:41.465][D][ldc1314:436]: TRACE,1003302,932,937,974
[19:07:41.472][D][ldc1314:436]: TRACE,1003320,932,937,974
[19:07:41.482][D][ldc1314:436]: TRACE,1003332,932,937,974
[19:07:41.497][D][ldc1314:436]: TRACE,1003349,932,936,974
[19:07:41.514][D][ldc1314:436]: TRACE,1003363,932,936,974
[19:07:41.529][D][ldc1314:436]: TRACE,1003380,932,936,974
[19:07:41.549][D][ldc1314:436]: TRACE,1003394,932,936,975
[19:07:41.566][D][ldc1314:436]: TRACE,1003414,932,936,975
[19:07:41.577][D][ldc1314:436]: TRACE,1003429,932,936,975
[19:07:41.592][D][ldc1314:436]: TRACE,1003441,932,936,975
[19:07:41.605][D][ldc1314:436]: TRACE,1003458,932,936,975
[19:07:41.625][D][ldc1314:436]: TRACE,1003471,932,936,975
[19:07:41.638][D][ldc1314:436]: TRACE,1003490,932,936,975
[19:07:41.653][D][ldc1314:436]: TRACE,1003504,932,935,976
[19:07:41.673][D][ldc1314:436]: TRACE,1003521,932,935,976
[19:07:41.687][D][ldc1314:436]: TRACE,1003538,932,935,976
[19:07:41.703][D][ldc1314:436]: TRACE,1003554,932,935,976
[19:07:41.723][D][ldc1314:436]: TRACE,1003568,932,935,976
[19:07:41.733][D][ldc1314:436]: TRACE,1003583,932,935,976
[19:07:41.747][D][ldc1314:436]: TRACE,1003598,932,935,977
[19:07:41.771][D][ldc1314:436]: TRACE,1003614,932,935,977
[19:07:41.774][D][ldc1314:436]: TRACE,1003627,932,934,977
[19:07:41.795][D][ldc1314:436]: TRACE,1003646,932,934,977
[19:07:41.812][D][ldc1314:436]: TRACE,1003660,932,934,977
[19:07:41.913][D][ldc1314:436]: TRACE,1003677,932,934,978
[19:07:41.913][D][ldc1314:436]: TRACE,1003692,932,934,978
[19:07:41.914][D][ldc1314:436]: TRACE,1003701,932,934,978
[19:07:41.914][D][ldc1314:436]: TRACE,1003712,932,934,978
[19:07:41.914][D][ldc1314:436]: TRACE,1003722,932,934,978
[19:07:41.914][D][ldc1314:436]: TRACE,1003733,932,934,978
[19:07:41.914][D][ldc1314:436]: TRACE,1003743,932,934,978
[19:07:41.914][D][ldc1314:436]: TRACE,1003754,932,934,978
[19:07:41.920][D][ldc1314:436]: TRACE,1003765,932,933,978
[19:07:41.931][D][ldc1314:436]: TRACE,1003776,932,933,978
[19:07:41.942][D][ldc1314:436]: TRACE,1003789,932,933,979
[19:07:41.952][D][ldc1314:436]: TRACE,1003802,932,933,979
[19:07:41.976][D][ldc1314:436]: TRACE,1003817,932,933,979
[19:07:41.986][D][ldc1314:436]: TRACE,1003832,932,933,979
[19:07:41.992][D][ldc1314:436]: TRACE,1003841,932,933,979
[19:07:42.004][D][ldc1314:436]: TRACE,1003853,932,933,979
[19:07:42.024][D][ldc1314:436]: TRACE,1003874,932,933,979
[19:07:42.038][D][ldc1314:436]: TRACE,1003889,932,933,979
[19:07:42.053][D][ldc1314:436]: TRACE,1003904,932,933,980
[19:07:42.078][D][ldc1314:436]: TRACE,1003918,932,932,980
[19:07:42.084][D][ldc1314:436]: TRACE,1003933,932,932,980
[19:07:42.095][D][ldc1314:436]: TRACE,1003945,932,932,980
[19:07:42.114][D][ldc1314:436]: TRACE,1003961,932,932,980
[19:07:42.123][D][ldc1314:436]: TRACE,1003975,932,932,980
[19:07:42.144][D][ldc1314:436]: TRACE,1003994,932,932,980
[19:07:42.159][D][ldc1314:436]: TRACE,1004009,932,932,981
[19:07:42.180][D][ldc1314:436]: TRACE,1004026,932,932,981
[19:07:42.187][D][ldc1314:436]: TRACE,1004038,932,932,981
[19:07:42.204][D][ldc1314:436]: TRACE,1004054,932,932,981
[19:07:42.219][D][ldc1314:436]: TRACE,1004070,932,931,981
[19:07:42.235][D][ldc1314:436]: TRACE,1004085,932,931,981
[19:07:42.249][D][ldc1314:436]: TRACE,1004099,932,931,981
[19:07:42.270][D][ldc1314:436]: TRACE,1004121,932,931,981
[19:07:42.285][D][ldc1314:436]: TRACE,1004136,932,931,982
[19:07:42.301][D][ldc1314:436]: TRACE,1004150,932,931,982
[19:07:42.315][D][ldc1314:436]: TRACE,1004167,932,931,982
[19:07:42.329][D][ldc1314:436]: TRACE,1004179,932,931,982
[19:07:42.438][D][ldc1314:436]: TRACE,1004196,932,931,982
[19:07:42.438][D][ldc1314:436]: TRACE,1004216,932,931,982
[19:07:42.438][D][ldc1314:436]: TRACE,1004226,932,931,982
[19:07:42.438][D][ldc1314:436]: TRACE,1004237,932,931,982
[19:07:42.438][D][ldc1314:436]: TRACE,1004248,932,931,982
[19:07:42.438][D][ldc1314:436]: TRACE,1004258,932,931,982
[19:07:42.438][D][ldc1314:436]: TRACE,1004269,932,930,982
[19:07:42.443][D][ldc1314:436]: TRACE,1004279,932,930,982
[19:07:42.444][D][ldc1314:436]: TRACE,1004289,932,930,982
[19:07:42.451][D][ldc1314:436]: TRACE,1004299,932,930,982
[19:07:42.462][D][ldc1314:436]: TRACE,1004312,932,930,982
[19:07:42.476][D][ldc1314:436]: TRACE,1004328,932,930,982
[19:07:42.492][D][ldc1314:436]: TRACE,1004343,932,930,982
[19:07:42.509][D][ldc1314:436]: TRACE,1004361,932,930,982
[19:07:42.526][D][ldc1314:436]: TRACE,1004375,932,930,982
[19:07:42.539][D][ldc1314:436]: TRACE,1004391,932,930,983
[19:07:42.553][D][ldc1314:436]: TRACE,1004406,932,930,983
[19:07:42.568][D][ldc1314:436]: TRACE,1004420,932,930,983
[19:07:42.592][D][ldc1314:436]: TRACE,1004434,932,930,983
[19:07:42.599][D][ldc1314:436]: TRACE,1004448,932,930,983
[19:07:42.618][D][ldc1314:436]: TRACE,1004460,932,930,983
[19:07:42.629][D][ldc1314:436]: TRACE,1004480,932,929,983
[19:07:42.643][D][ldc1314:436]: TRACE,1004493,932,929,983
[19:07:42.658][D][ldc1314:436]: TRACE,1004508,932,929,983
[19:07:42.675][D][ldc1314:436]: TRACE,1004523,932,929,983
[19:07:42.692][D][ldc1314:436]: TRACE,1004538,932,929,983
[19:07:42.704][D][ldc1314:436]: TRACE,1004554,932,929,983
[19:07:42.721][D][ldc1314:436]: TRACE,1004569,932,929,983
[19:07:42.740][D][ldc1314:436]: TRACE,1004590,932,929,983
[19:07:42.754][D][ldc1314:436]: TRACE,1004605,932,929,983
[19:07:42.769][D][ldc1314:436]: TRACE,1004620,932,929,983
[19:07:42.794][D][ldc1314:436]: TRACE,1004635,932,929,983
[19:07:42.800][D][ldc1314:436]: TRACE,1004650,932,929,983
[19:07:42.813][D][ldc1314:436]: TRACE,1004662,932,929,983
[19:07:42.828][D][ldc1314:436]: TRACE,1004680,932,929,983
[19:07:42.842][D][ldc1314:436]: TRACE,1004694,932,929,983
[19:07:42.862][D][ldc1314:436]: TRACE,1004713,932,929,983
[19:07:42.963][D][ldc1314:436]: TRACE,1004728,932,929,983
[19:07:42.963][D][ldc1314:436]: TRACE,1004742,932,929,983
[19:07:42.963][D][ldc1314:436]: TRACE,1004752,932,929,983
[19:07:42.963][D][ldc1314:436]: TRACE,1004762,932,929,983
[19:07:42.963][D][ldc1314:436]: TRACE,1004772,932,929,983
[19:07:42.964][D][ldc1314:436]: TRACE,1004782,932,929,983
[19:07:42.964][D][ldc1314:436]: TRACE,1004793,932,929,983
[19:07:42.964][D][ldc1314:436]: TRACE,1004803,932,929,983
[19:07:42.964][D][ldc1314:436]: TRACE,1004813,932,929,983
[19:07:42.975][D][ldc1314:436]: TRACE,1004825,932,929,983
[19:07:42.999][D][ldc1314:436]: TRACE,1004842,932,929,983
[19:07:43.006][D][ldc1314:436]: TRACE,1004855,932,929,983
[19:07:43.017][D][ldc1314:436]: TRACE,1004867,932,929,983
[19:07:43.031][D][ldc1314:436]: TRACE,1004884,932,929,983
[19:07:43.047][D][ldc1314:436]: TRACE,1004897,932,929,983
[19:07:43.062][D][ldc1314:436]: TRACE,1004914,932,929,983
[19:07:43.077][D][ldc1314:436]: TRACE,1004928,932,929,983
[19:07:43.101][D][ldc1314:436]: TRACE,1004945,932,929,984
[19:07:43.109][D][ldc1314:436]: TRACE,1004959,932,929,984
[19:07:43.126][D][ldc1314:436]: TRACE,1004975,932,929,984
[19:07:43.140][D][ldc1314:436]: TRACE,1004991,932,929,984
[19:07:43.157][D][ldc1314:436]: TRACE,1005006,932,929,984
[19:07:43.174][D][ldc1314:436]: TRACE,1005023,932,929,984
[19:07:43.186][D][ldc1314:436]: TRACE,1005037,932,928,984
[19:07:43.211][D][ldc1314:436]: TRACE,1005058,932,928,984
[19:07:43.222][D][ldc1314:436]: TRACE,1005068,932,928,984
[19:07:43.237][D][ldc1314:436]: TRACE,1005087,932,928,984
[19:07:43.251][D][ldc1314:436]: TRACE,1005102,932,928,984
[19:07:43.269][D][ldc1314:436]: TRACE,1005119,932,928,984
[19:07:43.283][D][ldc1314:436]: TRACE,1005134,932,928,984
[19:07:43.306][D][ldc1314:436]: TRACE,1005149,932,928,984
[19:07:43.317][D][ldc1314:436]: TRACE,1005166,933,928,984
[19:07:43.330][D][ldc1314:436]: TRACE,1005182,933,928,984
[19:07:43.354][D][ldc1314:436]: TRACE,1005196,933,928,984
[19:07:43.368][D][ldc1314:436]: TRACE,1005219,933,928,984
[19:07:43.383][D][ldc1314:436]: TRACE,1005233,933,928,983
[19:07:43.486][D][ldc1314:436]: TRACE,1005248,933,928,983
[19:07:43.486][D][ldc1314:436]: TRACE,1005263,933,928,983
[19:07:43.486][D][ldc1314:436]: TRACE,1005279,933,928,983
[19:07:43.486][D][ldc1314:436]: TRACE,1005289,933,928,983
[19:07:43.486][D][ldc1314:436]: TRACE,1005299,933,928,984
[19:07:43.486][D][ldc1314:436]: TRACE,1005310,933,928,983
[19:07:43.493][D][ldc1314:436]: TRACE,1005320,933,928,983
[19:07:43.493][D][ldc1314:436]: TRACE,1005331,933,928,983
[19:07:43.493][D][ldc1314:436]: TRACE,1005341,933,928,983
[19:07:43.510][D][ldc1314:436]: TRACE,1005352,933,928,983
[19:07:43.517][D][ldc1314:436]: TRACE,1005369,933,928,983
[19:07:43.535][D][ldc1314:436]: TRACE,1005383,933,928,983
[19:07:43.553][D][ldc1314:436]: TRACE,1005404,933,928,983
[19:07:43.568][D][ldc1314:436]: TRACE,1005419,933,928,983
[19:07:43.583][D][ldc1314:436]: TRACE,1005434,933,928,983
[19:07:43.597][D][ldc1314:436]: TRACE,1005448,933,928,983
[19:07:43.613][D][ldc1314:436]: TRACE,1005463,933,928,983
[19:07:43.626][D][ldc1314:436]: TRACE,1005476,933,928,983
[19:07:43.635][D][ldc1314:436]: TRACE,1005488,933,928,983
[19:07:43.651][D][ldc1314:436]: TRACE,1005500,933,928,983
[19:07:43.667][D][ldc1314:436]: TRACE,1005516,933,928,983
[19:07:43.681][D][ldc1314:436]: TRACE,1005532,933,928,983
[19:07:43.696][D][ldc1314:436]: TRACE,1005549,933,928,983
[19:07:43.715][D][ldc1314:436]: TRACE,1005561,933,928,983
[19:07:43.723][D][ldc1314:436]: TRACE,1005573,933,928,983
[19:07:43.739][D][ldc1314:436]: TRACE,1005589,933,928,983
[19:07:43.754][D][ldc1314:436]: TRACE,1005605,933,928,983
[19:07:43.769][D][ldc1314:436]: TRACE,1005620,934,928,983
[19:07:43.784][D][ldc1314:436]: TRACE,1005636,934,928,983
[19:07:43.800][D][ldc1314:436]: TRACE,1005650,934,928,983
[19:07:43.825][D][ldc1314:436]: TRACE,1005665,934,928,983
[19:07:43.826][D][ldc1314:436]: TRACE,1005676,934,928,983
[19:07:43.842][D][ldc1314:436]: TRACE,1005687,934,928,983
[19:07:43.850][D][ldc1314:436]: TRACE,1005703,934,928,983
[19:07:43.866][D][ldc1314:436]: TRACE,1005715,934,928,983
[19:07:43.875][D][ldc1314:436]: TRACE,1005730,934,928,983
[19:07:43.895][D][ldc1314:436]: TRACE,1005745,934,928,983
[19:07:43.908][D][ldc1314:436]: TRACE,1005758,934,928,983
[19:07:44.024][D][ldc1314:436]: TRACE,1005773,934,928,983
[19:07:44.025][D][ldc1314:436]: TRACE,1005783,934,928,983
[19:07:44.025][D][ldc1314:436]: TRACE,1005796,934,928,982
[19:07:44.025][D][ldc1314:436]: TRACE,1005809,934,928,982
[19:07:44.025][D][ldc1314:436]: TRACE,1005819,934,928,982
[19:07:44.025][D][ldc1314:436]: TRACE,1005829,934,928,982
[19:07:44.025][D][ldc1314:436]: TRACE,1005839,934,928,982
[19:07:44.025][D][ldc1314:436]: TRACE,1005849,934,928,982
[19:07:44.043][D][ldc1314:436]: TRACE,1005859,934,928,982
[19:07:44.043][D][ldc1314:436]: TRACE,1005870,935,928,982
[19:07:44.044][D][ldc1314:436]: TRACE,1005880,935,928,982
[19:07:44.044][D][ldc1314:436]: TRACE,1005890,935,928,982
[19:07:44.055][D][ldc1314:436]: TRACE,1005903,935,928,982
[19:07:44.063][D][ldc1314:436]: TRACE,1005915,935,928,982
[19:07:44.078][D][ldc1314:436]: TRACE,1005930,935,928,982
[19:07:44.093][D][ldc1314:436]: TRACE,1005944,935,928,982
[19:07:44.107][D][ldc1314:436]: TRACE,1005958,935,928,982
[19:07:44.125][D][ldc1314:436]: TRACE,1005973,935,928,982
[19:07:44.139][D][ldc1314:436]: TRACE,1005989,935,928,982
[19:07:44.156][D][ldc1314:436]: TRACE,1006006,935,928,982
[19:07:44.169][D][ldc1314:436]: TRACE,1006021,935,928,982
[19:07:44.185][D][ldc1314:436]: TRACE,1006035,935,928,981
[19:07:44.200][D][ldc1314:436]: TRACE,1006052,935,928,981
[19:07:44.230][D][ldc1314:436]: TRACE,1006067,936,928,981
[19:07:44.236][D][ldc1314:436]: TRACE,1006080,936,928,981
[19:07:44.241][D][ldc1314:436]: TRACE,1006090,936,928,981
[19:07:44.262][D][ldc1314:436]: TRACE,1006112,936,928,981
[19:07:44.277][D][ldc1314:436]: TRACE,1006127,936,928,981
[19:07:44.292][D][ldc1314:436]: TRACE,1006142,936,928,981
[19:07:44.308][D][ldc1314:436]: TRACE,1006159,936,928,980
[19:07:44.340][D][ldc1314:436]: TRACE,1006173,936,928,980
[19:07:44.341][D][ldc1314:436]: TRACE,1006185,936,928,980
[19:07:44.344][D][ldc1314:436]: TRACE,1006197,936,928,980
[19:07:44.361][D][ldc1314:436]: TRACE,1006209,936,928,980
[19:07:44.378][D][ldc1314:436]: TRACE,1006232,937,928,980
[19:07:44.398][D][ldc1314:436]: TRACE,1006244,937,928,980
[19:07:44.407][D][ldc1314:436]: TRACE,1006260,937,928,980
[19:07:44.432][D][ldc1314:436]: TRACE,1006273,937,928,979
[19:07:44.438][D][ldc1314:436]: TRACE,1006289,937,928,979
[19:07:44.534][D][ldc1314:436]: TRACE,1006300,937,928,979
[19:07:44.534][D][ldc1314:436]: TRACE,1006315,937,928,979
[19:07:44.534][D][ldc1314:436]: TRACE,1006325,937,928,979
[19:07:44.534][D][ldc1314:436]: TRACE,1006336,937,928,979
[19:07:44.534][D][ldc1314:436]: TRACE,1006347,937,928,979
[19:07:44.534][D][ldc1314:436]: TRACE,1006357,937,928,979
[19:07:44.534][D][ldc1314:436]: TRACE,1006367,937,928,979
[19:07:44.543][D][ldc1314:436]: TRACE,1006377,937,928,978
[19:07:44.543][D][ldc1314:436]: TRACE,1006387,938,928,978
[19:07:44.552][D][ldc1314:436]: TRACE,1006397,938,928,978
[19:07:44.563][D][ldc1314:436]: TRACE,1006411,938,928,978
[19:07:44.576][D][ldc1314:436]: TRACE,1006427,938,928,978
[19:07:44.593][D][ldc1314:436]: TRACE,1006441,938,928,978
[19:07:44.611][D][ldc1314:436]: TRACE,1006462,938,928,978
[19:07:44.636][D][ldc1314:436]: TRACE,1006476,938,928,977
[19:07:44.642][D][ldc1314:436]: TRACE,1006491,938,928,977
[19:07:44.655][D][ldc1314:436]: TRACE,1006503,938,928,977
[19:07:44.669][D][ldc1314:436]: TRACE,1006519,938,928,977
[19:07:44.685][D][ldc1314:436]: TRACE,1006534,939,928,977
[19:07:44.699][D][ldc1314:436]: TRACE,1006549,939,928,977
[19:07:44.718][D][ldc1314:436]: TRACE,1006570,939,928,976
[19:07:44.740][D][ldc1314:436]: TRACE,1006584,939,928,976
[19:07:44.752][D][ldc1314:436]: TRACE,1006599,939,928,976
[19:07:44.759][D][ldc1314:436]: TRACE,1006613,939,928,976
[19:07:44.779][D][ldc1314:436]: TRACE,1006627,939,928,976
[19:07:44.795][D][ldc1314:436]: TRACE,1006641,939,928,976
[19:07:44.801][D][ldc1314:436]: TRACE,1006653,939,928,976
[19:07:44.815][D][ldc1314:436]: TRACE,1006667,939,928,975
[19:07:44.844][D][ldc1314:436]: TRACE,1006684,939,928,975
[19:07:44.851][D][ldc1314:436]: TRACE,1006698,939,928,975
[19:07:44.860][D][ldc1314:436]: TRACE,1006710,940,928,975
[19:07:44.876][D][ldc1314:436]: TRACE,1006727,940,928,975
[19:07:44.892][D][ldc1314:436]: TRACE,1006743,940,928,975
[19:07:44.907][D][ldc1314:436]: TRACE,1006758,940,928,975
[19:07:44.960][D][ldc1314:436]: TRACE,1006772,940,928,974
[19:07:45.060][D][ldc1314:436]: TRACE,1006791,940,928,974
[19:07:45.060][D][ldc1314:436]: TRACE,1006801,940,928,974
[19:07:45.060][D][ldc1314:436]: TRACE,1006811,940,928,974
[19:07:45.060][D][ldc1314:436]: TRACE,1006821,940,928,974
[19:07:45.060][D][ldc1314:436]: TRACE,1006837,940,928,974
[19:07:45.060][D][ldc1314:436]: TRACE,1006847,940,928,974
[19:07:45.060][D][ldc1314:436]: TRACE,1006857,940,928,974
[19:07:45.060][D][ldc1314:436]: TRACE,1006867,940,928,974
[19:07:45.060][D][ldc1314:436]: TRACE,1006877,940,928,973
[19:07:45.060][D][ldc1314:436]: TRACE,1006887,941,928,973
[19:07:45.069][D][ldc1314:436]: TRACE,1006898,941,928,973
[19:07:45.069][D][ldc1314:436]: TRACE,1006908,941,928,973
[19:07:45.069][D][ldc1314:436]: TRACE,1006918,941,928,973
[19:07:45.085][D][ldc1314:436]: TRACE,1006929,941,928,973
[19:07:45.091][D][ldc1314:436]: TRACE,1006945,941,928,973
[19:07:45.106][D][ldc1314:436]: TRACE,1006958,941,928,973
[19:07:45.121][D][ldc1314:436]: TRACE,1006970,941,928,973
[19:07:45.148][D][ldc1314:436]: TRACE,1006985,941,928,973
[19:07:45.158][D][ldc1314:436]: TRACE,1007002,941,928,972
[19:07:45.167][D][ldc1314:436]: TRACE,1007012,941,928,972
[19:07:45.180][D][ldc1314:436]: TRACE,1007029,941,928,972
[19:07:45.196][D][ldc1314:436]: TRACE,1007046,941,928,972
[19:07:45.211][D][ldc1314:436]: TRACE,1007061,941,928,972
[19:07:45.226][D][ldc1314:436]: TRACE,1007076,942,928,972
[19:07:45.250][D][ldc1314:436]: TRACE,1007090,942,928,972
[19:07:45.261][D][ldc1314:436]: TRACE,1007108,942,928,972
[19:07:45.272][D][ldc1314:436]: TRACE,1007121,942,928,972
[19:07:45.287][D][ldc1314:436]: TRACE,1007137,942,928,972
[19:07:45.303][D][ldc1314:436]: TRACE,1007154,942,928,972
[19:07:45.318][D][ldc1314:436]: TRACE,1007169,942,928,971
[19:07:45.333][D][ldc1314:436]: TRACE,1007183,942,928,971
[19:07:45.357][D][ldc1314:436]: TRACE,1007198,942,928,971
[19:07:45.369][D][ldc1314:436]: TRACE,1007218,942,928,971
[19:07:45.384][D][ldc1314:436]: TRACE,1007234,942,928,971
[19:07:45.400][D][ldc1314:436]: TRACE,1007251,942,928,971
[19:07:45.415][D][ldc1314:436]: TRACE,1007266,942,928,971
[19:07:45.434][D][ldc1314:436]: TRACE,1007283,942,928,971
[19:07:45.443][D][ldc1314:436]: TRACE,1007297,942,928,971
[19:07:45.458][D][ldc1314:436]: TRACE,1007310,942,928,971
[19:07:45.470][D][ldc1314:436]: TRACE,1007323,942,928,971
[19:07:45.491][D][ldc1314:436]: TRACE,1007340,942,928,971
[19:07:45.587][D][ldc1314:436]: TRACE,1007356,942,928,970
[19:07:45.588][D][ldc1314:436]: TRACE,1007366,942,928,970
[19:07:45.588][D][ldc1314:436]: TRACE,1007376,942,928,970
[19:07:45.588][D][ldc1314:436]: TRACE,1007386,942,928,970
[19:07:45.588][D][ldc1314:436]: TRACE,1007397,942,928,970
[19:07:45.588][D][ldc1314:436]: TRACE,1007407,942,928,970
[19:07:45.588][D][ldc1314:436]: TRACE,1007417,942,928,970
[19:07:45.588][D][ldc1314:436]: TRACE,1007428,942,928,970
[19:07:45.598][D][ldc1314:436]: TRACE,1007441,943,928,970
[19:07:45.606][D][ldc1314:436]: TRACE,1007454,943,928,970
[19:07:45.616][D][ldc1314:436]: TRACE,1007466,943,928,970
[19:07:45.635][D][ldc1314:436]: TRACE,1007482,943,928,970
[19:07:45.660][D][ldc1314:436]: TRACE,1007500,943,928,970
[19:07:45.669][D][ldc1314:436]: TRACE,1007520,943,928,970
[19:07:45.679][D][ldc1314:436]: TRACE,1007529,943,928,970
[19:07:45.700][D][ldc1314:436]: TRACE,1007549,943,928,970
[19:07:45.714][D][ldc1314:436]: TRACE,1007565,943,928,970
[19:07:45.731][D][ldc1314:436]: TRACE,1007580,943,929,970
[19:07:45.745][D][ldc1314:436]: TRACE,1007596,943,928,970
[19:07:45.762][D][ldc1314:436]: TRACE,1007611,943,929,970
[19:07:45.772][D][ldc1314:436]: TRACE,1007625,943,929,970
[19:07:45.786][D][ldc1314:436]: TRACE,1007637,943,929,969
[19:07:45.806][D][ldc1314:436]: TRACE,1007657,943,929,969
[19:07:45.820][D][ldc1314:436]: TRACE,1007672,943,928,969
[19:07:45.837][D][ldc1314:436]: TRACE,1007687,943,928,969
[19:07:45.851][D][ldc1314:436]: TRACE,1007704,943,929,969
[19:07:45.869][D][ldc1314:436]: TRACE,1007716,943,929,969
[19:07:45.878][D][ldc1314:436]: TRACE,1007727,943,929,969
[19:07:45.893][D][ldc1314:436]: TRACE,1007743,943,929,969
[19:07:45.908][D][ldc1314:436]: TRACE,1007758,943,929,969
[19:07:45.928][D][ldc1314:436]: TRACE,1007778,943,928,969
[19:07:45.943][D][ldc1314:436]: TRACE,1007793,943,929,969
[19:07:45.966][D][ldc1314:436]: TRACE,1007808,943,929,969
[19:07:45.969][D][ldc1314:436]: TRACE,1007823,943,929,969
[19:07:45.985][D][ldc1314:436]: TRACE,1007835,943,929,969
[19:07:46.003][D][ldc1314:436]: TRACE,1007851,943,929,969
[19:07:46.016][D][ldc1314:436]: TRACE,1007866,943,929,969
[19:07:46.108][D][ldc1314:436]: TRACE,1007886,943,929,969
[19:07:46.108][D][ldc1314:436]: TRACE,1007896,943,929,969
[19:07:46.108][D][ldc1314:436]: TRACE,1007906,943,929,969
[19:07:46.108][D][ldc1314:436]: TRACE,1007916,943,929,969
[19:07:46.108][D][ldc1314:436]: TRACE,1007927,943,929,969
[19:07:46.108][D][ldc1314:436]: TRACE,1007936,943,929,969
[19:07:46.108][D][ldc1314:436]: TRACE,1007946,943,929,969
[19:07:46.108][D][ldc1314:436]: TRACE,1007956,943,929,969
[19:07:46.115][D][ldc1314:436]: TRACE,1007967,943,929,969
[19:07:46.132][D][ldc1314:436]: TRACE,1007981,943,929,969
[19:07:46.150][D][ldc1314:436]: TRACE,1007999,943,929,969
[19:07:46.171][D][ldc1314:436]: TRACE,1008015,943,929,969
[19:07:46.178][D][ldc1314:436]: TRACE,1008028,943,929,969
[19:07:46.189][D][ldc1314:436]: TRACE,1008040,943,929,969
[19:07:46.216][D][ldc1314:436]: TRACE,1008054,943,929,969
[19:07:46.226][D][ldc1314:436]: TRACE,1008066,943,929,969
[19:07:46.227][D][ldc1314:436]: TRACE,1008076,943,929,969
[19:07:46.238][D][ldc1314:436]: TRACE,1008090,943,929,969
[19:07:46.274][D][ldc1314:436]: TRACE,1008109,943,929,969
[19:07:46.281][D][ldc1314:436]: TRACE,1008124,943,929,969
[19:07:46.292][D][ldc1314:436]: TRACE,1008134,943,929,969
[19:07:46.295][D][ldc1314:436]: TRACE,1008148,943,929,969
[19:07:46.311][D][ldc1314:436]: TRACE,1008161,943,929,969
[19:07:46.326][D][ldc1314:436]: TRACE,1008176,943,929,969
[19:07:46.338][D][ldc1314:436]: TRACE,1008191,943,929,969
[19:07:46.358][D][ldc1314:436]: TRACE,1008203,943,929,969
[19:07:46.380][D][ldc1314:436]: TRACE,1008230,943,929,969
[19:07:46.392][D][ldc1314:436]: TRACE,1008241,943,929,969
[19:07:46.406][D][ldc1314:436]: TRACE,1008259,943,929,969
[19:07:46.420][D][ldc1314:436]: TRACE,1008273,943,929,969
[19:07:46.437][D][ldc1314:436]: TRACE,1008286,943,929,969
[19:07:46.453][D][ldc1314:436]: TRACE,1008303,943,929,969
[19:07:46.478][D][ldc1314:436]: TRACE,1008320,943,929,969
[19:07:46.481][D][ldc1314:436]: TRACE,1008334,943,929,969
[19:07:46.502][D][ldc1314:436]: TRACE,1008347,943,929,969
[19:07:46.516][D][ldc1314:436]: TRACE,1008366,943,929,969
[19:07:46.533][D][ldc1314:436]: TRACE,1008381,943,929,969
[19:07:46.630][D][ldc1314:436]: TRACE,1008398,943,929,969
[19:07:46.634][D][ldc1314:436]: TRACE,1008412,943,929,969
[19:07:46.634][D][ldc1314:436]: TRACE,1008422,943,929,969
[19:07:46.634][D][ldc1314:436]: TRACE,1008432,943,929,969
[19:07:46.634][D][ldc1314:436]: TRACE,1008442,943,929,969
[19:07:46.634][D][ldc1314:436]: TRACE,1008452,943,929,969
[19:07:46.640][D][ldc1314:436]: TRACE,1008463,943,929,969
[19:07:46.640][D][ldc1314:436]: TRACE,1008473,942,929,969
[19:07:46.640][D][ldc1314:436]: TRACE,1008483,942,929,969
[19:07:46.641][D][ldc1314:436]: TRACE,1008493,942,929,969
[19:07:46.657][D][ldc1314:436]: TRACE,1008507,942,929,969
[19:07:46.672][D][ldc1314:436]: TRACE,1008522,942,929,969
[19:07:46.688][D][ldc1314:436]: TRACE,1008537,942,929,969
[19:07:46.699][D][ldc1314:436]: TRACE,1008547,942,929,969
[19:07:46.715][D][ldc1314:436]: TRACE,1008563,942,929,969
[19:07:46.733][D][ldc1314:436]: TRACE,1008582,942,930,969
[19:07:46.750][D][ldc1314:436]: TRACE,1008598,942,930,969
[19:07:46.765][D][ldc1314:436]: TRACE,1008615,942,930,969
[19:07:46.785][D][ldc1314:436]: TRACE,1008630,942,930,969
[19:07:46.793][D][ldc1314:436]: TRACE,1008643,942,930,969
[19:07:46.805][D][ldc1314:436]: TRACE,1008655,942,930,969
[19:07:46.820][D][ldc1314:436]: TRACE,1008672,942,930,969
[19:07:46.835][D][ldc1314:436]: TRACE,1008687,942,930,969
[19:07:46.855][D][ldc1314:436]: TRACE,1008705,942,930,969
[19:07:46.869][D][ldc1314:436]: TRACE,1008720,942,930,969
[19:07:46.889][D][ldc1314:436]: TRACE,1008734,942,930,969
[19:07:46.896][D][ldc1314:436]: TRACE,1008748,942,930,969
[19:07:46.914][D][ldc1314:436]: TRACE,1008763,942,930,969
[19:07:46.925][D][ldc1314:436]: TRACE,1008777,942,930,969
[19:07:46.940][D][ldc1314:436]: TRACE,1008790,942,930,969
[19:07:46.954][D][ldc1314:436]: TRACE,1008805,942,930,969
[19:07:46.976][D][ldc1314:436]: TRACE,1008825,941,930,969
[19:07:46.994][D][ldc1314:436]: TRACE,1008840,941,930,969
[19:07:47.003][D][ldc1314:436]: TRACE,1008851,941,930,969
[19:07:47.015][D][ldc1314:436]: TRACE,1008867,941,930,969
[19:07:47.031][D][ldc1314:436]: TRACE,1008882,941,931,969
[19:07:47.046][D][ldc1314:436]: TRACE,1008897,941,931,969
[19:07:47.062][D][ldc1314:436]: TRACE,1008912,941,931,969
[19:07:47.157][D][ldc1314:436]: TRACE,1008929,941,931,969
[19:07:47.158][D][ldc1314:436]: TRACE,1008942,941,931,969
[19:07:47.158][D][ldc1314:436]: TRACE,1008952,941,931,969
[19:07:47.158][D][ldc1314:436]: TRACE,1008962,941,931,969
[19:07:47.158][D][ldc1314:436]: TRACE,1008972,941,931,969
[19:07:47.158][D][ldc1314:436]: TRACE,1008983,941,931,969
[19:07:47.158][D][ldc1314:436]: TRACE,1008993,941,931,969
[19:07:47.158][D][ldc1314:436]: TRACE,1009003,941,931,969
[19:07:47.165][D][ldc1314:436]: TRACE,1009013,941,931,969
[19:07:47.174][D][ldc1314:436]: TRACE,1009023,941,931,969
[19:07:47.197][D][ldc1314:436]: TRACE,1009045,940,931,969
[19:07:47.204][D][ldc1314:436]: TRACE,1009054,940,931,969
[19:07:47.220][D][ldc1314:436]: TRACE,1009070,940,932,969
[19:07:47.232][D][ldc1314:436]: TRACE,1009085,940,932,969
[19:07:47.248][D][ldc1314:436]: TRACE,1009099,940,932,969
[19:07:47.264][D][ldc1314:436]: TRACE,1009114,940,932,969
[19:07:47.279][D][ldc1314:436]: TRACE,1009129,940,932,969
[19:07:47.300][D][ldc1314:436]: TRACE,1009150,940,932,969
[19:07:47.312][D][ldc1314:436]: TRACE,1009160,940,932,969
[19:07:47.329][D][ldc1314:436]: TRACE,1009178,940,932,969
[19:07:47.343][D][ldc1314:436]: TRACE,1009193,940,932,969
[19:07:47.364][D][ldc1314:436]: TRACE,1009210,939,932,969
[19:07:47.381][D][ldc1314:436]: TRACE,1009231,939,932,969
[19:07:47.402][D][ldc1314:436]: TRACE,1009245,939,933,969
[19:07:47.412][D][ldc1314:436]: TRACE,1009262,939,933,969
[19:07:47.428][D][ldc1314:436]: TRACE,1009277,939,933,969
[19:07:47.444][D][ldc1314:436]: TRACE,1009294,939,933,969
[19:07:47.458][D][ldc1314:436]: TRACE,1009309,939,933,969
[19:07:47.472][D][ldc1314:436]: TRACE,1009325,939,933,969
[19:07:47.487][D][ldc1314:436]: TRACE,1009340,939,933,969
[19:07:47.504][D][ldc1314:436]: TRACE,1009353,939,933,969
[19:07:47.517][D][ldc1314:436]: TRACE,1009365,938,933,969
[19:07:47.535][D][ldc1314:436]: TRACE,1009389,938,934,969
[19:07:47.552][D][ldc1314:436]: TRACE,1009403,938,934,969
[19:07:47.569][D][ldc1314:436]: TRACE,1009419,938,934,969
[19:07:47.583][D][ldc1314:436]: TRACE,1009434,938,934,969
[19:07:47.684][D][ldc1314:436]: TRACE,1009451,938,934,969
[19:07:47.684][D][ldc1314:436]: TRACE,1009464,938,934,969
[19:07:47.684][D][ldc1314:436]: TRACE,1009474,938,934,969
[19:07:47.684][D][ldc1314:436]: TRACE,1009484,938,934,969
[19:07:47.684][D][ldc1314:436]: TRACE,1009496,938,934,969
[19:07:47.684][D][ldc1314:436]: TRACE,1009506,937,934,969
[19:07:47.684][D][ldc1314:436]: TRACE,1009516,937,935,969
[19:07:47.684][D][ldc1314:436]: TRACE,1009526,937,935,969
[19:07:47.693][D][ldc1314:436]: TRACE,1009536,937,935,969
[19:07:47.709][D][ldc1314:436]: TRACE,1009546,937,935,969
[19:07:47.710][D][ldc1314:436]: TRACE,1009558,937,935,969
[19:07:47.719][D][ldc1314:436]: TRACE,1009568,937,935,969
[19:07:47.735][D][ldc1314:436]: TRACE,1009585,937,935,969
[19:07:47.754][D][ldc1314:436]: TRACE,1009605,937,935,969
[19:07:47.769][D][ldc1314:436]: TRACE,1009619,937,935,969
[19:07:47.784][D][ldc1314:436]: TRACE,1009634,937,935,969
[19:07:47.797][D][ldc1314:436]: TRACE,1009649,937,936,969
[19:07:47.812][D][ldc1314:436]: TRACE,1009664,936,936,969
[19:07:47.826][D][ldc1314:436]: TRACE,1009674,936,936,969
[19:07:47.842][D][ldc1314:436]: TRACE,1009693,936,936,969
[19:07:47.856][D][ldc1314:436]: TRACE,1009707,936,936,969
[19:07:47.875][D][ldc1314:436]: TRACE,1009727,936,936,969
[19:07:47.891][D][ldc1314:436]: TRACE,1009742,936,936,969
[19:07:47.911][D][ldc1314:436]: TRACE,1009755,936,936,969
[19:07:47.918][D][ldc1314:436]: TRACE,1009770,936,936,969
[19:07:47.933][D][ldc1314:436]: TRACE,1009784,936,937,969
[19:07:47.948][D][ldc1314:436]: TRACE,1009798,936,937,969
[19:07:47.962][D][ldc1314:436]: TRACE,1009813,936,937,969
[19:07:47.983][D][ldc1314:436]: TRACE,1009833,935,937,969
[19:07:48.000][D][ldc1314:436]: TRACE,1009848,935,937,969
[19:07:48.017][D][ldc1314:436]: TRACE,1009865,935,937,969
[19:07:48.027][D][ldc1314:436]: TRACE,1009876,935,937,969
[19:07:48.044][D][ldc1314:436]: TRACE,1009893,935,937,969
[19:07:48.059][D][ldc1314:436]: TRACE,1009909,935,937,969
[19:07:48.072][D][ldc1314:436]: TRACE,1009924,935,937,969
[19:07:48.091][D][ldc1314:436]: TRACE,1009941,935,938,969
[19:07:48.206][D][ldc1314:436]: TRACE,1009956,935,938,969
[19:07:48.206][D][ldc1314:436]: TRACE,1009971,935,938,969
[19:07:48.206][D][ldc1314:436]: TRACE,1009982,935,938,969
[19:07:48.206][D][ldc1314:436]: TRACE,1009994,935,938,969
[19:07:48.206][D][ldc1314:436]: TRACE,1010004,935,938,969
[19:07:48.206][D][ldc1314:436]: TRACE,1010014,935,938,969
[19:07:48.206][D][ldc1314:436]: TRACE,1010024,935,938,969
[19:07:48.206][D][ldc1314:436]: TRACE,1010034,935,938,969
[19:07:48.206][D][ldc1314:436]: TRACE,1010044,934,938,969
[19:07:48.221][D][ldc1314:436]: TRACE,1010055,934,938,969
[19:07:48.221][D][ldc1314:436]: TRACE,1010066,934,938,969
[19:07:48.228][D][ldc1314:436]: TRACE,1010076,934,938,969
[19:07:48.240][D][ldc1314:436]: TRACE,1010089,934,938,969
[19:07:48.256][D][ldc1314:436]: TRACE,1010106,934,939,969
[19:07:48.271][D][ldc1314:436]: TRACE,1010121,934,939,969
[19:07:48.284][D][ldc1314:436]: TRACE,1010136,934,939,969
[19:07:48.300][D][ldc1314:436]: TRACE,1010150,934,939,969
[19:07:48.323][D][ldc1314:436]: TRACE,1010172,934,939,969
[19:07:48.337][D][ldc1314:436]: TRACE,1010184,934,939,969
[19:07:48.351][D][ldc1314:436]: TRACE,1010202,934,939,969
[19:07:48.373][D][ldc1314:436]: TRACE,1010217,934,939,969
[19:07:48.388][D][ldc1314:436]: TRACE,1010239,934,939,969
[19:07:48.404][D][ldc1314:436]: TRACE,1010254,934,939,969
[19:07:48.423][D][ldc1314:436]: TRACE,1010269,934,939,969
[19:07:48.431][D][ldc1314:436]: TRACE,1010282,934,939,969
[19:07:48.454][D][ldc1314:436]: TRACE,1010302,934,939,969
[19:07:48.466][D][ldc1314:436]: TRACE,1010316,934,939,969
[19:07:48.483][D][ldc1314:436]: TRACE,1010333,933,940,969
[19:07:48.498][D][ldc1314:436]: TRACE,1010348,933,940,969
[19:07:48.512][D][ldc1314:436]: TRACE,1010363,933,940,969
[19:07:48.527][D][ldc1314:436]: TRACE,1010378,933,940,969
[19:07:48.539][D][ldc1314:436]: TRACE,1010388,933,940,969
[19:07:48.559][D][ldc1314:436]: TRACE,1010409,933,940,969
[19:07:48.575][D][ldc1314:436]: TRACE,1010425,933,940,969
[19:07:48.591][D][ldc1314:436]: TRACE,1010441,933,940,969
[19:07:48.605][D][ldc1314:436]: TRACE,1010458,933,940,969
[19:07:48.631][D][ldc1314:436]: TRACE,1010472,933,940,969
[19:07:48.637][D][ldc1314:436]: TRACE,1010485,933,940,969
[19:07:48.733][D][ldc1314:436]: TRACE,1010497,933,940,969
[19:07:48.733][D][ldc1314:436]: TRACE,1010512,933,940,969
[19:07:48.733][D][ldc1314:436]: TRACE,1010522,933,940,969
[19:07:48.733][D][ldc1314:436]: TRACE,1010533,933,940,969
[19:07:48.733][D][ldc1314:436]: TRACE,1010543,933,940,969
[19:07:48.733][D][ldc1314:436]: TRACE,1010553,933,940,969
[19:07:48.733][D][ldc1314:436]: TRACE,1010564,933,940,969
[19:07:48.733][D][ldc1314:436]: TRACE,1010574,933,940,969
[19:07:48.738][D][ldc1314:436]: TRACE,1010590,933,940,969
[19:07:48.753][D][ldc1314:436]: TRACE,1010602,933,940,969
[19:07:48.766][D][ldc1314:436]: TRACE,1010615,933,940,969
[19:07:48.782][D][ldc1314:436]: TRACE,1010632,933,940,969
[19:07:48.794][D][ldc1314:436]: TRACE,1010645,933,940,969
[19:07:48.809][D][ldc1314:436]: TRACE,1010659,933,940,969
[19:07:48.834][D][ldc1314:436]: TRACE,1010674,933,940,969
[19:07:48.844][D][ldc1314:436]: TRACE,1010689,933,940,969
[19:07:48.860][D][ldc1314:436]: TRACE,1010699,933,940,969
[19:07:48.860][D][ldc1314:436]: TRACE,1010712,933,940,969
[19:07:48.872][D][ldc1314:436]: TRACE,1010721,933,940,969
[19:07:48.896][D][ldc1314:436]: TRACE,1010742,933,940,969
[19:07:48.902][D][ldc1314:436]: TRACE,1010752,933,940,969
[19:07:48.914][D][ldc1314:436]: TRACE,1010764,933,940,969
[19:07:48.934][D][ldc1314:436]: TRACE,1010781,933,940,969
[19:07:48.943][D][ldc1314:436]: TRACE,1010795,933,940,969
[19:07:48.956][D][ldc1314:436]: TRACE,1010807,933,940,969
[19:07:48.970][D][ldc1314:436]: TRACE,1010822,933,941,969
[19:07:48.985][D][ldc1314:436]: TRACE,1010837,933,941,969
[19:07:48.999][D][ldc1314:436]: TRACE,1010851,933,941,969
[19:07:49.019][D][ldc1314:436]: TRACE,1010868,933,941,969
[19:07:49.037][D][ldc1314:436]: TRACE,1010884,933,941,969
[19:07:49.049][D][ldc1314:436]: TRACE,1010898,933,941,969
[19:07:49.063][D][ldc1314:436]: TRACE,1010913,933,941,969
[19:07:49.079][D][ldc1314:436]: TRACE,1010930,933,941,969
[19:07:49.093][D][ldc1314:436]: TRACE,1010944,933,941,969
[19:07:49.107][D][ldc1314:436]: TRACE,1010959,933,941,969
[19:07:49.122][D][ldc1314:436]: TRACE,1010972,933,941,969
[19:07:49.143][D][ldc1314:436]: TRACE,1010991,932,941,969
[19:07:49.153][D][ldc1314:436]: TRACE,1011002,932,941,969
[19:07:49.253][D][ldc1314:436]: TRACE,1011018,932,941,969
[19:07:49.253][D][ldc1314:436]: TRACE,1011033,932,941,969
[19:07:49.253][D][ldc1314:436]: TRACE,1011043,932,941,969
[19:07:49.253][D][ldc1314:436]: TRACE,1011054,932,941,969
[19:07:49.253][D][ldc1314:436]: TRACE,1011064,932,941,969
[19:07:49.253][D][ldc1314:436]: TRACE,1011074,932,941,969
[19:07:49.253][D][ldc1314:436]: TRACE,1011084,932,941,969
[19:07:49.253][D][ldc1314:436]: TRACE,1011094,932,941,969
[19:07:49.261][D][ldc1314:436]: TRACE,1011107,932,941,969
[19:07:49.268][D][ldc1314:436]: TRACE,1011117,932,941,969
[19:07:49.283][D][ldc1314:436]: TRACE,1011133,932,941,969
[19:07:49.297][D][ldc1314:436]: TRACE,1011148,932,941,969
[19:07:49.312][D][ldc1314:436]: TRACE,1011163,932,941,969
[19:07:49.325][D][ldc1314:436]: TRACE,1011177,932,941,969
[19:07:49.344][D][ldc1314:436]: TRACE,1011192,932,941,969
[19:07:49.353][D][ldc1314:436]: TRACE,1011206,932,941,969
[19:07:49.378][D][ldc1314:436]: TRACE,1011222,932,941,969
[19:07:49.395][D][ldc1314:436]: TRACE,1011244,932,940,969
[19:07:49.408][D][ldc1314:436]: TRACE,1011260,932,940,969
[19:07:49.422][D][ldc1314:436]: TRACE,1011275,932,941,969
[19:07:49.447][D][ldc1314:436]: TRACE,1011289,932,940,969
[19:07:49.453][D][ldc1314:436]: TRACE,1011303,932,940,969
[19:07:49.466][D][ldc1314:436]: TRACE,1011314,932,940,969
[19:07:49.487][D][ldc1314:436]: TRACE,1011337,932,940,969
[19:07:49.502][D][ldc1314:436]: TRACE,1011352,932,940,969
[19:07:49.520][D][ldc1314:436]: TRACE,1011367,932,940,969
[19:07:49.532][D][ldc1314:436]: TRACE,1011384,932,940,969
[19:07:49.553][D][ldc1314:436]: TRACE,1011396,932,940,969
[19:07:49.561][D][ldc1314:436]: TRACE,1011407,932,940,969
[19:07:49.574][D][ldc1314:436]: TRACE,1011425,932,940,969
[19:07:49.590][D][ldc1314:436]: TRACE,1011441,932,940,969
[19:07:49.610][D][ldc1314:436]: TRACE,1011461,932,940,969
[19:07:49.628][D][ldc1314:436]: TRACE,1011476,932,940,969
[19:07:49.651][D][ldc1314:436]: TRACE,1011495,932,940,969
[19:07:49.658][D][ldc1314:436]: TRACE,1011512,932,940,969
[19:07:49.674][D][ldc1314:436]: TRACE,1011522,932,940,969
[19:07:49.687][D][ldc1314:436]: TRACE,1011539,932,940,970
[19:07:49.777][D][ldc1314:436]: TRACE,1011554,932,940,970
[19:07:49.778][D][ldc1314:436]: TRACE,1011565,932,940,970
[19:07:49.778][D][ldc1314:436]: TRACE,1011575,932,940,970
[19:07:49.778][D][ldc1314:436]: TRACE,1011585,932,940,970
[19:07:49.778][D][ldc1314:436]: TRACE,1011595,932,940,970
[19:07:49.783][D][ldc1314:436]: TRACE,1011605,932,940,970
[19:07:49.783][D][ldc1314:436]: TRACE,1011615,932,940,970
[19:07:49.783][D][ldc1314:436]: TRACE,1011625,932,940,970
[19:07:49.783][D][ldc1314:436]: TRACE,1011635,932,940,970
[19:07:49.795][D][ldc1314:436]: TRACE,1011646,932,940,970
[19:07:49.807][D][ldc1314:436]: TRACE,1011660,932,940,970
[19:07:49.828][D][ldc1314:436]: TRACE,1011678,932,940,970
[19:07:49.845][D][ldc1314:436]: TRACE,1011693,932,940,970
[19:07:49.863][D][ldc1314:436]: TRACE,1011708,932,940,970
[19:07:49.865][D][ldc1314:436]: TRACE,1011717,932,940,970
[19:07:49.880][D][ldc1314:436]: TRACE,1011730,932,940,970
[19:07:49.895][D][ldc1314:436]: TRACE,1011745,932,940,970
[19:07:49.911][D][ldc1314:436]: TRACE,1011762,932,939,970
[19:07:49.926][D][ldc1314:436]: TRACE,1011776,932,939,970
[19:07:49.959][D][ldc1314:436]: TRACE,1011797,932,939,970
[19:07:49.966][D][ldc1314:436]: TRACE,1011811,932,939,970
[19:07:49.975][D][ldc1314:436]: TRACE,1011824,932,939,970
[19:07:49.990][D][ldc1314:436]: TRACE,1011840,932,939,970
[19:07:50.006][D][ldc1314:436]: TRACE,1011857,932,939,970
[19:07:50.022][D][ldc1314:436]: TRACE,1011872,932,939,971
[19:07:50.038][D][ldc1314:436]: TRACE,1011887,932,939,971
[19:07:50.061][D][ldc1314:436]: TRACE,1011902,932,939,971
[19:07:50.069][D][ldc1314:436]: TRACE,1011918,932,939,971
[19:07:50.083][D][ldc1314:436]: TRACE,1011934,932,939,971
[19:07:50.098][D][ldc1314:436]: TRACE,1011949,932,939,971
[19:07:50.111][D][ldc1314:436]: TRACE,1011963,932,939,971
[19:07:50.127][D][ldc1314:436]: TRACE,1011977,932,939,971
[19:07:50.142][D][ldc1314:436]: TRACE,1011992,932,938,971
[19:07:50.163][D][ldc1314:436]: TRACE,1012006,932,938,971
[19:07:50.171][D][ldc1314:436]: TRACE,1012021,932,938,971
[19:07:50.185][D][ldc1314:436]: TRACE,1012036,932,938,971
[19:07:50.201][D][ldc1314:436]: TRACE,1012051,932,938,972
[19:07:50.303][D][ldc1314:436]: TRACE,1012067,932,938,972
[19:07:50.303][D][ldc1314:436]: TRACE,1012082,932,938,972
[19:07:50.303][D][ldc1314:436]: TRACE,1012093,932,938,972
[19:07:50.304][D][ldc1314:436]: TRACE,1012103,932,938,972
[19:07:50.304][D][ldc1314:436]: TRACE,1012113,932,938,972
[19:07:50.304][D][ldc1314:436]: TRACE,1012123,932,938,972
[19:07:50.311][D][ldc1314:436]: TRACE,1012136,932,938,972
[19:07:50.311][D][ldc1314:436]: TRACE,1012146,932,938,972
[19:07:50.311][D][ldc1314:436]: TRACE,1012155,932,938,972
[19:07:50.312][D][ldc1314:436]: TRACE,1012165,932,938,972
[19:07:50.329][D][ldc1314:436]: TRACE,1012179,932,938,972
[19:07:50.344][D][ldc1314:436]: TRACE,1012196,932,937,973
[19:07:50.370][D][ldc1314:436]: TRACE,1012210,932,937,973
[19:07:50.377][D][ldc1314:436]: TRACE,1012223,932,937,973
[19:07:50.395][D][ldc1314:436]: TRACE,1012245,932,937,973
[19:07:50.409][D][ldc1314:436]: TRACE,1012260,932,937,973
[19:07:50.425][D][ldc1314:436]: TRACE,1012275,932,937,973
[19:07:50.439][D][ldc1314:436]: TRACE,1012289,932,937,974
[19:07:50.453][D][ldc1314:436]: TRACE,1012304,932,937,974
[19:07:50.472][D][ldc1314:436]: TRACE,1012318,932,936,974
[19:07:50.480][D][ldc1314:436]: TRACE,1012328,932,936,974
[19:07:50.489][D][ldc1314:436]: TRACE,1012341,932,936,974
[19:07:50.508][D][ldc1314:436]: TRACE,1012360,932,936,974
[19:07:50.524][D][ldc1314:436]: TRACE,1012374,932,936,974
[19:07:50.541][D][ldc1314:436]: TRACE,1012389,932,936,974
[19:07:50.551][D][ldc1314:436]: TRACE,1012404,932,936,975
[19:07:50.575][D][ldc1314:436]: TRACE,1012418,932,936,975
[19:07:50.575][D][ldc1314:436]: TRACE,1012428,932,936,975
[19:07:50.588][D][ldc1314:436]: TRACE,1012440,932,936,975
[19:07:50.602][D][ldc1314:436]: TRACE,1012453,932,936,975
[19:07:50.621][D][ldc1314:436]: TRACE,1012473,932,935,975
[19:07:50.637][D][ldc1314:436]: TRACE,1012489,932,935,976
[19:07:50.652][D][ldc1314:436]: TRACE,1012503,932,935,976
[19:07:50.673][D][ldc1314:436]: TRACE,1012519,932,935,976
[19:07:50.681][D][ldc1314:436]: TRACE,1012532,932,935,976
[19:07:50.697][D][ldc1314:436]: TRACE,1012548,932,935,976
[19:07:50.713][D][ldc1314:436]: TRACE,1012563,932,935,976
[19:07:50.733][D][ldc1314:436]: TRACE,1012584,932,934,977
[19:07:50.825][D][ldc1314:436]: TRACE,1012598,932,934,977
[19:07:50.825][D][ldc1314:436]: TRACE,1012609,932,934,977
[19:07:50.826][D][ldc1314:436]: TRACE,1012619,932,934,977
[19:07:50.826][D][ldc1314:436]: TRACE,1012630,932,934,977
[19:07:50.826][D][ldc1314:436]: TRACE,1012640,932,934,977
[19:07:50.826][D][ldc1314:436]: TRACE,1012651,932,934,977
[19:07:50.826][D][ldc1314:436]: TRACE,1012661,932,934,977
[19:07:50.829][D][ldc1314:436]: TRACE,1012671,932,934,978
[19:07:50.829][D][ldc1314:436]: TRACE,1012681,932,934,978
[19:07:50.843][D][ldc1314:436]: TRACE,1012696,932,934,978
[19:07:50.861][D][ldc1314:436]: TRACE,1012710,932,934,978
[19:07:50.879][D][ldc1314:436]: TRACE,1012726,932,933,978
[19:07:50.890][D][ldc1314:436]: TRACE,1012740,932,933,978
[19:07:50.905][D][ldc1314:436]: TRACE,1012756,932,933,978
[19:07:50.922][D][ldc1314:436]: TRACE,1012770,932,933,978
[19:07:50.938][D][ldc1314:436]: TRACE,1012787,932,933,979
[19:07:50.953][D][ldc1314:436]: TRACE,1012802,932,933,979
[19:07:50.981][D][ldc1314:436]: TRACE,1012821,932,933,979
[19:07:50.989][D][ldc1314:436]: TRACE,1012837,932,933,979
[19:07:50.998][D][ldc1314:436]: TRACE,1012848,932,933,979
[19:07:51.014][D][ldc1314:436]: TRACE,1012863,932,932,979
[19:07:51.029][D][ldc1314:436]: TRACE,1012880,932,932,979
[19:07:51.044][D][ldc1314:436]: TRACE,1012895,932,932,980
[19:07:51.060][D][ldc1314:436]: TRACE,1012909,932,932,980
[19:07:51.082][D][ldc1314:436]: TRACE,1012931,932,932,980
[19:07:51.093][D][ldc1314:436]: TRACE,1012943,932,932,980
[19:07:51.106][D][ldc1314:436]: TRACE,1012957,932,932,980
[19:07:51.123][D][ldc1314:436]: TRACE,1012971,932,932,980
[19:07:51.140][D][ldc1314:436]: TRACE,1012988,932,932,980
[19:07:51.153][D][ldc1314:436]: TRACE,1013004,932,932,981
[19:07:51.174][D][ldc1314:436]: TRACE,1013020,932,931,981
[19:07:51.188][D][ldc1314:436]: TRACE,1013035,932,931,981
[19:07:51.202][D][ldc1314:436]: TRACE,1013051,932,931,981
[19:07:51.217][D][ldc1314:436]: TRACE,1013067,932,931,981
[19:07:51.231][D][ldc1314:436]: TRACE,1013082,932,931,981
[19:07:51.248][D][ldc1314:436]: TRACE,1013097,932,931,981
[19:07:51.350][D][ldc1314:436]: TRACE,1013113,932,931,981
[19:07:51.350][D][ldc1314:436]: TRACE,1013129,932,931,981
[19:07:51.350][D][ldc1314:436]: TRACE,1013138,932,931,981
[19:07:51.350][D][ldc1314:436]: TRACE,1013148,932,931,982
[19:07:51.350][D][ldc1314:436]: TRACE,1013160,932,931,982
[19:07:51.350][D][ldc1314:436]: TRACE,1013171,932,931,982
[19:07:51.350][D][ldc1314:436]: TRACE,1013181,932,931,982
[19:07:51.350][D][ldc1314:436]: TRACE,1013191,932,931,982
[19:07:51.358][D][ldc1314:436]: TRACE,1013201,932,930,982
[19:07:51.364][D][ldc1314:436]: TRACE,1013211,932,930,982
[19:07:51.393][D][ldc1314:436]: TRACE,1013224,932,930,982
[19:07:51.401][D][ldc1314:436]: TRACE,1013246,932,930,982
[19:07:51.410][D][ldc1314:436]: TRACE,1013258,932,930,982
[19:07:51.427][D][ldc1314:436]: TRACE,1013277,932,930,982
[19:07:51.444][D][ldc1314:436]: TRACE,1013292,932,930,982
[19:07:51.458][D][ldc1314:436]: TRACE,1013309,932,930,982
[19:07:51.472][D][ldc1314:436]: TRACE,1013323,932,930,982
[19:07:51.493][D][ldc1314:436]: TRACE,1013338,932,930,982
[19:07:51.500][D][ldc1314:436]: TRACE,1013352,932,930,982
[19:07:51.513][D][ldc1314:436]: TRACE,1013361,932,930,983
[19:07:51.533][D][ldc1314:436]: TRACE,1013383,932,930,983
[19:07:51.550][D][ldc1314:436]: TRACE,1013398,932,930,983
[19:07:51.564][D][ldc1314:436]: TRACE,1013414,932,930,983
[19:07:51.579][D][ldc1314:436]: TRACE,1013429,932,930,983
[19:07:51.598][D][ldc1314:436]: TRACE,1013446,932,930,983
[19:07:51.608][D][ldc1314:436]: TRACE,1013456,932,930,983
[19:07:51.623][D][ldc1314:436]: TRACE,1013472,932,929,983
[19:07:51.642][D][ldc1314:436]: TRACE,1013493,932,929,983
[19:07:51.659][D][ldc1314:436]: TRACE,1013508,932,929,983
[19:07:51.672][D][ldc1314:436]: TRACE,1013523,932,929,983
[19:07:51.697][D][ldc1314:436]: TRACE,1013538,932,929,983
[19:07:51.703][D][ldc1314:436]: TRACE,1013553,932,929,983
[19:07:51.716][D][ldc1314:436]: TRACE,1013565,932,929,983
[19:07:51.732][D][ldc1314:436]: TRACE,1013583,932,929,983
[19:07:51.747][D][ldc1314:436]: TRACE,1013597,932,929,983
[19:07:51.767][D][ldc1314:436]: TRACE,1013616,932,929,983
[19:07:51.781][D][ldc1314:436]: TRACE,1013632,932,929,983
[19:07:51.878][D][ldc1314:436]: TRACE,1013648,932,929,983
[19:07:51.878][D][ldc1314:436]: TRACE,1013659,932,929,983
[19:07:51.878][D][ldc1314:436]: TRACE,1013669,932,929,983
[19:07:51.878][D][ldc1314:436]: TRACE,1013680,932,929,983
[19:07:51.878][D][ldc1314:436]: TRACE,1013690,932,929,983
[19:07:51.878][D][ldc1314:436]: TRACE,1013700,932,929,983
[19:07:51.878][D][ldc1314:436]: TRACE,1013710,932,929,983
[19:07:51.878][D][ldc1314:436]: TRACE,1013720,932,929,983
[19:07:51.885][D][ldc1314:436]: TRACE,1013732,932,929,983
[19:07:51.905][D][ldc1314:436]: TRACE,1013742,932,929,983
[19:07:51.905][D][ldc1314:436]: TRACE,1013756,932,929,983
[19:07:51.917][D][ldc1314:436]: TRACE,1013766,932,929,983
[19:07:51.933][D][ldc1314:436]: TRACE,1013782,932,929,983
[19:07:51.949][D][ldc1314:436]: TRACE,1013797,932,929,983
[19:07:51.965][D][ldc1314:436]: TRACE,1013814,932,929,983
[19:07:51.978][D][ldc1314:436]: TRACE,1013828,932,929,983
[19:07:52.004][D][ldc1314:436]: TRACE,1013849,932,929,983
[19:07:52.012][D][ldc1314:436]: TRACE,1013862,932,929,983
[19:07:52.028][D][ldc1314:436]: TRACE,1013878,932,929,983
[19:07:52.043][D][ldc1314:436]: TRACE,1013893,932,929,984
[19:07:52.060][D][ldc1314:436]: TRACE,1013908,932,929,984
[19:07:52.074][D][ldc1314:436]: TRACE,1013925,932,929,984
[19:07:52.089][D][ldc1314:436]: TRACE,1013939,932,929,984
[19:07:52.109][D][ldc1314:436]: TRACE,1013961,932,929,984
[19:07:52.122][D][ldc1314:436]: TRACE,1013970,932,929,984
[19:07:52.140][D][ldc1314:436]: TRACE,1013988,932,929,984
[19:07:52.152][D][ldc1314:436]: TRACE,1014002,932,929,984
[19:07:52.167][D][ldc1314:436]: TRACE,1014017,932,928,984
[19:07:52.184][D][ldc1314:436]: TRACE,1014034,932,928,984
[19:07:52.209][D][ldc1314:436]: TRACE,1014049,932,928,984
[19:07:52.215][D][ldc1314:436]: TRACE,1014066,932,928,984
[19:07:52.229][D][ldc1314:436]: TRACE,1014078,932,928,984
[19:07:52.243][D][ldc1314:436]: TRACE,1014094,932,928,984
[19:07:52.258][D][ldc1314:436]: TRACE,1014109,932,928,984
[19:07:52.273][D][ldc1314:436]: TRACE,1014123,932,928,984
[19:07:52.286][D][ldc1314:436]: TRACE,1014139,933,928,984
[19:07:52.400][D][ldc1314:436]: TRACE,1014153,933,928,984
[19:07:52.400][D][ldc1314:436]: TRACE,1014167,933,928,984
[19:07:52.400][D][ldc1314:436]: TRACE,1014184,933,928,984
[19:07:52.400][D][ldc1314:436]: TRACE,1014193,933,928,984
[19:07:52.400][D][ldc1314:436]: TRACE,1014203,933,928,984
[19:07:52.400][D][ldc1314:436]: TRACE,1014213,933,928,984
[19:07:52.400][D][ldc1314:436]: TRACE,1014223,933,928,984
[19:07:52.400][D][ldc1314:436]: TRACE,1014233,933,928,984
[19:07:52.400][D][ldc1314:436]: TRACE,1014243,933,928,984
[19:07:52.417][D][ldc1314:436]: TRACE,1014253,933,928,983
[19:07:52.417][D][ldc1314:436]: TRACE,1014263,933,928,983
[19:07:52.426][D][ldc1314:436]: TRACE,1014274,933,928,983
[19:07:52.443][D][ldc1314:436]: TRACE,1014294,933,928,983
[19:07:52.459][D][ldc1314:436]: TRACE,1014308,933,928,983
[19:07:52.475][D][ldc1314:436]: TRACE,1014325,933,928,983
[19:07:52.488][D][ldc1314:436]: TRACE,1014338,933,928,983
[19:07:52.505][D][ldc1314:436]: TRACE,1014355,933,928,983
[19:07:52.519][D][ldc1314:436]: TRACE,1014370,933,928,983
[19:07:52.531][D][ldc1314:436]: TRACE,1014380,933,928,983
[19:07:52.550][D][ldc1314:436]: TRACE,1014401,933,928,983
[19:07:52.565][D][ldc1314:436]: TRACE,1014416,933,928,983
[19:07:52.581][D][ldc1314:436]: TRACE,1014433,933,928,983
[19:07:52.597][D][ldc1314:436]: TRACE,1014447,933,928,983
[19:07:52.618][D][ldc1314:436]: TRACE,1014463,933,928,983
[19:07:52.626][D][ldc1314:436]: TRACE,1014477,933,928,983
[19:07:52.642][D][ldc1314:436]: TRACE,1014493,933,928,983
[19:07:52.657][D][ldc1314:436]: TRACE,1014507,933,928,983
[19:07:52.678][D][ldc1314:436]: TRACE,1014528,933,928,983
[19:07:52.694][D][ldc1314:436]: TRACE,1014545,933,928,983
[19:07:52.710][D][ldc1314:436]: TRACE,1014560,934,928,983
[19:07:52.720][D][ldc1314:436]: TRACE,1014575,934,928,983
[19:07:52.733][D][ldc1314:436]: TRACE,1014585,934,928,983
[19:07:52.749][D][ldc1314:436]: TRACE,1014600,934,928,983
[19:07:52.766][D][ldc1314:436]: TRACE,1014615,934,928,983
[19:07:52.786][D][ldc1314:436]: TRACE,1014637,934,928,983
[19:07:52.802][D][ldc1314:436]: TRACE,1014652,934,928,983
[19:07:52.823][D][ldc1314:436]: TRACE,1014667,934,928,983
[19:07:52.828][D][ldc1314:436]: TRACE,1014682,934,928,983
[19:07:52.922][D][ldc1314:436]: TRACE,1014695,934,928,983
[19:07:52.923][D][ldc1314:436]: TRACE,1014707,934,928,983
[19:07:52.923][D][ldc1314:436]: TRACE,1014717,934,928,983
[19:07:52.923][D][ldc1314:436]: TRACE,1014727,934,928,983
[19:07:52.923][D][ldc1314:436]: TRACE,1014737,934,928,983
[19:07:52.928][D][ldc1314:436]: TRACE,1014747,934,928,983
[19:07:52.929][D][ldc1314:436]: TRACE,1014757,934,928,983
[19:07:52.929][D][ldc1314:436]: TRACE,1014767,934,928,983
[19:07:52.929][D][ldc1314:436]: TRACE,1014777,934,928,983
[19:07:52.940][D][ldc1314:436]: TRACE,1014788,934,928,982
[19:07:52.955][D][ldc1314:436]: TRACE,1014807,935,928,982
[19:07:52.971][D][ldc1314:436]: TRACE,1014822,935,928,982
[19:07:52.986][D][ldc1314:436]: TRACE,1014836,935,928,982
[19:07:53.001][D][ldc1314:436]: TRACE,1014851,935,928,982
[19:07:53.027][D][ldc1314:436]: TRACE,1014870,935,928,982
[19:07:53.038][D][ldc1314:436]: TRACE,1014886,935,928,982
[19:07:53.047][D][ldc1314:436]: TRACE,1014897,935,928,982
[19:07:53.062][D][ldc1314:436]: TRACE,1014913,935,928,982
[19:07:53.078][D][ldc1314:436]: TRACE,1014929,935,928,982
[19:07:53.094][D][ldc1314:436]: TRACE,1014944,935,928,982
[19:07:53.108][D][ldc1314:436]: TRACE,1014958,935,928,982
[19:07:53.131][D][ldc1314:436]: TRACE,1014973,935,928,982
[19:07:53.142][D][ldc1314:436]: TRACE,1014991,935,928,982
[19:07:53.157][D][ldc1314:436]: TRACE,1015007,935,928,981
[19:07:53.173][D][ldc1314:436]: TRACE,1015023,936,928,981
[19:07:53.188][D][ldc1314:436]: TRACE,1015038,936,928,981
[19:07:53.203][D][ldc1314:436]: TRACE,1015053,936,928,981
[19:07:53.221][D][ldc1314:436]: TRACE,1015070,936,928,981
[19:07:53.233][D][ldc1314:436]: TRACE,1015085,936,928,981
[19:07:53.248][D][ldc1314:436]: TRACE,1015097,936,928,981
[19:07:53.264][D][ldc1314:436]: TRACE,1015114,936,928,980
[19:07:53.279][D][ldc1314:436]: TRACE,1015129,936,928,980
[19:07:53.294][D][ldc1314:436]: TRACE,1015144,936,928,980
[19:07:53.311][D][ldc1314:436]: TRACE,1015161,936,928,980
[19:07:53.335][D][ldc1314:436]: TRACE,1015176,937,928,980
[19:07:53.341][D][ldc1314:436]: TRACE,1015191,937,928,980
[19:07:53.446][D][ldc1314:436]: TRACE,1015209,937,928,980
[19:07:53.447][D][ldc1314:436]: TRACE,1015224,937,928,980
[19:07:53.447][D][ldc1314:436]: TRACE,1015233,937,928,980
[19:07:53.447][D][ldc1314:436]: TRACE,1015244,937,928,979
[19:07:53.447][D][ldc1314:436]: TRACE,1015254,937,928,979
[19:07:53.447][D][ldc1314:436]: TRACE,1015264,937,928,979
[19:07:53.447][D][ldc1314:436]: TRACE,1015274,937,928,979
[19:07:53.454][D][ldc1314:436]: TRACE,1015284,937,928,979
[19:07:53.454][D][ldc1314:436]: TRACE,1015295,937,928,979
[19:07:53.454][D][ldc1314:436]: TRACE,1015304,937,928,979
[19:07:53.467][D][ldc1314:436]: TRACE,1015319,937,928,979
[19:07:53.481][D][ldc1314:436]: TRACE,1015331,937,928,979
[19:07:53.496][D][ldc1314:436]: TRACE,1015346,938,928,978
[19:07:53.510][D][ldc1314:436]: TRACE,1015361,938,928,978
[19:07:53.525][D][ldc1314:436]: TRACE,1015375,938,928,978
[19:07:53.543][D][ldc1314:436]: TRACE,1015390,938,928,978
[19:07:53.553][D][ldc1314:436]: TRACE,1015402,938,928,978
[19:07:53.570][D][ldc1314:436]: TRACE,1015418,938,928,978
[19:07:53.586][D][ldc1314:436]: TRACE,1015437,938,928,977
[19:07:53.603][D][ldc1314:436]: TRACE,1015453,938,928,977
[19:07:53.617][D][ldc1314:436]: TRACE,1015467,938,928,977
[19:07:53.642][D][ldc1314:436]: TRACE,1015482,938,928,977
[19:07:53.650][D][ldc1314:436]: TRACE,1015497,939,928,977
[19:07:53.663][D][ldc1314:436]: TRACE,1015510,939,928,977
[19:07:53.677][D][ldc1314:436]: TRACE,1015528,939,928,976
[19:07:53.691][D][ldc1314:436]: TRACE,1015542,939,928,976
[19:07:53.712][D][ldc1314:436]: TRACE,1015559,939,928,976
[19:07:53.727][D][ldc1314:436]: TRACE,1015577,939,928,976
[19:07:53.744][D][ldc1314:436]: TRACE,1015592,939,928,976
[19:07:53.760][D][ldc1314:436]: TRACE,1015607,939,928,976
[19:07:53.773][D][ldc1314:436]: TRACE,1015622,939,928,976
[19:07:53.787][D][ldc1314:436]: TRACE,1015638,939,928,975
[19:07:53.802][D][ldc1314:436]: TRACE,1015653,940,928,975
[19:07:53.827][D][ldc1314:436]: TRACE,1015674,940,928,975
[19:07:53.850][D][ldc1314:436]: TRACE,1015692,940,928,975
[19:07:53.859][D][ldc1314:436]: TRACE,1015708,940,928,975
[19:07:53.869][D][ldc1314:436]: TRACE,1015718,940,928,975
[19:07:53.883][D][ldc1314:436]: TRACE,1015734,940,928,974
[19:07:53.981][D][ldc1314:436]: TRACE,1015749,940,928,974
[19:07:53.982][D][ldc1314:436]: TRACE,1015759,940,928,974
[19:07:53.982][D][ldc1314:436]: TRACE,1015769,940,928,974
[19:07:53.982][D][ldc1314:436]: TRACE,1015780,940,928,974
[19:07:53.982][D][ldc1314:436]: TRACE,1015792,940,928,974
[19:07:53.982][D][ldc1314:436]: TRACE,1015801,940,928,974
[19:07:53.982][D][ldc1314:436]: TRACE,1015811,940,928,974
[19:07:53.989][D][ldc1314:436]: TRACE,1015822,940,928,974
[19:07:53.989][D][ldc1314:436]: TRACE,1015831,941,928,973
[19:07:53.989][D][ldc1314:436]: TRACE,1015842,941,928,973
[19:07:54.001][D][ldc1314:436]: TRACE,1015854,941,928,973
[19:07:54.019][D][ldc1314:436]: TRACE,1015868,941,928,973
[19:07:54.030][D][ldc1314:436]: TRACE,1015883,941,928,973
[19:07:54.051][D][ldc1314:436]: TRACE,1015901,941,928,973
[19:07:54.061][D][ldc1314:436]: TRACE,1015914,941,928,973
[19:07:54.076][D][ldc1314:436]: TRACE,1015926,941,928,973
[19:07:54.091][D][ldc1314:436]: TRACE,1015941,941,928,973
[19:07:54.106][D][ldc1314:436]: TRACE,1015956,941,928,973
[19:07:54.124][D][ldc1314:436]: TRACE,1015971,941,928,972
[19:07:54.137][D][ldc1314:436]: TRACE,1015988,941,928,972
[19:07:54.153][D][ldc1314:436]: TRACE,1016003,941,928,972
[19:07:54.169][D][ldc1314:436]: TRACE,1016021,941,928,972
[19:07:54.184][D][ldc1314:436]: TRACE,1016035,941,928,972
[19:07:54.200][D][ldc1314:436]: TRACE,1016050,941,928,972
[19:07:54.216][D][ldc1314:436]: TRACE,1016064,941,928,972
[19:07:54.229][D][ldc1314:436]: TRACE,1016079,942,928,972
[19:07:54.245][D][ldc1314:436]: TRACE,1016095,942,928,971
[19:07:54.259][D][ldc1314:436]: TRACE,1016110,942,928,971
[19:07:54.274][D][ldc1314:436]: TRACE,1016120,942,928,971
[19:07:54.291][D][ldc1314:436]: TRACE,1016142,942,928,971
[19:07:54.306][D][ldc1314:436]: TRACE,1016157,942,928,971
[19:07:54.321][D][ldc1314:436]: TRACE,1016172,942,928,971
[19:07:54.338][D][ldc1314:436]: TRACE,1016187,942,928,971
[19:07:54.358][D][ldc1314:436]: TRACE,1016202,942,928,971
[19:07:54.368][D][ldc1314:436]: TRACE,1016216,942,928,971
[19:07:54.380][D][ldc1314:436]: TRACE,1016229,942,928,971
[19:07:54.499][D][ldc1314:436]: TRACE,1016251,942,928,970
[19:07:54.499][D][ldc1314:436]: TRACE,1016273,942,928,970
[19:07:54.499][D][ldc1314:436]: TRACE,1016282,942,928,970
[19:07:54.500][D][ldc1314:436]: TRACE,1016292,942,928,970
[19:07:54.500][D][ldc1314:436]: TRACE,1016303,942,928,970
[19:07:54.500][D][ldc1314:436]: TRACE,1016313,942,928,970
[19:07:54.500][D][ldc1314:436]: TRACE,1016323,942,928,970
[19:07:54.500][D][ldc1314:436]: TRACE,1016333,942,928,970
[19:07:54.500][D][ldc1314:436]: TRACE,1016344,942,928,970
[19:07:54.507][D][ldc1314:436]: TRACE,1016355,942,928,970
[19:07:54.520][D][ldc1314:436]: TRACE,1016368,942,928,970
[19:07:54.535][D][ldc1314:436]: TRACE,1016385,942,928,970
[19:07:54.549][D][ldc1314:436]: TRACE,1016400,942,928,970
[19:07:54.569][D][ldc1314:436]: TRACE,1016415,942,928,970
[19:07:54.575][D][ldc1314:436]: TRACE,1016425,942,928,970
[19:07:54.589][D][ldc1314:436]: TRACE,1016441,943,928,970
[19:07:54.605][D][ldc1314:436]: TRACE,1016455,942,928,970
[19:07:54.624][D][ldc1314:436]: TRACE,1016472,943,928,970
[19:07:54.640][D][ldc1314:436]: TRACE,1016490,943,928,970
[19:07:54.664][D][ldc1314:436]: TRACE,1016505,943,928,970
[19:07:54.667][D][ldc1314:436]: TRACE,1016521,943,928,970
[19:07:54.682][D][ldc1314:436]: TRACE,1016533,943,928,969
[19:07:54.698][D][ldc1314:436]: TRACE,1016548,943,928,969
[19:07:54.714][D][ldc1314:436]: TRACE,1016563,943,928,969
[19:07:54.733][D][ldc1314:436]: TRACE,1016583,943,928,969
[19:07:54.747][D][ldc1314:436]: TRACE,1016598,943,928,969
[19:07:54.767][D][ldc1314:436]: TRACE,1016612,943,928,969
[19:07:54.774][D][ldc1314:436]: TRACE,1016625,943,928,969
[19:07:54.791][D][ldc1314:436]: TRACE,1016640,943,928,969
[19:07:54.807][D][ldc1314:436]: TRACE,1016657,943,928,969
[19:07:54.821][D][ldc1314:436]: TRACE,1016672,943,928,969
[19:07:54.843][D][ldc1314:436]: TRACE,1016694,943,928,969
[19:07:54.870][D][ldc1314:436]: TRACE,1016710,943,928,969
[19:07:54.878][D][ldc1314:436]: TRACE,1016725,943,928,969
[19:07:54.889][D][ldc1314:436]: TRACE,1016737,943,928,969
[19:07:54.899][D][ldc1314:436]: TRACE,1016753,943,928,969
[19:07:54.914][D][ldc1314:436]: TRACE,1016765,943,928,969
[19:07:54.930][D][ldc1314:436]: TRACE,1016779,943,928,969
[19:07:55.021][D][ldc1314:436]: TRACE,1016800,943,928,969
[19:07:55.021][D][ldc1314:436]: TRACE,1016809,943,928,969
[19:07:55.021][D][ldc1314:436]: TRACE,1016819,943,928,969
[19:07:55.021][D][ldc1314:436]: TRACE,1016829,943,928,969
[19:07:55.021][D][ldc1314:436]: TRACE,1016840,943,928,969
[19:07:55.021][D][ldc1314:436]: TRACE,1016850,943,928,969
[19:07:55.021][D][ldc1314:436]: TRACE,1016860,943,928,969
[19:07:55.021][D][ldc1314:436]: TRACE,1016870,943,928,969
[19:07:55.031][D][ldc1314:436]: TRACE,1016881,943,928,969
[19:07:55.046][D][ldc1314:436]: TRACE,1016896,943,928,969
[19:07:55.074][D][ldc1314:436]: TRACE,1016917,943,928,969
[19:07:55.083][D][ldc1314:436]: TRACE,1016932,943,929,969
[19:07:55.095][D][ldc1314:436]: TRACE,1016944,943,929,969
[19:07:55.110][D][ldc1314:436]: TRACE,1016960,943,929,969
[19:07:55.126][D][ldc1314:436]: TRACE,1016976,943,929,969
[19:07:55.142][D][ldc1314:436]: TRACE,1016992,943,929,969
[19:07:55.156][D][ldc1314:436]: TRACE,1017007,943,929,969
[19:07:55.177][D][ldc1314:436]: TRACE,1017021,943,929,969
[19:07:55.192][D][ldc1314:436]: TRACE,1017039,943,929,969
[19:07:55.207][D][ldc1314:436]: TRACE,1017056,943,929,969
[19:07:55.221][D][ldc1314:436]: TRACE,1017072,943,929,969
[19:07:55.235][D][ldc1314:436]: TRACE,1017088,943,929,969
[19:07:55.250][D][ldc1314:436]: TRACE,1017100,943,929,969
[19:07:55.268][D][ldc1314:436]: TRACE,1017117,943,929,969
[19:07:55.282][D][ldc1314:436]: TRACE,1017133,943,929,969
[19:07:55.295][D][ldc1314:436]: TRACE,1017143,943,929,969
[19:07:55.314][D][ldc1314:436]: TRACE,1017165,943,929,969
[19:07:55.329][D][ldc1314:436]: TRACE,1017180,943,929,969
[19:07:55.346][D][ldc1314:436]: TRACE,1017196,943,929,969
[19:07:55.361][D][ldc1314:436]: TRACE,1017211,943,929,969
[19:07:55.382][D][ldc1314:436]: TRACE,1017226,943,929,969
[19:07:55.390][D][ldc1314:436]: TRACE,1017241,943,929,969
[19:07:55.408][D][ldc1314:436]: TRACE,1017252,943,929,969
[19:07:55.430][D][ldc1314:436]: TRACE,1017277,943,929,969
[19:07:55.442][D][ldc1314:436]: TRACE,1017293,943,929,969
[19:07:55.544][D][ldc1314:436]: TRACE,1017307,943,929,969
[19:07:55.544][D][ldc1314:436]: TRACE,1017322,943,929,969
[19:07:55.544][D][ldc1314:436]: TRACE,1017332,942,929,969
[19:07:55.544][D][ldc1314:436]: TRACE,1017342,942,929,969
[19:07:55.544][D][ldc1314:436]: TRACE,1017353,942,929,969
[19:07:55.544][D][ldc1314:436]: TRACE,1017363,942,929,969
[19:07:55.544][D][ldc1314:436]: TRACE,1017373,942,929,969
[19:07:55.552][D][ldc1314:436]: TRACE,1017384,942,929,969
[19:07:55.552][D][ldc1314:436]: TRACE,1017394,942,929,969
[19:07:55.552][D][ldc1314:436]: TRACE,1017404,942,929,969
[19:07:55.566][D][ldc1314:436]: TRACE,1017417,942,929,969
[19:07:55.586][D][ldc1314:436]: TRACE,1017432,942,929,969
[19:07:55.593][D][ldc1314:436]: TRACE,1017444,942,929,969
[19:07:55.608][D][ldc1314:436]: TRACE,1017459,942,929,969
[19:07:55.623][D][ldc1314:436]: TRACE,1017473,942,929,969
[19:07:55.644][D][ldc1314:436]: TRACE,1017493,942,929,969
[19:07:55.659][D][ldc1314:436]: TRACE,1017509,942,929,969
[19:07:55.673][D][ldc1314:436]: TRACE,1017523,942,929,968
[19:07:55.688][D][ldc1314:436]: TRACE,1017540,942,929,969
[19:07:55.701][D][ldc1314:436]: TRACE,1017551,942,929,969
[19:07:55.716][D][ldc1314:436]: TRACE,1017567,942,930,969
[19:07:55.731][D][ldc1314:436]: TRACE,1017581,942,930,968
[19:07:55.751][D][ldc1314:436]: TRACE,1017601,942,930,969
[19:07:55.766][D][ldc1314:436]: TRACE,1017616,942,930,969
[19:07:55.791][D][ldc1314:436]: TRACE,1017631,942,930,968
[19:07:55.791][D][ldc1314:436]: TRACE,1017646,942,930,968
[19:07:55.806][D][ldc1314:436]: TRACE,1017656,942,930,969
[19:07:55.822][D][ldc1314:436]: TRACE,1017671,942,930,968
[19:07:55.837][D][ldc1314:436]: TRACE,1017687,942,930,969
[19:07:55.853][D][ldc1314:436]: TRACE,1017702,942,930,969
[19:07:55.872][D][ldc1314:436]: TRACE,1017721,942,930,969
[19:07:55.893][D][ldc1314:436]: TRACE,1017736,941,930,969
[19:07:55.900][D][ldc1314:436]: TRACE,1017751,941,930,968
[19:07:55.910][D][ldc1314:436]: TRACE,1017766,941,930,968
[19:07:55.928][D][ldc1314:436]: TRACE,1017778,941,930,968
[19:07:55.939][D][ldc1314:436]: TRACE,1017792,941,930,968
[19:07:55.955][D][ldc1314:436]: TRACE,1017805,941,930,968
[19:07:55.967][D][ldc1314:436]: TRACE,1017821,941,930,968
[19:07:56.070][D][ldc1314:436]: TRACE,1017837,941,930,968
[19:07:56.070][D][ldc1314:436]: TRACE,1017851,941,930,968
[19:07:56.070][D][ldc1314:436]: TRACE,1017861,941,931,968
[19:07:56.070][D][ldc1314:436]: TRACE,1017871,941,931,968
[19:07:56.070][D][ldc1314:436]: TRACE,1017882,941,931,968
[19:07:56.070][D][ldc1314:436]: TRACE,1017891,941,931,968
[19:07:56.070][D][ldc1314:436]: TRACE,1017901,941,931,968
[19:07:56.071][D][ldc1314:436]: TRACE,1017911,941,931,968
[19:07:56.079][D][ldc1314:436]: TRACE,1017921,941,931,968
[19:07:56.083][D][ldc1314:436]: TRACE,1017932,940,931,968
[19:07:56.101][D][ldc1314:436]: TRACE,1017948,940,931,968
[19:07:56.111][D][ldc1314:436]: TRACE,1017960,940,931,968
[19:07:56.127][D][ldc1314:436]: TRACE,1017976,940,931,968
[19:07:56.142][D][ldc1314:436]: TRACE,1017993,940,931,968
[19:07:56.157][D][ldc1314:436]: TRACE,1018008,940,931,968
[19:07:56.172][D][ldc1314:436]: TRACE,1018022,940,931,968
[19:07:56.190][D][ldc1314:436]: TRACE,1018039,940,932,968
[19:07:56.200][D][ldc1314:436]: TRACE,1018054,940,932,968
[19:07:56.220][D][ldc1314:436]: TRACE,1018070,940,932,968
[19:07:56.235][D][ldc1314:436]: TRACE,1018085,940,932,968
[19:07:56.251][D][ldc1314:436]: TRACE,1018102,940,932,968
[19:07:56.267][D][ldc1314:436]: TRACE,1018117,939,932,968
[19:07:56.282][D][ldc1314:436]: TRACE,1018134,939,932,968
[19:07:56.303][D][ldc1314:436]: TRACE,1018148,939,932,968
[19:07:56.310][D][ldc1314:436]: TRACE,1018161,939,932,968
[19:07:56.324][D][ldc1314:436]: TRACE,1018175,939,932,968
[19:07:56.345][D][ldc1314:436]: TRACE,1018195,939,932,968
[19:07:56.362][D][ldc1314:436]: TRACE,1018210,939,933,968
[19:07:56.377][D][ldc1314:436]: TRACE,1018227,939,933,968
[19:07:56.392][D][ldc1314:436]: TRACE,1018242,939,933,968
[19:07:56.413][D][ldc1314:436]: TRACE,1018257,938,933,968
[19:07:56.427][D][ldc1314:436]: TRACE,1018274,938,933,968
[19:07:56.441][D][ldc1314:436]: TRACE,1018292,938,933,968
[19:07:56.458][D][ldc1314:436]: TRACE,1018306,938,933,968
[19:07:56.477][D][ldc1314:436]: TRACE,1018326,938,933,968
[19:07:56.493][D][ldc1314:436]: TRACE,1018342,938,934,968
[19:07:56.593][D][ldc1314:436]: TRACE,1018359,938,934,968
[19:07:56.593][D][ldc1314:436]: TRACE,1018368,938,934,968
[19:07:56.593][D][ldc1314:436]: TRACE,1018382,938,934,968
[19:07:56.593][D][ldc1314:436]: TRACE,1018392,937,934,968
[19:07:56.593][D][ldc1314:436]: TRACE,1018402,937,934,968
[19:07:56.593][D][ldc1314:436]: TRACE,1018412,937,934,968
[19:07:56.593][D][ldc1314:436]: TRACE,1018422,937,934,968
[19:07:56.593][D][ldc1314:436]: TRACE,1018433,937,934,968
[19:07:56.610][D][ldc1314:436]: TRACE,1018444,937,934,968
[19:07:56.618][D][ldc1314:436]: TRACE,1018455,937,934,968
[19:07:56.618][D][ldc1314:436]: TRACE,1018468,937,934,968
[19:07:56.629][D][ldc1314:436]: TRACE,1018478,937,935,968
[19:07:56.645][D][ldc1314:436]: TRACE,1018496,937,935,968
[19:07:56.661][D][ldc1314:436]: TRACE,1018512,937,935,968
[19:07:56.676][D][ldc1314:436]: TRACE,1018526,937,935,968
[19:07:56.692][D][ldc1314:436]: TRACE,1018541,937,935,968
[19:07:56.714][D][ldc1314:436]: TRACE,1018561,936,935,968
[19:07:56.723][D][ldc1314:436]: TRACE,1018574,936,935,968
[19:07:56.734][D][ldc1314:436]: TRACE,1018587,936,935,968
[19:07:56.749][D][ldc1314:436]: TRACE,1018599,936,935,968
[19:07:56.765][D][ldc1314:436]: TRACE,1018615,936,936,968
[19:07:56.781][D][ldc1314:436]: TRACE,1018631,936,936,968
[19:07:56.796][D][ldc1314:436]: TRACE,1018647,936,936,968
[19:07:56.815][D][ldc1314:436]: TRACE,1018662,936,936,968
[19:07:56.829][D][ldc1314:436]: TRACE,1018678,936,936,968
[19:07:56.844][D][ldc1314:436]: TRACE,1018695,936,936,968
[19:07:56.860][D][ldc1314:436]: TRACE,1018710,935,936,968
[19:07:56.877][D][ldc1314:436]: TRACE,1018727,935,936,968
[19:07:56.893][D][ldc1314:436]: TRACE,1018741,935,937,968
[19:07:56.904][D][ldc1314:436]: TRACE,1018756,935,937,968
[19:07:56.918][D][ldc1314:436]: TRACE,1018769,935,937,968
[19:07:56.931][D][ldc1314:436]: TRACE,1018780,935,937,968
[19:07:56.949][D][ldc1314:436]: TRACE,1018796,935,937,968
[19:07:56.960][D][ldc1314:436]: TRACE,1018813,935,937,968
[19:07:56.976][D][ldc1314:436]: TRACE,1018827,935,937,968
[19:07:56.991][D][ldc1314:436]: TRACE,1018841,935,937,968
[19:07:57.019][D][ldc1314:436]: TRACE,1018856,935,937,968
[19:07:57.026][D][ldc1314:436]: TRACE,1018874,935,937,968
[19:07:57.117][D][ldc1314:436]: TRACE,1018887,935,937,968
[19:07:57.118][D][ldc1314:436]: TRACE,1018903,935,938,968
[19:07:57.118][D][ldc1314:436]: TRACE,1018912,935,938,968
[19:07:57.118][D][ldc1314:436]: TRACE,1018922,934,938,968
[19:07:57.118][D][ldc1314:436]: TRACE,1018932,934,938,968
[19:07:57.125][D][ldc1314:436]: TRACE,1018942,934,938,968
[19:07:57.126][D][ldc1314:436]: TRACE,1018953,935,938,969
[19:07:57.126][D][ldc1314:436]: TRACE,1018963,934,938,969
[19:07:57.126][D][ldc1314:436]: TRACE,1018973,934,938,969
[19:07:57.133][D][ldc1314:436]: TRACE,1018983,934,938,969
[19:07:57.148][D][ldc1314:436]: TRACE,1018999,934,938,969
[19:07:57.162][D][ldc1314:436]: TRACE,1019014,934,938,969
[19:07:57.181][D][ldc1314:436]: TRACE,1019033,934,938,969
[19:07:57.197][D][ldc1314:436]: TRACE,1019047,934,939,969
[19:07:57.224][D][ldc1314:436]: TRACE,1019061,934,939,969
[19:07:57.225][D][ldc1314:436]: TRACE,1019078,934,939,969
[19:07:57.240][D][ldc1314:436]: TRACE,1019089,934,939,969
[19:07:57.256][D][ldc1314:436]: TRACE,1019106,934,939,969
[19:07:57.270][D][ldc1314:436]: TRACE,1019120,934,939,969
[19:07:57.289][D][ldc1314:436]: TRACE,1019137,934,939,969
[19:07:57.304][D][ldc1314:436]: TRACE,1019154,934,939,969
[19:07:57.327][D][ldc1314:436]: TRACE,1019170,934,939,969
[19:07:57.331][D][ldc1314:436]: TRACE,1019183,934,939,969
[19:07:57.347][D][ldc1314:436]: TRACE,1019197,934,939,969
[19:07:57.361][D][ldc1314:436]: TRACE,1019212,934,939,969
[19:07:57.376][D][ldc1314:436]: TRACE,1019227,933,939,969
[19:07:57.392][D][ldc1314:436]: TRACE,1019241,933,939,969
[19:07:57.429][D][ldc1314:436]: TRACE,1019262,933,940,969
[19:07:57.437][D][ldc1314:436]: TRACE,1019283,933,940,969
[19:07:57.447][D][ldc1314:436]: TRACE,1019295,933,940,969
[19:07:57.460][D][ldc1314:436]: TRACE,1019312,933,940,969
[19:07:57.476][D][ldc1314:436]: TRACE,1019326,933,940,969
[19:07:57.491][D][ldc1314:436]: TRACE,1019341,933,940,969
[19:07:57.507][D][ldc1314:436]: TRACE,1019357,933,940,969
[19:07:57.531][D][ldc1314:436]: TRACE,1019372,933,940,969
[19:07:57.539][D][ldc1314:436]: TRACE,1019389,933,940,969
[19:07:57.642][D][ldc1314:436]: TRACE,1019406,933,940,969
[19:07:57.642][D][ldc1314:436]: TRACE,1019420,933,940,969
[19:07:57.642][D][ldc1314:436]: TRACE,1019430,933,940,969
[19:07:57.642][D][ldc1314:436]: TRACE,1019440,933,940,969
[19:07:57.642][D][ldc1314:436]: TRACE,1019450,933,940,969
[19:07:57.643][D][ldc1314:436]: TRACE,1019460,933,940,969
[19:07:57.643][D][ldc1314:436]: TRACE,1019470,933,940,969
[19:07:57.643][D][ldc1314:436]: TRACE,1019480,933,940,969
[19:07:57.648][D][ldc1314:436]: TRACE,1019491,933,940,969
[19:07:57.655][D][ldc1314:436]: TRACE,1019504,933,940,969
[19:07:57.667][D][ldc1314:436]: TRACE,1019517,933,940,969
[19:07:57.682][D][ldc1314:436]: TRACE,1019532,933,940,969
[19:07:57.703][D][ldc1314:436]: TRACE,1019549,933,940,969
[19:07:57.713][D][ldc1314:436]: TRACE,1019563,933,940,969
[19:07:57.737][D][ldc1314:436]: TRACE,1019578,933,940,969
[19:07:57.742][D][ldc1314:436]: TRACE,1019593,933,940,969
[19:07:57.763][D][ldc1314:436]: TRACE,1019614,933,940,969
[19:07:57.778][D][ldc1314:436]: TRACE,1019628,933,940,969
[19:07:57.792][D][ldc1314:436]: TRACE,1019645,933,940,969
[19:07:57.808][D][ldc1314:436]: TRACE,1019657,933,940,969
[19:07:57.841][D][ldc1314:436]: TRACE,1019674,933,940,969
[19:07:57.849][D][ldc1314:436]: TRACE,1019694,933,940,969
[19:07:57.855][D][ldc1314:436]: TRACE,1019704,933,940,969
[19:07:57.870][D][ldc1314:436]: TRACE,1019721,933,940,969
[19:07:57.885][D][ldc1314:436]: TRACE,1019735,933,940,969
[19:07:57.899][D][ldc1314:436]: TRACE,1019752,933,940,969
[19:07:57.914][D][ldc1314:436]: TRACE,1019764,933,940,969
[19:07:57.940][D][ldc1314:436]: TRACE,1019781,933,940,969
[19:07:57.949][D][ldc1314:436]: TRACE,1019798,933,940,969
[19:07:57.958][D][ldc1314:436]: TRACE,1019807,932,940,969
[19:07:57.974][D][ldc1314:436]: TRACE,1019825,932,940,969
[19:07:57.989][D][ldc1314:436]: TRACE,1019841,932,940,969
[19:07:58.005][D][ldc1314:436]: TRACE,1019856,932,940,969
[19:07:58.023][D][ldc1314:436]: TRACE,1019871,932,941,969
[19:07:58.044][D][ldc1314:436]: TRACE,1019888,932,940,969
[19:07:58.057][D][ldc1314:436]: TRACE,1019905,932,941,969
[19:07:58.067][D][ldc1314:436]: TRACE,1019917,932,941,969
[19:07:58.166][D][ldc1314:436]: TRACE,1019938,932,940,969
[19:07:58.166][D][ldc1314:436]: TRACE,1019951,932,941,969
[19:07:58.166][D][ldc1314:436]: TRACE,1019960,932,941,969
[19:07:58.166][D][ldc1314:436]: TRACE,1019970,932,940,969
[19:07:58.166][D][ldc1314:436]: TRACE,1019980,932,941,969
[19:07:58.166][D][ldc1314:436]: TRACE,1019990,932,940,969
[19:07:58.166][D][ldc1314:436]: TRACE,1020000,932,941,969
[19:07:58.167][D][ldc1314:436]: TRACE,1020011,932,941,969
[19:07:58.175][D][ldc1314:436]: TRACE,1020022,932,940,969
[19:07:58.182][D][ldc1314:436]: TRACE,1020031,932,940,969
[19:07:58.201][D][ldc1314:436]: TRACE,1020050,932,940,969
[19:07:58.215][D][ldc1314:436]: TRACE,1020065,932,940,969
[19:07:58.230][D][ldc1314:436]: TRACE,1020080,932,940,969
[19:07:58.248][D][ldc1314:436]: TRACE,1020096,932,940,969
[19:07:58.259][D][ldc1314:436]: TRACE,1020108,932,940,969
[19:07:58.273][D][ldc1314:436]: TRACE,1020124,932,940,969
[19:07:58.288][D][ldc1314:436]: TRACE,1020139,932,940,969
[19:07:58.309][D][ldc1314:436]: TRACE,1020159,932,940,969
[19:07:58.325][D][ldc1314:436]: TRACE,1020174,932,940,969
[19:07:58.351][D][ldc1314:436]: TRACE,1020189,932,940,969
[19:07:58.352][D][ldc1314:436]: TRACE,1020204,932,940,969
[19:07:58.363][D][ldc1314:436]: TRACE,1020215,932,940,969
[19:07:58.380][D][ldc1314:436]: TRACE,1020229,932,940,969
[19:07:58.395][D][ldc1314:436]: TRACE,1020246,932,940,969
[19:07:58.410][D][ldc1314:436]: TRACE,1020260,932,940,969
[19:07:58.438][D][ldc1314:436]: TRACE,1020280,932,940,969
[19:07:58.455][D][ldc1314:436]: TRACE,1020303,932,940,969
[19:07:58.465][D][ldc1314:436]: TRACE,1020314,932,940,969
[19:07:58.480][D][ldc1314:436]: TRACE,1020330,932,940,969
[19:07:58.496][D][ldc1314:436]: TRACE,1020346,932,940,969
[19:07:58.512][D][ldc1314:436]: TRACE,1020361,932,940,969
[19:07:58.526][D][ldc1314:436]: TRACE,1020376,932,940,969
[19:07:58.555][D][ldc1314:436]: TRACE,1020396,932,940,969
[19:07:58.564][D][ldc1314:436]: TRACE,1020411,932,940,969
[19:07:58.573][D][ldc1314:436]: TRACE,1020423,932,940,969
[19:07:58.589][D][ldc1314:436]: TRACE,1020438,932,940,969
[19:07:58.690][D][ldc1314:436]: TRACE,1020453,932,940,969
[19:07:58.691][D][ldc1314:436]: TRACE,1020468,932,940,969
[19:07:58.691][D][ldc1314:436]: TRACE,1020477,932,940,970
[19:07:58.691][D][ldc1314:436]: TRACE,1020487,932,940,970
[19:07:58.691][D][ldc1314:436]: TRACE,1020498,932,940,970
[19:07:58.691][D][ldc1314:436]: TRACE,1020510,932,940,970
[19:07:58.691][D][ldc1314:436]: TRACE,1020520,932,940,970
[19:07:58.691][D][ldc1314:436]: TRACE,1020530,932,940,970
[19:07:58.697][D][ldc1314:436]: TRACE,1020540,932,940,970
[19:07:58.704][D][ldc1314:436]: TRACE,1020550,932,940,970
[19:07:58.714][D][ldc1314:436]: TRACE,1020564,932,940,970
[19:07:58.732][D][ldc1314:436]: TRACE,1020579,932,940,970
[19:07:58.761][D][ldc1314:436]: TRACE,1020608,932,940,970
[19:07:58.773][D][ldc1314:436]: TRACE,1020622,932,940,970
[19:07:58.789][D][ldc1314:436]: TRACE,1020639,932,940,970
[19:07:58.803][D][ldc1314:436]: TRACE,1020653,932,940,970
[19:07:58.817][D][ldc1314:436]: TRACE,1020668,932,940,970
[19:07:58.833][D][ldc1314:436]: TRACE,1020685,932,940,970
[19:07:58.850][D][ldc1314:436]: TRACE,1020699,932,940,970
[19:07:58.872][D][ldc1314:436]: TRACE,1020717,932,940,970
[19:07:58.879][D][ldc1314:436]: TRACE,1020730,932,940,970
[19:07:58.893][D][ldc1314:436]: TRACE,1020745,932,940,970
[19:07:58.907][D][ldc1314:436]: TRACE,1020759,932,939,970
[19:07:58.927][D][ldc1314:436]: TRACE,1020772,932,939,970
[19:07:58.942][D][ldc1314:436]: TRACE,1020787,932,939,971
[19:07:58.948][D][ldc1314:436]: TRACE,1020799,932,939,971
[19:07:58.965][D][ldc1314:436]: TRACE,1020809,932,939,971
[19:07:58.977][D][ldc1314:436]: TRACE,1020825,932,939,971
[19:07:58.990][D][ldc1314:436]: TRACE,1020842,932,939,971
[19:07:59.006][D][ldc1314:436]: TRACE,1020857,932,939,971
[19:07:59.020][D][ldc1314:436]: TRACE,1020871,932,939,971
[19:07:59.039][D][ldc1314:436]: TRACE,1020886,932,939,971
[19:07:59.054][D][ldc1314:436]: TRACE,1020903,932,939,971
[19:07:59.067][D][ldc1314:436]: TRACE,1020920,932,939,971
[19:07:59.082][D][ldc1314:436]: TRACE,1020933,932,939,971
[19:07:59.103][D][ldc1314:436]: TRACE,1020953,932,939,971
[19:07:59.118][D][ldc1314:436]: TRACE,1020968,932,939,972
[19:07:59.214][D][ldc1314:436]: TRACE,1020985,932,939,972
[19:07:59.215][D][ldc1314:436]: TRACE,1020997,932,938,972
[19:07:59.215][D][ldc1314:436]: TRACE,1021008,932,938,972
[19:07:59.215][D][ldc1314:436]: TRACE,1021019,932,938,972
[19:07:59.215][D][ldc1314:436]: TRACE,1021029,932,938,972
[19:07:59.215][D][ldc1314:436]: TRACE,1021039,932,938,972
[19:07:59.215][D][ldc1314:436]: TRACE,1021049,932,938,972
[19:07:59.215][D][ldc1314:436]: TRACE,1021060,932,938,972
[19:07:59.225][D][ldc1314:436]: TRACE,1021072,932,938,972
[19:07:59.237][D][ldc1314:436]: TRACE,1021087,932,938,972
[19:07:59.254][D][ldc1314:436]: TRACE,1021104,932,938,972
[19:07:59.272][D][ldc1314:436]: TRACE,1021119,932,938,973
[19:07:59.282][D][ldc1314:436]: TRACE,1021133,932,938,973
[19:07:59.297][D][ldc1314:436]: TRACE,1021148,932,938,973
[19:07:59.311][D][ldc1314:436]: TRACE,1021162,932,937,973
[19:07:59.332][D][ldc1314:436]: TRACE,1021177,932,937,973
[19:07:59.344][D][ldc1314:436]: TRACE,1021195,932,937,973
[19:07:59.358][D][ldc1314:436]: TRACE,1021210,932,937,973
[19:07:59.375][D][ldc1314:436]: TRACE,1021225,932,937,974
[19:07:59.386][D][ldc1314:436]: TRACE,1021235,932,937,974
[19:07:59.402][D][ldc1314:436]: TRACE,1021251,932,937,974
[19:07:59.417][D][ldc1314:436]: TRACE,1021268,932,937,974
[19:07:59.439][D][ldc1314:436]: TRACE,1021283,932,937,974
[19:07:59.459][D][ldc1314:436]: TRACE,1021310,932,936,974
[19:07:59.478][D][ldc1314:436]: TRACE,1021324,932,936,974
[19:07:59.488][D][ldc1314:436]: TRACE,1021337,932,936,975
[19:07:59.504][D][ldc1314:436]: TRACE,1021353,932,936,975
[19:07:59.519][D][ldc1314:436]: TRACE,1021369,932,936,975
[19:07:59.536][D][ldc1314:436]: TRACE,1021385,932,936,975
[19:07:59.553][D][ldc1314:436]: TRACE,1021401,932,936,975
[19:07:59.566][D][ldc1314:436]: TRACE,1021416,932,936,975
[19:07:59.586][D][ldc1314:436]: TRACE,1021433,932,936,976
[19:07:59.597][D][ldc1314:436]: TRACE,1021446,932,935,976
[19:07:59.613][D][ldc1314:436]: TRACE,1021462,932,935,976
[19:07:59.628][D][ldc1314:436]: TRACE,1021477,932,935,976
[19:07:59.643][D][ldc1314:436]: TRACE,1021494,932,935,976
[19:07:59.739][D][ldc1314:436]: TRACE,1021508,932,935,976
[19:07:59.739][D][ldc1314:436]: TRACE,1021521,932,935,976
[19:07:59.739][D][ldc1314:436]: TRACE,1021531,932,935,977
[19:07:59.740][D][ldc1314:436]: TRACE,1021543,932,935,977
[19:07:59.740][D][ldc1314:436]: TRACE,1021554,932,935,977
[19:07:59.740][D][ldc1314:436]: TRACE,1021564,932,935,977
[19:07:59.740][D][ldc1314:436]: TRACE,1021574,932,934,977
[19:07:59.746][D][ldc1314:436]: TRACE,1021584,932,934,977
[19:07:59.746][D][ldc1314:436]: TRACE,1021594,932,934,977
[19:07:59.754][D][ldc1314:436]: TRACE,1021604,932,934,977
[19:07:59.770][D][ldc1314:436]: TRACE,1021620,932,934,978
[19:07:59.784][D][ldc1314:436]: TRACE,1021635,932,934,978
[19:07:59.802][D][ldc1314:436]: TRACE,1021653,932,934,978
[19:07:59.818][D][ldc1314:436]: TRACE,1021667,932,934,978
[19:07:59.830][D][ldc1314:436]: TRACE,1021681,932,934,978
[19:07:59.846][D][ldc1314:436]: TRACE,1021695,932,934,978
[19:07:59.862][D][ldc1314:436]: TRACE,1021712,932,934,978
[19:07:59.884][D][ldc1314:436]: TRACE,1021727,932,933,979
[19:07:59.891][D][ldc1314:436]: TRACE,1021742,932,933,979
[19:07:59.903][D][ldc1314:436]: TRACE,1021756,932,933,979
[19:07:59.923][D][ldc1314:436]: TRACE,1021771,932,933,979
[19:07:59.938][D][ldc1314:436]: TRACE,1021789,932,933,979
[19:07:59.952][D][ldc1314:436]: TRACE,1021803,932,933,979
[19:07:59.969][D][ldc1314:436]: TRACE,1021819,932,933,979
[19:07:59.986][D][ldc1314:436]: TRACE,1021834,932,933,980
[19:07:59.999][D][ldc1314:436]: TRACE,1021848,932,933,980
[19:08:00.014][D][ldc1314:436]: TRACE,1021864,932,932,980
[19:08:00.030][D][ldc1314:436]: TRACE,1021879,932,932,980
[19:08:00.051][D][ldc1314:436]: TRACE,1021899,932,932,980
[19:08:00.063][D][ldc1314:436]: TRACE,1021915,932,932,980
[19:08:00.088][D][ldc1314:436]: TRACE,1021931,932,932,981
[19:08:00.091][D][ldc1314:436]: TRACE,1021946,932,932,981
[19:08:00.106][D][ldc1314:436]: TRACE,1021956,932,932,981
[19:08:00.123][D][ldc1314:436]: TRACE,1021971,932,932,981
[19:08:00.137][D][ldc1314:436]: TRACE,1021988,932,932,981
[19:08:00.159][D][ldc1314:436]: TRACE,1022009,932,932,981
[19:08:00.263][D][ldc1314:436]: TRACE,1022024,932,932,981
[19:08:00.264][D][ldc1314:436]: TRACE,1022040,932,931,981
[19:08:00.264][D][ldc1314:436]: TRACE,1022050,932,931,981
[19:08:00.264][D][ldc1314:436]: TRACE,1022061,932,931,981
[19:08:00.264][D][ldc1314:436]: TRACE,1022072,932,931,981
[19:08:00.264][D][ldc1314:436]: TRACE,1022082,932,931,982
[19:08:00.264][D][ldc1314:436]: TRACE,1022092,932,931,982
[19:08:00.264][D][ldc1314:436]: TRACE,1022102,932,931,982
[19:08:00.264][D][ldc1314:436]: TRACE,1022112,932,931,982
[19:08:00.276][D][ldc1314:436]: TRACE,1022124,932,931,982
[19:08:00.293][D][ldc1314:436]: TRACE,1022140,932,931,982
[19:08:00.303][D][ldc1314:436]: TRACE,1022155,932,931,982
[19:08:00.317][D][ldc1314:436]: TRACE,1022167,932,931,982
[19:08:00.332][D][ldc1314:436]: TRACE,1022183,932,931,982
[19:08:00.347][D][ldc1314:436]: TRACE,1022197,932,931,982
[19:08:00.362][D][ldc1314:436]: TRACE,1022214,932,931,982
[19:08:00.378][D][ldc1314:436]: TRACE,1022228,932,930,982
[19:08:00.395][D][ldc1314:436]: TRACE,1022245,932,930,982
[19:08:00.407][D][ldc1314:436]: TRACE,1022259,932,930,982
[19:08:00.425][D][ldc1314:436]: TRACE,1022272,932,930,983
[19:08:00.444][D][ldc1314:436]: TRACE,1022289,932,930,983
[19:08:00.461][D][ldc1314:436]: TRACE,1022310,932,930,983
[19:08:00.475][D][ldc1314:436]: TRACE,1022325,932,930,983
[19:08:00.498][D][ldc1314:436]: TRACE,1022342,932,930,983
[19:08:00.506][D][ldc1314:436]: TRACE,1022354,932,930,983
[19:08:00.520][D][ldc1314:436]: TRACE,1022369,932,930,983
[19:08:00.536][D][ldc1314:436]: TRACE,1022386,932,930,983
[19:08:00.551][D][ldc1314:436]: TRACE,1022401,932,930,983
[19:08:00.567][D][ldc1314:436]: TRACE,1022417,932,930,983
[19:08:00.582][D][ldc1314:436]: TRACE,1022432,932,930,983
[19:08:00.600][D][ldc1314:436]: TRACE,1022446,932,930,983
[19:08:00.609][D][ldc1314:436]: TRACE,1022459,932,930,983
[19:08:00.628][D][ldc1314:436]: TRACE,1022476,932,930,983
[19:08:00.645][D][ldc1314:436]: TRACE,1022493,932,930,983
[19:08:00.660][D][ldc1314:436]: TRACE,1022510,932,930,983
[19:08:00.674][D][ldc1314:436]: TRACE,1022524,932,929,983
[19:08:00.689][D][ldc1314:436]: TRACE,1022539,932,929,983
[19:08:00.792][D][ldc1314:436]: TRACE,1022554,932,929,983
[19:08:00.793][D][ldc1314:436]: TRACE,1022566,932,929,983
[19:08:00.793][D][ldc1314:436]: TRACE,1022577,932,929,983
[19:08:00.793][D][ldc1314:436]: TRACE,1022588,932,929,983
[19:08:00.793][D][ldc1314:436]: TRACE,1022600,932,929,984
[19:08:00.793][D][ldc1314:436]: TRACE,1022610,932,929,984
[19:08:00.793][D][ldc1314:436]: TRACE,1022620,932,929,984
[19:08:00.809][D][ldc1314:436]: TRACE,1022630,932,929,984
[19:08:00.809][D][ldc1314:436]: TRACE,1022641,932,929,984
[19:08:00.809][D][ldc1314:436]: TRACE,1022651,932,929,984
[19:08:00.809][D][ldc1314:436]: TRACE,1022661,932,929,984
[19:08:00.821][D][ldc1314:436]: TRACE,1022673,932,929,984
[19:08:00.836][D][ldc1314:436]: TRACE,1022686,932,929,984
[19:08:00.855][D][ldc1314:436]: TRACE,1022706,932,929,984
[19:08:00.871][D][ldc1314:436]: TRACE,1022722,932,929,984
[19:08:00.886][D][ldc1314:436]: TRACE,1022736,932,929,984
[19:08:00.907][D][ldc1314:436]: TRACE,1022751,933,929,984
[19:08:00.917][D][ldc1314:436]: TRACE,1022764,933,929,984
[19:08:00.927][D][ldc1314:436]: TRACE,1022776,932,929,984
[19:08:00.939][D][ldc1314:436]: TRACE,1022791,932,929,984
[19:08:00.952][D][ldc1314:436]: TRACE,1022804,933,929,984
[19:08:00.972][D][ldc1314:436]: TRACE,1022821,933,929,984
[19:08:00.984][D][ldc1314:436]: TRACE,1022837,933,929,984
[19:08:01.015][D][ldc1314:436]: TRACE,1022850,933,929,984
[19:08:01.015][D][ldc1314:436]: TRACE,1022865,933,929,984
[19:08:01.026][D][ldc1314:436]: TRACE,1022875,933,929,984
[19:08:01.040][D][ldc1314:436]: TRACE,1022887,933,929,984
[19:08:01.049][D][ldc1314:436]: TRACE,1022899,933,929,984
[19:08:01.063][D][ldc1314:436]: TRACE,1022911,933,929,984
[19:08:01.081][D][ldc1314:436]: TRACE,1022926,933,929,984
[19:08:01.096][D][ldc1314:436]: TRACE,1022943,933,929,984
[19:08:01.111][D][ldc1314:436]: TRACE,1022961,933,929,984
[19:08:01.125][D][ldc1314:436]: TRACE,1022975,933,929,984
[19:08:01.137][D][ldc1314:436]: TRACE,1022989,933,929,984
[19:08:01.147][D][ldc1314:436]: TRACE,1023000,933,929,984
[19:08:01.164][D][ldc1314:436]: TRACE,1023013,933,929,984
[19:08:01.182][D][ldc1314:436]: TRACE,1023030,933,929,984
[19:08:01.195][D][ldc1314:436]: TRACE,1023045,933,929,984
[19:08:01.218][D][ldc1314:436]: TRACE,1023066,933,929,984
[19:08:01.313][D][ldc1314:436]: TRACE,1023076,933,929,984
[19:08:01.313][D][ldc1314:436]: TRACE,1023092,933,929,984
[19:08:01.313][D][ldc1314:436]: TRACE,1023102,933,929,984
[19:08:01.313][D][ldc1314:436]: TRACE,1023112,933,929,984
[19:08:01.313][D][ldc1314:436]: TRACE,1023123,933,929,984
[19:08:01.313][D][ldc1314:436]: TRACE,1023134,933,929,984
[19:08:01.313][D][ldc1314:436]: TRACE,1023144,933,929,984
[19:08:01.318][D][ldc1314:436]: TRACE,1023154,933,929,984
[19:08:01.318][D][ldc1314:436]: TRACE,1023164,933,929,984
[19:08:01.329][D][ldc1314:436]: TRACE,1023177,933,929,984
[19:08:01.345][D][ldc1314:436]: TRACE,1023195,933,929,984
[19:08:01.359][D][ldc1314:436]: TRACE,1023210,933,929,984
[19:08:01.371][D][ldc1314:436]: TRACE,1023224,933,929,984
[19:08:01.387][D][ldc1314:436]: TRACE,1023237,933,929,984
[19:08:01.400][D][ldc1314:436]: TRACE,1023252,933,929,984
[19:08:01.419][D][ldc1314:436]: TRACE,1023265,933,929,984
[19:08:01.434][D][ldc1314:436]: TRACE,1023283,933,929,984
[19:08:01.453][D][ldc1314:436]: TRACE,1023299,933,929,984
[19:08:01.468][D][ldc1314:436]: TRACE,1023319,933,929,984
[19:08:01.483][D][ldc1314:436]: TRACE,1023332,933,929,984
[19:08:01.498][D][ldc1314:436]: TRACE,1023348,933,929,984
[19:08:01.521][D][ldc1314:436]: TRACE,1023363,933,929,984
[19:08:01.527][D][ldc1314:436]: TRACE,1023378,933,929,984
[19:08:01.541][D][ldc1314:436]: TRACE,1023391,933,929,984
[19:08:01.562][D][ldc1314:436]: TRACE,1023413,933,929,984
[19:08:01.574][D][ldc1314:436]: TRACE,1023425,933,929,984
[19:08:01.587][D][ldc1314:436]: TRACE,1023440,933,929,984
[19:08:01.602][D][ldc1314:436]: TRACE,1023454,934,929,984
[19:08:01.624][D][ldc1314:436]: TRACE,1023469,934,929,983
[19:08:01.634][D][ldc1314:436]: TRACE,1023482,934,929,983
[19:08:01.643][D][ldc1314:436]: TRACE,1023492,934,929,983
[19:08:01.658][D][ldc1314:436]: TRACE,1023507,934,929,983
[19:08:01.679][D][ldc1314:436]: TRACE,1023528,934,929,983
[19:08:01.690][D][ldc1314:436]: TRACE,1023543,934,929,983
[19:08:01.703][D][ldc1314:436]: TRACE,1023555,934,929,983
[19:08:01.726][D][ldc1314:436]: TRACE,1023569,934,929,983
[19:08:01.735][D][ldc1314:436]: TRACE,1023584,934,929,983
[19:08:01.744][D][ldc1314:436]: TRACE,1023594,934,929,983
[19:08:01.835][D][ldc1314:436]: TRACE,1023610,934,929,983
[19:08:01.836][D][ldc1314:436]: TRACE,1023621,934,929,983
[19:08:01.836][D][ldc1314:436]: TRACE,1023632,934,929,983
[19:08:01.836][D][ldc1314:436]: TRACE,1023642,934,929,983
[19:08:01.836][D][ldc1314:436]: TRACE,1023652,934,929,983
[19:08:01.836][D][ldc1314:436]: TRACE,1023662,934,929,983
[19:08:01.843][D][ldc1314:436]: TRACE,1023672,934,929,983
[19:08:01.843][D][ldc1314:436]: TRACE,1023682,934,929,983
[19:08:01.843][D][ldc1314:436]: TRACE,1023692,934,929,983
[19:08:01.853][D][ldc1314:436]: TRACE,1023702,934,929,983
[19:08:01.868][D][ldc1314:436]: TRACE,1023717,935,929,983
[19:08:01.886][D][ldc1314:436]: TRACE,1023738,935,929,983
[19:08:01.905][D][ldc1314:436]: TRACE,1023753,935,929,983
[19:08:01.916][D][ldc1314:436]: TRACE,1023768,935,929,983
[19:08:01.931][D][ldc1314:436]: TRACE,1023781,935,929,983
[19:08:01.946][D][ldc1314:436]: TRACE,1023792,935,929,982
[19:08:01.959][D][ldc1314:436]: TRACE,1023811,935,929,982
[19:08:01.974][D][ldc1314:436]: TRACE,1023825,935,929,982
[19:08:01.995][D][ldc1314:436]: TRACE,1023844,935,929,982
[19:08:02.008][D][ldc1314:436]: TRACE,1023859,935,929,982
[19:08:02.033][D][ldc1314:436]: TRACE,1023873,935,929,982
[19:08:02.036][D][ldc1314:436]: TRACE,1023890,935,928,982
[19:08:02.051][D][ldc1314:436]: TRACE,1023901,935,929,982
[19:08:02.066][D][ldc1314:436]: TRACE,1023916,935,929,982
[19:08:02.080][D][ldc1314:436]: TRACE,1023931,935,928,982
[19:08:02.099][D][ldc1314:436]: TRACE,1023951,936,929,982
[19:08:02.114][D][ldc1314:436]: TRACE,1023965,936,928,982
[19:08:02.135][D][ldc1314:436]: TRACE,1023980,936,928,981
[19:08:02.145][D][ldc1314:436]: TRACE,1023994,936,929,981
[19:08:02.157][D][ldc1314:436]: TRACE,1024008,936,928,981
[19:08:02.173][D][ldc1314:436]: TRACE,1024022,936,928,981
[19:08:02.190][D][ldc1314:436]: TRACE,1024039,936,928,981
[19:08:02.213][D][ldc1314:436]: TRACE,1024061,936,929,981
[19:08:02.238][D][ldc1314:436]: TRACE,1024078,936,928,981
[19:08:02.247][D][ldc1314:436]: TRACE,1024093,937,929,980
[19:08:02.258][D][ldc1314:436]: TRACE,1024103,937,928,980
[19:08:02.359][D][ldc1314:436]: TRACE,1024123,937,928,980
[19:08:02.359][D][ldc1314:436]: TRACE,1024138,937,928,980
[19:08:02.359][D][ldc1314:436]: TRACE,1024147,937,928,980
[19:08:02.359][D][ldc1314:436]: TRACE,1024157,937,928,980
[19:08:02.361][D][ldc1314:436]: TRACE,1024170,937,928,980
[19:08:02.361][D][ldc1314:436]: TRACE,1024180,937,928,980
[19:08:02.361][D][ldc1314:436]: TRACE,1024190,937,928,980
[19:08:02.362][D][ldc1314:436]: TRACE,1024200,937,928,980
[19:08:02.369][D][ldc1314:436]: TRACE,1024210,937,928,979
[19:08:02.376][D][ldc1314:436]: TRACE,1024220,937,929,979
[19:08:02.386][D][ldc1314:436]: TRACE,1024235,937,929,979
[19:08:02.403][D][ldc1314:436]: TRACE,1024251,937,928,979
[19:08:02.418][D][ldc1314:436]: TRACE,1024268,938,929,979
[19:08:02.443][D][ldc1314:436]: TRACE,1024283,938,928,979
[19:08:02.459][D][ldc1314:436]: TRACE,1024300,938,929,979
[19:08:02.469][D][ldc1314:436]: TRACE,1024318,938,928,978
[19:08:02.486][D][ldc1314:436]: TRACE,1024336,938,928,978
[19:08:02.498][D][ldc1314:436]: TRACE,1024351,938,929,978
[19:08:02.514][D][ldc1314:436]: TRACE,1024365,938,929,978
[19:08:02.526][D][ldc1314:436]: TRACE,1024376,938,928,978
[19:08:02.545][D][ldc1314:436]: TRACE,1024389,938,928,978
[19:08:02.554][D][ldc1314:436]: TRACE,1024404,939,928,977
[19:08:02.573][D][ldc1314:436]: TRACE,1024423,939,929,977
[19:08:02.588][D][ldc1314:436]: TRACE,1024438,939,929,977
[19:08:02.602][D][ldc1314:436]: TRACE,1024453,939,929,977
[19:08:02.620][D][ldc1314:436]: TRACE,1024468,939,928,977
[19:08:02.635][D][ldc1314:436]: TRACE,1024485,939,928,977
[19:08:02.653][D][ldc1314:436]: TRACE,1024500,939,928,976
[19:08:02.661][D][ldc1314:436]: TRACE,1024510,939,928,976
[19:08:02.673][D][ldc1314:436]: TRACE,1024522,939,928,976
[19:08:02.693][D][ldc1314:436]: TRACE,1024542,939,928,976
[19:08:02.708][D][ldc1314:436]: TRACE,1024558,939,928,976
[19:08:02.724][D][ldc1314:436]: TRACE,1024572,939,928,976
[19:08:02.749][D][ldc1314:436]: TRACE,1024589,939,928,975
[19:08:02.756][D][ldc1314:436]: TRACE,1024604,940,928,975
[19:08:02.766][D][ldc1314:436]: TRACE,1024614,940,928,975
[19:08:02.784][D][ldc1314:436]: TRACE,1024631,940,928,975
[19:08:02.885][D][ldc1314:436]: TRACE,1024650,940,928,975
[19:08:02.885][D][ldc1314:436]: TRACE,1024666,940,928,975
[19:08:02.885][D][ldc1314:436]: TRACE,1024676,940,928,975
[19:08:02.885][D][ldc1314:436]: TRACE,1024686,940,928,974
[19:08:02.885][D][ldc1314:436]: TRACE,1024696,940,928,974
[19:08:02.885][D][ldc1314:436]: TRACE,1024706,940,928,974
[19:08:02.885][D][ldc1314:436]: TRACE,1024717,940,928,974
[19:08:02.885][D][ldc1314:436]: TRACE,1024727,940,928,974
[19:08:02.892][D][ldc1314:436]: TRACE,1024737,940,928,974
[19:08:02.900][D][ldc1314:436]: TRACE,1024747,940,928,974
[19:08:02.916][D][ldc1314:436]: TRACE,1024766,940,928,974
[19:08:02.930][D][ldc1314:436]: TRACE,1024782,941,928,973
[19:08:02.954][D][ldc1314:436]: TRACE,1024796,941,928,973
[19:08:02.954][D][ldc1314:436]: TRACE,1024809,941,928,973
[19:08:02.969][D][ldc1314:436]: TRACE,1024819,941,928,973
[19:08:02.985][D][ldc1314:436]: TRACE,1024834,941,928,973
[19:08:03.000][D][ldc1314:436]: TRACE,1024850,941,928,973
[19:08:03.016][D][ldc1314:436]: TRACE,1024865,941,928,973
[19:08:03.035][D][ldc1314:436]: TRACE,1024886,941,928,973
[19:08:03.056][D][ldc1314:436]: TRACE,1024900,941,928,973
[19:08:03.064][D][ldc1314:436]: TRACE,1024915,941,928,972
[19:08:03.077][D][ldc1314:436]: TRACE,1024929,941,928,972
[19:08:03.091][D][ldc1314:436]: TRACE,1024944,941,928,972
[19:08:03.104][D][ldc1314:436]: TRACE,1024958,941,928,972
[19:08:03.118][D][ldc1314:436]: TRACE,1024970,941,928,972
[19:08:03.133][D][ldc1314:436]: TRACE,1024983,941,928,972
[19:08:03.159][D][ldc1314:436]: TRACE,1025002,941,928,972
[19:08:03.165][D][ldc1314:436]: TRACE,1025016,942,928,972
[19:08:03.180][D][ldc1314:436]: TRACE,1025031,942,928,972
[19:08:03.196][D][ldc1314:436]: TRACE,1025045,942,928,971
[19:08:03.212][D][ldc1314:436]: TRACE,1025062,942,928,971
[19:08:03.228][D][ldc1314:436]: TRACE,1025077,942,928,971
[19:08:03.245][D][ldc1314:436]: TRACE,1025093,942,928,971
[19:08:03.266][D][ldc1314:436]: TRACE,1025116,942,928,971
[19:08:03.277][D][ldc1314:436]: TRACE,1025128,942,928,971
[19:08:03.296][D][ldc1314:436]: TRACE,1025146,942,928,971
[19:08:03.314][D][ldc1314:436]: TRACE,1025162,942,928,971
[19:08:03.409][D][ldc1314:436]: TRACE,1025176,942,928,971
[19:08:03.409][D][ldc1314:436]: TRACE,1025190,942,928,971
[19:08:03.409][D][ldc1314:436]: TRACE,1025200,942,928,971
[19:08:03.409][D][ldc1314:436]: TRACE,1025210,942,928,970
[19:08:03.409][D][ldc1314:436]: TRACE,1025220,942,928,970
[19:08:03.410][D][ldc1314:436]: TRACE,1025231,942,928,970
[19:08:03.410][D][ldc1314:436]: TRACE,1025241,942,928,970
[19:08:03.410][D][ldc1314:436]: TRACE,1025251,942,928,970
[19:08:03.410][D][ldc1314:436]: TRACE,1025261,942,928,970
[19:08:03.421][D][ldc1314:436]: TRACE,1025271,942,928,970
[19:08:03.438][D][ldc1314:436]: TRACE,1025288,942,928,970
[19:08:03.466][D][ldc1314:436]: TRACE,1025303,942,928,970
[19:08:03.472][D][ldc1314:436]: TRACE,1025321,943,928,970
[19:08:03.483][D][ldc1314:436]: TRACE,1025333,943,929,970
[19:08:03.503][D][ldc1314:436]: TRACE,1025352,943,929,970
[19:08:03.520][D][ldc1314:436]: TRACE,1025368,943,928,970
[19:08:03.535][D][ldc1314:436]: TRACE,1025385,943,929,970
[19:08:03.549][D][ldc1314:436]: TRACE,1025400,943,929,970
[19:08:03.568][D][ldc1314:436]: TRACE,1025414,943,929,970
[19:08:03.576][D][ldc1314:436]: TRACE,1025427,943,929,970
[19:08:03.593][D][ldc1314:436]: TRACE,1025441,943,929,970
[19:08:03.612][D][ldc1314:436]: TRACE,1025461,943,929,970
[19:08:03.626][D][ldc1314:436]: TRACE,1025476,943,929,970
[19:08:03.641][D][ldc1314:436]: TRACE,1025491,943,929,970
[19:08:03.656][D][ldc1314:436]: TRACE,1025506,943,929,970
[19:08:03.674][D][ldc1314:436]: TRACE,1025521,943,929,970
[19:08:03.684][D][ldc1314:436]: TRACE,1025533,943,929,969
[19:08:03.699][D][ldc1314:436]: TRACE,1025549,943,929,969
[19:08:03.720][D][ldc1314:436]: TRACE,1025571,943,929,969
[19:08:03.736][D][ldc1314:436]: TRACE,1025585,943,929,969
[19:08:03.751][D][ldc1314:436]: TRACE,1025601,943,929,969
[19:08:03.773][D][ldc1314:436]: TRACE,1025616,943,929,969
[19:08:03.781][D][ldc1314:436]: TRACE,1025632,943,929,969
[19:08:03.795][D][ldc1314:436]: TRACE,1025646,943,929,969
[19:08:03.811][D][ldc1314:436]: TRACE,1025661,943,929,969
[19:08:03.826][D][ldc1314:436]: TRACE,1025675,943,929,969
[19:08:03.934][D][ldc1314:436]: TRACE,1025695,943,929,969
[19:08:03.934][D][ldc1314:436]: TRACE,1025710,943,929,969
[19:08:03.934][D][ldc1314:436]: TRACE,1025720,943,929,969
[19:08:03.934][D][ldc1314:436]: TRACE,1025730,943,929,969
[19:08:03.934][D][ldc1314:436]: TRACE,1025740,943,929,969
[19:08:03.934][D][ldc1314:436]: TRACE,1025750,943,929,969
[19:08:03.934][D][ldc1314:436]: TRACE,1025760,943,929,969
[19:08:03.934][D][ldc1314:436]: TRACE,1025770,943,929,969
[19:08:03.938][D][ldc1314:436]: TRACE,1025780,943,929,969
[19:08:03.938][D][ldc1314:436]: TRACE,1025790,943,929,969
[19:08:03.954][D][ldc1314:436]: TRACE,1025802,943,929,969
[19:08:03.979][D][ldc1314:436]: TRACE,1025819,943,929,969
[19:08:03.989][D][ldc1314:436]: TRACE,1025832,943,929,969
[19:08:03.993][D][ldc1314:436]: TRACE,1025842,943,929,969
[19:08:04.009][D][ldc1314:436]: TRACE,1025860,943,929,969
[19:08:04.025][D][ldc1314:436]: TRACE,1025874,943,929,969
[19:08:04.039][D][ldc1314:436]: TRACE,1025891,943,929,969
[19:08:04.055][D][ldc1314:436]: TRACE,1025904,943,929,969
[19:08:04.080][D][ldc1314:436]: TRACE,1025925,943,929,969
[19:08:04.090][D][ldc1314:436]: TRACE,1025938,943,929,969
[19:08:04.110][D][ldc1314:436]: TRACE,1025950,943,929,969
[19:08:04.113][D][ldc1314:436]: TRACE,1025967,943,929,969
[19:08:04.129][D][ldc1314:436]: TRACE,1025978,943,929,969
[19:08:04.145][D][ldc1314:436]: TRACE,1025995,943,929,969
[19:08:04.157][D][ldc1314:436]: TRACE,1026010,943,929,969
[19:08:04.181][D][ldc1314:436]: TRACE,1026022,943,929,969
[19:08:04.189][D][ldc1314:436]: TRACE,1026037,943,929,969
[19:08:04.201][D][ldc1314:436]: TRACE,1026053,943,929,969
[19:08:04.217][D][ldc1314:436]: TRACE,1026067,943,929,969
[19:08:04.233][D][ldc1314:436]: TRACE,1026083,943,929,969
[19:08:04.247][D][ldc1314:436]: TRACE,1026097,943,929,969
[19:08:04.261][D][ldc1314:436]: TRACE,1026112,943,929,969
[19:08:04.283][D][ldc1314:436]: TRACE,1026127,943,929,969
[19:08:04.291][D][ldc1314:436]: TRACE,1026142,943,929,969
[19:08:04.310][D][ldc1314:436]: TRACE,1026161,943,929,969
[19:08:04.327][D][ldc1314:436]: TRACE,1026176,943,929,969
[19:08:04.341][D][ldc1314:436]: TRACE,1026193,943,929,969
[19:08:04.357][D][ldc1314:436]: TRACE,1026207,943,929,969
[19:08:04.457][D][ldc1314:436]: TRACE,1026222,943,929,969
[19:08:04.458][D][ldc1314:436]: TRACE,1026237,943,929,969
[19:08:04.458][D][ldc1314:436]: TRACE,1026247,943,929,969
[19:08:04.458][D][ldc1314:436]: TRACE,1026257,943,929,969
[19:08:04.458][D][ldc1314:436]: TRACE,1026269,943,929,969
[19:08:04.458][D][ldc1314:436]: TRACE,1026280,943,929,969
[19:08:04.458][D][ldc1314:436]: TRACE,1026290,943,929,969
[19:08:04.459][D][ldc1314:436]: TRACE,1026300,943,929,969
[19:08:04.464][D][ldc1314:436]: TRACE,1026310,943,929,969
[19:08:04.472][D][ldc1314:436]: TRACE,1026321,943,929,969
[19:08:04.489][D][ldc1314:436]: TRACE,1026337,943,929,969
[19:08:04.497][D][ldc1314:436]: TRACE,1026351,943,929,969
[19:08:04.512][D][ldc1314:436]: TRACE,1026363,943,929,969
[19:08:04.528][D][ldc1314:436]: TRACE,1026378,942,929,969
[19:08:04.548][D][ldc1314:436]: TRACE,1026397,942,929,969
[19:08:04.567][D][ldc1314:436]: TRACE,1026414,942,929,969
[19:08:04.577][D][ldc1314:436]: TRACE,1026430,942,929,969
[19:08:04.593][D][ldc1314:436]: TRACE,1026442,942,929,969
[19:08:04.605][D][ldc1314:436]: TRACE,1026455,942,929,969
[19:08:04.620][D][ldc1314:436]: TRACE,1026470,942,930,969
[19:08:04.635][D][ldc1314:436]: TRACE,1026485,942,930,969
[19:08:04.654][D][ldc1314:436]: TRACE,1026506,942,930,969
[19:08:04.669][D][ldc1314:436]: TRACE,1026519,942,930,969
[19:08:04.694][D][ldc1314:436]: TRACE,1026534,942,930,969
[19:08:04.699][D][ldc1314:436]: TRACE,1026551,942,930,969
[19:08:04.711][D][ldc1314:436]: TRACE,1026561,942,930,969
[19:08:04.727][D][ldc1314:436]: TRACE,1026576,942,930,969
[19:08:04.742][D][ldc1314:436]: TRACE,1026592,942,930,969
[19:08:04.762][D][ldc1314:436]: TRACE,1026612,942,930,969
[19:08:04.779][D][ldc1314:436]: TRACE,1026627,942,930,969
[19:08:04.796][D][ldc1314:436]: TRACE,1026644,942,930,969
[19:08:04.809][D][ldc1314:436]: TRACE,1026658,942,930,969
[19:08:04.825][D][ldc1314:436]: TRACE,1026673,942,930,969
[19:08:04.840][D][ldc1314:436]: TRACE,1026690,942,930,969
[19:08:04.853][D][ldc1314:436]: TRACE,1026704,942,930,969
[19:08:04.874][D][ldc1314:436]: TRACE,1026724,942,930,969
[19:08:04.980][D][ldc1314:436]: TRACE,1026739,941,930,969
[19:08:04.980][D][ldc1314:436]: TRACE,1026753,941,931,969
[19:08:04.980][D][ldc1314:436]: TRACE,1026765,941,931,969
[19:08:04.980][D][ldc1314:436]: TRACE,1026775,941,931,969
[19:08:04.980][D][ldc1314:436]: TRACE,1026785,941,931,969
[19:08:04.980][D][ldc1314:436]: TRACE,1026795,941,931,969
[19:08:04.980][D][ldc1314:436]: TRACE,1026805,941,931,969
[19:08:04.981][D][ldc1314:436]: TRACE,1026815,941,931,969
[19:08:04.981][D][ldc1314:436]: TRACE,1026825,941,931,969
[19:08:04.990][D][ldc1314:436]: TRACE,1026836,941,931,969
[19:08:05.007][D][ldc1314:436]: TRACE,1026849,941,931,969
[19:08:05.015][D][ldc1314:436]: TRACE,1026864,941,931,969
[19:08:05.030][D][ldc1314:436]: TRACE,1026879,941,931,969
[19:08:05.045][D][ldc1314:436]: TRACE,1026894,941,931,969
[19:08:05.059][D][ldc1314:436]: TRACE,1026911,941,931,969
[19:08:05.075][D][ldc1314:436]: TRACE,1026926,940,931,969
[19:08:05.103][D][ldc1314:436]: TRACE,1026946,940,932,969
[19:08:05.111][D][ldc1314:436]: TRACE,1026961,940,932,969
[19:08:05.122][D][ldc1314:436]: TRACE,1026971,940,932,969
[19:08:05.138][D][ldc1314:436]: TRACE,1026987,940,932,969
[19:08:05.148][D][ldc1314:436]: TRACE,1027001,940,932,969
[19:08:05.169][D][ldc1314:436]: TRACE,1027015,940,932,969
[19:08:05.176][D][ldc1314:436]: TRACE,1027030,940,932,969
[19:08:05.191][D][ldc1314:436]: TRACE,1027041,940,932,969
[19:08:05.206][D][ldc1314:436]: TRACE,1027056,940,932,969
[19:08:05.219][D][ldc1314:436]: TRACE,1027068,940,932,969
[19:08:05.234][D][ldc1314:436]: TRACE,1027084,940,932,969
[19:08:05.251][D][ldc1314:436]: TRACE,1027101,940,932,969
[19:08:05.264][D][ldc1314:436]: TRACE,1027115,939,932,969
[19:08:05.282][D][ldc1314:436]: TRACE,1027130,939,933,969
[19:08:05.298][D][ldc1314:436]: TRACE,1027147,939,933,969
[19:08:05.313][D][ldc1314:436]: TRACE,1027162,939,933,969
[19:08:05.328][D][ldc1314:436]: TRACE,1027178,939,933,969
[19:08:05.344][D][ldc1314:436]: TRACE,1027194,939,933,969
[19:08:05.361][D][ldc1314:436]: TRACE,1027210,939,933,969
[19:08:05.377][D][ldc1314:436]: TRACE,1027227,939,933,969
[19:08:05.391][D][ldc1314:436]: TRACE,1027241,938,933,969
[19:08:05.512][D][ldc1314:436]: TRACE,1027257,938,934,969
[19:08:05.518][D][ldc1314:436]: TRACE,1027271,938,934,969
[19:08:05.518][D][ldc1314:436]: TRACE,1027285,938,934,969
[19:08:05.518][D][ldc1314:436]: TRACE,1027295,938,934,969
[19:08:05.518][D][ldc1314:436]: TRACE,1027305,938,934,969
[19:08:05.519][D][ldc1314:436]: TRACE,1027315,938,934,969
[19:08:05.519][D][ldc1314:436]: TRACE,1027327,938,934,969
[19:08:05.519][D][ldc1314:436]: TRACE,1027338,938,934,969
[19:08:05.519][D][ldc1314:436]: TRACE,1027348,938,934,969
[19:08:05.525][D][ldc1314:436]: TRACE,1027359,938,934,969
[19:08:05.526][D][ldc1314:436]: TRACE,1027368,938,934,969
[19:08:05.530][D][ldc1314:436]: TRACE,1027378,938,934,969
[19:08:05.545][D][ldc1314:436]: TRACE,1027394,938,935,969
[19:08:05.560][D][ldc1314:436]: TRACE,1027412,937,935,969
[19:08:05.574][D][ldc1314:436]: TRACE,1027426,937,935,969
[19:08:05.591][D][ldc1314:436]: TRACE,1027441,937,935,969
[19:08:05.615][D][ldc1314:436]: TRACE,1027456,937,935,969
[19:08:05.626][D][ldc1314:436]: TRACE,1027471,937,935,969
[19:08:05.633][D][ldc1314:436]: TRACE,1027482,937,935,969
[19:08:05.651][D][ldc1314:436]: TRACE,1027501,937,935,969
[19:08:05.665][D][ldc1314:436]: TRACE,1027516,937,935,969
[19:08:05.684][D][ldc1314:436]: TRACE,1027531,937,935,969
[19:08:05.695][D][ldc1314:436]: TRACE,1027545,937,936,969
[19:08:05.718][D][ldc1314:436]: TRACE,1027562,936,936,969
[19:08:05.725][D][ldc1314:436]: TRACE,1027575,936,936,969
[19:08:05.738][D][ldc1314:436]: TRACE,1027589,936,936,969
[19:08:05.754][D][ldc1314:436]: TRACE,1027603,936,936,969
[19:08:05.775][D][ldc1314:436]: TRACE,1027623,936,936,969
[19:08:05.789][D][ldc1314:436]: TRACE,1027639,936,936,969
[19:08:05.801][D][ldc1314:436]: TRACE,1027653,936,936,969
[19:08:05.820][D][ldc1314:436]: TRACE,1027668,936,937,969
[19:08:05.829][D][ldc1314:436]: TRACE,1027679,936,937,969
[19:08:05.843][D][ldc1314:436]: TRACE,1027695,936,937,969
[19:08:05.859][D][ldc1314:436]: TRACE,1027708,936,937,969
[19:08:05.878][D][ldc1314:436]: TRACE,1027729,935,937,969
[19:08:05.894][D][ldc1314:436]: TRACE,1027744,935,937,969
[19:08:05.911][D][ldc1314:436]: TRACE,1027760,935,937,969
[19:08:05.924][D][ldc1314:436]: TRACE,1027776,935,937,969
[19:08:05.937][D][ldc1314:436]: TRACE,1027786,935,937,969
[19:08:06.030][D][ldc1314:436]: TRACE,1027802,935,937,969
[19:08:06.030][D][ldc1314:436]: TRACE,1027815,935,937,969
[19:08:06.030][D][ldc1314:436]: TRACE,1027825,935,938,969
[19:08:06.030][D][ldc1314:436]: TRACE,1027835,935,938,969
[19:08:06.031][D][ldc1314:436]: TRACE,1027847,935,938,969
[19:08:06.031][D][ldc1314:436]: TRACE,1027858,935,938,969
[19:08:06.031][D][ldc1314:436]: TRACE,1027868,935,938,969
[19:08:06.031][D][ldc1314:436]: TRACE,1027878,935,938,969
[19:08:06.042][D][ldc1314:436]: TRACE,1027892,935,938,969
[19:08:06.056][D][ldc1314:436]: TRACE,1027906,935,938,969
[19:08:06.070][D][ldc1314:436]: TRACE,1027921,935,938,969
[19:08:06.086][D][ldc1314:436]: TRACE,1027935,935,938,969
[19:08:06.105][D][ldc1314:436]: TRACE,1027954,934,938,969
[19:08:06.128][D][ldc1314:436]: TRACE,1027970,934,938,969
[19:08:06.135][D][ldc1314:436]: TRACE,1027985,934,939,969
[19:08:06.147][D][ldc1314:436]: TRACE,1027997,934,939,969
[19:08:06.163][D][ldc1314:436]: TRACE,1028014,934,939,969
[19:08:06.181][D][ldc1314:436]: TRACE,1028029,934,939,969
[19:08:06.193][D][ldc1314:436]: TRACE,1028043,934,939,969
[19:08:06.205][D][ldc1314:436]: TRACE,1028056,934,939,969
[19:08:06.229][D][ldc1314:436]: TRACE,1028075,934,939,969
[19:08:06.242][D][ldc1314:436]: TRACE,1028091,934,939,969
[19:08:06.257][D][ldc1314:436]: TRACE,1028107,934,939,969
[19:08:06.271][D][ldc1314:436]: TRACE,1028121,934,939,969
[19:08:06.286][D][ldc1314:436]: TRACE,1028136,934,939,969
[19:08:06.303][D][ldc1314:436]: TRACE,1028151,934,939,969
[19:08:06.318][D][ldc1314:436]: TRACE,1028168,934,939,969
[19:08:06.331][D][ldc1314:436]: TRACE,1028183,934,939,969
[19:08:06.350][D][ldc1314:436]: TRACE,1028202,934,939,969
[19:08:06.367][D][ldc1314:436]: TRACE,1028215,933,939,969
[19:08:06.384][D][ldc1314:436]: TRACE,1028233,933,940,969
[19:08:06.399][D][ldc1314:436]: TRACE,1028249,933,940,969
[19:08:06.416][D][ldc1314:436]: TRACE,1028266,933,940,969
[19:08:06.433][D][ldc1314:436]: TRACE,1028281,933,940,969
[19:08:06.444][D][ldc1314:436]: TRACE,1028294,933,940,969
[19:08:06.459][D][ldc1314:436]: TRACE,1028310,933,940,969
[19:08:06.559][D][ldc1314:436]: TRACE,1028329,933,940,969
[19:08:06.559][D][ldc1314:436]: TRACE,1028341,933,940,969
[19:08:06.559][D][ldc1314:436]: TRACE,1028351,933,940,969
[19:08:06.559][D][ldc1314:436]: TRACE,1028361,933,940,969
[19:08:06.560][D][ldc1314:436]: TRACE,1028371,933,940,969
[19:08:06.560][D][ldc1314:436]: TRACE,1028381,933,940,969
[19:08:06.560][D][ldc1314:436]: TRACE,1028391,933,940,969
[19:08:06.566][D][ldc1314:436]: TRACE,1028402,933,940,969
[19:08:06.566][D][ldc1314:436]: TRACE,1028413,933,940,969
[19:08:06.575][D][ldc1314:436]: TRACE,1028423,933,940,969
[19:08:06.592][D][ldc1314:436]: TRACE,1028442,933,940,969
[19:08:06.607][D][ldc1314:436]: TRACE,1028457,933,940,969
[19:08:06.624][D][ldc1314:436]: TRACE,1028473,933,940,969
[19:08:06.638][D][ldc1314:436]: TRACE,1028488,933,940,969
[19:08:06.651][D][ldc1314:436]: TRACE,1028501,933,940,969
[19:08:06.665][D][ldc1314:436]: TRACE,1028517,933,940,969
[19:08:06.680][D][ldc1314:436]: TRACE,1028532,933,940,969
[19:08:06.701][D][ldc1314:436]: TRACE,1028548,933,940,969
[19:08:06.711][D][ldc1314:436]: TRACE,1028564,933,940,969
[19:08:06.727][D][ldc1314:436]: TRACE,1028577,933,940,969
[19:08:06.741][D][ldc1314:436]: TRACE,1028591,933,940,969
[19:08:06.753][D][ldc1314:436]: TRACE,1028604,933,940,969
[19:08:06.767][D][ldc1314:436]: TRACE,1028618,933,940,969
[19:08:06.785][D][ldc1314:436]: TRACE,1028632,933,940,969
[19:08:06.803][D][ldc1314:436]: TRACE,1028653,933,940,969
[19:08:06.819][D][ldc1314:436]: TRACE,1028668,933,940,969
[19:08:06.843][D][ldc1314:436]: TRACE,1028685,933,940,969
[19:08:06.847][D][ldc1314:436]: TRACE,1028700,933,940,969
[19:08:06.863][D][ldc1314:436]: TRACE,1028712,933,940,969
[19:08:06.876][D][ldc1314:436]: TRACE,1028728,933,940,969
[19:08:06.888][D][ldc1314:436]: TRACE,1028740,933,941,969
[19:08:06.909][D][ldc1314:436]: TRACE,1028758,933,941,969
[19:08:06.926][D][ldc1314:436]: TRACE,1028775,933,940,969
[19:08:06.945][D][ldc1314:436]: TRACE,1028786,933,940,969
[19:08:06.945][D][ldc1314:436]: TRACE,1028800,933,941,969
[19:08:06.961][D][ldc1314:436]: TRACE,1028810,933,941,969
[19:08:06.974][D][ldc1314:436]: TRACE,1028825,933,941,969
[19:08:07.078][D][ldc1314:436]: TRACE,1028840,933,941,969
[19:08:07.079][D][ldc1314:436]: TRACE,1028855,933,941,969
[19:08:07.079][D][ldc1314:436]: TRACE,1028866,933,941,969
[19:08:07.079][D][ldc1314:436]: TRACE,1028876,932,941,969
[19:08:07.079][D][ldc1314:436]: TRACE,1028887,932,941,969
[19:08:07.079][D][ldc1314:436]: TRACE,1028897,932,941,969
[19:08:07.086][D][ldc1314:436]: TRACE,1028907,932,941,969
[19:08:07.086][D][ldc1314:436]: TRACE,1028917,932,941,969
[19:08:07.086][D][ldc1314:436]: TRACE,1028927,932,941,969
[19:08:07.086][D][ldc1314:436]: TRACE,1028937,932,941,969
[19:08:07.098][D][ldc1314:436]: TRACE,1028948,932,941,969
[19:08:07.112][D][ldc1314:436]: TRACE,1028962,932,941,969
[19:08:07.134][D][ldc1314:436]: TRACE,1028983,932,941,969
[19:08:07.149][D][ldc1314:436]: TRACE,1028999,932,941,969
[19:08:07.164][D][ldc1314:436]: TRACE,1029013,932,941,969
[19:08:07.175][D][ldc1314:436]: TRACE,1029027,932,941,969
[19:08:07.192][D][ldc1314:436]: TRACE,1029042,932,941,969
[19:08:07.207][D][ldc1314:436]: TRACE,1029056,932,941,969
[19:08:07.223][D][ldc1314:436]: TRACE,1029073,932,941,969
[19:08:07.239][D][ldc1314:436]: TRACE,1029088,932,941,969
[19:08:07.260][D][ldc1314:436]: TRACE,1029107,932,941,969
[19:08:07.270][D][ldc1314:436]: TRACE,1029119,932,941,969
[19:08:07.288][D][ldc1314:436]: TRACE,1029137,932,941,969
[19:08:07.302][D][ldc1314:436]: TRACE,1029152,932,941,969
[19:08:07.319][D][ldc1314:436]: TRACE,1029169,932,940,969
[19:08:07.333][D][ldc1314:436]: TRACE,1029184,932,940,969
[19:08:07.354][D][ldc1314:436]: TRACE,1029198,932,940,969
[19:08:07.363][D][ldc1314:436]: TRACE,1029213,932,940,969
[19:08:07.383][D][ldc1314:436]: TRACE,1029232,932,940,969
[19:08:07.397][D][ldc1314:436]: TRACE,1029248,932,940,969
[19:08:07.413][D][ldc1314:436]: TRACE,1029264,932,940,969
[19:08:07.430][D][ldc1314:436]: TRACE,1029279,932,940,969
[19:08:07.456][D][ldc1314:436]: TRACE,1029296,932,940,969
[19:08:07.464][D][ldc1314:436]: TRACE,1029313,932,940,969
[19:08:07.473][D][ldc1314:436]: TRACE,1029323,932,940,969
[19:08:07.500][D][ldc1314:436]: TRACE,1029344,932,940,969
[19:08:07.603][D][ldc1314:436]: TRACE,1029365,932,940,969
[19:08:07.603][D][ldc1314:436]: TRACE,1029382,932,940,969
[19:08:07.603][D][ldc1314:436]: TRACE,1029392,932,940,969
[19:08:07.603][D][ldc1314:436]: TRACE,1029402,932,940,969
[19:08:07.603][D][ldc1314:436]: TRACE,1029412,932,940,969
[19:08:07.603][D][ldc1314:436]: TRACE,1029422,932,940,969
[19:08:07.603][D][ldc1314:436]: TRACE,1029432,932,940,969
[19:08:07.603][D][ldc1314:436]: TRACE,1029442,932,940,969
[19:08:07.603][D][ldc1314:436]: TRACE,1029452,932,940,970
[19:08:07.615][D][ldc1314:436]: TRACE,1029464,932,940,970
[19:08:07.632][D][ldc1314:436]: TRACE,1029482,932,940,970
[19:08:07.647][D][ldc1314:436]: TRACE,1029496,932,940,970
[19:08:07.661][D][ldc1314:436]: TRACE,1029513,932,940,970
[19:08:07.675][D][ldc1314:436]: TRACE,1029524,932,940,970
[19:08:07.687][D][ldc1314:436]: TRACE,1029539,932,940,970
[19:08:07.703][D][ldc1314:436]: TRACE,1029554,932,940,970
[19:08:07.721][D][ldc1314:436]: TRACE,1029570,932,940,970
[19:08:07.737][D][ldc1314:436]: TRACE,1029586,932,940,970
[19:08:07.753][D][ldc1314:436]: TRACE,1029603,932,940,970
[19:08:07.764][D][ldc1314:436]: TRACE,1029618,932,940,970
[19:08:07.779][D][ldc1314:436]: TRACE,1029629,932,940,970
[19:08:07.795][D][ldc1314:436]: TRACE,1029643,932,940,970
[19:08:07.811][D][ldc1314:436]: TRACE,1029660,932,940,970
[19:08:07.822][D][ldc1314:436]: TRACE,1029675,932,940,970
[19:08:07.843][D][ldc1314:436]: TRACE,1029693,932,940,970
[19:08:07.870][D][ldc1314:436]: TRACE,1029707,932,939,970
[19:08:07.879][D][ldc1314:436]: TRACE,1029723,932,939,970
[19:08:07.883][D][ldc1314:436]: TRACE,1029733,932,939,971
[19:08:07.900][D][ldc1314:436]: TRACE,1029748,932,939,971
[19:08:07.916][D][ldc1314:436]: TRACE,1029765,932,939,971
[19:08:07.932][D][ldc1314:436]: TRACE,1029781,932,939,971
[19:08:07.951][D][ldc1314:436]: TRACE,1029801,932,939,971
[19:08:07.968][D][ldc1314:436]: TRACE,1029816,932,939,971
[19:08:07.979][D][ldc1314:436]: TRACE,1029829,932,939,971
[19:08:07.993][D][ldc1314:436]: TRACE,1029845,932,939,971
[19:08:08.009][D][ldc1314:436]: TRACE,1029859,932,939,971
[19:08:08.025][D][ldc1314:436]: TRACE,1029874,932,939,971
[19:08:08.127][D][ldc1314:436]: TRACE,1029891,932,939,971
[19:08:08.127][D][ldc1314:436]: TRACE,1029908,932,939,971
[19:08:08.127][D][ldc1314:436]: TRACE,1029918,932,939,971
[19:08:08.127][D][ldc1314:436]: TRACE,1029928,932,939,971
[19:08:08.128][D][ldc1314:436]: TRACE,1029938,932,939,972
[19:08:08.128][D][ldc1314:436]: TRACE,1029949,932,938,972
[19:08:08.128][D][ldc1314:436]: TRACE,1029959,932,938,972
[19:08:08.128][D][ldc1314:436]: TRACE,1029969,932,938,972
[19:08:08.128][D][ldc1314:436]: TRACE,1029979,932,938,972
[19:08:08.142][D][ldc1314:436]: TRACE,1029990,932,938,972
[19:08:08.159][D][ldc1314:436]: TRACE,1030006,932,938,972
[19:08:08.174][D][ldc1314:436]: TRACE,1030021,932,938,972
[19:08:08.187][D][ldc1314:436]: TRACE,1030036,932,938,972
[19:08:08.202][D][ldc1314:436]: TRACE,1030052,932,938,972
[19:08:08.217][D][ldc1314:436]: TRACE,1030066,932,938,972
[19:08:08.233][D][ldc1314:436]: TRACE,1030084,932,938,973
[19:08:08.248][D][ldc1314:436]: TRACE,1030099,932,938,973
[19:08:08.265][D][ldc1314:436]: TRACE,1030115,932,937,973
[19:08:08.278][D][ldc1314:436]: TRACE,1030130,932,937,973
[19:08:08.290][D][ldc1314:436]: TRACE,1030143,932,937,973
[19:08:08.311][D][ldc1314:436]: TRACE,1030161,932,937,973
[19:08:08.327][D][ldc1314:436]: TRACE,1030176,932,937,973
[19:08:08.343][D][ldc1314:436]: TRACE,1030193,932,937,974
[19:08:08.358][D][ldc1314:436]: TRACE,1030208,932,937,974
[19:08:08.378][D][ldc1314:436]: TRACE,1030225,932,937,974
[19:08:08.389][D][ldc1314:436]: TRACE,1030239,932,937,974
[19:08:08.404][D][ldc1314:436]: TRACE,1030254,932,936,974
[19:08:08.424][D][ldc1314:436]: TRACE,1030273,932,936,974
[19:08:08.441][D][ldc1314:436]: TRACE,1030289,932,936,974
[19:08:08.455][D][ldc1314:436]: TRACE,1030306,932,936,975
[19:08:08.480][D][ldc1314:436]: TRACE,1030321,932,936,975
[19:08:08.485][D][ldc1314:436]: TRACE,1030336,932,936,975
[19:08:08.506][D][ldc1314:436]: TRACE,1030348,932,936,975
[19:08:08.522][D][ldc1314:436]: TRACE,1030372,932,936,975
[19:08:08.537][D][ldc1314:436]: TRACE,1030387,932,936,975
[19:08:08.557][D][ldc1314:436]: TRACE,1030407,932,935,976
[19:08:08.652][D][ldc1314:436]: TRACE,1030421,932,935,976
[19:08:08.652][D][ldc1314:436]: TRACE,1030434,932,935,976
[19:08:08.652][D][ldc1314:436]: TRACE,1030444,932,935,976
[19:08:08.652][D][ldc1314:436]: TRACE,1030454,932,935,976
[19:08:08.652][D][ldc1314:436]: TRACE,1030464,932,935,976
[19:08:08.652][D][ldc1314:436]: TRACE,1030474,932,935,976
[19:08:08.652][D][ldc1314:436]: TRACE,1030484,932,935,977
[19:08:08.652][D][ldc1314:436]: TRACE,1030494,932,935,977
[19:08:08.652][D][ldc1314:436]: TRACE,1030504,932,935,977
[19:08:08.665][D][ldc1314:436]: TRACE,1030514,932,935,977
[19:08:08.685][D][ldc1314:436]: TRACE,1030531,932,934,977
[19:08:08.694][D][ldc1314:436]: TRACE,1030544,932,934,977
[19:08:08.707][D][ldc1314:436]: TRACE,1030560,932,934,977
[19:08:08.722][D][ldc1314:436]: TRACE,1030572,932,934,977
[19:08:08.736][D][ldc1314:436]: TRACE,1030587,932,934,978
[19:08:08.763][D][ldc1314:436]: TRACE,1030611,932,934,978
[19:08:08.787][D][ldc1314:436]: TRACE,1030633,932,934,978
[19:08:08.796][D][ldc1314:436]: TRACE,1030646,932,934,978
[19:08:08.811][D][ldc1314:436]: TRACE,1030662,932,934,978
[19:08:08.827][D][ldc1314:436]: TRACE,1030676,932,934,978
[19:08:08.841][D][ldc1314:436]: TRACE,1030691,932,933,979
[19:08:08.856][D][ldc1314:436]: TRACE,1030706,932,933,979
[19:08:08.872][D][ldc1314:436]: TRACE,1030721,932,933,979
[19:08:08.893][D][ldc1314:436]: TRACE,1030741,932,933,979
[19:08:08.903][D][ldc1314:436]: TRACE,1030753,932,933,979
[19:08:08.919][D][ldc1314:436]: TRACE,1030770,932,933,979
[19:08:08.935][D][ldc1314:436]: TRACE,1030785,932,933,980
[19:08:08.950][D][ldc1314:436]: TRACE,1030800,932,933,980
[19:08:08.964][D][ldc1314:436]: TRACE,1030813,932,932,980
[19:08:08.979][D][ldc1314:436]: TRACE,1030828,932,932,980
[19:08:08.995][D][ldc1314:436]: TRACE,1030845,932,932,980
[19:08:09.011][D][ldc1314:436]: TRACE,1030862,932,932,980
[19:08:09.026][D][ldc1314:436]: TRACE,1030877,932,932,980
[19:08:09.040][D][ldc1314:436]: TRACE,1030892,932,932,981
[19:08:09.053][D][ldc1314:436]: TRACE,1030905,932,932,981
[19:08:09.069][D][ldc1314:436]: TRACE,1030919,932,932,981
[19:08:09.176][D][ldc1314:436]: TRACE,1030935,932,932,981
[19:08:09.176][D][ldc1314:436]: TRACE,1030950,932,932,981
[19:08:09.176][D][ldc1314:436]: TRACE,1030961,932,932,981
[19:08:09.177][D][ldc1314:436]: TRACE,1030973,932,932,981
[19:08:09.177][D][ldc1314:436]: TRACE,1030983,932,932,981
[19:08:09.177][D][ldc1314:436]: TRACE,1030993,932,931,981
[19:08:09.177][D][ldc1314:436]: TRACE,1031003,932,931,981
[19:08:09.185][D][ldc1314:436]: TRACE,1031013,932,931,981
[19:08:09.185][D][ldc1314:436]: TRACE,1031024,932,931,981
[19:08:09.185][D][ldc1314:436]: TRACE,1031034,932,931,982
[19:08:09.196][D][ldc1314:436]: TRACE,1031048,932,931,982
[19:08:09.210][D][ldc1314:436]: TRACE,1031059,932,931,982
[19:08:09.225][D][ldc1314:436]: TRACE,1031075,932,931,982
[19:08:09.243][D][ldc1314:436]: TRACE,1031091,932,931,982
[19:08:09.260][D][ldc1314:436]: TRACE,1031107,932,931,982
[19:08:09.279][D][ldc1314:436]: TRACE,1031124,932,931,982
[19:08:09.288][D][ldc1314:436]: TRACE,1031140,932,931,982
[19:08:09.304][D][ldc1314:436]: TRACE,1031154,932,931,982
[19:08:09.315][D][ldc1314:436]: TRACE,1031165,932,931,982
[19:08:09.330][D][ldc1314:436]: TRACE,1031181,932,930,982
[19:08:09.344][D][ldc1314:436]: TRACE,1031194,932,930,982
[19:08:09.363][D][ldc1314:436]: TRACE,1031213,932,930,983
[19:08:09.378][D][ldc1314:436]: TRACE,1031228,932,930,983
[19:08:09.401][D][ldc1314:436]: TRACE,1031243,932,930,983
[19:08:09.406][D][ldc1314:436]: TRACE,1031258,932,930,983
[19:08:09.421][D][ldc1314:436]: TRACE,1031271,932,930,983
[19:08:09.436][D][ldc1314:436]: TRACE,1031286,932,930,983
[19:08:09.453][D][ldc1314:436]: TRACE,1031301,932,930,983
[19:08:09.471][D][ldc1314:436]: TRACE,1031321,932,930,983
[19:08:09.487][D][ldc1314:436]: TRACE,1031336,932,930,983
[19:08:09.504][D][ldc1314:436]: TRACE,1031352,932,930,983
[19:08:09.519][D][ldc1314:436]: TRACE,1031369,932,930,983
[19:08:09.536][D][ldc1314:436]: TRACE,1031385,932,930,983
[19:08:09.551][D][ldc1314:436]: TRACE,1031401,932,930,983
[19:08:09.565][D][ldc1314:436]: TRACE,1031416,932,930,983
[19:08:09.586][D][ldc1314:436]: TRACE,1031435,932,930,983
[19:08:09.605][D][ldc1314:436]: TRACE,1031451,932,929,983
[19:08:09.700][D][ldc1314:436]: TRACE,1031467,932,929,983
[19:08:09.700][D][ldc1314:436]: TRACE,1031480,932,929,983
[19:08:09.700][D][ldc1314:436]: TRACE,1031489,932,929,983
[19:08:09.701][D][ldc1314:436]: TRACE,1031499,932,929,983
[19:08:09.701][D][ldc1314:436]: TRACE,1031509,932,929,983
[19:08:09.701][D][ldc1314:436]: TRACE,1031520,932,929,983
[19:08:09.701][D][ldc1314:436]: TRACE,1031530,932,929,983
[19:08:09.701][D][ldc1314:436]: TRACE,1031541,932,929,983
[19:08:09.716][D][ldc1314:436]: TRACE,1031551,932,929,984
[19:08:09.716][D][ldc1314:436]: TRACE,1031563,932,929,984
[19:08:09.723][D][ldc1314:436]: TRACE,1031577,932,929,984
[19:08:09.738][D][ldc1314:436]: TRACE,1031589,932,929,984
[19:08:09.753][D][ldc1314:436]: TRACE,1031604,932,929,984
[19:08:09.768][D][ldc1314:436]: TRACE,1031619,932,929,984
[19:08:09.784][D][ldc1314:436]: TRACE,1031633,932,929,984
[19:08:09.799][D][ldc1314:436]: TRACE,1031649,932,929,984
[19:08:09.812][D][ldc1314:436]: TRACE,1031664,932,929,984
[19:08:09.828][D][ldc1314:436]: TRACE,1031679,932,929,984
[19:08:09.840][D][ldc1314:436]: TRACE,1031691,932,929,984
[19:08:09.857][D][ldc1314:436]: TRACE,1031705,932,929,984
[19:08:09.871][D][ldc1314:436]: TRACE,1031721,932,929,984
[19:08:09.885][D][ldc1314:436]: TRACE,1031736,932,929,984
[19:08:09.902][D][ldc1314:436]: TRACE,1031751,932,929,984
[19:08:09.915][D][ldc1314:436]: TRACE,1031766,932,929,984
[19:08:09.929][D][ldc1314:436]: TRACE,1031780,932,929,984
[19:08:09.948][D][ldc1314:436]: TRACE,1031797,933,929,984
[19:08:09.967][D][ldc1314:436]: TRACE,1031815,933,929,984
[19:08:09.978][D][ldc1314:436]: TRACE,1031830,933,929,984
[19:08:09.994][D][ldc1314:436]: TRACE,1031844,933,929,984
[19:08:10.015][D][ldc1314:436]: TRACE,1031858,933,929,984
[19:08:10.026][D][ldc1314:436]: TRACE,1031873,933,929,984
[19:08:10.035][D][ldc1314:436]: TRACE,1031883,933,929,984
[19:08:10.046][D][ldc1314:436]: TRACE,1031895,933,929,984
[19:08:10.067][D][ldc1314:436]: TRACE,1031917,933,929,984
[19:08:10.081][D][ldc1314:436]: TRACE,1031931,933,929,984
[19:08:10.096][D][ldc1314:436]: TRACE,1031948,933,929,984
[19:08:10.121][D][ldc1314:436]: TRACE,1031960,933,929,984
[19:08:10.129][D][ldc1314:436]: TRACE,1031972,933,929,984
[19:08:10.226][D][ldc1314:436]: TRACE,1031982,933,929,984
[19:08:10.226][D][ldc1314:436]: TRACE,1032002,933,929,984
[19:08:10.226][D][ldc1314:436]: TRACE,1032012,933,929,984
[19:08:10.227][D][ldc1314:436]: TRACE,1032025,933,929,984
[19:08:10.227][D][ldc1314:436]: TRACE,1032035,933,929,984
[19:08:10.227][D][ldc1314:436]: TRACE,1032045,933,929,984
[19:08:10.227][D][ldc1314:436]: TRACE,1032055,933,929,984
[19:08:10.238][D][ldc1314:436]: TRACE,1032065,933,929,984
[19:08:10.238][D][ldc1314:436]: TRACE,1032075,933,929,984
[19:08:10.238][D][ldc1314:436]: TRACE,1032086,933,929,984
[19:08:10.246][D][ldc1314:436]: TRACE,1032096,933,929,984
[19:08:10.261][D][ldc1314:436]: TRACE,1032111,933,929,984
[19:08:10.276][D][ldc1314:436]: TRACE,1032125,933,929,984
[19:08:10.294][D][ldc1314:436]: TRACE,1032144,933,929,984
[19:08:10.322][D][ldc1314:436]: TRACE,1032159,933,929,984
[19:08:10.328][D][ldc1314:436]: TRACE,1032178,933,929,984
[19:08:10.342][D][ldc1314:436]: TRACE,1032190,933,929,984
[19:08:10.360][D][ldc1314:436]: TRACE,1032207,933,929,984
[19:08:10.375][D][ldc1314:436]: TRACE,1032224,933,929,984
[19:08:10.391][D][ldc1314:436]: TRACE,1032239,933,929,984
[19:08:10.410][D][ldc1314:436]: TRACE,1032258,933,929,984
[19:08:10.428][D][ldc1314:436]: TRACE,1032275,933,929,984
[19:08:10.437][D][ldc1314:436]: TRACE,1032288,933,929,984
[19:08:10.452][D][ldc1314:436]: TRACE,1032303,933,929,984
[19:08:10.469][D][ldc1314:436]: TRACE,1032319,933,929,984
[19:08:10.484][D][ldc1314:436]: TRACE,1032334,933,929,984
[19:08:10.500][D][ldc1314:436]: TRACE,1032348,933,929,984
[19:08:10.527][D][ldc1314:436]: TRACE,1032367,933,929,984
[19:08:10.540][D][ldc1314:436]: TRACE,1032389,933,929,984
[19:08:10.554][D][ldc1314:436]: TRACE,1032404,933,929,983
[19:08:10.570][D][ldc1314:436]: TRACE,1032421,934,929,983
[19:08:10.587][D][ldc1314:436]: TRACE,1032435,934,929,983
[19:08:10.604][D][ldc1314:436]: TRACE,1032452,934,929,983
[19:08:10.629][D][ldc1314:436]: TRACE,1032475,934,929,983
[19:08:10.640][D][ldc1314:436]: TRACE,1032488,934,929,983
[19:08:10.654][D][ldc1314:436]: TRACE,1032504,934,928,983
[19:08:10.750][D][ldc1314:436]: TRACE,1032519,934,929,983
[19:08:10.750][D][ldc1314:436]: TRACE,1032532,934,929,983
[19:08:10.750][D][ldc1314:436]: TRACE,1032541,934,929,983
[19:08:10.750][D][ldc1314:436]: TRACE,1032551,934,929,983
[19:08:10.750][D][ldc1314:436]: TRACE,1032561,934,929,983
[19:08:10.750][D][ldc1314:436]: TRACE,1032571,934,929,983
[19:08:10.750][D][ldc1314:436]: TRACE,1032582,934,929,983
[19:08:10.757][D][ldc1314:436]: TRACE,1032593,934,929,983
[19:08:10.757][D][ldc1314:436]: TRACE,1032605,934,929,983
[19:08:10.766][D][ldc1314:436]: TRACE,1032615,934,929,983
[19:08:10.782][D][ldc1314:436]: TRACE,1032631,934,929,983
[19:08:10.798][D][ldc1314:436]: TRACE,1032648,934,929,983
[19:08:10.815][D][ldc1314:436]: TRACE,1032663,934,929,983
[19:08:10.834][D][ldc1314:436]: TRACE,1032677,934,929,983
[19:08:10.840][D][ldc1314:436]: TRACE,1032691,934,929,983
[19:08:10.855][D][ldc1314:436]: TRACE,1032705,934,929,983
[19:08:10.873][D][ldc1314:436]: TRACE,1032725,934,929,983
[19:08:10.888][D][ldc1314:436]: TRACE,1032740,934,928,983
[19:08:10.904][D][ldc1314:436]: TRACE,1032754,934,929,983
[19:08:10.920][D][ldc1314:436]: TRACE,1032769,934,929,983
[19:08:10.941][D][ldc1314:436]: TRACE,1032786,934,929,983
[19:08:10.948][D][ldc1314:436]: TRACE,1032796,934,929,983
[19:08:10.961][D][ldc1314:436]: TRACE,1032809,934,929,983
[19:08:10.980][D][ldc1314:436]: TRACE,1032830,934,929,983
[19:08:10.995][D][ldc1314:436]: TRACE,1032844,934,929,983
[19:08:11.010][D][ldc1314:436]: TRACE,1032861,934,929,983
[19:08:11.026][D][ldc1314:436]: TRACE,1032874,934,929,983
[19:08:11.042][D][ldc1314:436]: TRACE,1032891,934,928,983
[19:08:11.054][D][ldc1314:436]: TRACE,1032901,934,928,983
[19:08:11.069][D][ldc1314:436]: TRACE,1032917,934,928,983
[19:08:11.087][D][ldc1314:436]: TRACE,1032937,934,928,983
[19:08:11.101][D][ldc1314:436]: TRACE,1032952,934,928,983
[19:08:11.118][D][ldc1314:436]: TRACE,1032968,934,928,983
[19:08:11.141][D][ldc1314:436]: TRACE,1032983,934,928,983
[19:08:11.149][D][ldc1314:436]: TRACE,1032998,934,928,983
[19:08:11.161][D][ldc1314:436]: TRACE,1033010,934,928,983
[19:08:11.176][D][ldc1314:436]: TRACE,1033026,934,928,983
[19:08:11.273][D][ldc1314:436]: TRACE,1033040,934,928,983
[19:08:11.273][D][ldc1314:436]: TRACE,1033055,934,928,983
[19:08:11.273][D][ldc1314:436]: TRACE,1033065,934,928,983
[19:08:11.273][D][ldc1314:436]: TRACE,1033076,934,928,983
[19:08:11.273][D][ldc1314:436]: TRACE,1033086,934,928,983
[19:08:11.273][D][ldc1314:436]: TRACE,1033097,934,928,983
[19:08:11.273][D][ldc1314:436]: TRACE,1033107,934,928,983
[19:08:11.273][D][ldc1314:436]: TRACE,1033117,934,928,983
[19:08:11.274][D][ldc1314:436]: TRACE,1033127,934,928,983
[19:08:11.291][D][ldc1314:436]: TRACE,1033137,934,928,983
[19:08:11.309][D][ldc1314:436]: TRACE,1033157,934,928,983
[19:08:11.326][D][ldc1314:436]: TRACE,1033174,934,928,983
[19:08:11.347][D][ldc1314:436]: TRACE,1033189,934,928,983
[19:08:11.352][D][ldc1314:436]: TRACE,1033204,934,928,983
[19:08:11.367][D][ldc1314:436]: TRACE,1033219,934,928,983
[19:08:11.382][D][ldc1314:436]: TRACE,1033233,934,928,983
[19:08:11.396][D][ldc1314:436]: TRACE,1033248,934,928,983
[19:08:11.416][D][ldc1314:436]: TRACE,1033265,934,928,983
[19:08:11.431][D][ldc1314:436]: TRACE,1033281,934,928,983
[19:08:11.450][D][ldc1314:436]: TRACE,1033296,934,928,983
[19:08:11.460][D][ldc1314:436]: TRACE,1033310,934,928,983
[19:08:11.473][D][ldc1314:436]: TRACE,1033325,934,928,983
[19:08:11.488][D][ldc1314:436]: TRACE,1033339,934,928,983
[19:08:11.504][D][ldc1314:436]: TRACE,1033354,934,928,983
[19:08:11.529][D][ldc1314:436]: TRACE,1033375,934,928,983
[19:08:11.551][D][ldc1314:436]: TRACE,1033394,934,928,983
[19:08:11.557][D][ldc1314:436]: TRACE,1033409,934,928,983
[19:08:11.573][D][ldc1314:436]: TRACE,1033424,934,928,983
[19:08:11.589][D][ldc1314:436]: TRACE,1033439,934,928,983
[19:08:11.603][D][ldc1314:436]: TRACE,1033454,934,928,983
[19:08:11.620][D][ldc1314:436]: TRACE,1033470,934,928,983
[19:08:11.636][D][ldc1314:436]: TRACE,1033487,934,928,983
[19:08:11.655][D][ldc1314:436]: TRACE,1033506,934,928,983
[19:08:11.668][D][ldc1314:436]: TRACE,1033519,934,928,983
[19:08:11.683][D][ldc1314:436]: TRACE,1033532,934,928,983
[19:08:11.699][D][ldc1314:436]: TRACE,1033547,934,928,983
[19:08:11.797][D][ldc1314:436]: TRACE,1033564,934,928,983
[19:08:11.798][D][ldc1314:436]: TRACE,1033577,934,928,983
[19:08:11.798][D][ldc1314:436]: TRACE,1033587,934,928,983
[19:08:11.798][D][ldc1314:436]: TRACE,1033597,934,928,983
[19:08:11.798][D][ldc1314:436]: TRACE,1033609,934,928,983
[19:08:11.798][D][ldc1314:436]: TRACE,1033619,934,928,983
[19:08:11.798][D][ldc1314:436]: TRACE,1033630,934,928,983
[19:08:11.799][D][ldc1314:436]: TRACE,1033640,934,928,983
[19:08:11.804][D][ldc1314:436]: TRACE,1033651,934,928,983
[19:08:11.813][D][ldc1314:436]: TRACE,1033661,934,928,983
[19:08:11.827][D][ldc1314:436]: TRACE,1033677,934,928,983
[19:08:11.842][D][ldc1314:436]: TRACE,1033692,934,928,983
[19:08:11.858][D][ldc1314:436]: TRACE,1033707,934,928,983
[19:08:11.869][D][ldc1314:436]: TRACE,1033720,934,928,983
[19:08:11.886][D][ldc1314:436]: TRACE,1033735,934,928,983
[19:08:11.900][D][ldc1314:436]: TRACE,1033753,934,928,983
[19:08:11.915][D][ldc1314:436]: TRACE,1033765,934,928,983
[19:08:11.931][D][ldc1314:436]: TRACE,1033782,934,928,983
[19:08:11.945][D][ldc1314:436]: TRACE,1033796,934,928,983
[19:08:11.964][D][ldc1314:436]: TRACE,1033811,934,928,983
[19:08:11.975][D][ldc1314:436]: TRACE,1033821,934,928,983
[19:08:11.986][D][ldc1314:436]: TRACE,1033836,934,928,983
[19:08:11.997][D][ldc1314:436]: TRACE,1033848,934,928,983
[19:08:12.015][D][ldc1314:436]: TRACE,1033863,934,928,983
[19:08:12.033][D][ldc1314:436]: TRACE,1033879,934,928,983
[19:08:12.043][D][ldc1314:436]: TRACE,1033896,934,928,983
[19:08:12.064][D][ldc1314:436]: TRACE,1033908,934,928,983
[19:08:12.073][D][ldc1314:436]: TRACE,1033921,934,928,983
[19:08:12.083][D][ldc1314:436]: TRACE,1033936,934,928,983
[19:08:12.100][D][ldc1314:436]: TRACE,1033950,934,928,983
[19:08:12.114][D][ldc1314:436]: TRACE,1033965,934,928,983
[19:08:12.133][D][ldc1314:436]: TRACE,1033982,934,928,983
[19:08:12.148][D][ldc1314:436]: TRACE,1033999,934,928,983
[19:08:12.167][D][ldc1314:436]: TRACE,1034014,934,928,983
[19:08:12.175][D][ldc1314:436]: TRACE,1034024,934,928,983
[19:08:12.188][D][ldc1314:436]: TRACE,1034040,934,928,983
[19:08:12.203][D][ldc1314:436]: TRACE,1034054,934,928,983
[19:08:12.217][D][ldc1314:436]: TRACE,1034069,934,928,983
[19:08:12.232][D][ldc1314:436]: TRACE,1034083,934,928,983
[19:08:12.322][D][ldc1314:436]: TRACE,1034100,934,928,983
[19:08:12.322][D][ldc1314:436]: TRACE,1034110,934,928,983
[19:08:12.322][D][ldc1314:436]: TRACE,1034120,934,928,983
[19:08:12.322][D][ldc1314:436]: TRACE,1034131,934,928,983
[19:08:12.322][D][ldc1314:436]: TRACE,1034141,934,928,983
[19:08:12.323][D][ldc1314:436]: TRACE,1034151,934,928,983
[19:08:12.323][D][ldc1314:436]: TRACE,1034161,934,928,983
[19:08:12.323][D][ldc1314:436]: TRACE,1034171,934,928,983
[19:08:12.332][D][ldc1314:436]: TRACE,1034182,934,928,983
[19:08:12.349][D][ldc1314:436]: TRACE,1034197,934,928,983
[19:08:12.372][D][ldc1314:436]: TRACE,1034217,934,928,983
[19:08:12.380][D][ldc1314:436]: TRACE,1034230,934,928,983
[19:08:12.395][D][ldc1314:436]: TRACE,1034245,934,928,983
[19:08:12.409][D][ldc1314:436]: TRACE,1034259,934,928,983
[19:08:12.426][D][ldc1314:436]: TRACE,1034272,934,928,983
[19:08:12.434][D][ldc1314:436]: TRACE,1034287,934,928,983
[19:08:12.449][D][ldc1314:436]: TRACE,1034299,934,928,983
[19:08:12.475][D][ldc1314:436]: TRACE,1034314,934,928,983
[19:08:12.482][D][ldc1314:436]: TRACE,1034330,934,928,983
[19:08:12.492][D][ldc1314:436]: TRACE,1034341,934,928,983
[19:08:12.507][D][ldc1314:436]: TRACE,1034357,934,928,983
[19:08:12.521][D][ldc1314:436]: TRACE,1034372,934,928,983
[19:08:12.545][D][ldc1314:436]: TRACE,1034387,934,928,983
[19:08:12.558][D][ldc1314:436]: TRACE,1034408,934,928,983
[19:08:12.575][D][ldc1314:436]: TRACE,1034424,934,928,983
[19:08:12.590][D][ldc1314:436]: TRACE,1034441,934,928,983
[19:08:12.604][D][ldc1314:436]: TRACE,1034455,934,928,983
[19:08:12.618][D][ldc1314:436]: TRACE,1034470,934,928,983
[19:08:12.632][D][ldc1314:436]: TRACE,1034483,934,928,983
[19:08:12.649][D][ldc1314:436]: TRACE,1034497,934,928,983
[19:08:12.664][D][ldc1314:436]: TRACE,1034514,934,928,983
[19:08:12.679][D][ldc1314:436]: TRACE,1034531,934,928,983
[19:08:12.698][D][ldc1314:436]: TRACE,1034546,934,928,983
[19:08:12.714][D][ldc1314:436]: TRACE,1034563,934,928,983
[19:08:12.729][D][ldc1314:436]: TRACE,1034578,934,928,983
[19:08:12.743][D][ldc1314:436]: TRACE,1034595,934,928,983
[19:08:12.847][D][ldc1314:436]: TRACE,1034609,934,928,983
[19:08:12.847][D][ldc1314:436]: TRACE,1034624,934,928,983
[19:08:12.847][D][ldc1314:436]: TRACE,1034634,934,928,983
[19:08:12.847][D][ldc1314:436]: TRACE,1034644,934,928,983
[19:08:12.847][D][ldc1314:436]: TRACE,1034654,934,928,983
[19:08:12.848][D][ldc1314:436]: TRACE,1034666,934,928,983
[19:08:12.848][D][ldc1314:436]: TRACE,1034677,934,928,983
[19:08:12.848][D][ldc1314:436]: TRACE,1034687,934,928,983
[19:08:12.848][D][ldc1314:436]: TRACE,1034697,934,928,983
[19:08:12.858][D][ldc1314:436]: TRACE,1034708,934,928,983
[19:08:12.883][D][ldc1314:436]: TRACE,1034722,934,928,983
[19:08:12.892][D][ldc1314:436]: TRACE,1034737,934,928,983
[19:08:12.898][D][ldc1314:436]: TRACE,1034749,934,928,983
[19:08:12.920][D][ldc1314:436]: TRACE,1034763,934,928,983
[19:08:12.935][D][ldc1314:436]: TRACE,1034783,934,928,983
[19:08:12.950][D][ldc1314:436]: TRACE,1034798,934,928,983
[19:08:12.965][D][ldc1314:436]: TRACE,1034815,934,928,983
[19:08:12.984][D][ldc1314:436]: TRACE,1034829,934,928,983
[19:08:12.996][D][ldc1314:436]: TRACE,1034842,934,928,983
[19:08:13.007][D][ldc1314:436]: TRACE,1034857,934,928,983
[19:08:13.022][D][ldc1314:436]: TRACE,1034872,934,928,983
[19:08:13.037][D][ldc1314:436]: TRACE,1034887,934,928,983
[19:08:13.057][D][ldc1314:436]: TRACE,1034907,934,928,983
[19:08:13.072][D][ldc1314:436]: TRACE,1034922,934,928,983
[19:08:13.089][D][ldc1314:436]: TRACE,1034937,934,928,983
[19:08:13.097][D][ldc1314:436]: TRACE,1034948,934,928,983
[19:08:13.113][D][ldc1314:436]: TRACE,1034963,934,928,983
[19:08:13.128][D][ldc1314:436]: TRACE,1034977,934,928,983
[19:08:13.143][D][ldc1314:436]: TRACE,1034992,934,928,983
[19:08:13.161][D][ldc1314:436]: TRACE,1035007,934,928,983
[19:08:13.176][D][ldc1314:436]: TRACE,1035025,934,928,983
[19:08:13.191][D][ldc1314:436]: TRACE,1035039,934,928,983
[19:08:13.200][D][ldc1314:436]: TRACE,1035049,934,928,983
[19:08:13.215][D][ldc1314:436]: TRACE,1035065,934,928,983
[19:08:13.229][D][ldc1314:436]: TRACE,1035079,934,928,983
[19:08:13.244][D][ldc1314:436]: TRACE,1035094,934,928,983
[19:08:13.259][D][ldc1314:436]: TRACE,1035109,934,928,983
[19:08:13.274][D][ldc1314:436]: TRACE,1035124,934,928,983
[19:08:13.371][D][ldc1314:436]: TRACE,1035145,934,928,983
[19:08:13.371][D][ldc1314:436]: TRACE,1035155,934,928,983
[19:08:13.371][D][ldc1314:436]: TRACE,1035165,934,928,983
[19:08:13.371][D][ldc1314:436]: TRACE,1035175,934,928,983
[19:08:13.371][D][ldc1314:436]: TRACE,1035186,934,928,983
[19:08:13.371][D][ldc1314:436]: TRACE,1035196,934,928,983
[19:08:13.371][D][ldc1314:436]: TRACE,1035206,934,928,983
[19:08:13.371][D][ldc1314:436]: TRACE,1035216,934,928,983
[19:08:13.378][D][ldc1314:436]: TRACE,1035227,934,928,983
[19:08:13.394][D][ldc1314:436]: TRACE,1035236,934,928,983
[19:08:13.401][D][ldc1314:436]: TRACE,1035251,934,928,983
[19:08:13.416][D][ldc1314:436]: TRACE,1035266,934,928,983
[19:08:13.431][D][ldc1314:436]: TRACE,1035281,934,928,983
[19:08:13.448][D][ldc1314:436]: TRACE,1035298,934,928,983
[19:08:13.461][D][ldc1314:436]: TRACE,1035312,934,928,983
[19:08:13.477][D][ldc1314:436]: TRACE,1035327,934,928,983
[19:08:13.495][D][ldc1314:436]: TRACE,1035344,934,928,983
[19:08:13.506][D][ldc1314:436]: TRACE,1035356,934,928,983
[19:08:13.527][D][ldc1314:436]: TRACE,1035374,934,928,983
[19:08:13.546][D][ldc1314:436]: TRACE,1035390,934,928,983
[19:08:13.562][D][ldc1314:436]: TRACE,1035412,934,928,983
[19:08:13.577][D][ldc1314:436]: TRACE,1035426,934,928,983
[19:08:13.599][D][ldc1314:436]: TRACE,1035441,934,928,983
[19:08:13.609][D][ldc1314:436]: TRACE,1035454,934,928,983
[19:08:13.615][D][ldc1314:436]: TRACE,1035466,934,928,983
[19:08:13.630][D][ldc1314:436]: TRACE,1035481,934,928,983
[19:08:13.650][D][ldc1314:436]: TRACE,1035500,934,928,983
[19:08:13.662][D][ldc1314:436]: TRACE,1035514,934,928,983
[19:08:13.676][D][ldc1314:436]: TRACE,1035527,934,928,983
[19:08:13.702][D][ldc1314:436]: TRACE,1035541,934,928,983
[19:08:13.708][D][ldc1314:436]: TRACE,1035556,934,928,983
[19:08:13.718][D][ldc1314:436]: TRACE,1035568,934,928,983
[19:08:13.740][D][ldc1314:436]: TRACE,1035584,934,928,983
[19:08:13.749][D][ldc1314:436]: TRACE,1035598,934,928,983
[19:08:13.766][D][ldc1314:436]: TRACE,1035615,934,928,983
[19:08:13.781][D][ldc1314:436]: TRACE,1035630,934,928,983
[19:08:13.802][D][ldc1314:436]: TRACE,1035646,934,928,983
[19:08:13.895][D][ldc1314:436]: TRACE,1035658,934,928,983
[19:08:13.895][D][ldc1314:436]: TRACE,1035672,934,928,983
[19:08:13.895][D][ldc1314:436]: TRACE,1035682,934,928,983
[19:08:13.895][D][ldc1314:436]: TRACE,1035692,934,928,983
[19:08:13.895][D][ldc1314:436]: TRACE,1035702,934,928,983
[19:08:13.896][D][ldc1314:436]: TRACE,1035712,934,928,983
[19:08:13.896][D][ldc1314:436]: TRACE,1035722,934,928,983
[19:08:13.908][D][ldc1314:436]: TRACE,1035733,934,928,983
[19:08:13.909][D][ldc1314:436]: TRACE,1035743,934,928,983
[19:08:13.909][D][ldc1314:436]: TRACE,1035752,934,928,983
[19:08:13.911][D][ldc1314:436]: TRACE,1035762,934,928,983
[19:08:13.925][D][ldc1314:436]: TRACE,1035776,934,928,983
[19:08:13.940][D][ldc1314:436]: TRACE,1035791,934,928,983
[19:08:13.954][D][ldc1314:436]: TRACE,1035806,934,928,983
[19:08:13.966][D][ldc1314:436]: TRACE,1035818,934,928,983
[19:08:13.984][D][ldc1314:436]: TRACE,1035833,934,928,983
[19:08:14.008][D][ldc1314:436]: TRACE,1035848,934,928,983
[19:08:14.018][D][ldc1314:436]: TRACE,1035864,934,928,983
[19:08:14.028][D][ldc1314:436]: TRACE,1035876,934,928,983
[19:08:14.040][D][ldc1314:436]: TRACE,1035893,934,928,983
[19:08:14.059][D][ldc1314:436]: TRACE,1035904,934,928,983
[19:08:14.067][D][ldc1314:436]: TRACE,1035919,934,928,983
[19:08:14.082][D][ldc1314:436]: TRACE,1035931,934,928,983
[19:08:14.096][D][ldc1314:436]: TRACE,1035946,934,928,983
[19:08:14.109][D][ldc1314:436]: TRACE,1035961,934,928,983
[19:08:14.129][D][ldc1314:436]: TRACE,1035974,934,928,983
[19:08:14.140][D][ldc1314:436]: TRACE,1035992,934,928,983
[19:08:14.155][D][ldc1314:436]: TRACE,1036004,934,928,983
[19:08:14.171][D][ldc1314:436]: TRACE,1036021,934,928,983
[19:08:14.186][D][ldc1314:436]: TRACE,1036036,934,928,983
[19:08:14.211][D][ldc1314:436]: TRACE,1036051,934,928,983
[19:08:14.220][D][ldc1314:436]: TRACE,1036065,934,928,983
[19:08:14.233][D][ldc1314:436]: TRACE,1036084,934,928,983
[19:08:14.248][D][ldc1314:436]: TRACE,1036099,934,928,983
[19:08:14.263][D][ldc1314:436]: TRACE,1036115,934,928,983
[19:08:14.274][D][ldc1314:436]: TRACE,1036127,934,928,983
[19:08:14.290][D][ldc1314:436]: TRACE,1036141,934,928,983
[19:08:14.313][D][ldc1314:436]: TRACE,1036155,934,928,983
[19:08:14.327][D][ldc1314:436]: TRACE,1036171,934,928,983
[19:08:14.423][D][ldc1314:436]: TRACE,1036193,934,928,983
[19:08:14.423][D][ldc1314:436]: TRACE,1036203,934,928,983
[19:08:14.423][D][ldc1314:436]: TRACE,1036213,934,928,983
[19:08:14.424][D][ldc1314:436]: TRACE,1036223,934,928,983
[19:08:14.424][D][ldc1314:436]: TRACE,1036233,934,928,983
[19:08:14.424][D][ldc1314:436]: TRACE,1036243,934,928,983
[19:08:14.424][D][ldc1314:436]: TRACE,1036253,934,928,983
[19:08:14.424][D][ldc1314:436]: TRACE,1036263,934,928,983
[19:08:14.430][D][ldc1314:436]: TRACE,1036274,934,928,983
[19:08:14.437][D][ldc1314:436]: TRACE,1036285,934,928,983
[19:08:14.456][D][ldc1314:436]: TRACE,1036305,934,928,983
[19:08:14.471][D][ldc1314:436]: TRACE,1036321,934,928,983
[19:08:14.488][D][ldc1314:436]: TRACE,1036337,934,928,983
[19:08:14.502][D][ldc1314:436]: TRACE,1036352,934,928,983
[19:08:14.522][D][ldc1314:436]: TRACE,1036369,934,928,983
[19:08:14.533][D][ldc1314:436]: TRACE,1036379,934,928,983
[19:08:14.550][D][ldc1314:436]: TRACE,1036394,934,928,983
[19:08:14.570][D][ldc1314:436]: TRACE,1036419,934,928,983
[19:08:14.583][D][ldc1314:436]: TRACE,1036436,934,928,983
[19:08:14.598][D][ldc1314:436]: TRACE,1036450,934,928,983
[19:08:14.621][D][ldc1314:436]: TRACE,1036464,934,928,983
[19:08:14.630][D][ldc1314:436]: TRACE,1036477,934,928,983
[19:08:14.646][D][ldc1314:436]: TRACE,1036489,934,928,983
[19:08:14.654][D][ldc1314:436]: TRACE,1036505,934,928,983
[19:08:14.667][D][ldc1314:436]: TRACE,1036516,934,928,983
[19:08:14.685][D][ldc1314:436]: TRACE,1036534,934,928,983
[19:08:14.700][D][ldc1314:436]: TRACE,1036550,934,928,983
[19:08:14.724][D][ldc1314:436]: TRACE,1036565,934,928,983
[19:08:14.729][D][ldc1314:436]: TRACE,1036580,934,928,983
[19:08:14.745][D][ldc1314:436]: TRACE,1036594,934,928,983
[19:08:14.760][D][ldc1314:436]: TRACE,1036610,934,928,983
[19:08:14.774][D][ldc1314:436]: TRACE,1036625,934,928,983
[19:08:14.795][D][ldc1314:436]: TRACE,1036646,934,928,983
[19:08:14.811][D][ldc1314:436]: TRACE,1036660,934,928,983
[19:08:14.828][D][ldc1314:436]: TRACE,1036677,934,928,983
[19:08:14.839][D][ldc1314:436]: TRACE,1036688,934,929,983
[19:08:14.949][D][ldc1314:436]: TRACE,1036706,934,928,983
[19:08:14.949][D][ldc1314:436]: TRACE,1036717,934,928,983
[19:08:14.949][D][ldc1314:436]: TRACE,1036727,934,928,983
[19:08:14.949][D][ldc1314:436]: TRACE,1036737,934,928,983
[19:08:14.949][D][ldc1314:436]: TRACE,1036748,934,928,983
[19:08:14.949][D][ldc1314:436]: TRACE,1036759,934,928,983
[19:08:14.949][D][ldc1314:436]: TRACE,1036769,934,928,983
[19:08:14.949][D][ldc1314:436]: TRACE,1036779,934,928,983
[19:08:14.956][D][ldc1314:436]: TRACE,1036790,934,928,983
[19:08:14.956][D][ldc1314:436]: TRACE,1036801,934,928,983
[19:08:14.956][D][ldc1314:436]: TRACE,1036811,934,928,983
[19:08:14.972][D][ldc1314:436]: TRACE,1036822,934,928,983
[19:08:14.986][D][ldc1314:436]: TRACE,1036836,934,928,983
[19:08:15.007][D][ldc1314:436]: TRACE,1036852,934,928,983
[19:08:15.021][D][ldc1314:436]: TRACE,1036868,934,928,983
[19:08:15.034][D][ldc1314:436]: TRACE,1036884,934,928,983
[19:08:15.046][D][ldc1314:436]: TRACE,1036897,934,928,983
[19:08:15.057][D][ldc1314:436]: TRACE,1036909,934,928,983
[19:08:15.074][D][ldc1314:436]: TRACE,1036922,934,928,983
[19:08:15.087][D][ldc1314:436]: TRACE,1036938,934,928,983
[19:08:15.101][D][ldc1314:436]: TRACE,1036953,934,928,983
[19:08:15.116][D][ldc1314:436]: TRACE,1036966,934,928,983
[19:08:15.132][D][ldc1314:436]: TRACE,1036980,934,928,983
[19:08:15.145][D][ldc1314:436]: TRACE,1036996,934,928,983
[19:08:15.160][D][ldc1314:436]: TRACE,1037010,934,928,983
[19:08:15.174][D][ldc1314:436]: TRACE,1037025,934,928,983
[19:08:15.190][D][ldc1314:436]: TRACE,1037039,934,928,983
[19:08:15.204][D][ldc1314:436]: TRACE,1037054,934,928,983
[19:08:15.218][D][ldc1314:436]: TRACE,1037068,934,928,983
[19:08:15.235][D][ldc1314:436]: TRACE,1037083,934,928,983
[19:08:15.243][D][ldc1314:436]: TRACE,1037097,934,928,983
[19:08:15.263][D][ldc1314:436]: TRACE,1037111,934,928,983
[19:08:15.277][D][ldc1314:436]: TRACE,1037127,934,928,983
[19:08:15.297][D][ldc1314:436]: TRACE,1037143,934,928,983
[19:08:15.303][D][ldc1314:436]: TRACE,1037156,934,928,983
[19:08:15.319][D][ldc1314:436]: TRACE,1037170,934,928,983
[19:08:15.338][D][ldc1314:436]: TRACE,1037184,934,928,983
[19:08:15.349][D][ldc1314:436]: TRACE,1037198,934,928,983
[19:08:15.360][D][ldc1314:436]: TRACE,1037214,934,928,983
[19:08:15.468][D][ldc1314:436]: TRACE,1037232,934,928,983
[19:08:15.468][D][ldc1314:436]: TRACE,1037247,934,928,983
[19:08:15.468][D][ldc1314:436]: TRACE,1037256,934,928,983
[19:08:15.468][D][ldc1314:436]: TRACE,1037266,934,928,983
[19:08:15.468][D][ldc1314:436]: TRACE,1037276,934,928,983
[19:08:15.468][D][ldc1314:436]: TRACE,1037286,934,928,983
[19:08:15.468][D][ldc1314:436]: TRACE,1037296,934,928,983
[19:08:15.468][D][ldc1314:436]: TRACE,1037306,934,928,983
[19:08:15.477][D][ldc1314:436]: TRACE,1037316,934,928,983
[19:08:15.477][D][ldc1314:436]: TRACE,1037326,934,928,983
[19:08:15.490][D][ldc1314:436]: TRACE,1037342,934,928,983
[19:08:15.504][D][ldc1314:436]: TRACE,1037356,934,928,983
[19:08:15.519][D][ldc1314:436]: TRACE,1037371,934,928,983
[19:08:15.543][D][ldc1314:436]: TRACE,1037386,934,928,983
[19:08:15.560][D][ldc1314:436]: TRACE,1037399,934,928,983
[19:08:15.570][D][ldc1314:436]: TRACE,1037419,934,928,983
[19:08:15.583][D][ldc1314:436]: TRACE,1037435,934,928,983
[19:08:15.599][D][ldc1314:436]: TRACE,1037449,934,928,983
[19:08:15.617][D][ldc1314:436]: TRACE,1037468,934,928,983
[19:08:15.632][D][ldc1314:436]: TRACE,1037482,934,928,983
[19:08:15.647][D][ldc1314:436]: TRACE,1037499,934,928,983
[19:08:15.662][D][ldc1314:436]: TRACE,1037511,934,928,983
[19:08:15.677][D][ldc1314:436]: TRACE,1037526,934,928,983
[19:08:15.691][D][ldc1314:436]: TRACE,1037543,934,928,983
[19:08:15.707][D][ldc1314:436]: TRACE,1037557,934,928,983
[19:08:15.727][D][ldc1314:436]: TRACE,1037576,934,928,983
[19:08:15.746][D][ldc1314:436]: TRACE,1037591,934,928,983
[19:08:15.755][D][ldc1314:436]: TRACE,1037604,934,928,983
[19:08:15.766][D][ldc1314:436]: TRACE,1037620,934,928,983
[19:08:15.782][D][ldc1314:436]: TRACE,1037632,934,928,983
[19:08:15.798][D][ldc1314:436]: TRACE,1037646,934,928,983
[19:08:15.816][D][ldc1314:436]: TRACE,1037663,934,928,983
[19:08:15.834][D][ldc1314:436]: TRACE,1037684,934,928,983
[19:08:15.851][D][ldc1314:436]: TRACE,1037701,934,928,983
[19:08:15.862][D][ldc1314:436]: TRACE,1037711,934,928,983
[19:08:15.876][D][ldc1314:436]: TRACE,1037727,934,928,983
[19:08:15.894][D][ldc1314:436]: TRACE,1037741,934,928,983
[19:08:15.993][D][ldc1314:436]: TRACE,1037758,934,928,983
[19:08:15.993][D][ldc1314:436]: TRACE,1037773,934,928,983
[19:08:15.993][D][ldc1314:436]: TRACE,1037783,934,928,983
[19:08:15.993][D][ldc1314:436]: TRACE,1037793,934,928,983
[19:08:15.994][D][ldc1314:436]: TRACE,1037804,934,928,983
[19:08:15.994][D][ldc1314:436]: TRACE,1037815,934,928,983
[19:08:15.994][D][ldc1314:436]: TRACE,1037824,934,928,983
[19:08:15.994][D][ldc1314:436]: TRACE,1037834,934,928,983
[19:08:15.999][D][ldc1314:436]: TRACE,1037844,934,928,983
[19:08:16.012][D][ldc1314:436]: TRACE,1037855,934,928,983
[19:08:16.019][D][ldc1314:436]: TRACE,1037868,934,928,983
[19:08:16.033][D][ldc1314:436]: TRACE,1037880,934,928,983
[19:08:16.054][D][ldc1314:436]: TRACE,1037898,934,928,983
[19:08:16.063][D][ldc1314:436]: TRACE,1037911,934,928,983
[19:08:16.082][D][ldc1314:436]: TRACE,1037931,934,928,983
[19:08:16.097][D][ldc1314:436]: TRACE,1037947,934,928,983
[19:08:16.113][D][ldc1314:436]: TRACE,1037964,934,928,983
[19:08:16.130][D][ldc1314:436]: TRACE,1037978,934,928,983
[19:08:16.141][D][ldc1314:436]: TRACE,1037993,934,928,983
[19:08:16.159][D][ldc1314:436]: TRACE,1038005,934,928,983
[19:08:16.168][D][ldc1314:436]: TRACE,1038017,934,928,983
[19:08:16.180][D][ldc1314:436]: TRACE,1038032,934,928,983
[19:08:16.201][D][ldc1314:436]: TRACE,1038049,934,928,983
[19:08:16.215][D][ldc1314:436]: TRACE,1038065,934,928,983
[19:08:16.230][D][ldc1314:436]: TRACE,1038080,934,928,983
[19:08:16.245][D][ldc1314:436]: TRACE,1038095,934,928,983
[19:08:16.258][D][ldc1314:436]: TRACE,1038110,934,928,983
[19:08:16.272][D][ldc1314:436]: TRACE,1038120,934,928,983
[19:08:16.288][D][ldc1314:436]: TRACE,1038137,934,928,983
[19:08:16.303][D][ldc1314:436]: TRACE,1038154,934,928,983
[19:08:16.323][D][ldc1314:436]: TRACE,1038172,934,928,983
[19:08:16.338][D][ldc1314:436]: TRACE,1038188,934,928,983
[19:08:16.360][D][ldc1314:436]: TRACE,1038203,934,928,983
[19:08:16.363][D][ldc1314:436]: TRACE,1038218,934,928,983
[19:08:16.379][D][ldc1314:436]: TRACE,1038228,934,928,983
[19:08:16.393][D][ldc1314:436]: TRACE,1038243,934,928,983
[19:08:16.412][D][ldc1314:436]: TRACE,1038258,934,928,983
[19:08:16.425][D][ldc1314:436]: TRACE,1038274,934,928,983
[19:08:16.516][D][ldc1314:436]: TRACE,1038292,934,928,983
[19:08:16.516][D][ldc1314:436]: TRACE,1038302,934,928,983
[19:08:16.516][D][ldc1314:436]: TRACE,1038312,934,928,983
[19:08:16.516][D][ldc1314:436]: TRACE,1038322,934,928,983
[19:08:16.516][D][ldc1314:436]: TRACE,1038332,934,928,983
[19:08:16.517][D][ldc1314:436]: TRACE,1038342,934,928,983
[19:08:16.517][D][ldc1314:436]: TRACE,1038352,934,928,983
[19:08:16.522][D][ldc1314:436]: TRACE,1038362,934,928,983
[19:08:16.523][D][ldc1314:436]: TRACE,1038372,934,928,983
[19:08:16.532][D][ldc1314:436]: TRACE,1038382,934,928,983
[19:08:16.565][D][ldc1314:436]: TRACE,1038404,934,928,983
[19:08:16.572][D][ldc1314:436]: TRACE,1038423,934,928,983
[19:08:16.587][D][ldc1314:436]: TRACE,1038437,934,928,983
[19:08:16.602][D][ldc1314:436]: TRACE,1038453,934,928,983
[19:08:16.617][D][ldc1314:436]: TRACE,1038468,934,928,983
[19:08:16.633][D][ldc1314:436]: TRACE,1038483,934,928,983
[19:08:16.648][D][ldc1314:436]: TRACE,1038499,934,928,983
[19:08:16.667][D][ldc1314:436]: TRACE,1038513,934,928,983
[19:08:16.678][D][ldc1314:436]: TRACE,1038528,934,928,983
[19:08:16.695][D][ldc1314:436]: TRACE,1038543,934,928,983
[19:08:16.703][D][ldc1314:436]: TRACE,1038556,934,928,983
[19:08:16.717][D][ldc1314:436]: TRACE,1038568,934,928,983
[19:08:16.731][D][ldc1314:436]: TRACE,1038582,934,928,983
[19:08:16.747][D][ldc1314:436]: TRACE,1038596,934,928,983
[19:08:16.770][D][ldc1314:436]: TRACE,1038611,934,928,983
[19:08:16.773][D][ldc1314:436]: TRACE,1038625,934,928,983
[19:08:16.791][D][ldc1314:436]: TRACE,1038640,934,928,983
[19:08:16.806][D][ldc1314:436]: TRACE,1038657,934,928,983
[19:08:16.821][D][ldc1314:436]: TRACE,1038672,934,928,983
[19:08:16.836][D][ldc1314:436]: TRACE,1038687,934,928,983
[19:08:16.852][D][ldc1314:436]: TRACE,1038702,934,928,983
[19:08:16.873][D][ldc1314:436]: TRACE,1038718,934,928,983
[19:08:16.880][D][ldc1314:436]: TRACE,1038731,934,928,983
[19:08:16.901][D][ldc1314:436]: TRACE,1038751,934,928,983
[19:08:16.917][D][ldc1314:436]: TRACE,1038767,934,928,983
[19:08:16.930][D][ldc1314:436]: TRACE,1038782,934,928,983
[19:08:16.945][D][ldc1314:436]: TRACE,1038795,934,928,983
[19:08:17.040][D][ldc1314:436]: TRACE,1038812,934,928,983
[19:08:17.041][D][ldc1314:436]: TRACE,1038824,934,928,983
[19:08:17.041][D][ldc1314:436]: TRACE,1038835,934,928,983
[19:08:17.041][D][ldc1314:436]: TRACE,1038845,934,928,983
[19:08:17.041][D][ldc1314:436]: TRACE,1038858,934,928,983
[19:08:17.041][D][ldc1314:436]: TRACE,1038869,934,928,983
[19:08:17.041][D][ldc1314:436]: TRACE,1038879,934,928,983
[19:08:17.041][D][ldc1314:436]: TRACE,1038889,934,928,983
[19:08:17.048][D][ldc1314:436]: TRACE,1038899,934,928,983
[19:08:17.076][D][ldc1314:436]: TRACE,1038913,934,928,983
[19:08:17.085][D][ldc1314:436]: TRACE,1038929,934,928,983
[19:08:17.090][D][ldc1314:436]: TRACE,1038941,934,928,983
[19:08:17.104][D][ldc1314:436]: TRACE,1038954,934,928,983
[19:08:17.119][D][ldc1314:436]: TRACE,1038969,934,928,983
[19:08:17.140][D][ldc1314:436]: TRACE,1038990,934,928,983
[19:08:17.157][D][ldc1314:436]: TRACE,1039004,934,928,983
[19:08:17.179][D][ldc1314:436]: TRACE,1039021,934,928,983
[19:08:17.183][D][ldc1314:436]: TRACE,1039036,934,928,983
[19:08:17.198][D][ldc1314:436]: TRACE,1039046,934,928,983
[19:08:17.211][D][ldc1314:436]: TRACE,1039062,934,928,983
[19:08:17.227][D][ldc1314:436]: TRACE,1039076,934,928,983
[19:08:17.248][D][ldc1314:436]: TRACE,1039098,934,928,983
[19:08:17.264][D][ldc1314:436]: TRACE,1039112,934,928,983
[19:08:17.288][D][ldc1314:436]: TRACE,1039128,934,928,983
[19:08:17.288][D][ldc1314:436]: TRACE,1039142,934,928,983
[19:08:17.305][D][ldc1314:436]: TRACE,1039152,934,928,983
[19:08:17.319][D][ldc1314:436]: TRACE,1039169,934,928,983
[19:08:17.334][D][ldc1314:436]: TRACE,1039183,934,928,983
[19:08:17.354][D][ldc1314:436]: TRACE,1039204,934,928,983
[19:08:17.371][D][ldc1314:436]: TRACE,1039219,934,928,983
[19:08:17.389][D][ldc1314:436]: TRACE,1039236,934,928,983
[19:08:17.399][D][ldc1314:436]: TRACE,1039246,934,928,983
[19:08:17.410][D][ldc1314:436]: TRACE,1039262,934,928,983
[19:08:17.426][D][ldc1314:436]: TRACE,1039276,934,928,983
[19:08:17.441][D][ldc1314:436]: TRACE,1039291,934,928,983
[19:08:17.457][D][ldc1314:436]: TRACE,1039306,934,928,983
[19:08:17.564][D][ldc1314:436]: TRACE,1039325,934,928,983
[19:08:17.565][D][ldc1314:436]: TRACE,1039341,934,928,983
[19:08:17.565][D][ldc1314:436]: TRACE,1039351,934,928,983
[19:08:17.565][D][ldc1314:436]: TRACE,1039361,934,928,983
[19:08:17.565][D][ldc1314:436]: TRACE,1039371,934,928,983
[19:08:17.565][D][ldc1314:436]: TRACE,1039381,934,928,983
[19:08:17.565][D][ldc1314:436]: TRACE,1039391,934,928,983
[19:08:17.565][D][ldc1314:436]: TRACE,1039401,934,928,983
[19:08:17.571][D][ldc1314:436]: TRACE,1039411,934,928,983
[19:08:17.571][D][ldc1314:436]: TRACE,1039422,934,928,983
[19:08:17.591][D][ldc1314:436]: TRACE,1039432,934,928,983
[19:08:17.600][D][ldc1314:436]: TRACE,1039451,934,928,983
[19:08:17.612][D][ldc1314:436]: TRACE,1039465,934,928,983
[19:08:17.627][D][ldc1314:436]: TRACE,1039476,934,928,983
[19:08:17.642][D][ldc1314:436]: TRACE,1039491,934,928,983
[19:08:17.655][D][ldc1314:436]: TRACE,1039506,934,928,983
[19:08:17.668][D][ldc1314:436]: TRACE,1039521,934,928,983
[19:08:17.691][D][ldc1314:436]: TRACE,1039533,934,928,983
[19:08:17.697][D][ldc1314:436]: TRACE,1039548,934,928,983
[19:08:17.715][D][ldc1314:436]: TRACE,1039565,934,928,983
[19:08:17.731][D][ldc1314:436]: TRACE,1039580,934,928,983
[19:08:17.747][D][ldc1314:436]: TRACE,1039597,934,928,983
[19:08:17.762][D][ldc1314:436]: TRACE,1039611,934,928,983
[19:08:17.776][D][ldc1314:436]: TRACE,1039626,934,928,983
[19:08:17.794][D][ldc1314:436]: TRACE,1039641,934,928,983
[19:08:17.805][D][ldc1314:436]: TRACE,1039655,934,928,983
[19:08:17.819][D][ldc1314:436]: TRACE,1039671,934,928,983
[19:08:17.839][D][ldc1314:436]: TRACE,1039687,934,928,983
[19:08:17.852][D][ldc1314:436]: TRACE,1039704,934,928,983
[19:08:17.869][D][ldc1314:436]: TRACE,1039716,934,928,983
[19:08:17.880][D][ldc1314:436]: TRACE,1039730,934,928,983
[19:08:17.905][D][ldc1314:436]: TRACE,1039748,934,928,983
[19:08:17.911][D][ldc1314:436]: TRACE,1039762,934,928,983
[19:08:17.923][D][ldc1314:436]: TRACE,1039772,934,928,983
[19:08:17.943][D][ldc1314:436]: TRACE,1039794,934,928,983
[19:08:17.958][D][ldc1314:436]: TRACE,1039809,934,928,983
[19:08:17.972][D][ldc1314:436]: TRACE,1039823,934,928,983
[19:08:17.986][D][ldc1314:436]: TRACE,1039837,934,928,983
[19:08:18.089][D][ldc1314:436]: TRACE,1039852,934,928,983
[19:08:18.090][D][ldc1314:436]: TRACE,1039862,934,928,983
[19:08:18.090][D][ldc1314:436]: TRACE,1039873,934,928,983
[19:08:18.090][D][ldc1314:436]: TRACE,1039883,934,928,983
[19:08:18.090][D][ldc1314:436]: TRACE,1039893,934,928,983
[19:08:18.090][D][ldc1314:436]: TRACE,1039904,934,928,983
[19:08:18.090][D][ldc1314:436]: TRACE,1039914,934,928,983
[19:08:18.090][D][ldc1314:436]: TRACE,1039924,934,928,983
[19:08:18.090][D][ldc1314:436]: TRACE,1039934,934,928,983
[19:08:18.090][D][ldc1314:436]: TRACE,1039944,934,929,983
[19:08:18.105][D][ldc1314:436]: TRACE,1039955,934,929,983
[19:08:18.117][D][ldc1314:436]: TRACE,1039969,934,928,983
[19:08:18.132][D][ldc1314:436]: TRACE,1039983,934,928,983
[19:08:18.147][D][ldc1314:436]: TRACE,1039997,934,929,983
[19:08:18.163][D][ldc1314:436]: TRACE,1040013,934,928,983
[19:08:18.177][D][ldc1314:436]: TRACE,1040028,934,928,983
[19:08:18.203][D][ldc1314:436]: TRACE,1040048,934,929,983
[19:08:18.210][D][ldc1314:436]: TRACE,1040061,934,929,983
[19:08:18.226][D][ldc1314:436]: TRACE,1040075,934,928,983
[19:08:18.241][D][ldc1314:436]: TRACE,1040092,934,929,983
[19:08:18.256][D][ldc1314:436]: TRACE,1040106,934,929,983
[19:08:18.271][D][ldc1314:436]: TRACE,1040121,934,929,983
[19:08:18.288][D][ldc1314:436]: TRACE,1040136,934,929,983
[19:08:18.309][D][ldc1314:436]: TRACE,1040155,934,929,983
[19:08:18.322][D][ldc1314:436]: TRACE,1040168,934,929,983
[19:08:18.338][D][ldc1314:436]: TRACE,1040188,934,929,983
[19:08:18.352][D][ldc1314:436]: TRACE,1040202,934,929,983
[19:08:18.367][D][ldc1314:436]: TRACE,1040217,934,929,983
[19:08:18.383][D][ldc1314:436]: TRACE,1040232,934,928,983
[19:08:18.409][D][ldc1314:436]: TRACE,1040249,934,929,983
[19:08:18.421][D][ldc1314:436]: TRACE,1040269,934,929,983
[19:08:18.435][D][ldc1314:436]: TRACE,1040279,934,929,983
[19:08:18.449][D][ldc1314:436]: TRACE,1040299,934,929,983
[19:08:18.464][D][ldc1314:436]: TRACE,1040313,934,929,983
[19:08:18.481][D][ldc1314:436]: TRACE,1040328,934,929,983
[19:08:18.493][D][ldc1314:436]: TRACE,1040343,934,929,983
[19:08:18.510][D][ldc1314:436]: TRACE,1040357,934,929,983
[19:08:18.613][D][ldc1314:436]: TRACE,1040371,934,929,983
[19:08:18.613][D][ldc1314:436]: TRACE,1040391,934,929,983
[19:08:18.614][D][ldc1314:436]: TRACE,1040401,934,929,983
[19:08:18.614][D][ldc1314:436]: TRACE,1040411,934,928,983
[19:08:18.614][D][ldc1314:436]: TRACE,1040422,934,929,983
[19:08:18.614][D][ldc1314:436]: TRACE,1040432,934,929,983
[19:08:18.614][D][ldc1314:436]: TRACE,1040443,934,929,983
[19:08:18.614][D][ldc1314:436]: TRACE,1040453,934,929,983
[19:08:18.621][D][ldc1314:436]: TRACE,1040463,934,929,983
[19:08:18.628][D][ldc1314:436]: TRACE,1040474,934,928,983
[19:08:18.639][D][ldc1314:436]: TRACE,1040488,934,928,983
[19:08:18.658][D][ldc1314:436]: TRACE,1040508,934,928,983
[19:08:18.674][D][ldc1314:436]: TRACE,1040523,934,929,983
[19:08:18.690][D][ldc1314:436]: TRACE,1040540,934,929,983
[19:08:18.714][D][ldc1314:436]: TRACE,1040554,934,929,983
[19:08:18.721][D][ldc1314:436]: TRACE,1040569,934,929,983
[19:08:18.732][D][ldc1314:436]: TRACE,1040579,934,929,983
[19:08:18.750][D][ldc1314:436]: TRACE,1040597,934,929,983
[19:08:18.779][D][ldc1314:436]: TRACE,1040627,934,929,983
[19:08:18.795][D][ldc1314:436]: TRACE,1040645,934,929,983
[19:08:18.818][D][ldc1314:436]: TRACE,1040660,934,928,983
[19:08:18.822][D][ldc1314:436]: TRACE,1040673,934,929,983
[19:08:18.836][D][ldc1314:436]: TRACE,1040686,934,929,983
[19:08:18.850][D][ldc1314:436]: TRACE,1040700,934,929,983
[19:08:18.865][D][ldc1314:436]: TRACE,1040715,934,929,983
[19:08:18.884][D][ldc1314:436]: TRACE,1040736,934,929,983
[19:08:18.901][D][ldc1314:436]: TRACE,1040751,934,929,983
[19:08:18.918][D][ldc1314:436]: TRACE,1040765,934,929,983
[19:08:18.930][D][ldc1314:436]: TRACE,1040780,934,929,983
[19:08:18.945][D][ldc1314:436]: TRACE,1040795,934,929,983
[19:08:18.961][D][ldc1314:436]: TRACE,1040810,934,929,983
[19:08:18.976][D][ldc1314:436]: TRACE,1040827,934,929,983
[19:08:18.988][D][ldc1314:436]: TRACE,1040841,934,929,983
[19:08:19.012][D][ldc1314:436]: TRACE,1040859,934,929,983
[19:08:19.026][D][ldc1314:436]: TRACE,1040874,934,929,983
[19:08:19.033][D][ldc1314:436]: TRACE,1040883,934,929,983
[19:08:19.048][D][ldc1314:436]: TRACE,1040899,934,929,983
[19:08:19.137][D][ldc1314:436]: TRACE,1040914,934,929,983
[19:08:19.137][D][ldc1314:436]: TRACE,1040924,934,929,983
[19:08:19.137][D][ldc1314:436]: TRACE,1040934,934,928,983
[19:08:19.137][D][ldc1314:436]: TRACE,1040944,934,928,983
[19:08:19.138][D][ldc1314:436]: TRACE,1040955,934,929,983
[19:08:19.145][D][ldc1314:436]: TRACE,1040966,934,929,983
[19:08:19.145][D][ldc1314:436]: TRACE,1040976,934,928,983
[19:08:19.146][D][ldc1314:436]: TRACE,1040987,934,929,983
[19:08:19.147][D][ldc1314:436]: TRACE,1040998,934,929,983
[19:08:19.162][D][ldc1314:436]: TRACE,1041012,934,929,983
[19:08:19.177][D][ldc1314:436]: TRACE,1041027,934,929,983
[19:08:19.192][D][ldc1314:436]: TRACE,1041041,934,929,983
[19:08:19.209][D][ldc1314:436]: TRACE,1041059,934,929,983
[19:08:19.228][D][ldc1314:436]: TRACE,1041076,934,929,983
[19:08:19.241][D][ldc1314:436]: TRACE,1041089,934,929,983
[19:08:19.253][D][ldc1314:436]: TRACE,1041104,934,929,983
[19:08:19.269][D][ldc1314:436]: TRACE,1041119,934,929,983
[19:08:19.283][D][ldc1314:436]: TRACE,1041133,934,928,983
[19:08:19.299][D][ldc1314:436]: TRACE,1041148,934,929,983
[19:08:19.314][D][ldc1314:436]: TRACE,1041165,934,929,983
[19:08:19.329][D][ldc1314:436]: TRACE,1041180,934,929,983
[19:08:19.345][D][ldc1314:436]: TRACE,1041193,934,928,983
[19:08:19.359][D][ldc1314:436]: TRACE,1041209,934,929,983
[19:08:19.375][D][ldc1314:436]: TRACE,1041224,934,929,983
[19:08:19.388][D][ldc1314:436]: TRACE,1041239,934,929,983
[19:08:19.403][D][ldc1314:436]: TRACE,1041253,934,929,983
[19:08:19.418][D][ldc1314:436]: TRACE,1041268,934,929,983
[19:08:19.431][D][ldc1314:436]: TRACE,1041283,934,929,983
[19:08:19.446][D][ldc1314:436]: TRACE,1041294,934,929,983
[19:08:19.461][D][ldc1314:436]: TRACE,1041311,934,929,983
[19:08:19.476][D][ldc1314:436]: TRACE,1041325,934,929,983
[19:08:19.493][D][ldc1314:436]: TRACE,1041340,934,929,983
[19:08:19.501][D][ldc1314:436]: TRACE,1041354,934,929,983
[19:08:19.517][D][ldc1314:436]: TRACE,1041366,934,928,983
[19:08:19.534][D][ldc1314:436]: TRACE,1041381,934,929,983
[19:08:19.549][D][ldc1314:436]: TRACE,1041397,934,929,983
[19:08:19.567][D][ldc1314:436]: TRACE,1041413,934,929,983
[19:08:19.661][D][ldc1314:436]: TRACE,1041431,934,929,983
[19:08:19.661][D][ldc1314:436]: TRACE,1041446,934,929,983
[19:08:19.661][D][ldc1314:436]: TRACE,1041456,934,929,983
[19:08:19.662][D][ldc1314:436]: TRACE,1041466,934,929,983
[19:08:19.662][D][ldc1314:436]: TRACE,1041476,934,929,983
[19:08:19.662][D][ldc1314:436]: TRACE,1041486,934,929,983
[19:08:19.662][D][ldc1314:436]: TRACE,1041496,934,929,983
[19:08:19.662][D][ldc1314:436]: TRACE,1041506,934,929,983
[19:08:19.668][D][ldc1314:436]: TRACE,1041518,934,929,983
[19:08:19.682][D][ldc1314:436]: TRACE,1041533,934,929,983
[19:08:19.696][D][ldc1314:436]: TRACE,1041548,934,929,983
[19:08:19.711][D][ldc1314:436]: TRACE,1041561,934,929,983
[19:08:19.726][D][ldc1314:436]: TRACE,1041575,934,929,983
[19:08:19.740][D][ldc1314:436]: TRACE,1041591,934,929,983
[19:08:19.753][D][ldc1314:436]: TRACE,1041601,934,929,983
[19:08:19.775][D][ldc1314:436]: TRACE,1041622,934,929,983
[19:08:19.789][D][ldc1314:436]: TRACE,1041638,934,929,983
[19:08:19.804][D][ldc1314:436]: TRACE,1041655,934,929,983
[19:08:19.822][D][ldc1314:436]: TRACE,1041670,934,929,983
[19:08:19.839][D][ldc1314:436]: TRACE,1041684,934,929,983
[19:08:19.845][D][ldc1314:436]: TRACE,1041696,934,929,983
[19:08:19.861][D][ldc1314:436]: TRACE,1041711,934,929,983
[19:08:19.873][D][ldc1314:436]: TRACE,1041725,934,929,983
[19:08:19.893][D][ldc1314:436]: TRACE,1041743,934,929,983
[19:08:19.907][D][ldc1314:436]: TRACE,1041758,934,929,983
[19:08:19.926][D][ldc1314:436]: TRACE,1041774,934,929,983
[19:08:19.943][D][ldc1314:436]: TRACE,1041790,934,929,983
[19:08:19.955][D][ldc1314:436]: TRACE,1041804,934,929,983
[19:08:19.971][D][ldc1314:436]: TRACE,1041817,934,929,983
[19:08:19.981][D][ldc1314:436]: TRACE,1041833,934,929,983
[19:08:20.002][D][ldc1314:436]: TRACE,1041852,934,929,983
[19:08:20.018][D][ldc1314:436]: TRACE,1041866,934,929,983
[19:08:20.029][D][ldc1314:436]: TRACE,1041881,934,929,983
[19:08:20.044][D][ldc1314:436]: TRACE,1041896,934,929,983
[19:08:20.058][D][ldc1314:436]: TRACE,1041907,934,929,983
[19:08:20.072][D][ldc1314:436]: TRACE,1041922,934,929,983
[19:08:20.088][D][ldc1314:436]: TRACE,1041937,934,929,983
[19:08:20.192][D][ldc1314:436]: TRACE,1041958,934,929,983
[19:08:20.192][D][ldc1314:436]: TRACE,1041970,934,929,983
[19:08:20.193][D][ldc1314:436]: TRACE,1041980,934,929,983
[19:08:20.193][D][ldc1314:436]: TRACE,1041990,934,929,983
[19:08:20.193][D][ldc1314:436]: TRACE,1042000,934,929,983
[19:08:20.193][D][ldc1314:436]: TRACE,1042010,934,929,983
[19:08:20.193][D][ldc1314:436]: TRACE,1042020,934,929,983
[19:08:20.193][D][ldc1314:436]: TRACE,1042030,934,929,983
[19:08:20.199][D][ldc1314:436]: TRACE,1042041,934,929,983
[19:08:20.199][D][ldc1314:436]: TRACE,1042051,934,929,983
[19:08:20.215][D][ldc1314:436]: TRACE,1042066,934,929,983
[19:08:20.231][D][ldc1314:436]: TRACE,1042081,934,929,983
[19:08:20.249][D][ldc1314:436]: TRACE,1042097,934,929,983
[19:08:20.259][D][ldc1314:436]: TRACE,1042111,934,929,983
[19:08:20.271][D][ldc1314:436]: TRACE,1042123,934,929,983
[19:08:20.289][D][ldc1314:436]: TRACE,1042136,934,929,983
[19:08:20.300][D][ldc1314:436]: TRACE,1042152,934,929,983
[19:08:20.315][D][ldc1314:436]: TRACE,1042165,934,929,983
[19:08:20.336][D][ldc1314:436]: TRACE,1042187,934,929,983
[19:08:20.354][D][ldc1314:436]: TRACE,1042201,934,929,983
[19:08:20.364][D][ldc1314:436]: TRACE,1042213,934,929,983
[19:08:20.379][D][ldc1314:436]: TRACE,1042229,934,929,983
[19:08:20.394][D][ldc1314:436]: TRACE,1042244,934,929,983
[19:08:20.409][D][ldc1314:436]: TRACE,1042259,934,929,983
[19:08:20.426][D][ldc1314:436]: TRACE,1042274,934,929,983
[19:08:20.455][D][ldc1314:436]: TRACE,1042294,934,929,983
[19:08:20.463][D][ldc1314:436]: TRACE,1042309,934,929,983
[19:08:20.472][D][ldc1314:436]: TRACE,1042321,934,929,983
[19:08:20.485][D][ldc1314:436]: TRACE,1042337,934,929,983
[19:08:20.500][D][ldc1314:436]: TRACE,1042351,934,929,983
[19:08:20.518][D][ldc1314:436]: TRACE,1042364,934,929,983
[19:08:20.528][D][ldc1314:436]: TRACE,1042379,934,929,983
[19:08:20.539][D][ldc1314:436]: TRACE,1042390,934,929,983
[19:08:20.555][D][ldc1314:436]: TRACE,1042403,934,929,983
[19:08:20.575][D][ldc1314:436]: TRACE,1042419,934,929,983
[19:08:20.591][D][ldc1314:436]: TRACE,1042441,934,929,983
[19:08:20.607][D][ldc1314:436]: TRACE,1042456,934,929,983
[19:08:20.710][D][ldc1314:436]: TRACE,1042471,934,929,983
[19:08:20.711][D][ldc1314:436]: TRACE,1042486,934,929,983
[19:08:20.711][D][ldc1314:436]: TRACE,1042497,934,929,983
[19:08:20.711][D][ldc1314:436]: TRACE,1042507,934,929,983
[19:08:20.712][D][ldc1314:436]: TRACE,1042517,934,929,983
[19:08:20.712][D][ldc1314:436]: TRACE,1042527,934,929,983
[19:08:20.712][D][ldc1314:436]: TRACE,1042537,934,929,983
[19:08:20.712][D][ldc1314:436]: TRACE,1042547,934,929,983
[19:08:20.712][D][ldc1314:436]: TRACE,1042557,934,929,983
[19:08:20.713][D][ldc1314:436]: TRACE,1042567,934,929,983
[19:08:20.730][D][ldc1314:436]: TRACE,1042578,934,929,983
[19:08:20.744][D][ldc1314:436]: TRACE,1042595,934,929,983
[19:08:20.762][D][ldc1314:436]: TRACE,1042608,934,929,983
[19:08:20.772][D][ldc1314:436]: TRACE,1042622,934,929,983
[19:08:20.787][D][ldc1314:436]: TRACE,1042637,934,929,983
[19:08:20.808][D][ldc1314:436]: TRACE,1042658,934,929,983
[19:08:20.823][D][ldc1314:436]: TRACE,1042672,934,929,983
[19:08:20.839][D][ldc1314:436]: TRACE,1042689,934,928,983
[19:08:20.866][D][ldc1314:436]: TRACE,1042704,934,929,983
[19:08:20.874][D][ldc1314:436]: TRACE,1042719,934,929,983
[19:08:20.882][D][ldc1314:436]: TRACE,1042732,934,929,983
[19:08:20.895][D][ldc1314:436]: TRACE,1042747,934,929,983
[19:08:20.911][D][ldc1314:436]: TRACE,1042761,934,929,983
[19:08:20.931][D][ldc1314:436]: TRACE,1042782,934,929,983
[19:08:20.947][D][ldc1314:436]: TRACE,1042796,934,929,983
[19:08:20.966][D][ldc1314:436]: TRACE,1042813,934,929,983
[19:08:20.975][D][ldc1314:436]: TRACE,1042826,934,929,983
[19:08:21.007][D][ldc1314:436]: TRACE,1042838,934,929,983
[19:08:21.015][D][ldc1314:436]: TRACE,1042851,934,929,983
[19:08:21.015][D][ldc1314:436]: TRACE,1042862,934,929,983
[19:08:21.024][D][ldc1314:436]: TRACE,1042872,934,929,983
[19:08:21.041][D][ldc1314:436]: TRACE,1042890,934,929,983
[19:08:21.068][D][ldc1314:436]: TRACE,1042906,934,929,983
[19:08:21.074][D][ldc1314:436]: TRACE,1042923,934,929,983
[19:08:21.084][D][ldc1314:436]: TRACE,1042935,934,929,983
[19:08:21.097][D][ldc1314:436]: TRACE,1042949,934,929,983
[19:08:21.112][D][ldc1314:436]: TRACE,1042963,934,929,983
[19:08:21.127][D][ldc1314:436]: TRACE,1042978,934,929,983
[19:08:21.142][D][ldc1314:436]: TRACE,1042992,934,929,983
[19:08:21.237][D][ldc1314:436]: TRACE,1043011,934,929,983
[19:08:21.237][D][ldc1314:436]: TRACE,1043021,934,929,983
[19:08:21.237][D][ldc1314:436]: TRACE,1043031,934,929,983
[19:08:21.237][D][ldc1314:436]: TRACE,1043041,934,929,983
[19:08:21.237][D][ldc1314:436]: TRACE,1043051,934,929,983
[19:08:21.237][D][ldc1314:436]: TRACE,1043062,934,929,983
[19:08:21.237][D][ldc1314:436]: TRACE,1043072,934,929,983
[19:08:21.237][D][ldc1314:436]: TRACE,1043082,934,929,983
[19:08:21.244][D][ldc1314:436]: TRACE,1043092,934,929,983
[19:08:21.252][D][ldc1314:436]: TRACE,1043102,934,929,983
[19:08:21.273][D][ldc1314:436]: TRACE,1043120,934,929,983
[19:08:21.285][D][ldc1314:436]: TRACE,1043134,934,929,983
[19:08:21.302][D][ldc1314:436]: TRACE,1043150,934,929,983
[19:08:21.316][D][ldc1314:436]: TRACE,1043165,934,929,983
[19:08:21.333][D][ldc1314:436]: TRACE,1043182,934,929,983
[19:08:21.346][D][ldc1314:436]: TRACE,1043197,934,929,983
[19:08:21.362][D][ldc1314:436]: TRACE,1043211,934,929,983
[19:08:21.379][D][ldc1314:436]: TRACE,1043227,934,929,983
[19:08:21.393][D][ldc1314:436]: TRACE,1043244,934,929,983
[19:08:21.404][D][ldc1314:436]: TRACE,1043257,934,929,983
[19:08:21.421][D][ldc1314:436]: TRACE,1043271,934,929,983
[19:08:21.436][D][ldc1314:436]: TRACE,1043286,934,929,983
[19:08:21.452][D][ldc1314:436]: TRACE,1043301,934,929,983
[19:08:21.477][D][ldc1314:436]: TRACE,1043317,934,929,983
[19:08:21.486][D][ldc1314:436]: TRACE,1043332,934,929,983
[19:08:21.495][D][ldc1314:436]: TRACE,1043344,934,929,983
[19:08:21.515][D][ldc1314:436]: TRACE,1043365,934,929,983
[19:08:21.531][D][ldc1314:436]: TRACE,1043380,934,929,983
[19:08:21.545][D][ldc1314:436]: TRACE,1043397,934,929,983
[19:08:21.563][D][ldc1314:436]: TRACE,1043412,934,929,983
[19:08:21.588][D][ldc1314:436]: TRACE,1043427,934,929,983
[19:08:21.596][D][ldc1314:436]: TRACE,1043443,934,929,983
[19:08:21.606][D][ldc1314:436]: TRACE,1043456,934,929,983
[19:08:21.622][D][ldc1314:436]: TRACE,1043471,934,929,983
[19:08:21.643][D][ldc1314:436]: TRACE,1043491,934,929,983
[19:08:21.657][D][ldc1314:436]: TRACE,1043506,934,929,983
[19:08:21.761][D][ldc1314:436]: TRACE,1043521,934,928,983
[19:08:21.762][D][ldc1314:436]: TRACE,1043536,934,928,983
[19:08:21.762][D][ldc1314:436]: TRACE,1043546,934,928,983
[19:08:21.762][D][ldc1314:436]: TRACE,1043556,934,928,983
[19:08:21.762][D][ldc1314:436]: TRACE,1043566,934,928,983
[19:08:21.762][D][ldc1314:436]: TRACE,1043577,934,928,983
[19:08:21.762][D][ldc1314:436]: TRACE,1043587,934,928,983
[19:08:21.762][D][ldc1314:436]: TRACE,1043598,934,928,983
[19:08:21.773][D][ldc1314:436]: TRACE,1043609,934,928,983
[19:08:21.773][D][ldc1314:436]: TRACE,1043620,934,928,983
[19:08:21.788][D][ldc1314:436]: TRACE,1043630,934,928,983
[19:08:21.794][D][ldc1314:436]: TRACE,1043645,934,928,983
[19:08:21.809][D][ldc1314:436]: TRACE,1043661,934,928,983
[19:08:21.825][D][ldc1314:436]: TRACE,1043674,934,928,983
[19:08:21.843][D][ldc1314:436]: TRACE,1043688,934,928,983
[19:08:21.852][D][ldc1314:436]: TRACE,1043705,934,928,983
[19:08:21.868][D][ldc1314:436]: TRACE,1043717,934,928,983
[19:08:21.890][D][ldc1314:436]: TRACE,1043736,934,928,983
[19:08:21.903][D][ldc1314:436]: TRACE,1043749,934,928,983
[19:08:21.914][D][ldc1314:436]: TRACE,1043766,934,928,983
[19:08:21.930][D][ldc1314:436]: TRACE,1043778,934,928,983
[19:08:21.946][D][ldc1314:436]: TRACE,1043795,934,928,983
[19:08:21.960][D][ldc1314:436]: TRACE,1043810,934,928,983
[19:08:21.979][D][ldc1314:436]: TRACE,1043825,934,928,983
[19:08:21.990][D][ldc1314:436]: TRACE,1043840,934,928,983
[19:08:22.008][D][ldc1314:436]: TRACE,1043858,934,928,983
[19:08:22.024][D][ldc1314:436]: TRACE,1043873,934,928,983
[19:08:22.040][D][ldc1314:436]: TRACE,1043889,934,928,983
[19:08:22.057][D][ldc1314:436]: TRACE,1043905,934,928,983
[19:08:22.070][D][ldc1314:436]: TRACE,1043921,934,928,983
[19:08:22.091][D][ldc1314:436]: TRACE,1043936,934,928,983
[19:08:22.097][D][ldc1314:436]: TRACE,1043948,934,928,983
[19:08:22.114][D][ldc1314:436]: TRACE,1043962,934,928,983
[19:08:22.131][D][ldc1314:436]: TRACE,1043982,934,928,983
[19:08:22.149][D][ldc1314:436]: TRACE,1043997,934,928,983
[19:08:22.164][D][ldc1314:436]: TRACE,1044014,934,928,983
[19:08:22.179][D][ldc1314:436]: TRACE,1044029,934,928,983
[19:08:22.282][D][ldc1314:436]: TRACE,1044041,934,928,983
[19:08:22.282][D][ldc1314:436]: TRACE,1044051,934,928,983
[19:08:22.282][D][ldc1314:436]: TRACE,1044065,934,928,983
[19:08:22.282][D][ldc1314:436]: TRACE,1044074,934,928,983
[19:08:22.285][D][ldc1314:436]: TRACE,1044087,934,928,983
[19:08:22.285][D][ldc1314:436]: TRACE,1044097,934,928,983
[19:08:22.285][D][ldc1314:436]: TRACE,1044107,934,928,983
[19:08:22.285][D][ldc1314:436]: TRACE,1044118,934,928,983
[19:08:22.299][D][ldc1314:436]: TRACE,1044128,934,928,983
[19:08:22.299][D][ldc1314:436]: TRACE,1044138,934,928,983
[19:08:22.299][D][ldc1314:436]: TRACE,1044148,934,928,983
[19:08:22.310][D][ldc1314:436]: TRACE,1044158,934,928,983
[19:08:22.326][D][ldc1314:436]: TRACE,1044175,934,928,983
[19:08:22.345][D][ldc1314:436]: TRACE,1044194,934,928,983
[19:08:22.361][D][ldc1314:436]: TRACE,1044210,934,928,983
[19:08:22.372][D][ldc1314:436]: TRACE,1044224,934,928,983
[19:08:22.398][D][ldc1314:436]: TRACE,1044238,934,928,983
[19:08:22.406][D][ldc1314:436]: TRACE,1044252,934,928,983
[19:08:22.415][D][ldc1314:436]: TRACE,1044264,934,928,983
[19:08:22.428][D][ldc1314:436]: TRACE,1044280,934,928,983
[19:08:22.442][D][ldc1314:436]: TRACE,1044294,934,928,983
[19:08:22.462][D][ldc1314:436]: TRACE,1044312,934,928,983
[19:08:22.477][D][ldc1314:436]: TRACE,1044327,934,928,983
[19:08:22.500][D][ldc1314:436]: TRACE,1044341,934,928,983
[19:08:22.502][D][ldc1314:436]: TRACE,1044355,934,928,983
[19:08:22.519][D][ldc1314:436]: TRACE,1044366,934,928,983
[19:08:22.534][D][ldc1314:436]: TRACE,1044384,934,928,983
[19:08:22.547][D][ldc1314:436]: TRACE,1044398,934,928,983
[19:08:22.570][D][ldc1314:436]: TRACE,1044417,934,928,983
[19:08:22.587][D][ldc1314:436]: TRACE,1044429,934,928,983
[19:08:22.603][D][ldc1314:436]: TRACE,1044446,934,928,983
[19:08:22.612][D][ldc1314:436]: TRACE,1044464,934,928,983
[19:08:22.628][D][ldc1314:436]: TRACE,1044476,934,928,983
[19:08:22.643][D][ldc1314:436]: TRACE,1044493,934,928,983
[19:08:22.658][D][ldc1314:436]: TRACE,1044507,934,928,983
[19:08:22.677][D][ldc1314:436]: TRACE,1044527,934,928,983
[19:08:22.693][D][ldc1314:436]: TRACE,1044542,934,928,983
[19:08:22.715][D][ldc1314:436]: TRACE,1044557,934,928,983
[19:08:22.809][D][ldc1314:436]: TRACE,1044568,934,928,983
[19:08:22.810][D][ldc1314:436]: TRACE,1044586,934,928,983
[19:08:22.810][D][ldc1314:436]: TRACE,1044596,934,928,983
[19:08:22.810][D][ldc1314:436]: TRACE,1044606,934,928,983
[19:08:22.810][D][ldc1314:436]: TRACE,1044616,934,928,983
[19:08:22.812][D][ldc1314:436]: TRACE,1044630,934,928,983
[19:08:22.812][D][ldc1314:436]: TRACE,1044640,934,928,983
[19:08:22.812][D][ldc1314:436]: TRACE,1044650,934,928,983
[19:08:22.812][D][ldc1314:436]: TRACE,1044660,934,928,983
[19:08:22.825][D][ldc1314:436]: TRACE,1044672,934,928,983
[19:08:22.839][D][ldc1314:436]: TRACE,1044691,934,928,983
[19:08:22.856][D][ldc1314:436]: TRACE,1044706,934,928,983
[19:08:22.871][D][ldc1314:436]: TRACE,1044720,934,928,983
[19:08:22.883][D][ldc1314:436]: TRACE,1044735,934,928,983
[19:08:22.913][D][ldc1314:436]: TRACE,1044746,934,928,983
[19:08:22.922][D][ldc1314:436]: TRACE,1044762,934,928,983
[19:08:22.922][D][ldc1314:436]: TRACE,1044771,934,928,983
[19:08:22.935][D][ldc1314:436]: TRACE,1044783,934,928,983
[19:08:22.950][D][ldc1314:436]: TRACE,1044799,934,928,983
[19:08:22.966][D][ldc1314:436]: TRACE,1044816,934,928,983
[19:08:22.981][D][ldc1314:436]: TRACE,1044831,934,928,983
[19:08:22.993][D][ldc1314:436]: TRACE,1044845,934,928,983
[19:08:23.015][D][ldc1314:436]: TRACE,1044864,934,928,983
[19:08:23.030][D][ldc1314:436]: TRACE,1044875,934,928,983
[19:08:23.044][D][ldc1314:436]: TRACE,1044893,934,928,983
[19:08:23.058][D][ldc1314:436]: TRACE,1044908,934,928,983
[19:08:23.074][D][ldc1314:436]: TRACE,1044923,934,928,983
[19:08:23.088][D][ldc1314:436]: TRACE,1044938,934,928,983
[19:08:23.118][D][ldc1314:436]: TRACE,1044953,934,928,983
[19:08:23.125][D][ldc1314:436]: TRACE,1044971,934,928,983
[19:08:23.137][D][ldc1314:436]: TRACE,1044985,934,928,983
[19:08:23.151][D][ldc1314:436]: TRACE,1045002,934,928,983
[19:08:23.167][D][ldc1314:436]: TRACE,1045017,934,928,983
[19:08:23.180][D][ldc1314:436]: TRACE,1045032,934,928,983
[19:08:23.196][D][ldc1314:436]: TRACE,1045047,934,928,983
[19:08:23.218][D][ldc1314:436]: TRACE,1045061,934,928,983
[19:08:23.225][D][ldc1314:436]: TRACE,1045074,934,928,983
[19:08:23.332][D][ldc1314:436]: TRACE,1045094,934,928,983
[19:08:23.332][D][ldc1314:436]: TRACE,1045109,934,928,983
[19:08:23.332][D][ldc1314:436]: TRACE,1045118,934,928,983
[19:08:23.332][D][ldc1314:436]: TRACE,1045128,934,928,983
[19:08:23.332][D][ldc1314:436]: TRACE,1045138,934,928,983
[19:08:23.333][D][ldc1314:436]: TRACE,1045148,934,928,983
[19:08:23.333][D][ldc1314:436]: TRACE,1045158,934,928,983
[19:08:23.333][D][ldc1314:436]: TRACE,1045168,934,928,983
[19:08:23.338][D][ldc1314:436]: TRACE,1045179,934,928,983
[19:08:23.339][D][ldc1314:436]: TRACE,1045190,934,928,983
[19:08:23.357][D][ldc1314:436]: TRACE,1045202,934,928,983
[19:08:23.367][D][ldc1314:436]: TRACE,1045218,934,928,983
[19:08:23.381][D][ldc1314:436]: TRACE,1045232,934,928,983
[19:08:23.397][D][ldc1314:436]: TRACE,1045247,934,928,983
[19:08:23.422][D][ldc1314:436]: TRACE,1045261,934,928,983
[19:08:23.429][D][ldc1314:436]: TRACE,1045276,934,928,983
[19:08:23.442][D][ldc1314:436]: TRACE,1045286,934,928,983
[19:08:23.458][D][ldc1314:436]: TRACE,1045305,934,928,983
[19:08:23.471][D][ldc1314:436]: TRACE,1045320,934,928,983
[19:08:23.485][D][ldc1314:436]: TRACE,1045337,934,928,983
[19:08:23.499][D][ldc1314:436]: TRACE,1045349,934,928,983
[19:08:23.525][D][ldc1314:436]: TRACE,1045364,934,928,983
[19:08:23.531][D][ldc1314:436]: TRACE,1045379,934,928,983
[19:08:23.543][D][ldc1314:436]: TRACE,1045391,934,928,983
[19:08:23.561][D][ldc1314:436]: TRACE,1045410,934,928,983
[19:08:23.577][D][ldc1314:436]: TRACE,1045427,934,928,983
[19:08:23.595][D][ldc1314:436]: TRACE,1045442,934,928,983
[19:08:23.610][D][ldc1314:436]: TRACE,1045460,934,928,983
[19:08:23.629][D][ldc1314:436]: TRACE,1045475,934,928,983
[19:08:23.638][D][ldc1314:436]: TRACE,1045487,934,928,983
[19:08:23.671][D][ldc1314:436]: TRACE,1045503,934,928,983
[19:08:23.672][D][ldc1314:436]: TRACE,1045518,934,928,983
[19:08:23.681][D][ldc1314:436]: TRACE,1045531,934,928,983
[19:08:23.694][D][ldc1314:436]: TRACE,1045544,934,928,983
[19:08:23.707][D][ldc1314:436]: TRACE,1045559,934,928,983
[19:08:23.728][D][ldc1314:436]: TRACE,1045573,934,928,983
[19:08:23.737][D][ldc1314:436]: TRACE,1045587,934,928,983
[19:08:23.752][D][ldc1314:436]: TRACE,1045602,934,928,983
[19:08:23.765][D][ldc1314:436]: TRACE,1045617,934,928,983
[19:08:23.857][D][ldc1314:436]: TRACE,1045631,934,928,983
[19:08:23.858][D][ldc1314:436]: TRACE,1045644,934,928,983
[19:08:23.858][D][ldc1314:436]: TRACE,1045654,934,928,983
[19:08:23.859][D][ldc1314:436]: TRACE,1045664,934,928,983
[19:08:23.859][D][ldc1314:436]: TRACE,1045674,934,928,983
[19:08:23.862][D][ldc1314:436]: TRACE,1045685,934,928,983
[19:08:23.862][D][ldc1314:436]: TRACE,1045695,934,928,983
[19:08:23.862][D][ldc1314:436]: TRACE,1045705,934,928,983
[19:08:23.862][D][ldc1314:436]: TRACE,1045715,934,928,983
[19:08:23.879][D][ldc1314:436]: TRACE,1045726,934,928,983
[19:08:23.891][D][ldc1314:436]: TRACE,1045743,934,928,983
[19:08:23.907][D][ldc1314:436]: TRACE,1045758,934,928,983
[19:08:23.934][D][ldc1314:436]: TRACE,1045775,934,928,983
[19:08:23.940][D][ldc1314:436]: TRACE,1045790,934,928,983
[19:08:23.952][D][ldc1314:436]: TRACE,1045802,934,928,983
[19:08:23.969][D][ldc1314:436]: TRACE,1045818,934,928,983
[19:08:23.985][D][ldc1314:436]: TRACE,1045833,934,928,983
[19:08:23.999][D][ldc1314:436]: TRACE,1045850,934,928,983
[19:08:24.012][D][ldc1314:436]: TRACE,1045864,934,928,983
[19:08:24.036][D][ldc1314:436]: TRACE,1045879,934,928,983
[19:08:24.048][D][ldc1314:436]: TRACE,1045896,934,928,983
[19:08:24.059][D][ldc1314:436]: TRACE,1045910,934,928,983
[19:08:24.073][D][ldc1314:436]: TRACE,1045922,934,928,983
[19:08:24.086][D][ldc1314:436]: TRACE,1045937,934,928,983
[19:08:24.098][D][ldc1314:436]: TRACE,1045952,934,928,983
[19:08:24.113][D][ldc1314:436]: TRACE,1045963,934,928,983
[19:08:24.139][D][ldc1314:436]: TRACE,1045978,934,929,983
[19:08:24.144][D][ldc1314:436]: TRACE,1045993,934,928,983
[19:08:24.159][D][ldc1314:436]: TRACE,1046009,934,928,983
[19:08:24.173][D][ldc1314:436]: TRACE,1046023,934,928,983
[19:08:24.187][D][ldc1314:436]: TRACE,1046038,934,928,983
[19:08:24.205][D][ldc1314:436]: TRACE,1046054,934,928,983
[19:08:24.218][D][ldc1314:436]: TRACE,1046069,934,928,983
[19:08:24.240][D][ldc1314:436]: TRACE,1046084,934,928,983
[19:08:24.249][D][ldc1314:436]: TRACE,1046097,934,928,983
[19:08:24.265][D][ldc1314:436]: TRACE,1046115,934,928,983
[19:08:24.278][D][ldc1314:436]: TRACE,1046130,934,928,983
[19:08:24.380][D][ldc1314:436]: TRACE,1046144,934,928,983
[19:08:24.380][D][ldc1314:436]: TRACE,1046159,934,928,983
[19:08:24.380][D][ldc1314:436]: TRACE,1046169,934,928,983
[19:08:24.380][D][ldc1314:436]: TRACE,1046179,934,928,983
[19:08:24.380][D][ldc1314:436]: TRACE,1046189,934,928,983
[19:08:24.380][D][ldc1314:436]: TRACE,1046199,934,928,983
[19:08:24.380][D][ldc1314:436]: TRACE,1046209,934,928,983
[19:08:24.380][D][ldc1314:436]: TRACE,1046219,934,928,983
[19:08:24.391][D][ldc1314:436]: TRACE,1046230,934,928,983
[19:08:24.397][D][ldc1314:436]: TRACE,1046241,934,928,983
[19:08:24.404][D][ldc1314:436]: TRACE,1046254,934,928,983
[19:08:24.419][D][ldc1314:436]: TRACE,1046269,934,928,983
[19:08:24.446][D][ldc1314:436]: TRACE,1046284,934,928,983
[19:08:24.452][D][ldc1314:436]: TRACE,1046299,934,928,983
[19:08:24.463][D][ldc1314:436]: TRACE,1046311,934,928,983
[19:08:24.475][D][ldc1314:436]: TRACE,1046327,934,928,983
[19:08:24.489][D][ldc1314:436]: TRACE,1046341,934,928,983
[19:08:24.509][D][ldc1314:436]: TRACE,1046358,934,928,983
[19:08:24.525][D][ldc1314:436]: TRACE,1046375,934,928,983
[19:08:24.551][D][ldc1314:436]: TRACE,1046390,934,928,983
[19:08:24.554][D][ldc1314:436]: TRACE,1046405,934,928,983
[19:08:24.567][D][ldc1314:436]: TRACE,1046418,934,928,983
[19:08:24.582][D][ldc1314:436]: TRACE,1046433,934,928,983
[19:08:24.603][D][ldc1314:436]: TRACE,1046448,934,928,983
[19:08:24.622][D][ldc1314:436]: TRACE,1046471,934,928,983
[19:08:24.650][D][ldc1314:436]: TRACE,1046489,934,928,983
[19:08:24.657][D][ldc1314:436]: TRACE,1046504,934,928,983
[19:08:24.668][D][ldc1314:436]: TRACE,1046516,934,928,983
[19:08:24.682][D][ldc1314:436]: TRACE,1046532,934,928,983
[19:08:24.697][D][ldc1314:436]: TRACE,1046547,934,928,983
[19:08:24.714][D][ldc1314:436]: TRACE,1046562,934,928,983
[19:08:24.732][D][ldc1314:436]: TRACE,1046581,934,928,983
[19:08:24.755][D][ldc1314:436]: TRACE,1046597,934,928,983
[19:08:24.762][D][ldc1314:436]: TRACE,1046613,934,928,983
[19:08:24.777][D][ldc1314:436]: TRACE,1046628,934,928,983
[19:08:24.793][D][ldc1314:436]: TRACE,1046643,934,928,983
[19:08:24.808][D][ldc1314:436]: TRACE,1046658,934,928,983
[19:08:24.905][D][ldc1314:436]: TRACE,1046673,934,928,983
[19:08:24.905][D][ldc1314:436]: TRACE,1046687,934,928,983
[19:08:24.905][D][ldc1314:436]: TRACE,1046699,934,928,983
[19:08:24.905][D][ldc1314:436]: TRACE,1046709,934,928,983
[19:08:24.905][D][ldc1314:436]: TRACE,1046718,934,928,983
[19:08:24.905][D][ldc1314:436]: TRACE,1046728,934,928,983
[19:08:24.913][D][ldc1314:436]: TRACE,1046738,934,928,983
[19:08:24.913][D][ldc1314:436]: TRACE,1046748,934,929,983
[19:08:24.913][D][ldc1314:436]: TRACE,1046759,934,928,983
[19:08:24.920][D][ldc1314:436]: TRACE,1046770,934,928,983
[19:08:24.935][D][ldc1314:436]: TRACE,1046785,934,928,983
[19:08:24.956][D][ldc1314:436]: TRACE,1046800,934,929,983
[19:08:24.967][D][ldc1314:436]: TRACE,1046818,934,929,983
[19:08:24.983][D][ldc1314:436]: TRACE,1046832,934,928,983
[19:08:24.995][D][ldc1314:436]: TRACE,1046848,934,928,983
[19:08:25.010][D][ldc1314:436]: TRACE,1046860,934,928,983
[19:08:25.026][D][ldc1314:436]: TRACE,1046876,934,928,983
[19:08:25.037][D][ldc1314:436]: TRACE,1046889,934,928,983
[19:08:25.060][D][ldc1314:436]: TRACE,1046904,934,928,983
[19:08:25.064][D][ldc1314:436]: TRACE,1046916,934,928,983
[19:08:25.085][D][ldc1314:436]: TRACE,1046934,934,928,983
[19:08:25.100][D][ldc1314:436]: TRACE,1046950,934,928,983
[19:08:25.115][D][ldc1314:436]: TRACE,1046965,934,928,983
[19:08:25.129][D][ldc1314:436]: TRACE,1046979,934,928,983
[19:08:25.145][D][ldc1314:436]: TRACE,1046994,934,928,983
[19:08:25.162][D][ldc1314:436]: TRACE,1047009,934,928,983
[19:08:25.174][D][ldc1314:436]: TRACE,1047023,934,928,983
[19:08:25.187][D][ldc1314:436]: TRACE,1047039,934,928,983
[19:08:25.208][D][ldc1314:436]: TRACE,1047057,934,928,983
[19:08:25.224][D][ldc1314:436]: TRACE,1047074,934,928,983
[19:08:25.241][D][ldc1314:436]: TRACE,1047089,934,928,983
[19:08:25.263][D][ldc1314:436]: TRACE,1047105,934,928,983
[19:08:25.269][D][ldc1314:436]: TRACE,1047121,934,928,983
[19:08:25.284][D][ldc1314:436]: TRACE,1047134,934,928,983
[19:08:25.300][D][ldc1314:436]: TRACE,1047150,934,928,983
[19:08:25.318][D][ldc1314:436]: TRACE,1047165,934,928,983
[19:08:25.337][D][ldc1314:436]: TRACE,1047186,934,928,983
[19:08:25.429][D][ldc1314:436]: TRACE,1047201,934,928,983
[19:08:25.429][D][ldc1314:436]: TRACE,1047211,934,928,983
[19:08:25.429][D][ldc1314:436]: TRACE,1047221,934,928,983
[19:08:25.429][D][ldc1314:436]: TRACE,1047231,934,928,983
[19:08:25.429][D][ldc1314:436]: TRACE,1047241,934,928,983
[19:08:25.429][D][ldc1314:436]: TRACE,1047251,934,928,983
[19:08:25.429][D][ldc1314:436]: TRACE,1047261,934,928,983
[19:08:25.430][D][ldc1314:436]: TRACE,1047271,934,928,983
[19:08:25.430][D][ldc1314:436]: TRACE,1047281,934,928,983
[19:08:25.446][D][ldc1314:436]: TRACE,1047292,934,928,983
[19:08:25.469][D][ldc1314:436]: TRACE,1047310,934,928,983
[19:08:25.477][D][ldc1314:436]: TRACE,1047324,934,928,983
[19:08:25.483][D][ldc1314:436]: TRACE,1047334,934,928,983
[19:08:25.497][D][ldc1314:436]: TRACE,1047349,934,928,983
[19:08:25.513][D][ldc1314:436]: TRACE,1047364,934,928,983
[19:08:25.528][D][ldc1314:436]: TRACE,1047378,934,928,983
[19:08:25.550][D][ldc1314:436]: TRACE,1047399,934,928,983
[19:08:25.571][D][ldc1314:436]: TRACE,1047414,934,928,983
[19:08:25.578][D][ldc1314:436]: TRACE,1047429,934,928,983
[19:08:25.593][D][ldc1314:436]: TRACE,1047443,934,928,983
[19:08:25.613][D][ldc1314:436]: TRACE,1047459,934,928,983
[19:08:25.630][D][ldc1314:436]: TRACE,1047478,934,928,983
[19:08:25.645][D][ldc1314:436]: TRACE,1047494,934,928,983
[19:08:25.674][D][ldc1314:436]: TRACE,1047509,934,928,983
[19:08:25.680][D][ldc1314:436]: TRACE,1047528,934,928,983
[19:08:25.692][D][ldc1314:436]: TRACE,1047538,934,928,983
[19:08:25.705][D][ldc1314:436]: TRACE,1047555,934,928,983
[19:08:25.721][D][ldc1314:436]: TRACE,1047569,934,928,983
[19:08:25.736][D][ldc1314:436]: TRACE,1047586,934,928,983
[19:08:25.751][D][ldc1314:436]: TRACE,1047601,934,928,983
[19:08:25.776][D][ldc1314:436]: TRACE,1047616,934,928,983
[19:08:25.777][D][ldc1314:436]: TRACE,1047630,934,928,983
[19:08:25.797][D][ldc1314:436]: TRACE,1047645,934,928,983
[19:08:25.812][D][ldc1314:436]: TRACE,1047662,934,928,983
[19:08:25.829][D][ldc1314:436]: TRACE,1047679,934,928,983
[19:08:25.843][D][ldc1314:436]: TRACE,1047693,934,928,983
[19:08:25.858][D][ldc1314:436]: TRACE,1047708,934,928,983
[19:08:25.953][D][ldc1314:436]: TRACE,1047723,934,928,983
[19:08:25.953][D][ldc1314:436]: TRACE,1047736,934,928,983
[19:08:25.953][D][ldc1314:436]: TRACE,1047745,934,928,983
[19:08:25.953][D][ldc1314:436]: TRACE,1047756,934,928,983
[19:08:25.953][D][ldc1314:436]: TRACE,1047767,934,928,983
[19:08:25.953][D][ldc1314:436]: TRACE,1047777,934,928,983
[19:08:25.954][D][ldc1314:436]: TRACE,1047787,934,928,983
[19:08:25.961][D][ldc1314:436]: TRACE,1047797,934,928,983
[19:08:25.961][D][ldc1314:436]: TRACE,1047807,934,928,983
[19:08:25.968][D][ldc1314:436]: TRACE,1047818,934,928,983
[19:08:25.980][D][ldc1314:436]: TRACE,1047833,934,928,983
[19:08:25.995][D][ldc1314:436]: TRACE,1047844,934,928,983
[19:08:26.014][D][ldc1314:436]: TRACE,1047865,934,929,983
[19:08:26.029][D][ldc1314:436]: TRACE,1047878,934,928,983
[19:08:26.045][D][ldc1314:436]: TRACE,1047895,934,928,983
[19:08:26.060][D][ldc1314:436]: TRACE,1047910,934,928,983
[19:08:26.083][D][ldc1314:436]: TRACE,1047925,934,928,983
[19:08:26.090][D][ldc1314:436]: TRACE,1047939,934,928,983
[19:08:26.103][D][ldc1314:436]: TRACE,1047952,934,928,983
[19:08:26.117][D][ldc1314:436]: TRACE,1047967,934,928,983
[19:08:26.135][D][ldc1314:436]: TRACE,1047987,934,928,983
[19:08:26.151][D][ldc1314:436]: TRACE,1048000,934,928,983
[19:08:26.166][D][ldc1314:436]: TRACE,1048016,934,928,983
[19:08:26.185][D][ldc1314:436]: TRACE,1048031,934,928,983
[19:08:26.193][D][ldc1314:436]: TRACE,1048044,934,928,983
[19:08:26.208][D][ldc1314:436]: TRACE,1048058,934,928,983
[19:08:26.225][D][ldc1314:436]: TRACE,1048072,934,928,983
[19:08:26.245][D][ldc1314:436]: TRACE,1048095,934,928,983
[19:08:26.261][D][ldc1314:436]: TRACE,1048110,934,928,983
[19:08:26.287][D][ldc1314:436]: TRACE,1048127,934,928,983
[19:08:26.287][D][ldc1314:436]: TRACE,1048142,934,928,983
[19:08:26.306][D][ldc1314:436]: TRACE,1048152,934,928,983
[19:08:26.319][D][ldc1314:436]: TRACE,1048170,934,928,983
[19:08:26.334][D][ldc1314:436]: TRACE,1048185,934,928,983
[19:08:26.355][D][ldc1314:436]: TRACE,1048205,934,928,983
[19:08:26.371][D][ldc1314:436]: TRACE,1048220,934,928,983
[19:08:26.478][D][ldc1314:436]: TRACE,1048236,934,928,983
[19:08:26.478][D][ldc1314:436]: TRACE,1048250,934,928,983
[19:08:26.478][D][ldc1314:436]: TRACE,1048262,934,928,983
[19:08:26.478][D][ldc1314:436]: TRACE,1048272,934,928,983
[19:08:26.478][D][ldc1314:436]: TRACE,1048282,934,928,983
[19:08:26.478][D][ldc1314:436]: TRACE,1048292,934,928,983
[19:08:26.478][D][ldc1314:436]: TRACE,1048302,934,928,983
[19:08:26.478][D][ldc1314:436]: TRACE,1048312,934,928,983
[19:08:26.496][D][ldc1314:436]: TRACE,1048323,934,928,983
[19:08:26.496][D][ldc1314:436]: TRACE,1048334,934,928,983
[19:08:26.496][D][ldc1314:436]: TRACE,1048344,934,928,983
[19:08:26.505][D][ldc1314:436]: TRACE,1048354,934,928,983
[19:08:26.520][D][ldc1314:436]: TRACE,1048370,934,928,983
[19:08:26.535][D][ldc1314:436]: TRACE,1048385,934,928,983
[19:08:26.550][D][ldc1314:436]: TRACE,1048401,934,928,983
[19:08:26.564][D][ldc1314:436]: TRACE,1048414,934,928,983
[19:08:26.596][D][ldc1314:436]: TRACE,1048434,934,928,983
[19:08:26.603][D][ldc1314:436]: TRACE,1048450,934,928,983
[19:08:26.621][D][ldc1314:436]: TRACE,1048462,934,928,983
[19:08:26.637][D][ldc1314:436]: TRACE,1048487,934,928,983
[19:08:26.652][D][ldc1314:436]: TRACE,1048502,934,928,983
[19:08:26.668][D][ldc1314:436]: TRACE,1048517,934,928,983
[19:08:26.680][D][ldc1314:436]: TRACE,1048531,934,928,983
[19:08:26.706][D][ldc1314:436]: TRACE,1048550,934,928,983
[19:08:26.713][D][ldc1314:436]: TRACE,1048560,934,928,983
[19:08:26.728][D][ldc1314:436]: TRACE,1048579,934,928,983
[19:08:26.742][D][ldc1314:436]: TRACE,1048594,934,928,983
[19:08:26.758][D][ldc1314:436]: TRACE,1048608,934,928,983
[19:08:26.773][D][ldc1314:436]: TRACE,1048623,934,928,983
[19:08:26.801][D][ldc1314:436]: TRACE,1048637,934,928,983
[19:08:26.801][D][ldc1314:436]: TRACE,1048652,934,928,983
[19:08:26.818][D][ldc1314:436]: TRACE,1048669,934,928,983
[19:08:26.833][D][ldc1314:436]: TRACE,1048683,934,928,983
[19:08:26.849][D][ldc1314:436]: TRACE,1048699,934,928,983
[19:08:26.864][D][ldc1314:436]: TRACE,1048714,934,928,983
[19:08:26.879][D][ldc1314:436]: TRACE,1048730,934,928,983
[19:08:26.903][D][ldc1314:436]: TRACE,1048745,934,928,983
[19:08:26.911][D][ldc1314:436]: TRACE,1048757,934,928,983
[19:08:27.005][D][ldc1314:436]: TRACE,1048767,934,928,983
[19:08:27.006][D][ldc1314:436]: TRACE,1048783,934,928,983
[19:08:27.006][D][ldc1314:436]: TRACE,1048793,934,928,983
[19:08:27.006][D][ldc1314:436]: TRACE,1048804,934,928,983
[19:08:27.006][D][ldc1314:436]: TRACE,1048814,934,928,983
[19:08:27.006][D][ldc1314:436]: TRACE,1048825,934,928,983
[19:08:27.006][D][ldc1314:436]: TRACE,1048835,934,928,983
[19:08:27.006][D][ldc1314:436]: TRACE,1048845,934,928,983
[19:08:27.006][D][ldc1314:436]: TRACE,1048855,934,928,983
[19:08:27.017][D][ldc1314:436]: TRACE,1048865,934,928,983
[19:08:27.030][D][ldc1314:436]: TRACE,1048879,934,928,983
[19:08:27.053][D][ldc1314:436]: TRACE,1048900,934,928,983
[19:08:27.066][D][ldc1314:436]: TRACE,1048915,934,928,983
[19:08:27.083][D][ldc1314:436]: TRACE,1048932,934,928,983
[19:08:27.105][D][ldc1314:436]: TRACE,1048947,934,928,983
[19:08:27.114][D][ldc1314:436]: TRACE,1048962,934,928,983
[19:08:27.122][D][ldc1314:436]: TRACE,1048972,934,928,983
[19:08:27.136][D][ldc1314:436]: TRACE,1048988,934,928,983
[19:08:27.151][D][ldc1314:436]: TRACE,1049002,934,928,983
[19:08:27.171][D][ldc1314:436]: TRACE,1049021,934,928,983
[19:08:27.186][D][ldc1314:436]: TRACE,1049035,934,928,983
[19:08:27.209][D][ldc1314:436]: TRACE,1049051,934,928,983
[19:08:27.211][D][ldc1314:436]: TRACE,1049066,934,928,983
[19:08:27.228][D][ldc1314:436]: TRACE,1049076,934,928,983
[19:08:27.242][D][ldc1314:436]: TRACE,1049091,934,928,983
[19:08:27.256][D][ldc1314:436]: TRACE,1049106,934,928,983
[19:08:27.270][D][ldc1314:436]: TRACE,1049120,934,929,983
[19:08:27.288][D][ldc1314:436]: TRACE,1049137,934,928,983
[19:08:27.311][D][ldc1314:436]: TRACE,1049152,934,928,983
[19:08:27.317][D][ldc1314:436]: TRACE,1049168,934,928,983
[19:08:27.330][D][ldc1314:436]: TRACE,1049182,934,928,983
[19:08:27.345][D][ldc1314:436]: TRACE,1049196,934,928,983
[19:08:27.360][D][ldc1314:436]: TRACE,1049210,934,928,983
[19:08:27.377][D][ldc1314:436]: TRACE,1049227,934,928,983
[19:08:27.392][D][ldc1314:436]: TRACE,1049242,934,928,983
[19:08:27.414][D][ldc1314:436]: TRACE,1049261,934,928,983
[19:08:27.424][D][ldc1314:436]: TRACE,1049274,934,929,983
[19:08:27.527][D][ldc1314:436]: TRACE,1049289,934,929,983
[19:08:27.527][D][ldc1314:436]: TRACE,1049306,934,929,983
[19:08:27.527][D][ldc1314:436]: TRACE,1049315,934,929,983
[19:08:27.527][D][ldc1314:436]: TRACE,1049326,934,929,983
[19:08:27.527][D][ldc1314:436]: TRACE,1049336,934,929,983
[19:08:27.527][D][ldc1314:436]: TRACE,1049346,934,929,983
[19:08:27.527][D][ldc1314:436]: TRACE,1049356,934,929,983
[19:08:27.535][D][ldc1314:436]: TRACE,1049367,934,929,983
[19:08:27.535][D][ldc1314:436]: TRACE,1049378,934,929,983
[19:08:27.543][D][ldc1314:436]: TRACE,1049388,934,929,983
[19:08:27.550][D][ldc1314:436]: TRACE,1049400,934,929,983
[19:08:27.565][D][ldc1314:436]: TRACE,1049417,934,929,983
[19:08:27.581][D][ldc1314:436]: TRACE,1049430,934,929,983
[19:08:27.601][D][ldc1314:436]: TRACE,1049446,934,929,983
[19:08:27.618][D][ldc1314:436]: TRACE,1049461,934,929,983
[19:08:27.637][D][ldc1314:436]: TRACE,1049478,934,929,983
[19:08:27.648][D][ldc1314:436]: TRACE,1049498,934,929,983
[19:08:27.662][D][ldc1314:436]: TRACE,1049512,934,929,983
[19:08:27.677][D][ldc1314:436]: TRACE,1049527,934,929,983
[19:08:27.693][D][ldc1314:436]: TRACE,1049543,934,929,983
[19:08:27.720][D][ldc1314:436]: TRACE,1049558,934,929,983
[19:08:27.721][D][ldc1314:436]: TRACE,1049572,934,929,983
[19:08:27.734][D][ldc1314:436]: TRACE,1049583,934,929,983
[19:08:27.757][D][ldc1314:436]: TRACE,1049604,934,929,983
[19:08:27.769][D][ldc1314:436]: TRACE,1049619,934,929,983
[19:08:27.788][D][ldc1314:436]: TRACE,1049634,934,929,983
[19:08:27.798][D][ldc1314:436]: TRACE,1049650,934,929,983
[19:08:27.823][D][ldc1314:436]: TRACE,1049663,934,929,983
[19:08:27.830][D][ldc1314:436]: TRACE,1049677,934,929,983
[19:08:27.846][D][ldc1314:436]: TRACE,1049689,934,929,983
[19:08:27.858][D][ldc1314:436]: TRACE,1049709,934,929,983
[19:08:27.874][D][ldc1314:436]: TRACE,1049724,934,929,983
[19:08:27.889][D][ldc1314:436]: TRACE,1049739,934,929,983
[19:08:27.906][D][ldc1314:436]: TRACE,1049755,934,929,983
[19:08:27.925][D][ldc1314:436]: TRACE,1049772,934,929,983
[19:08:27.936][D][ldc1314:436]: TRACE,1049786,934,929,983
[19:08:27.954][D][ldc1314:436]: TRACE,1049801,934,929,983
[19:08:28.050][D][ldc1314:436]: TRACE,1049820,934,928,983
[19:08:28.050][D][ldc1314:436]: TRACE,1049832,934,929,983
[19:08:28.051][D][ldc1314:436]: TRACE,1049842,934,929,983
[19:08:28.051][D][ldc1314:436]: TRACE,1049852,934,929,983
[19:08:28.051][D][ldc1314:436]: TRACE,1049862,934,929,983
[19:08:28.051][D][ldc1314:436]: TRACE,1049872,934,929,983
[19:08:28.051][D][ldc1314:436]: TRACE,1049882,934,929,983
[19:08:28.051][D][ldc1314:436]: TRACE,1049892,934,929,983
[19:08:28.059][D][ldc1314:436]: TRACE,1049903,934,929,983
[19:08:28.064][D][ldc1314:436]: TRACE,1049912,934,928,983
[19:08:28.080][D][ldc1314:436]: TRACE,1049931,934,929,983
[19:08:28.094][D][ldc1314:436]: TRACE,1049944,934,929,983
[19:08:28.110][D][ldc1314:436]: TRACE,1049958,934,929,983
[19:08:28.130][D][ldc1314:436]: TRACE,1049973,934,929,983
[19:08:28.139][D][ldc1314:436]: TRACE,1049989,934,929,983
[19:08:28.150][D][ldc1314:436]: TRACE,1050001,934,929,983
[19:08:28.162][D][ldc1314:436]: TRACE,1050013,934,929,983
[19:08:28.178][D][ldc1314:436]: TRACE,1050027,934,929,983
[19:08:28.196][D][ldc1314:436]: TRACE,1050046,934,929,983
[19:08:28.211][D][ldc1314:436]: TRACE,1050060,934,929,983
[19:08:28.234][D][ldc1314:436]: TRACE,1050075,934,929,983
[19:08:28.237][D][ldc1314:436]: TRACE,1050088,934,928,983
[19:08:28.252][D][ldc1314:436]: TRACE,1050101,934,929,983
[19:08:28.264][D][ldc1314:436]: TRACE,1050116,934,929,983
[19:08:28.280][D][ldc1314:436]: TRACE,1050130,934,928,983
[19:08:28.294][D][ldc1314:436]: TRACE,1050144,934,929,983
[19:08:28.314][D][ldc1314:436]: TRACE,1050162,934,929,983
[19:08:28.334][D][ldc1314:436]: TRACE,1050180,934,929,983
[19:08:28.344][D][ldc1314:436]: TRACE,1050193,934,929,983
[19:08:28.357][D][ldc1314:436]: TRACE,1050209,934,929,983
[19:08:28.373][D][ldc1314:436]: TRACE,1050223,934,929,983
[19:08:28.387][D][ldc1314:436]: TRACE,1050238,934,929,983
[19:08:28.403][D][ldc1314:436]: TRACE,1050253,934,929,983
[19:08:28.436][D][ldc1314:436]: TRACE,1050272,934,929,983
[19:08:28.443][D][ldc1314:436]: TRACE,1050288,934,929,983
[19:08:28.452][D][ldc1314:436]: TRACE,1050297,934,929,983
[19:08:28.460][D][ldc1314:436]: TRACE,1050310,934,929,983
[19:08:28.475][D][ldc1314:436]: TRACE,1050325,934,929,983
[19:08:28.575][D][ldc1314:436]: TRACE,1050340,934,929,983
[19:08:28.575][D][ldc1314:436]: TRACE,1050355,934,929,983
[19:08:28.575][D][ldc1314:436]: TRACE,1050364,934,929,983
[19:08:28.575][D][ldc1314:436]: TRACE,1050374,934,929,983
[19:08:28.575][D][ldc1314:436]: TRACE,1050385,934,929,983
[19:08:28.575][D][ldc1314:436]: TRACE,1050397,934,929,983
[19:08:28.575][D][ldc1314:436]: TRACE,1050406,934,929,983
[19:08:28.576][D][ldc1314:436]: TRACE,1050416,934,929,983
[19:08:28.582][D][ldc1314:436]: TRACE,1050426,934,929,983
[19:08:28.591][D][ldc1314:436]: TRACE,1050436,934,929,983
[19:08:28.600][D][ldc1314:436]: TRACE,1050449,934,929,983
[19:08:28.614][D][ldc1314:436]: TRACE,1050465,934,929,983
[19:08:28.642][D][ldc1314:436]: TRACE,1050479,934,929,983
[19:08:28.654][D][ldc1314:436]: TRACE,1050502,934,929,983
[19:08:28.667][D][ldc1314:436]: TRACE,1050518,934,929,983
[19:08:28.681][D][ldc1314:436]: TRACE,1050531,934,929,983
[19:08:28.698][D][ldc1314:436]: TRACE,1050547,934,928,983
[19:08:28.714][D][ldc1314:436]: TRACE,1050562,934,928,983
[19:08:28.729][D][ldc1314:436]: TRACE,1050578,934,929,983
[19:08:28.745][D][ldc1314:436]: TRACE,1050593,934,929,983
[19:08:28.756][D][ldc1314:436]: TRACE,1050605,934,929,983
[19:08:28.784][D][ldc1314:436]: TRACE,1050632,934,929,983
[19:08:28.800][D][ldc1314:436]: TRACE,1050650,934,929,983
[19:08:28.814][D][ldc1314:436]: TRACE,1050665,934,929,983
[19:08:28.880][D][ldc1314:436]: TRACE,1050680,934,929,983
[19:08:28.880][D][ldc1314:436]: TRACE,1050693,934,929,983
[19:08:28.880][D][ldc1314:436]: TRACE,1050703,934,929,983
[19:08:28.880][D][ldc1314:436]: TRACE,1050715,934,929,983
[19:08:28.886][D][ldc1314:436]: TRACE,1050726,934,929,983
[19:08:28.886][D][ldc1314:436]: TRACE,1050736,934,929,983
[19:08:28.897][D][ldc1314:436]: TRACE,1050746,934,929,983
[19:08:28.909][D][ldc1314:436]: TRACE,1050761,934,929,983
[19:08:28.925][D][ldc1314:436]: TRACE,1050774,934,929,983
[19:08:28.949][D][ldc1314:436]: TRACE,1050791,934,929,983
[19:08:28.956][D][ldc1314:436]: TRACE,1050804,934,929,983
[19:08:28.969][D][ldc1314:436]: TRACE,1050816,934,929,983
[19:08:28.987][D][ldc1314:436]: TRACE,1050835,934,929,983
[19:08:29.002][D][ldc1314:436]: TRACE,1050852,934,929,983
[19:08:29.101][D][ldc1314:436]: TRACE,1050868,934,929,983
[19:08:29.101][D][ldc1314:436]: TRACE,1050881,934,929,983
[19:08:29.101][D][ldc1314:436]: TRACE,1050891,934,929,983
[19:08:29.101][D][ldc1314:436]: TRACE,1050902,934,929,983
[19:08:29.101][D][ldc1314:436]: TRACE,1050913,934,929,983
[19:08:29.101][D][ldc1314:436]: TRACE,1050923,934,929,983
[19:08:29.101][D][ldc1314:436]: TRACE,1050933,934,929,983
[19:08:29.101][D][ldc1314:436]: TRACE,1050944,934,929,983
[19:08:29.108][D][ldc1314:436]: TRACE,1050955,934,929,983
[19:08:29.126][D][ldc1314:436]: TRACE,1050968,934,929,983
[19:08:29.132][D][ldc1314:436]: TRACE,1050984,934,929,983
[19:08:29.151][D][ldc1314:436]: TRACE,1050995,934,929,983
[19:08:29.160][D][ldc1314:436]: TRACE,1051010,934,929,983
[19:08:29.186][D][ldc1314:436]: TRACE,1051026,934,929,983
[19:08:29.192][D][ldc1314:436]: TRACE,1051040,934,929,983
[19:08:29.202][D][ldc1314:436]: TRACE,1051051,934,929,983
[19:08:29.223][D][ldc1314:436]: TRACE,1051073,934,929,983
[19:08:29.238][D][ldc1314:436]: TRACE,1051088,934,929,983
[19:08:29.258][D][ldc1314:436]: TRACE,1051104,934,929,983
[19:08:29.265][D][ldc1314:436]: TRACE,1051115,934,929,983
[19:08:29.279][D][ldc1314:436]: TRACE,1051130,934,929,983
[19:08:29.294][D][ldc1314:436]: TRACE,1051145,934,929,983
[19:08:29.309][D][ldc1314:436]: TRACE,1051160,934,929,983
[19:08:29.325][D][ldc1314:436]: TRACE,1051174,934,928,983
[19:08:29.348][D][ldc1314:436]: TRACE,1051195,934,928,983
[19:08:29.359][D][ldc1314:436]: TRACE,1051210,934,928,983
[19:08:29.371][D][ldc1314:436]: TRACE,1051220,934,928,983
[19:08:29.388][D][ldc1314:436]: TRACE,1051238,934,928,983
[19:08:29.403][D][ldc1314:436]: TRACE,1051252,934,928,983
[19:08:29.419][D][ldc1314:436]: TRACE,1051269,934,928,983
[19:08:29.432][D][ldc1314:436]: TRACE,1051283,934,928,983
[19:08:29.458][D][ldc1314:436]: TRACE,1051303,934,928,983
[19:08:29.467][D][ldc1314:436]: TRACE,1051316,934,928,983
[19:08:29.481][D][ldc1314:436]: TRACE,1051332,934,928,983
[19:08:29.497][D][ldc1314:436]: TRACE,1051347,934,928,983
[19:08:29.511][D][ldc1314:436]: TRACE,1051362,934,928,983
[19:08:29.526][D][ldc1314:436]: TRACE,1051376,934,928,983
[19:08:29.624][D][ldc1314:436]: TRACE,1051391,934,928,983
[19:08:29.624][D][ldc1314:436]: TRACE,1051403,934,929,983
[19:08:29.624][D][ldc1314:436]: TRACE,1051415,934,929,983
[19:08:29.624][D][ldc1314:436]: TRACE,1051425,934,929,983
[19:08:29.624][D][ldc1314:436]: TRACE,1051436,934,929,983
[19:08:29.624][D][ldc1314:436]: TRACE,1051446,934,929,983
[19:08:29.628][D][ldc1314:436]: TRACE,1051456,934,929,983
[19:08:29.628][D][ldc1314:436]: TRACE,1051467,934,929,983
[19:08:29.628][D][ldc1314:436]: TRACE,1051477,934,929,983
[19:08:29.643][D][ldc1314:436]: TRACE,1051487,934,929,983
[19:08:29.663][D][ldc1314:436]: TRACE,1051508,934,929,983
[19:08:29.670][D][ldc1314:436]: TRACE,1051521,934,929,983
[19:08:29.691][D][ldc1314:436]: TRACE,1051541,934,929,983
[19:08:29.705][D][ldc1314:436]: TRACE,1051554,934,929,983
[19:08:29.718][D][ldc1314:436]: TRACE,1051568,934,929,983
[19:08:29.734][D][ldc1314:436]: TRACE,1051584,934,929,983
[19:08:29.749][D][ldc1314:436]: TRACE,1051599,934,928,983
[19:08:29.766][D][ldc1314:436]: TRACE,1051613,934,929,983
[19:08:29.773][D][ldc1314:436]: TRACE,1051626,934,929,983
[19:08:29.790][D][ldc1314:436]: TRACE,1051638,934,929,983
[19:08:29.801][D][ldc1314:436]: TRACE,1051652,934,929,983
[19:08:29.823][D][ldc1314:436]: TRACE,1051671,934,929,983
[19:08:29.837][D][ldc1314:436]: TRACE,1051686,934,929,983
[19:08:29.853][D][ldc1314:436]: TRACE,1051703,934,929,983
[19:08:29.870][D][ldc1314:436]: TRACE,1051718,934,929,983
[19:08:29.881][D][ldc1314:436]: TRACE,1051731,934,929,983
[19:08:29.896][D][ldc1314:436]: TRACE,1051746,934,929,983
[19:08:29.911][D][ldc1314:436]: TRACE,1051760,934,929,983
[19:08:29.923][D][ldc1314:436]: TRACE,1051775,934,929,983
[19:08:29.945][D][ldc1314:436]: TRACE,1051793,934,929,983
[19:08:29.955][D][ldc1314:436]: TRACE,1051806,934,929,983
[19:08:29.970][D][ldc1314:436]: TRACE,1051820,934,928,983
[19:08:29.980][D][ldc1314:436]: TRACE,1051833,934,929,983
[19:08:29.998][D][ldc1314:436]: TRACE,1051846,934,929,983
[19:08:30.009][D][ldc1314:436]: TRACE,1051860,934,929,983
[19:08:30.024][D][ldc1314:436]: TRACE,1051876,934,929,983
[19:08:30.041][D][ldc1314:436]: TRACE,1051891,934,929,983
[19:08:30.151][D][ldc1314:436]: TRACE,1051912,934,929,983
[19:08:30.151][D][ldc1314:436]: TRACE,1051927,934,929,983
[19:08:30.151][D][ldc1314:436]: TRACE,1051937,934,929,983
[19:08:30.151][D][ldc1314:436]: TRACE,1051947,934,929,983
[19:08:30.152][D][ldc1314:436]: TRACE,1051957,934,928,983
[19:08:30.152][D][ldc1314:436]: TRACE,1051967,934,928,983
[19:08:30.152][D][ldc1314:436]: TRACE,1051977,934,928,983
[19:08:30.153][D][ldc1314:436]: TRACE,1051987,934,928,983
[19:08:30.157][D][ldc1314:436]: TRACE,1051997,934,928,983
[19:08:30.157][D][ldc1314:436]: TRACE,1052008,934,928,983
[19:08:30.176][D][ldc1314:436]: TRACE,1052020,934,928,983
[19:08:30.185][D][ldc1314:436]: TRACE,1052035,934,928,983
[19:08:30.199][D][ldc1314:436]: TRACE,1052051,934,928,983
[19:08:30.211][D][ldc1314:436]: TRACE,1052063,934,928,983
[19:08:30.229][D][ldc1314:436]: TRACE,1052077,934,928,983
[19:08:30.242][D][ldc1314:436]: TRACE,1052092,934,928,983
[19:08:30.258][D][ldc1314:436]: TRACE,1052107,934,928,983
[19:08:30.277][D][ldc1314:436]: TRACE,1052122,934,928,983
[19:08:30.290][D][ldc1314:436]: TRACE,1052138,934,928,983
[19:08:30.306][D][ldc1314:436]: TRACE,1052154,934,928,983
[19:08:30.324][D][ldc1314:436]: TRACE,1052169,934,928,983
[19:08:30.334][D][ldc1314:436]: TRACE,1052184,934,928,983
[19:08:30.348][D][ldc1314:436]: TRACE,1052197,934,928,983
[19:08:30.363][D][ldc1314:436]: TRACE,1052212,934,928,983
[19:08:30.380][D][ldc1314:436]: TRACE,1052229,934,928,983
[19:08:30.390][D][ldc1314:436]: TRACE,1052242,934,928,983
[19:08:30.409][D][ldc1314:436]: TRACE,1052260,934,928,983
[19:08:30.421][D][ldc1314:436]: TRACE,1052270,934,928,983
[19:08:30.437][D][ldc1314:436]: TRACE,1052288,934,928,983
[19:08:30.452][D][ldc1314:436]: TRACE,1052302,934,928,983
[19:08:30.466][D][ldc1314:436]: TRACE,1052317,934,928,983
[19:08:30.486][D][ldc1314:436]: TRACE,1052334,934,928,983
[19:08:30.493][D][ldc1314:436]: TRACE,1052343,934,928,983
[19:08:30.508][D][ldc1314:436]: TRACE,1052359,934,928,983
[19:08:30.529][D][ldc1314:436]: TRACE,1052379,934,928,983
[19:08:30.544][D][ldc1314:436]: TRACE,1052394,934,928,983
[19:08:30.560][D][ldc1314:436]: TRACE,1052409,934,928,983
[19:08:30.671][D][ldc1314:436]: TRACE,1052426,934,928,983
[19:08:30.672][D][ldc1314:436]: TRACE,1052439,934,928,983
[19:08:30.672][D][ldc1314:436]: TRACE,1052451,934,928,983
[19:08:30.672][D][ldc1314:436]: TRACE,1052461,934,928,983
[19:08:30.672][D][ldc1314:436]: TRACE,1052471,934,928,983
[19:08:30.672][D][ldc1314:436]: TRACE,1052484,934,928,983
[19:08:30.672][D][ldc1314:436]: TRACE,1052494,934,928,983
[19:08:30.672][D][ldc1314:436]: TRACE,1052505,934,928,983
[19:08:30.686][D][ldc1314:436]: TRACE,1052516,934,928,983
[19:08:30.687][D][ldc1314:436]: TRACE,1052526,934,928,983
[19:08:30.692][D][ldc1314:436]: TRACE,1052537,934,928,983
[19:08:30.701][D][ldc1314:436]: TRACE,1052548,934,928,983
[19:08:30.716][D][ldc1314:436]: TRACE,1052566,934,928,983
[19:08:30.733][D][ldc1314:436]: TRACE,1052583,934,928,983
[19:08:30.745][D][ldc1314:436]: TRACE,1052597,934,928,983
[19:08:30.765][D][ldc1314:436]: TRACE,1052614,934,928,983
[19:08:30.789][D][ldc1314:436]: TRACE,1052631,934,928,983
[19:08:30.796][D][ldc1314:436]: TRACE,1052645,934,928,983
[19:08:30.812][D][ldc1314:436]: TRACE,1052654,934,928,983
[19:08:30.826][D][ldc1314:436]: TRACE,1052675,934,928,983
[19:08:30.841][D][ldc1314:436]: TRACE,1052690,934,928,983
[19:08:30.856][D][ldc1314:436]: TRACE,1052706,934,928,983
[19:08:30.871][D][ldc1314:436]: TRACE,1052720,934,928,983
[19:08:30.893][D][ldc1314:436]: TRACE,1052743,934,928,983
[19:08:30.906][D][ldc1314:436]: TRACE,1052757,934,928,983
[19:08:30.922][D][ldc1314:436]: TRACE,1052772,934,928,983
[19:08:30.937][D][ldc1314:436]: TRACE,1052787,934,928,983
[19:08:30.952][D][ldc1314:436]: TRACE,1052801,934,928,983
[19:08:30.966][D][ldc1314:436]: TRACE,1052818,934,928,983
[19:08:30.983][D][ldc1314:436]: TRACE,1052832,934,928,983
[19:08:31.000][D][ldc1314:436]: TRACE,1052850,934,928,983
[19:08:31.012][D][ldc1314:436]: TRACE,1052863,934,928,983
[19:08:31.028][D][ldc1314:436]: TRACE,1052879,934,928,983
[19:08:31.042][D][ldc1314:436]: TRACE,1052891,934,928,983
[19:08:31.057][D][ldc1314:436]: TRACE,1052906,934,928,983
[19:08:31.071][D][ldc1314:436]: TRACE,1052921,934,928,983
[19:08:31.096][D][ldc1314:436]: TRACE,1052938,934,928,983
[19:08:31.100][D][ldc1314:436]: TRACE,1052953,934,928,983
[19:08:31.196][D][ldc1314:436]: TRACE,1052970,934,928,983
[19:08:31.196][D][ldc1314:436]: TRACE,1052982,934,928,983
[19:08:31.196][D][ldc1314:436]: TRACE,1052991,934,928,983
[19:08:31.196][D][ldc1314:436]: TRACE,1053001,934,928,983
[19:08:31.196][D][ldc1314:436]: TRACE,1053011,934,928,983
[19:08:31.196][D][ldc1314:436]: TRACE,1053021,934,928,983
[19:08:31.196][D][ldc1314:436]: TRACE,1053031,934,928,983
[19:08:31.196][D][ldc1314:436]: TRACE,1053041,934,928,983
[19:08:31.202][D][ldc1314:436]: TRACE,1053052,934,928,983
[19:08:31.215][D][ldc1314:436]: TRACE,1053062,934,928,983
[19:08:31.232][D][ldc1314:436]: TRACE,1053083,934,928,983
[19:08:31.251][D][ldc1314:436]: TRACE,1053097,934,928,983
[19:08:31.262][D][ldc1314:436]: TRACE,1053112,934,928,983
[19:08:31.277][D][ldc1314:436]: TRACE,1053126,934,928,983
[19:08:31.300][D][ldc1314:436]: TRACE,1053143,934,928,983
[19:08:31.312][D][ldc1314:436]: TRACE,1053158,934,928,983
[19:08:31.319][D][ldc1314:436]: TRACE,1053168,934,928,983
[19:08:31.333][D][ldc1314:436]: TRACE,1053180,934,928,983
[19:08:31.350][D][ldc1314:436]: TRACE,1053198,934,928,983
[19:08:31.365][D][ldc1314:436]: TRACE,1053215,934,928,983
[19:08:31.384][D][ldc1314:436]: TRACE,1053230,934,928,983
[19:08:31.403][D][ldc1314:436]: TRACE,1053246,934,928,983
[19:08:31.408][D][ldc1314:436]: TRACE,1053259,934,928,983
[19:08:31.422][D][ldc1314:436]: TRACE,1053273,934,928,983
[19:08:31.437][D][ldc1314:436]: TRACE,1053288,934,928,983
[19:08:31.456][D][ldc1314:436]: TRACE,1053304,934,928,983
[19:08:31.473][D][ldc1314:436]: TRACE,1053322,934,928,983
[19:08:31.488][D][ldc1314:436]: TRACE,1053337,934,928,983
[19:08:31.505][D][ldc1314:436]: TRACE,1053353,934,928,983
[19:08:31.518][D][ldc1314:436]: TRACE,1053367,934,928,983
[19:08:31.534][D][ldc1314:436]: TRACE,1053382,934,929,983
[19:08:31.550][D][ldc1314:436]: TRACE,1053399,934,929,983
[19:08:31.570][D][ldc1314:436]: TRACE,1053421,934,929,983
[19:08:31.587][D][ldc1314:436]: TRACE,1053437,934,929,983
[19:08:31.607][D][ldc1314:436]: TRACE,1053451,934,929,983
[19:08:31.612][D][ldc1314:436]: TRACE,1053466,934,929,983
[19:08:31.628][D][ldc1314:436]: TRACE,1053479,934,929,983
[19:08:31.720][D][ldc1314:436]: TRACE,1053493,934,929,983
[19:08:31.721][D][ldc1314:436]: TRACE,1053503,934,929,983
[19:08:31.721][D][ldc1314:436]: TRACE,1053514,934,929,983
[19:08:31.721][D][ldc1314:436]: TRACE,1053525,934,929,983
[19:08:31.721][D][ldc1314:436]: TRACE,1053536,934,929,983
[19:08:31.721][D][ldc1314:436]: TRACE,1053546,934,929,983
[19:08:31.721][D][ldc1314:436]: TRACE,1053556,934,929,983
[19:08:31.734][D][ldc1314:436]: TRACE,1053566,934,928,983
[19:08:31.734][D][ldc1314:436]: TRACE,1053577,934,929,983
[19:08:31.742][D][ldc1314:436]: TRACE,1053587,934,929,983
[19:08:31.748][D][ldc1314:436]: TRACE,1053599,934,929,983
[19:08:31.765][D][ldc1314:436]: TRACE,1053614,934,929,983
[19:08:31.778][D][ldc1314:436]: TRACE,1053629,934,929,983
[19:08:31.798][D][ldc1314:436]: TRACE,1053649,934,929,983
[19:08:31.816][D][ldc1314:436]: TRACE,1053663,934,929,983
[19:08:31.827][D][ldc1314:436]: TRACE,1053675,934,929,983
[19:08:31.841][D][ldc1314:436]: TRACE,1053691,934,929,983
[19:08:31.857][D][ldc1314:436]: TRACE,1053706,934,929,983
[19:08:31.875][D][ldc1314:436]: TRACE,1053722,934,929,983
[19:08:31.888][D][ldc1314:436]: TRACE,1053737,934,929,983
[19:08:31.915][D][ldc1314:436]: TRACE,1053758,934,929,983
[19:08:31.922][D][ldc1314:436]: TRACE,1053772,934,929,983
[19:08:31.934][D][ldc1314:436]: TRACE,1053783,934,929,983
[19:08:31.950][D][ldc1314:436]: TRACE,1053800,934,929,983
[19:08:31.965][D][ldc1314:436]: TRACE,1053815,934,929,983
[19:08:31.982][D][ldc1314:436]: TRACE,1053829,934,929,983
[19:08:31.996][D][ldc1314:436]: TRACE,1053846,934,929,983
[19:08:32.017][D][ldc1314:436]: TRACE,1053860,934,929,983
[19:08:32.029][D][ldc1314:436]: TRACE,1053878,934,929,983
[19:08:32.042][D][ldc1314:436]: TRACE,1053892,934,929,983
[19:08:32.057][D][ldc1314:436]: TRACE,1053907,934,929,983
[19:08:32.072][D][ldc1314:436]: TRACE,1053921,934,929,983
[19:08:32.086][D][ldc1314:436]: TRACE,1053936,934,929,983
[19:08:32.102][D][ldc1314:436]: TRACE,1053951,934,929,983
[19:08:32.129][D][ldc1314:436]: TRACE,1053967,934,929,983
[19:08:32.131][D][ldc1314:436]: TRACE,1053979,934,929,983
[19:08:32.146][D][ldc1314:436]: TRACE,1053996,934,929,983
[19:08:32.244][D][ldc1314:436]: TRACE,1054007,934,929,983
[19:08:32.244][D][ldc1314:436]: TRACE,1054022,934,929,983
[19:08:32.244][D][ldc1314:436]: TRACE,1054032,934,929,983
[19:08:32.244][D][ldc1314:436]: TRACE,1054042,934,929,983
[19:08:32.244][D][ldc1314:436]: TRACE,1054053,934,929,983
[19:08:32.244][D][ldc1314:436]: TRACE,1054063,934,929,983
[19:08:32.244][D][ldc1314:436]: TRACE,1054073,934,929,983
[19:08:32.244][D][ldc1314:436]: TRACE,1054083,934,929,983
[19:08:32.244][D][ldc1314:436]: TRACE,1054094,934,929,983
[19:08:32.257][D][ldc1314:436]: TRACE,1054106,934,929,983
[19:08:32.272][D][ldc1314:436]: TRACE,1054123,934,929,983
[19:08:32.287][D][ldc1314:436]: TRACE,1054137,934,929,983
[19:08:32.302][D][ldc1314:436]: TRACE,1054152,934,929,983
[19:08:32.326][D][ldc1314:436]: TRACE,1054169,934,929,983
[19:08:32.336][D][ldc1314:436]: TRACE,1054182,934,929,983
[19:08:32.344][D][ldc1314:436]: TRACE,1054195,934,929,983
[19:08:32.364][D][ldc1314:436]: TRACE,1054214,934,929,983
[19:08:32.379][D][ldc1314:436]: TRACE,1054229,934,928,983
[19:08:32.395][D][ldc1314:436]: TRACE,1054245,934,929,983
[19:08:32.410][D][ldc1314:436]: TRACE,1054260,934,929,983
[19:08:32.426][D][ldc1314:436]: TRACE,1054274,934,929,983
[19:08:32.439][D][ldc1314:436]: TRACE,1054288,934,929,983
[19:08:32.454][D][ldc1314:436]: TRACE,1054304,934,929,983
[19:08:32.475][D][ldc1314:436]: TRACE,1054324,934,929,983
[19:08:32.492][D][ldc1314:436]: TRACE,1054339,934,929,983
[19:08:32.509][D][ldc1314:436]: TRACE,1054356,934,929,983
[19:08:32.529][D][ldc1314:436]: TRACE,1054370,934,929,983
[19:08:32.535][D][ldc1314:436]: TRACE,1054383,934,929,983
[19:08:32.547][D][ldc1314:436]: TRACE,1054395,934,929,983
[19:08:32.562][D][ldc1314:436]: TRACE,1054412,934,929,983
[19:08:32.579][D][ldc1314:436]: TRACE,1054427,934,929,983
[19:08:32.600][D][ldc1314:436]: TRACE,1054450,934,929,983
[19:08:32.616][D][ldc1314:436]: TRACE,1054467,934,929,983
[19:08:32.634][D][ldc1314:436]: TRACE,1054481,934,929,983
[19:08:32.647][D][ldc1314:436]: TRACE,1054494,934,929,983
[19:08:32.666][D][ldc1314:436]: TRACE,1054511,934,929,983
[19:08:32.768][D][ldc1314:436]: TRACE,1054532,934,929,983
[19:08:32.768][D][ldc1314:436]: TRACE,1054546,934,929,983
[19:08:32.775][D][ldc1314:436]: TRACE,1054559,934,929,983
[19:08:32.775][D][ldc1314:436]: TRACE,1054569,934,929,983
[19:08:32.775][D][ldc1314:436]: TRACE,1054579,934,929,983
[19:08:32.775][D][ldc1314:436]: TRACE,1054589,934,929,983
[19:08:32.778][D][ldc1314:436]: TRACE,1054600,934,929,983
[19:08:32.778][D][ldc1314:436]: TRACE,1054611,934,929,983
[19:08:32.779][D][ldc1314:436]: TRACE,1054621,934,929,983
[19:08:32.779][D][ldc1314:436]: TRACE,1054631,934,929,983
[19:08:32.795][D][ldc1314:436]: TRACE,1054645,934,929,983
[19:08:32.810][D][ldc1314:436]: TRACE,1054660,934,929,983
[19:08:32.836][D][ldc1314:436]: TRACE,1054680,934,929,983
[19:08:32.843][D][ldc1314:436]: TRACE,1054693,934,929,983
[19:08:32.862][D][ldc1314:436]: TRACE,1054708,934,929,983
[19:08:32.873][D][ldc1314:436]: TRACE,1054724,934,929,983
[19:08:32.889][D][ldc1314:436]: TRACE,1054738,934,929,983
[19:08:32.901][D][ldc1314:436]: TRACE,1054753,934,929,983
[19:08:32.915][D][ldc1314:436]: TRACE,1054767,934,929,983
[19:08:32.938][D][ldc1314:436]: TRACE,1054786,934,929,983
[19:08:32.948][D][ldc1314:436]: TRACE,1054799,934,929,983
[19:08:32.963][D][ldc1314:436]: TRACE,1054814,934,929,983
[19:08:32.974][D][ldc1314:436]: TRACE,1054826,934,929,983
[19:08:32.990][D][ldc1314:436]: TRACE,1054840,934,929,983
[19:08:33.005][D][ldc1314:436]: TRACE,1054854,934,929,983
[19:08:33.020][D][ldc1314:436]: TRACE,1054869,934,929,983
[19:08:33.041][D][ldc1314:436]: TRACE,1054884,934,929,983
[19:08:33.051][D][ldc1314:436]: TRACE,1054901,934,929,983
[19:08:33.065][D][ldc1314:436]: TRACE,1054915,934,929,983
[19:08:33.080][D][ldc1314:436]: TRACE,1054931,934,929,983
[19:08:33.097][D][ldc1314:436]: TRACE,1054945,934,929,983
[19:08:33.111][D][ldc1314:436]: TRACE,1054960,934,929,983
[19:08:33.125][D][ldc1314:436]: TRACE,1054975,934,929,983
[19:08:33.143][D][ldc1314:436]: TRACE,1054990,934,929,983
[19:08:33.154][D][ldc1314:436]: TRACE,1055004,934,929,983
[19:08:33.173][D][ldc1314:436]: TRACE,1055024,934,929,983
[19:08:33.189][D][ldc1314:436]: TRACE,1055037,934,928,983
[19:08:33.203][D][ldc1314:436]: TRACE,1055053,934,929,983
[19:08:33.294][D][ldc1314:436]: TRACE,1055067,934,929,983
[19:08:33.294][D][ldc1314:436]: TRACE,1055077,934,929,983
[19:08:33.294][D][ldc1314:436]: TRACE,1055087,934,929,983
[19:08:33.294][D][ldc1314:436]: TRACE,1055097,934,929,983
[19:08:33.294][D][ldc1314:436]: TRACE,1055107,934,929,983
[19:08:33.294][D][ldc1314:436]: TRACE,1055117,934,929,983
[19:08:33.294][D][ldc1314:436]: TRACE,1055128,934,929,983
[19:08:33.304][D][ldc1314:436]: TRACE,1055139,934,929,983
[19:08:33.304][D][ldc1314:436]: TRACE,1055150,934,929,983
[19:08:33.314][D][ldc1314:436]: TRACE,1055160,934,929,983
[19:08:33.324][D][ldc1314:436]: TRACE,1055173,934,929,983
[19:08:33.347][D][ldc1314:436]: TRACE,1055190,934,929,983
[19:08:33.355][D][ldc1314:436]: TRACE,1055205,934,929,983
[19:08:33.369][D][ldc1314:436]: TRACE,1055218,934,929,983
[19:08:33.384][D][ldc1314:436]: TRACE,1055234,934,929,983
[19:08:33.400][D][ldc1314:436]: TRACE,1055249,934,929,983
[19:08:33.419][D][ldc1314:436]: TRACE,1055270,934,929,983
[19:08:33.437][D][ldc1314:436]: TRACE,1055284,934,929,983
[19:08:33.454][D][ldc1314:436]: TRACE,1055302,934,929,983
[19:08:33.464][D][ldc1314:436]: TRACE,1055312,934,929,983
[19:08:33.478][D][ldc1314:436]: TRACE,1055328,934,929,983
[19:08:33.493][D][ldc1314:436]: TRACE,1055342,934,929,983
[19:08:33.507][D][ldc1314:436]: TRACE,1055357,934,929,983
[19:08:33.523][D][ldc1314:436]: TRACE,1055372,934,929,983
[19:08:33.552][D][ldc1314:436]: TRACE,1055393,934,929,983
[19:08:33.558][D][ldc1314:436]: TRACE,1055407,934,929,983
[19:08:33.572][D][ldc1314:436]: TRACE,1055420,934,929,983
[19:08:33.586][D][ldc1314:436]: TRACE,1055436,934,929,983
[19:08:33.601][D][ldc1314:436]: TRACE,1055451,934,929,983
[19:08:33.616][D][ldc1314:436]: TRACE,1055465,934,929,983
[19:08:33.632][D][ldc1314:436]: TRACE,1055482,934,929,983
[19:08:33.654][D][ldc1314:436]: TRACE,1055497,934,929,983
[19:08:33.669][D][ldc1314:436]: TRACE,1055513,934,929,983
[19:08:33.683][D][ldc1314:436]: TRACE,1055534,934,929,983
[19:08:33.698][D][ldc1314:436]: TRACE,1055548,934,929,983
[19:08:33.714][D][ldc1314:436]: TRACE,1055563,934,929,983
[19:08:33.818][D][ldc1314:436]: TRACE,1055580,934,929,983
[19:08:33.818][D][ldc1314:436]: TRACE,1055593,934,929,983
[19:08:33.818][D][ldc1314:436]: TRACE,1055603,934,929,983
[19:08:33.818][D][ldc1314:436]: TRACE,1055613,934,929,983
[19:08:33.818][D][ldc1314:436]: TRACE,1055625,934,929,983
[19:08:33.818][D][ldc1314:436]: TRACE,1055636,934,929,983
[19:08:33.818][D][ldc1314:436]: TRACE,1055646,934,929,983
[19:08:33.818][D][ldc1314:436]: TRACE,1055656,934,929,983
[19:08:33.824][D][ldc1314:436]: TRACE,1055666,934,929,983
[19:08:33.824][D][ldc1314:436]: TRACE,1055676,934,928,983
[19:08:33.837][D][ldc1314:436]: TRACE,1055689,934,929,983
[19:08:33.859][D][ldc1314:436]: TRACE,1055703,934,929,983
[19:08:33.866][D][ldc1314:436]: TRACE,1055716,934,929,983
[19:08:33.886][D][ldc1314:436]: TRACE,1055735,934,929,983
[19:08:33.900][D][ldc1314:436]: TRACE,1055750,934,929,983
[19:08:33.914][D][ldc1314:436]: TRACE,1055765,934,929,983
[19:08:33.932][D][ldc1314:436]: TRACE,1055780,934,929,983
[19:08:33.942][D][ldc1314:436]: TRACE,1055794,934,928,983
[19:08:33.961][D][ldc1314:436]: TRACE,1055808,934,929,983
[19:08:33.973][D][ldc1314:436]: TRACE,1055822,934,929,983
[19:08:33.983][D][ldc1314:436]: TRACE,1055832,934,929,983
[19:08:34.006][D][ldc1314:436]: TRACE,1055852,934,929,983
[19:08:34.014][D][ldc1314:436]: TRACE,1055868,934,929,983
[19:08:34.026][D][ldc1314:436]: TRACE,1055879,934,929,983
[19:08:34.042][D][ldc1314:436]: TRACE,1055891,934,929,983
[19:08:34.064][D][ldc1314:436]: TRACE,1055907,934,929,983
[19:08:34.072][D][ldc1314:436]: TRACE,1055922,934,929,983
[19:08:34.086][D][ldc1314:436]: TRACE,1055938,934,929,983
[19:08:34.100][D][ldc1314:436]: TRACE,1055950,934,929,983
[19:08:34.119][D][ldc1314:436]: TRACE,1055967,934,929,983
[19:08:34.133][D][ldc1314:436]: TRACE,1055984,934,928,983
[19:08:34.153][D][ldc1314:436]: TRACE,1055998,934,928,983
[19:08:34.166][D][ldc1314:436]: TRACE,1056012,934,928,983
[19:08:34.171][D][ldc1314:436]: TRACE,1056022,934,929,983
[19:08:34.186][D][ldc1314:436]: TRACE,1056034,934,928,983
[19:08:34.200][D][ldc1314:436]: TRACE,1056050,934,929,983
[19:08:34.213][D][ldc1314:436]: TRACE,1056065,934,928,983
[19:08:34.233][D][ldc1314:436]: TRACE,1056081,934,929,983
[19:08:34.250][D][ldc1314:436]: TRACE,1056098,934,929,983
[19:08:34.340][D][ldc1314:436]: TRACE,1056114,934,929,983
[19:08:34.340][D][ldc1314:436]: TRACE,1056126,934,929,983
[19:08:34.342][D][ldc1314:436]: TRACE,1056136,934,929,983
[19:08:34.342][D][ldc1314:436]: TRACE,1056146,934,929,983
[19:08:34.342][D][ldc1314:436]: TRACE,1056156,934,929,983
[19:08:34.342][D][ldc1314:436]: TRACE,1056167,934,929,983
[19:08:34.342][D][ldc1314:436]: TRACE,1056177,934,929,983
[19:08:34.342][D][ldc1314:436]: TRACE,1056187,934,928,983
[19:08:34.354][D][ldc1314:436]: TRACE,1056199,934,929,983
[19:08:34.371][D][ldc1314:436]: TRACE,1056211,934,929,983
[19:08:34.378][D][ldc1314:436]: TRACE,1056228,934,928,983
[19:08:34.397][D][ldc1314:436]: TRACE,1056240,934,928,983
[19:08:34.406][D][ldc1314:436]: TRACE,1056257,934,928,983
[19:08:34.420][D][ldc1314:436]: TRACE,1056269,934,928,983
[19:08:34.434][D][ldc1314:436]: TRACE,1056284,934,928,983
[19:08:34.447][D][ldc1314:436]: TRACE,1056298,934,928,983
[19:08:34.473][D][ldc1314:436]: TRACE,1056316,934,928,983
[19:08:34.485][D][ldc1314:436]: TRACE,1056331,934,928,983
[19:08:34.494][D][ldc1314:436]: TRACE,1056341,934,928,983
[19:08:34.509][D][ldc1314:436]: TRACE,1056359,934,928,983
[19:08:34.524][D][ldc1314:436]: TRACE,1056374,934,928,983
[19:08:34.539][D][ldc1314:436]: TRACE,1056390,934,928,983
[19:08:34.551][D][ldc1314:436]: TRACE,1056403,934,928,983
[19:08:34.575][D][ldc1314:436]: TRACE,1056422,934,928,983
[19:08:34.584][D][ldc1314:436]: TRACE,1056435,934,928,983
[19:08:34.601][D][ldc1314:4