[19:49:09.870][D][ldc1314:450]: TRACE,148398,146,103,161
[19:49:09.881][D][ldc1314:450]: TRACE,148413,146,103,161
[19:49:09.895][D][ldc1314:450]: TRACE,148427,146,103,161
[19:49:09.909][D][ldc1314:450]: TRACE,148441,146,103,161
[19:49:09.926][D][ldc1314:450]: TRACE,148453,146,103,161
[19:49:09.938][D][ldc1314:450]: TRACE,148465,146,103,161
[19:49:09.950][D][ldc1314:450]: TRACE,148481,146,103,161
[19:49:09.964][D][ldc1314:450]: TRACE,148496,147,103,161
[19:49:09.979][D][ldc1314:450]: TRACE,148509,147,103,161
[19:49:09.993][D][ldc1314:450]: TRACE,148525,147,103,161
[19:49:10.008][D][ldc1314:450]: TRACE,148539,147,103,161
[19:49:10.027][D][ldc1314:450]: TRACE,148553,147,103,161
[19:49:10.044][D][ldc1314:450]: TRACE,148569,147,103,161
[19:49:10.057][D][ldc1314:450]: TRACE,148588,147,103,161
[19:49:10.073][D][ldc1314:450]: TRACE,148604,147,103,161
[19:49:10.088][D][ldc1314:450]: TRACE,148619,147,103,161
[19:49:10.103][D][ldc1314:450]: TRACE,148633,147,103,161
[19:49:10.201][D][ldc1314:450]: TRACE,148645,146,103,161
[19:49:10.201][D][ldc1314:450]: TRACE,148656,147,103,161
[19:49:10.201][D][ldc1314:450]: TRACE,148666,146,103,161
[19:49:10.201][D][ldc1314:450]: TRACE,148678,147,103,161
[19:49:10.201][D][ldc1314:450]: TRACE,148688,147,103,161
[19:49:10.201][D][ldc1314:450]: TRACE,148698,147,103,161
[19:49:10.202][D][ldc1314:450]: TRACE,148708,147,103,161
[19:49:10.208][D][ldc1314:450]: TRACE,148718,147,103,161
[19:49:10.209][D][ldc1314:450]: TRACE,148728,147,103,161
[19:49:10.209][D][ldc1314:450]: TRACE,148738,147,103,161
[19:49:10.232][D][ldc1314:450]: TRACE,148748,147,103,161
[19:49:10.238][D][ldc1314:450]: TRACE,148764,147,103,161
[19:49:10.245][D][ldc1314:450]: TRACE,148774,146,103,161
[19:49:10.264][D][ldc1314:450]: TRACE,148796,147,103,161
[19:49:10.280][D][ldc1314:450]: TRACE,148810,147,103,161
[19:49:10.295][D][ldc1314:450]: TRACE,148825,147,103,161
[19:49:10.311][D][ldc1314:450]: TRACE,148842,147,103,161
[19:49:10.335][D][ldc1314:450]: TRACE,148856,147,103,161
[19:49:10.341][D][ldc1314:450]: TRACE,148869,147,103,161
[19:49:10.351][D][ldc1314:450]: TRACE,148879,147,103,161
[19:49:10.369][D][ldc1314:450]: TRACE,148902,147,103,161
[19:49:10.386][D][ldc1314:450]: TRACE,148915,147,103,161
[19:49:10.397][D][ldc1314:450]: TRACE,148929,147,103,161
[19:49:10.412][D][ldc1314:450]: TRACE,148941,146,103,161
[19:49:10.437][D][ldc1314:450]: TRACE,148958,147,103,161
[19:49:10.444][D][ldc1314:450]: TRACE,148972,147,103,161
[19:49:10.452][D][ldc1314:450]: TRACE,148982,147,103,161
[19:49:10.466][D][ldc1314:450]: TRACE,148997,147,103,161
[19:49:10.485][D][ldc1314:450]: TRACE,149017,147,103,161
[19:49:10.502][D][ldc1314:450]: TRACE,149031,147,103,161
[19:49:10.516][D][ldc1314:450]: TRACE,149045,146,103,161
[19:49:10.539][D][ldc1314:450]: TRACE,149060,146,103,161
[19:49:10.545][D][ldc1314:450]: TRACE,149075,147,103,162
[19:49:10.555][D][ldc1314:450]: TRACE,149084,147,103,162
[19:49:10.571][D][ldc1314:450]: TRACE,149102,147,103,162
[19:49:10.591][D][ldc1314:450]: TRACE,149116,147,103,161
[19:49:10.605][D][ldc1314:450]: TRACE,149137,147,103,162
[19:49:10.619][D][ldc1314:450]: TRACE,149151,147,103,162
[19:49:10.725][D][ldc1314:450]: TRACE,149166,147,103,162
[19:49:10.726][D][ldc1314:450]: TRACE,149179,147,103,162
[19:49:10.726][D][ldc1314:450]: TRACE,149193,146,103,161
[19:49:10.726][D][ldc1314:450]: TRACE,149203,147,103,161
[19:49:10.726][D][ldc1314:450]: TRACE,149213,146,103,161
[19:49:10.726][D][ldc1314:450]: TRACE,149223,146,103,161
[19:49:10.726][D][ldc1314:450]: TRACE,149233,146,103,161
[19:49:10.726][D][ldc1314:450]: TRACE,149243,146,103,161
[19:49:10.745][D][ldc1314:450]: TRACE,149256,147,103,161
[19:49:10.751][D][ldc1314:450]: TRACE,149265,147,103,161
[19:49:10.751][D][ldc1314:450]: TRACE,149278,147,103,161
[19:49:10.761][D][ldc1314:450]: TRACE,149288,147,103,161
[19:49:10.775][D][ldc1314:450]: TRACE,149305,147,103,161
[19:49:10.791][D][ldc1314:450]: TRACE,149322,147,103,161
[19:49:10.805][D][ldc1314:450]: TRACE,149336,147,103,161
[19:49:10.820][D][ldc1314:450]: TRACE,149350,147,103,161
[19:49:10.847][D][ldc1314:450]: TRACE,149365,146,103,161
[19:49:10.861][D][ldc1314:450]: TRACE,149382,147,103,161
[19:49:10.867][D][ldc1314:450]: TRACE,149394,146,103,161
[19:49:10.877][D][ldc1314:450]: TRACE,149407,147,103,161
[19:49:10.891][D][ldc1314:450]: TRACE,149422,147,103,161
[19:49:10.909][D][ldc1314:450]: TRACE,149436,146,103,161
[19:49:10.920][D][ldc1314:450]: TRACE,149451,146,103,161
[19:49:10.934][D][ldc1314:450]: TRACE,149465,146,103,161
[19:49:10.949][D][ldc1314:450]: TRACE,149479,146,103,161
[19:49:10.963][D][ldc1314:450]: TRACE,149491,147,103,161
[19:49:10.977][D][ldc1314:450]: TRACE,149508,146,103,161
[19:49:10.991][D][ldc1314:450]: TRACE,149522,146,103,161
[19:49:11.005][D][ldc1314:450]: TRACE,149537,146,103,161
[19:49:11.019][D][ldc1314:450]: TRACE,149550,146,102,161
[19:49:11.036][D][ldc1314:450]: TRACE,149564,146,103,161
[19:49:11.052][D][ldc1314:450]: TRACE,149579,146,103,161
[19:49:11.067][D][ldc1314:450]: TRACE,149596,146,103,161
[19:49:11.079][D][ldc1314:450]: TRACE,149612,146,103,161
[19:49:11.092][D][ldc1314:450]: TRACE,149624,146,103,161
[19:49:11.109][D][ldc1314:450]: TRACE,149638,146,103,161
[19:49:11.122][D][ldc1314:450]: TRACE,149652,146,103,161
[19:49:11.137][D][ldc1314:450]: TRACE,149666,147,103,161
[19:49:11.157][D][ldc1314:450]: TRACE,149682,147,103,161
[19:49:11.249][D][ldc1314:450]: TRACE,149695,146,103,161
[19:49:11.249][D][ldc1314:450]: TRACE,149712,147,103,161
[19:49:11.249][D][ldc1314:450]: TRACE,149722,146,103,161
[19:49:11.249][D][ldc1314:450]: TRACE,149732,146,103,161
[19:49:11.249][D][ldc1314:450]: TRACE,149742,146,103,161
[19:49:11.257][D][ldc1314:450]: TRACE,149752,146,103,161
[19:49:11.257][D][ldc1314:450]: TRACE,149762,146,103,161
[19:49:11.257][D][ldc1314:450]: TRACE,149772,146,103,161
[19:49:11.257][D][ldc1314:450]: TRACE,149782,147,103,161
[19:49:11.266][D][ldc1314:450]: TRACE,149793,146,103,161
[19:49:11.278][D][ldc1314:450]: TRACE,149808,146,103,161
[19:49:11.293][D][ldc1314:450]: TRACE,149824,147,103,161
[19:49:11.309][D][ldc1314:450]: TRACE,149839,147,103,161
[19:49:11.322][D][ldc1314:450]: TRACE,149855,146,103,161
[19:49:11.337][D][ldc1314:450]: TRACE,149867,146,103,161
[19:49:11.359][D][ldc1314:450]: TRACE,149882,146,103,161
[19:49:11.367][D][ldc1314:450]: TRACE,149894,146,103,161
[19:49:11.375][D][ldc1314:450]: TRACE,149906,146,103,161
[19:49:11.391][D][ldc1314:450]: TRACE,149916,146,103,161
[19:49:11.402][D][ldc1314:450]: TRACE,149933,146,103,161
[19:49:11.413][D][ldc1314:450]: TRACE,149945,147,103,161
[19:49:11.436][D][ldc1314:450]: TRACE,149963,147,103,161
[19:49:11.461][D][ldc1314:450]: TRACE,149977,146,103,161
[19:49:11.469][D][ldc1314:450]: TRACE,149993,146,103,161
[19:49:11.473][D][ldc1314:450]: TRACE,150003,147,103,161
[19:49:11.486][D][ldc1314:450]: TRACE,150017,146,103,161
[19:49:11.500][D][ldc1314:450]: TRACE,150032,146,103,161
[19:49:11.515][D][ldc1314:450]: TRACE,150046,146,103,161
[19:49:11.527][D][ldc1314:450]: TRACE,150060,147,103,161
[19:49:11.547][D][ldc1314:450]: TRACE,150078,146,103,161
[19:49:11.572][D][ldc1314:450]: TRACE,150101,146,103,161
[19:49:11.581][D][ldc1314:450]: TRACE,150111,147,103,161
[19:49:11.594][D][ldc1314:450]: TRACE,150126,146,103,161
[19:49:11.610][D][ldc1314:450]: TRACE,150141,146,103,161
[19:49:11.625][D][ldc1314:450]: TRACE,150157,146,103,161
[19:49:11.639][D][ldc1314:450]: TRACE,150171,146,103,161
[19:49:11.666][D][ldc1314:450]: TRACE,150189,146,103,161
[19:49:11.672][D][ldc1314:450]: TRACE,150202,146,103,161
[19:49:11.773][D][ldc1314:450]: TRACE,150213,146,103,161
[19:49:11.773][D][ldc1314:450]: TRACE,150230,146,103,161
[19:49:11.773][D][ldc1314:450]: TRACE,150240,146,103,161
[19:49:11.773][D][ldc1314:450]: TRACE,150250,146,103,161
[19:49:11.773][D][ldc1314:450]: TRACE,150261,147,103,161
[19:49:11.773][D][ldc1314:450]: TRACE,150272,146,103,161
[19:49:11.774][D][ldc1314:450]: TRACE,150282,146,103,161
[19:49:11.781][D][ldc1314:450]: TRACE,150293,146,103,161
[19:49:11.782][D][ldc1314:450]: TRACE,150303,146,103,161
[19:49:11.788][D][ldc1314:450]: TRACE,150313,146,103,161
[19:49:11.796][D][ldc1314:450]: TRACE,150327,146,103,161
[19:49:11.810][D][ldc1314:450]: TRACE,150342,147,103,161
[19:49:11.826][D][ldc1314:450]: TRACE,150356,146,103,161
[19:49:11.840][D][ldc1314:450]: TRACE,150370,146,103,161
[19:49:11.854][D][ldc1314:450]: TRACE,150385,147,103,161
[19:49:11.884][D][ldc1314:450]: TRACE,150403,146,103,161
[19:49:11.891][D][ldc1314:450]: TRACE,150413,147,103,161
[19:49:11.901][D][ldc1314:450]: TRACE,150431,146,103,161
[19:49:11.917][D][ldc1314:450]: TRACE,150446,147,103,161
[19:49:11.934][D][ldc1314:450]: TRACE,150461,146,103,161
[19:49:11.948][D][ldc1314:450]: TRACE,150479,146,103,161
[19:49:11.973][D][ldc1314:450]: TRACE,150493,146,103,161
[19:49:11.981][D][ldc1314:450]: TRACE,150510,147,103,161
[19:49:11.992][D][ldc1314:450]: TRACE,150521,147,103,161
[19:49:12.007][D][ldc1314:450]: TRACE,150538,146,102,161
[19:49:12.020][D][ldc1314:450]: TRACE,150552,147,103,161
[19:49:12.035][D][ldc1314:450]: TRACE,150566,147,103,161
[19:49:12.056][D][ldc1314:450]: TRACE,150580,146,103,161
[19:49:12.078][D][ldc1314:450]: TRACE,150600,146,103,161
[19:49:12.089][D][ldc1314:450]: TRACE,150613,146,103,161
[19:49:12.099][D][ldc1314:450]: TRACE,150632,146,103,161
[19:49:12.113][D][ldc1314:450]: TRACE,150644,146,103,161
[19:49:12.130][D][ldc1314:450]: TRACE,150660,147,103,161
[19:49:12.143][D][ldc1314:450]: TRACE,150674,147,103,161
[19:49:12.156][D][ldc1314:450]: TRACE,150686,147,103,161
[19:49:12.178][D][ldc1314:450]: TRACE,150702,146,103,161
[19:49:12.184][D][ldc1314:450]: TRACE,150715,146,103,161
[19:49:12.198][D][ldc1314:450]: TRACE,150729,146,103,161
[19:49:12.297][D][ldc1314:450]: TRACE,150743,146,103,161
[19:49:12.298][D][ldc1314:450]: TRACE,150761,146,103,161
[19:49:12.298][D][ldc1314:450]: TRACE,150771,146,103,161
[19:49:12.298][D][ldc1314:450]: TRACE,150781,146,103,161
[19:49:12.298][D][ldc1314:450]: TRACE,150791,146,103,161
[19:49:12.298][D][ldc1314:450]: TRACE,150801,146,103,161
[19:49:12.298][D][ldc1314:450]: TRACE,150811,146,102,161
[19:49:12.298][D][ldc1314:450]: TRACE,150821,146,103,161
[19:49:12.298][D][ldc1314:450]: TRACE,150831,146,103,161
[19:49:12.311][D][ldc1314:450]: TRACE,150842,146,102,161
[19:49:12.326][D][ldc1314:450]: TRACE,150857,146,103,161
[19:49:12.345][D][ldc1314:450]: TRACE,150873,147,103,161
[19:49:12.360][D][ldc1314:450]: TRACE,150890,146,103,161
[19:49:12.383][D][ldc1314:450]: TRACE,150905,146,103,161
[19:49:12.385][D][ldc1314:450]: TRACE,150919,147,103,161
[19:49:12.398][D][ldc1314:450]: TRACE,150929,146,103,161
[19:49:12.412][D][ldc1314:450]: TRACE,150944,146,103,161
[19:49:12.428][D][ldc1314:450]: TRACE,150958,147,103,161
[19:49:12.440][D][ldc1314:450]: TRACE,150972,146,103,161
[19:49:12.457][D][ldc1314:450]: TRACE,150985,146,103,161
[19:49:12.485][D][ldc1314:450]: TRACE,151005,146,103,161
[19:49:12.493][D][ldc1314:450]: TRACE,151020,146,103,161
[19:49:12.507][D][ldc1314:450]: TRACE,151030,146,103,161
[19:49:12.507][D][ldc1314:450]: TRACE,151043,147,103,161
[19:49:12.522][D][ldc1314:450]: TRACE,151054,146,103,161
[19:49:12.536][D][ldc1314:450]: TRACE,151066,146,103,161
[19:49:12.552][D][ldc1314:450]: TRACE,151082,146,103,161
[19:49:12.565][D][ldc1314:450]: TRACE,151095,147,103,161
[19:49:12.594][D][ldc1314:450]: TRACE,151113,146,103,161
[19:49:12.594][D][ldc1314:450]: TRACE,151124,146,103,161
[19:49:12.606][D][ldc1314:450]: TRACE,151134,146,103,161
[19:49:12.617][D][ldc1314:450]: TRACE,151148,146,103,161
[19:49:12.633][D][ldc1314:450]: TRACE,151162,147,103,161
[19:49:12.649][D][ldc1314:450]: TRACE,151179,147,103,161
[19:49:12.663][D][ldc1314:450]: TRACE,151194,147,103,161
[19:49:12.694][D][ldc1314:450]: TRACE,151210,146,103,161
[19:49:12.695][D][ldc1314:450]: TRACE,151222,147,103,161
[19:49:12.706][D][ldc1314:450]: TRACE,151234,147,103,161
[19:49:12.720][D][ldc1314:450]: TRACE,151251,147,103,161
[19:49:12.822][D][ldc1314:450]: TRACE,151266,147,103,161
[19:49:12.822][D][ldc1314:450]: TRACE,151282,147,103,161
[19:49:12.822][D][ldc1314:450]: TRACE,151293,146,103,161
[19:49:12.822][D][ldc1314:450]: TRACE,151303,146,103,161
[19:49:12.822][D][ldc1314:450]: TRACE,151313,146,103,161
[19:49:12.822][D][ldc1314:450]: TRACE,151323,146,103,161
[19:49:12.822][D][ldc1314:450]: TRACE,151334,146,103,161
[19:49:12.830][D][ldc1314:450]: TRACE,151345,146,103,161
[19:49:12.830][D][ldc1314:450]: TRACE,151355,147,103,161
[19:49:12.837][D][ldc1314:450]: TRACE,151366,147,103,161
[19:49:12.849][D][ldc1314:450]: TRACE,151378,146,103,161
[19:49:12.864][D][ldc1314:450]: TRACE,151395,146,103,161
[19:49:12.879][D][ldc1314:450]: TRACE,151410,146,103,161
[19:49:12.905][D][ldc1314:450]: TRACE,151424,146,103,161
[19:49:12.905][D][ldc1314:450]: TRACE,151434,146,103,161
[19:49:12.923][D][ldc1314:450]: TRACE,151451,146,103,161
[19:49:12.938][D][ldc1314:450]: TRACE,151465,146,103,161
[19:49:12.953][D][ldc1314:450]: TRACE,151483,146,103,161
[19:49:12.966][D][ldc1314:450]: TRACE,151497,146,103,161
[19:49:12.981][D][ldc1314:450]: TRACE,151513,146,103,161
[19:49:13.000][D][ldc1314:450]: TRACE,151525,146,103,161
[19:49:13.005][D][ldc1314:450]: TRACE,151536,146,103,161
[19:49:13.019][D][ldc1314:450]: TRACE,151548,146,103,161
[19:49:13.037][D][ldc1314:450]: TRACE,151569,146,103,161
[19:49:13.057][D][ldc1314:450]: TRACE,151583,146,103,161
[19:49:13.071][D][ldc1314:450]: TRACE,151602,146,103,161
[19:49:13.100][D][ldc1314:450]: TRACE,151617,147,103,161
[19:49:13.109][D][ldc1314:450]: TRACE,151631,147,103,161
[19:49:13.109][D][ldc1314:450]: TRACE,151642,147,103,161
[19:49:13.122][D][ldc1314:450]: TRACE,151654,147,103,161
[19:49:13.136][D][ldc1314:450]: TRACE,151666,147,103,161
[19:49:13.155][D][ldc1314:450]: TRACE,151687,146,103,161
[19:49:13.169][D][ldc1314:450]: TRACE,151701,146,103,161
[19:49:13.184][D][ldc1314:450]: TRACE,151714,146,103,161
[19:49:13.202][D][ldc1314:450]: TRACE,151730,147,103,161
[19:49:13.210][D][ldc1314:450]: TRACE,151740,147,103,161
[19:49:13.225][D][ldc1314:450]: TRACE,151755,146,103,161
[19:49:13.238][D][ldc1314:450]: TRACE,151769,146,103,161
[19:49:13.256][D][ldc1314:450]: TRACE,151784,146,103,161
[19:49:13.352][D][ldc1314:450]: TRACE,151797,146,103,161
[19:49:13.353][D][ldc1314:450]: TRACE,151809,146,103,161
[19:49:13.353][D][ldc1314:450]: TRACE,151819,146,103,161
[19:49:13.353][D][ldc1314:450]: TRACE,151829,146,103,161
[19:49:13.354][D][ldc1314:450]: TRACE,151840,147,103,161
[19:49:13.354][D][ldc1314:450]: TRACE,151850,147,103,161
[19:49:13.354][D][ldc1314:450]: TRACE,151860,146,103,161
[19:49:13.354][D][ldc1314:450]: TRACE,151870,146,103,161
[19:49:13.354][D][ldc1314:450]: TRACE,151880,147,103,161
[19:49:13.360][D][ldc1314:450]: TRACE,151890,146,103,161
[19:49:13.370][D][ldc1314:450]: TRACE,151900,146,103,161
[19:49:13.389][D][ldc1314:450]: TRACE,151921,147,103,161
[19:49:13.410][D][ldc1314:450]: TRACE,151935,146,103,161
[19:49:13.418][D][ldc1314:450]: TRACE,151945,147,103,161
[19:49:13.429][D][ldc1314:450]: TRACE,151958,147,103,161
[19:49:13.443][D][ldc1314:450]: TRACE,151973,147,103,161
[19:49:13.458][D][ldc1314:450]: TRACE,151988,146,103,161
[19:49:13.475][D][ldc1314:450]: TRACE,152004,147,103,161
[19:49:13.484][D][ldc1314:450]: TRACE,152017,147,103,161
[19:49:13.509][D][ldc1314:450]: TRACE,152032,147,103,161
[19:49:13.517][D][ldc1314:450]: TRACE,152045,147,103,161
[19:49:13.528][D][ldc1314:450]: TRACE,152057,146,103,161
[19:49:13.540][D][ldc1314:450]: TRACE,152073,146,103,161
[19:49:13.555][D][ldc1314:450]: TRACE,152085,146,103,161
[19:49:13.569][D][ldc1314:450]: TRACE,152101,146,103,161
[19:49:13.584][D][ldc1314:450]: TRACE,152116,146,103,161
[19:49:13.612][D][ldc1314:450]: TRACE,152130,146,103,161
[19:49:13.620][D][ldc1314:450]: TRACE,152144,146,103,161
[19:49:13.628][D][ldc1314:450]: TRACE,152156,146,103,161
[19:49:13.640][D][ldc1314:450]: TRACE,152169,146,103,161
[19:49:13.656][D][ldc1314:450]: TRACE,152187,146,103,161
[19:49:13.670][D][ldc1314:450]: TRACE,152201,146,103,161
[19:49:13.684][D][ldc1314:450]: TRACE,152215,146,103,161
[19:49:13.699][D][ldc1314:450]: TRACE,152229,147,103,161
[19:49:13.715][D][ldc1314:450]: TRACE,152244,146,103,161
[19:49:13.723][D][ldc1314:450]: TRACE,152253,147,103,161
[19:49:13.742][D][ldc1314:450]: TRACE,152271,147,103,161
[19:49:13.757][D][ldc1314:450]: TRACE,152287,146,103,161
[19:49:13.771][D][ldc1314:450]: TRACE,152301,146,103,161
[19:49:13.871][D][ldc1314:450]: TRACE,152316,146,103,161
[19:49:13.871][D][ldc1314:450]: TRACE,152330,146,103,161
[19:49:13.871][D][ldc1314:450]: TRACE,152340,146,103,161
[19:49:13.871][D][ldc1314:450]: TRACE,152350,146,103,161
[19:49:13.871][D][ldc1314:450]: TRACE,152360,146,103,161
[19:49:13.871][D][ldc1314:450]: TRACE,152371,146,103,161
[19:49:13.876][D][ldc1314:450]: TRACE,152381,146,103,161
[19:49:13.876][D][ldc1314:450]: TRACE,152392,147,103,161
[19:49:13.876][D][ldc1314:450]: TRACE,152401,146,103,161
[19:49:13.876][D][ldc1314:450]: TRACE,152411,146,103,161
[19:49:13.890][D][ldc1314:450]: TRACE,152422,147,103,161
[19:49:13.922][D][ldc1314:450]: TRACE,152436,147,103,161
[19:49:13.928][D][ldc1314:450]: TRACE,152449,146,103,161
[19:49:13.928][D][ldc1314:450]: TRACE,152459,146,103,161
[19:49:13.943][D][ldc1314:450]: TRACE,152475,146,102,161
[19:49:13.963][D][ldc1314:450]: TRACE,152492,146,103,161
[19:49:13.978][D][ldc1314:450]: TRACE,152508,146,103,161
[19:49:13.992][D][ldc1314:450]: TRACE,152523,146,103,161
[19:49:14.021][D][ldc1314:450]: TRACE,152539,146,103,161
[19:49:14.031][D][ldc1314:450]: TRACE,152553,146,103,161
[19:49:14.031][D][ldc1314:450]: TRACE,152563,146,103,161
[19:49:14.043][D][ldc1314:450]: TRACE,152575,146,103,161
[19:49:14.063][D][ldc1314:450]: TRACE,152589,146,103,161
[19:49:14.083][D][ldc1314:450]: TRACE,152614,146,103,161
[19:49:14.097][D][ldc1314:450]: TRACE,152627,147,103,161
[19:49:14.124][D][ldc1314:450]: TRACE,152642,146,103,161
[19:49:14.124][D][ldc1314:450]: TRACE,152656,147,103,161
[19:49:14.136][D][ldc1314:450]: TRACE,152666,147,103,161
[19:49:14.152][D][ldc1314:450]: TRACE,152681,147,103,161
[19:49:14.167][D][ldc1314:450]: TRACE,152697,146,103,161
[19:49:14.181][D][ldc1314:450]: TRACE,152712,146,103,161
[19:49:14.198][D][ldc1314:450]: TRACE,152731,146,103,161
[19:49:14.226][D][ldc1314:450]: TRACE,152743,146,103,161
[19:49:14.234][D][ldc1314:450]: TRACE,152758,146,103,161
[19:49:14.234][D][ldc1314:450]: TRACE,152768,146,103,161
[19:49:14.248][D][ldc1314:450]: TRACE,152780,146,103,161
[19:49:14.264][D][ldc1314:450]: TRACE,152794,146,103,161
[19:49:14.277][D][ldc1314:450]: TRACE,152808,146,103,161
[19:49:14.292][D][ldc1314:450]: TRACE,152822,147,103,161
[19:49:14.398][D][ldc1314:450]: TRACE,152840,147,103,161
[19:49:14.399][D][ldc1314:450]: TRACE,152854,146,103,161
[19:49:14.399][D][ldc1314:450]: TRACE,152864,146,103,161
[19:49:14.399][D][ldc1314:450]: TRACE,152875,146,103,161
[19:49:14.399][D][ldc1314:450]: TRACE,152885,147,103,161
[19:49:14.399][D][ldc1314:450]: TRACE,152895,146,103,161
[19:49:14.399][D][ldc1314:450]: TRACE,152905,146,103,161
[19:49:14.399][D][ldc1314:450]: TRACE,152915,146,103,161
[19:49:14.407][D][ldc1314:450]: TRACE,152925,146,103,161
[19:49:14.407][D][ldc1314:450]: TRACE,152935,147,103,161
[19:49:14.430][D][ldc1314:450]: TRACE,152947,146,103,161
[19:49:14.440][D][ldc1314:450]: TRACE,152962,146,103,161
[19:49:14.447][D][ldc1314:450]: TRACE,152973,146,103,161
[19:49:14.465][D][ldc1314:450]: TRACE,152988,147,103,161
[19:49:14.473][D][ldc1314:450]: TRACE,153005,146,103,161
[19:49:14.484][D][ldc1314:450]: TRACE,153017,146,103,161
[19:49:14.500][D][ldc1314:450]: TRACE,153031,146,103,161
[19:49:14.514][D][ldc1314:450]: TRACE,153045,146,103,161
[19:49:14.539][D][ldc1314:450]: TRACE,153065,146,103,161
[19:49:14.546][D][ldc1314:450]: TRACE,153074,146,103,161
[19:49:14.559][D][ldc1314:450]: TRACE,153088,146,103,161
[19:49:14.573][D][ldc1314:450]: TRACE,153105,146,103,161
[19:49:14.587][D][ldc1314:450]: TRACE,153119,146,103,161
[19:49:14.602][D][ldc1314:450]: TRACE,153133,146,103,161
[19:49:14.616][D][ldc1314:450]: TRACE,153146,146,103,161
[19:49:14.635][D][ldc1314:450]: TRACE,153162,146,103,161
[19:49:14.645][D][ldc1314:450]: TRACE,153174,146,103,161
[19:49:14.661][D][ldc1314:450]: TRACE,153191,146,103,161
[19:49:14.674][D][ldc1314:450]: TRACE,153204,146,103,161
[19:49:14.689][D][ldc1314:450]: TRACE,153219,146,103,161
[19:49:14.703][D][ldc1314:450]: TRACE,153233,146,103,161
[19:49:14.719][D][ldc1314:450]: TRACE,153250,146,103,161
[19:49:14.741][D][ldc1314:450]: TRACE,153265,146,103,161
[19:49:14.746][D][ldc1314:450]: TRACE,153275,146,103,161
[19:49:14.758][D][ldc1314:450]: TRACE,153288,146,103,161
[19:49:14.777][D][ldc1314:450]: TRACE,153309,146,103,161
[19:49:14.792][D][ldc1314:450]: TRACE,153323,147,103,161
[19:49:14.806][D][ldc1314:450]: TRACE,153338,146,103,161
[19:49:14.820][D][ldc1314:450]: TRACE,153352,146,103,161
[19:49:14.925][D][ldc1314:450]: TRACE,153366,147,103,161
[19:49:14.925][D][ldc1314:450]: TRACE,153376,146,103,161
[19:49:14.925][D][ldc1314:450]: TRACE,153388,146,103,161
[19:49:14.925][D][ldc1314:450]: TRACE,153398,147,103,161
[19:49:14.925][D][ldc1314:450]: TRACE,153408,146,103,161
[19:49:14.925][D][ldc1314:450]: TRACE,153419,147,103,161
[19:49:14.945][D][ldc1314:450]: TRACE,153430,146,103,161
[19:49:14.945][D][ldc1314:450]: TRACE,153440,146,103,161
[19:49:14.945][D][ldc1314:450]: TRACE,153450,147,103,161
[19:49:14.945][D][ldc1314:450]: TRACE,153460,147,103,161
[19:49:14.951][D][ldc1314:450]: TRACE,153470,147,103,161
[19:49:14.951][D][ldc1314:450]: TRACE,153480,147,103,161
[19:49:14.962][D][ldc1314:450]: TRACE,153493,146,103,161
[19:49:14.977][D][ldc1314:450]: TRACE,153507,146,103,161
[19:49:14.990][D][ldc1314:450]: TRACE,153522,146,103,161
[19:49:15.004][D][ldc1314:450]: TRACE,153536,146,103,161
[19:49:15.023][D][ldc1314:450]: TRACE,153554,146,103,161
[19:49:15.045][D][ldc1314:450]: TRACE,153568,146,103,161
[19:49:15.052][D][ldc1314:450]: TRACE,153580,147,103,161
[19:49:15.066][D][ldc1314:450]: TRACE,153590,146,102,161
[19:49:15.082][D][ldc1314:450]: TRACE,153612,146,103,161
[19:49:15.094][D][ldc1314:450]: TRACE,153626,146,102,161
[19:49:15.115][D][ldc1314:450]: TRACE,153638,146,103,161
[19:49:15.126][D][ldc1314:450]: TRACE,153657,146,103,161
[19:49:15.147][D][ldc1314:450]: TRACE,153672,146,103,161
[19:49:15.160][D][ldc1314:450]: TRACE,153683,146,103,161
[19:49:15.164][D][ldc1314:450]: TRACE,153695,146,103,161
[19:49:15.180][D][ldc1314:450]: TRACE,153711,146,103,161
[19:49:15.195][D][ldc1314:450]: TRACE,153725,146,103,161
[19:49:15.209][D][ldc1314:450]: TRACE,153740,146,103,161
[19:49:15.224][D][ldc1314:450]: TRACE,153754,146,103,161
[19:49:15.250][D][ldc1314:450]: TRACE,153775,146,103,161
[19:49:15.258][D][ldc1314:450]: TRACE,153787,146,103,161
[19:49:15.268][D][ldc1314:450]: TRACE,153799,147,103,161
[19:49:15.283][D][ldc1314:450]: TRACE,153813,146,103,161
[19:49:15.299][D][ldc1314:450]: TRACE,153830,146,103,161
[19:49:15.315][D][ldc1314:450]: TRACE,153844,146,103,161
[19:49:15.328][D][ldc1314:450]: TRACE,153858,146,103,161
[19:49:15.352][D][ldc1314:450]: TRACE,153873,146,103,161
[19:49:15.444][D][ldc1314:450]: TRACE,153890,146,103,161
[19:49:15.445][D][ldc1314:450]: TRACE,153901,146,103,161
[19:49:15.445][D][ldc1314:450]: TRACE,153911,146,103,161
[19:49:15.445][D][ldc1314:450]: TRACE,153921,146,103,161
[19:49:15.445][D][ldc1314:450]: TRACE,153931,146,103,161
[19:49:15.445][D][ldc1314:450]: TRACE,153941,146,103,161
[19:49:15.445][D][ldc1314:450]: TRACE,153951,146,103,161
[19:49:15.445][D][ldc1314:450]: TRACE,153961,146,102,161
[19:49:15.463][D][ldc1314:450]: TRACE,153971,146,103,161
[19:49:15.463][D][ldc1314:450]: TRACE,153981,146,103,161
[19:49:15.468][D][ldc1314:450]: TRACE,153992,146,103,161
[19:49:15.480][D][ldc1314:450]: TRACE,154011,146,103,161
[19:49:15.498][D][ldc1314:450]: TRACE,154026,146,103,161
[19:49:15.508][D][ldc1314:450]: TRACE,154038,146,103,161
[19:49:15.526][D][ldc1314:450]: TRACE,154053,146,103,161
[19:49:15.536][D][ldc1314:450]: TRACE,154069,146,103,161
[19:49:15.554][D][ldc1314:450]: TRACE,154081,146,103,161
[19:49:15.564][D][ldc1314:450]: TRACE,154095,146,103,161
[19:49:15.577][D][ldc1314:450]: TRACE,154108,146,103,161
[19:49:15.597][D][ldc1314:450]: TRACE,154127,146,103,161
[19:49:15.609][D][ldc1314:450]: TRACE,154141,146,102,161
[19:49:15.624][D][ldc1314:450]: TRACE,154156,146,103,161
[19:49:15.640][D][ldc1314:450]: TRACE,154171,147,103,161
[19:49:15.660][D][ldc1314:450]: TRACE,154186,147,103,161
[19:49:15.671][D][ldc1314:450]: TRACE,154196,147,103,161
[19:49:15.679][D][ldc1314:450]: TRACE,154208,147,103,161
[19:49:15.690][D][ldc1314:450]: TRACE,154220,146,103,161
[19:49:15.708][D][ldc1314:450]: TRACE,154239,146,103,161
[19:49:15.722][D][ldc1314:450]: TRACE,154254,146,103,161
[19:49:15.737][D][ldc1314:450]: TRACE,154268,146,103,161
[19:49:15.760][D][ldc1314:450]: TRACE,154283,147,103,161
[19:49:15.765][D][ldc1314:450]: TRACE,154295,147,103,161
[19:49:15.779][D][ldc1314:450]: TRACE,154308,146,103,161
[19:49:15.791][D][ldc1314:450]: TRACE,154323,146,103,161
[19:49:15.802][D][ldc1314:450]: TRACE,154335,146,103,161
[19:49:15.822][D][ldc1314:450]: TRACE,154353,146,103,161
[19:49:15.839][D][ldc1314:450]: TRACE,154369,146,103,161
[19:49:15.862][D][ldc1314:450]: TRACE,154384,146,103,161
[19:49:15.870][D][ldc1314:450]: TRACE,154398,147,103,161
[19:49:15.968][D][ldc1314:450]: TRACE,154408,147,103,161
[19:49:15.968][D][ldc1314:450]: TRACE,154424,146,103,161
[19:49:15.968][D][ldc1314:450]: TRACE,154434,146,102,161
[19:49:15.968][D][ldc1314:450]: TRACE,154444,146,103,161
[19:49:15.968][D][ldc1314:450]: TRACE,154454,146,103,161
[19:49:15.969][D][ldc1314:450]: TRACE,154467,146,103,161
[19:49:15.969][D][ldc1314:450]: TRACE,154477,146,103,161
[19:49:15.969][D][ldc1314:450]: TRACE,154487,146,103,161
[19:49:15.969][D][ldc1314:450]: TRACE,154497,146,103,161
[19:49:15.975][D][ldc1314:450]: TRACE,154508,146,103,161
[19:49:15.988][D][ldc1314:450]: TRACE,154520,146,103,161
[19:49:16.003][D][ldc1314:450]: TRACE,154533,146,103,161
[19:49:16.014][D][ldc1314:450]: TRACE,154547,146,103,161
[19:49:16.029][D][ldc1314:450]: TRACE,154559,146,102,161
[19:49:16.045][D][ldc1314:450]: TRACE,154574,146,103,161
[19:49:16.069][D][ldc1314:450]: TRACE,154593,146,103,161
[19:49:16.078][D][ldc1314:450]: TRACE,154607,146,103,161
[19:49:16.090][D][ldc1314:450]: TRACE,154620,146,103,161
[19:49:16.106][D][ldc1314:450]: TRACE,154634,146,103,161
[19:49:16.120][D][ldc1314:450]: TRACE,154651,146,103,161
[19:49:16.135][D][ldc1314:450]: TRACE,154665,146,103,161
[19:49:16.149][D][ldc1314:450]: TRACE,154680,146,103,161
[19:49:16.168][D][ldc1314:450]: TRACE,154696,146,103,161
[19:49:16.181][D][ldc1314:450]: TRACE,154709,146,103,161
[19:49:16.192][D][ldc1314:450]: TRACE,154723,146,103,161
[19:49:16.210][D][ldc1314:450]: TRACE,154737,146,103,161
[19:49:16.224][D][ldc1314:450]: TRACE,154754,146,103,161
[19:49:16.239][D][ldc1314:450]: TRACE,154769,146,103,161
[19:49:16.254][D][ldc1314:450]: TRACE,154783,146,103,161
[19:49:16.274][D][ldc1314:450]: TRACE,154798,146,103,161
[19:49:16.283][D][ldc1314:450]: TRACE,154812,146,103,161
[19:49:16.296][D][ldc1314:450]: TRACE,154824,146,103,161
[19:49:16.311][D][ldc1314:450]: TRACE,154841,146,103,161
[19:49:16.326][D][ldc1314:450]: TRACE,154855,147,103,161
[19:49:16.340][D][ldc1314:450]: TRACE,154872,146,103,161
[19:49:16.356][D][ldc1314:450]: TRACE,154886,146,102,161
[19:49:16.373][D][ldc1314:450]: TRACE,154901,146,103,161
[19:49:16.384][D][ldc1314:450]: TRACE,154914,146,103,161
[19:49:16.494][D][ldc1314:450]: TRACE,154932,146,103,161
[19:49:16.494][D][ldc1314:450]: TRACE,154948,146,103,161
[19:49:16.494][D][ldc1314:450]: TRACE,154958,146,103,161
[19:49:16.494][D][ldc1314:450]: TRACE,154968,146,103,161
[19:49:16.494][D][ldc1314:450]: TRACE,154978,146,103,161
[19:49:16.494][D][ldc1314:450]: TRACE,154989,146,103,161
[19:49:16.494][D][ldc1314:450]: TRACE,154999,146,103,161
[19:49:16.494][D][ldc1314:450]: TRACE,155009,146,103,161
[19:49:16.495][D][ldc1314:450]: TRACE,155019,146,103,161
[19:49:16.496][D][ldc1314:450]: TRACE,155029,146,103,161
[19:49:16.511][D][ldc1314:450]: TRACE,155039,147,103,161
[19:49:16.528][D][ldc1314:450]: TRACE,155055,146,103,161
[19:49:16.539][D][ldc1314:450]: TRACE,155072,146,103,161
[19:49:16.553][D][ldc1314:450]: TRACE,155085,146,103,161
[19:49:16.578][D][ldc1314:450]: TRACE,155099,146,103,161
[19:49:16.585][D][ldc1314:450]: TRACE,155113,146,102,161
[19:49:16.595][D][ldc1314:450]: TRACE,155125,146,103,161
[19:49:16.615][D][ldc1314:450]: TRACE,155142,146,103,161
[19:49:16.628][D][ldc1314:450]: TRACE,155159,146,103,161
[19:49:16.643][D][ldc1314:450]: TRACE,155172,146,103,161
[19:49:16.657][D][ldc1314:450]: TRACE,155187,146,103,161
[19:49:16.683][D][ldc1314:450]: TRACE,155201,146,103,161
[19:49:16.689][D][ldc1314:450]: TRACE,155216,146,103,161
[19:49:16.700][D][ldc1314:450]: TRACE,155226,146,102,161
[19:49:16.716][D][ldc1314:450]: TRACE,155248,146,103,161
[19:49:16.731][D][ldc1314:450]: TRACE,155262,146,102,161
[19:49:16.744][D][ldc1314:450]: TRACE,155276,146,103,161
[19:49:16.760][D][ldc1314:450]: TRACE,155289,146,103,161
[19:49:16.783][D][ldc1314:450]: TRACE,155305,146,103,161
[19:49:16.792][D][ldc1314:450]: TRACE,155320,146,103,161
[19:49:16.801][D][ldc1314:450]: TRACE,155331,146,103,161
[19:49:16.817][D][ldc1314:450]: TRACE,155346,146,103,161
[19:49:16.839][D][ldc1314:450]: TRACE,155368,146,103,161
[19:49:16.855][D][ldc1314:450]: TRACE,155385,146,103,161
[19:49:16.885][D][ldc1314:450]: TRACE,155399,147,103,161
[19:49:16.885][D][ldc1314:450]: TRACE,155418,147,103,161
[19:49:16.904][D][ldc1314:450]: TRACE,155428,147,103,161
[19:49:16.915][D][ldc1314:450]: TRACE,155443,146,103,161
[19:49:16.925][D][ldc1314:450]: TRACE,155458,147,103,161
[19:49:17.016][D][ldc1314:450]: TRACE,155475,147,103,161
[19:49:17.016][D][ldc1314:450]: TRACE,155485,146,103,161
[19:49:17.016][D][ldc1314:450]: TRACE,155495,146,103,161
[19:49:17.016][D][ldc1314:450]: TRACE,155505,146,103,161
[19:49:17.017][D][ldc1314:450]: TRACE,155515,146,103,161
[19:49:17.017][D][ldc1314:450]: TRACE,155525,146,103,161
[19:49:17.017][D][ldc1314:450]: TRACE,155536,146,103,161
[19:49:17.017][D][ldc1314:450]: TRACE,155546,147,103,161
[19:49:17.027][D][ldc1314:450]: TRACE,155557,147,103,161
[19:49:17.038][D][ldc1314:450]: TRACE,155570,147,103,161
[19:49:17.062][D][ldc1314:450]: TRACE,155589,147,103,162
[19:49:17.077][D][ldc1314:450]: TRACE,155603,147,103,161
[19:49:17.090][D][ldc1314:450]: TRACE,155622,147,103,162
[19:49:17.105][D][ldc1314:450]: TRACE,155632,147,103,161
[19:49:17.117][D][ldc1314:450]: TRACE,155648,147,103,161
[19:49:17.130][D][ldc1314:450]: TRACE,155662,147,103,161
[19:49:17.145][D][ldc1314:450]: TRACE,155675,147,103,161
[19:49:17.161][D][ldc1314:450]: TRACE,155691,147,103,162
[19:49:17.180][D][ldc1314:450]: TRACE,155708,147,103,162
[19:49:17.197][D][ldc1314:450]: TRACE,155723,147,103,162
[19:49:17.204][D][ldc1314:450]: TRACE,155734,147,104,162
[19:49:17.216][D][ldc1314:450]: TRACE,155745,147,103,162
[19:49:17.232][D][ldc1314:450]: TRACE,155760,147,103,162
[19:49:17.244][D][ldc1314:450]: TRACE,155775,147,103,161
[19:49:17.257][D][ldc1314:450]: TRACE,155786,147,103,161
[19:49:17.270][D][ldc1314:450]: TRACE,155801,147,103,162
[19:49:17.296][D][ldc1314:450]: TRACE,155821,147,103,162
[19:49:17.307][D][ldc1314:450]: TRACE,155833,147,103,161
[19:49:17.316][D][ldc1314:450]: TRACE,155843,147,103,161
[19:49:17.326][D][ldc1314:450]: TRACE,155856,147,103,161
[19:49:17.339][D][ldc1314:450]: TRACE,155871,147,103,162
[19:49:17.354][D][ldc1314:450]: TRACE,155885,147,103,161
[19:49:17.369][D][ldc1314:450]: TRACE,155899,147,103,161
[19:49:17.383][D][ldc1314:450]: TRACE,155914,147,103,162
[19:49:17.405][D][ldc1314:450]: TRACE,155931,147,103,162
[19:49:17.420][D][ldc1314:450]: TRACE,155944,147,103,162
[19:49:17.428][D][ldc1314:450]: TRACE,155960,147,103,162
[19:49:17.444][D][ldc1314:450]: TRACE,155974,147,103,162
[19:49:17.542][D][ldc1314:450]: TRACE,155989,147,103,162
[19:49:17.542][D][ldc1314:450]: TRACE,156003,147,104,162
[19:49:17.543][D][ldc1314:450]: TRACE,156013,147,103,162
[19:49:17.543][D][ldc1314:450]: TRACE,156023,147,103,161
[19:49:17.543][D][ldc1314:450]: TRACE,156035,147,103,162
[19:49:17.543][D][ldc1314:450]: TRACE,156046,147,103,162
[19:49:17.543][D][ldc1314:450]: TRACE,156056,147,103,161
[19:49:17.543][D][ldc1314:450]: TRACE,156066,147,103,162
[19:49:17.549][D][ldc1314:450]: TRACE,156076,147,103,162
[19:49:17.557][D][ldc1314:450]: TRACE,156086,147,103,162
[19:49:17.569][D][ldc1314:450]: TRACE,156101,147,103,162
[19:49:17.585][D][ldc1314:450]: TRACE,156115,147,103,162
[19:49:17.604][D][ldc1314:450]: TRACE,156129,147,103,161
[19:49:17.614][D][ldc1314:450]: TRACE,156142,147,103,162
[19:49:17.631][D][ldc1314:450]: TRACE,156160,147,103,161
[19:49:17.644][D][ldc1314:450]: TRACE,156177,147,103,161
[19:49:17.661][D][ldc1314:450]: TRACE,156191,147,103,161
[19:49:17.676][D][ldc1314:450]: TRACE,156205,147,103,161
[19:49:17.708][D][ldc1314:450]: TRACE,156222,147,103,161
[19:49:17.716][D][ldc1314:450]: TRACE,156236,147,103,161
[19:49:17.716][D][ldc1314:450]: TRACE,156246,147,103,161
[19:49:17.728][D][ldc1314:450]: TRACE,156257,147,103,161
[19:49:17.747][D][ldc1314:450]: TRACE,156278,147,103,161
[19:49:17.762][D][ldc1314:450]: TRACE,156292,147,103,162
[19:49:17.777][D][ldc1314:450]: TRACE,156309,147,103,162
[19:49:17.791][D][ldc1314:450]: TRACE,156321,147,103,161
[19:49:17.809][D][ldc1314:450]: TRACE,156337,147,103,162
[19:49:17.818][D][ldc1314:450]: TRACE,156347,147,103,162
[19:49:17.831][D][ldc1314:450]: TRACE,156362,147,103,161
[19:49:17.846][D][ldc1314:450]: TRACE,156377,147,103,162
[19:49:17.865][D][ldc1314:450]: TRACE,156395,147,103,162
[19:49:17.882][D][ldc1314:450]: TRACE,156410,147,103,162
[19:49:17.907][D][ldc1314:450]: TRACE,156426,147,103,161
[19:49:17.908][D][ldc1314:450]: TRACE,156441,147,103,162
[19:49:17.921][D][ldc1314:450]: TRACE,156451,147,103,162
[19:49:17.937][D][ldc1314:450]: TRACE,156467,147,103,162
[19:49:17.949][D][ldc1314:450]: TRACE,156481,147,103,162
[19:49:17.963][D][ldc1314:450]: TRACE,156493,147,103,162
[19:49:18.067][D][ldc1314:450]: TRACE,156513,147,103,162
[19:49:18.067][D][ldc1314:450]: TRACE,156525,147,103,162
[19:49:18.067][D][ldc1314:450]: TRACE,156535,147,103,162
[19:49:18.067][D][ldc1314:450]: TRACE,156545,147,103,162
[19:49:18.067][D][ldc1314:450]: TRACE,156556,147,103,162
[19:49:18.067][D][ldc1314:450]: TRACE,156566,147,103,162
[19:49:18.067][D][ldc1314:450]: TRACE,156576,147,103,162
[19:49:18.067][D][ldc1314:450]: TRACE,156586,147,103,162
[19:49:18.073][D][ldc1314:450]: TRACE,156596,147,103,162
[19:49:18.081][D][ldc1314:450]: TRACE,156606,147,103,162
[19:49:18.096][D][ldc1314:450]: TRACE,156628,147,103,162
[19:49:18.116][D][ldc1314:450]: TRACE,156641,147,103,162
[19:49:18.123][D][ldc1314:450]: TRACE,156653,147,103,162
[19:49:18.136][D][ldc1314:450]: TRACE,156668,147,103,161
[19:49:18.152][D][ldc1314:450]: TRACE,156683,147,103,161
[19:49:18.162][D][ldc1314:450]: TRACE,156692,147,103,161
[19:49:18.177][D][ldc1314:450]: TRACE,156707,147,103,162
[19:49:18.188][D][ldc1314:450]: TRACE,156721,147,103,162
[19:49:18.216][D][ldc1314:450]: TRACE,156739,147,103,161
[19:49:18.222][D][ldc1314:450]: TRACE,156752,147,103,162
[19:49:18.235][D][ldc1314:450]: TRACE,156766,147,103,161
[19:49:18.250][D][ldc1314:450]: TRACE,156780,147,103,162
[19:49:18.264][D][ldc1314:450]: TRACE,156795,147,103,161
[19:49:18.279][D][ldc1314:450]: TRACE,156809,146,103,161
[19:49:18.293][D][ldc1314:450]: TRACE,156824,146,103,161
[19:49:18.318][D][ldc1314:450]: TRACE,156839,146,103,161
[19:49:18.325][D][ldc1314:450]: TRACE,156856,146,103,161
[19:49:18.338][D][ldc1314:450]: TRACE,156867,146,103,161
[19:49:18.351][D][ldc1314:450]: TRACE,156884,146,103,161
[19:49:18.367][D][ldc1314:450]: TRACE,156897,146,103,161
[19:49:18.382][D][ldc1314:450]: TRACE,156911,146,102,161
[19:49:18.396][D][ldc1314:450]: TRACE,156926,146,103,161
[19:49:18.424][D][ldc1314:450]: TRACE,156940,146,103,161
[19:49:18.424][D][ldc1314:450]: TRACE,156954,146,103,161
[19:49:18.437][D][ldc1314:450]: TRACE,156966,146,103,161
[19:49:18.448][D][ldc1314:450]: TRACE,156981,146,103,161
[19:49:18.462][D][ldc1314:450]: TRACE,156995,146,103,161
[19:49:18.478][D][ldc1314:450]: TRACE,157007,146,103,161
[19:49:18.493][D][ldc1314:450]: TRACE,157023,146,103,161
[19:49:18.589][D][ldc1314:450]: TRACE,157037,146,103,161
[19:49:18.590][D][ldc1314:450]: TRACE,157050,146,103,161
[19:49:18.590][D][ldc1314:450]: TRACE,157060,146,103,161
[19:49:18.590][D][ldc1314:450]: TRACE,157071,146,103,161
[19:49:18.590][D][ldc1314:450]: TRACE,157083,146,103,161
[19:49:18.590][D][ldc1314:450]: TRACE,157093,146,103,161
[19:49:18.590][D][ldc1314:450]: TRACE,157103,147,103,161
[19:49:18.596][D][ldc1314:450]: TRACE,157113,147,103,161
[19:49:18.596][D][ldc1314:450]: TRACE,157124,147,103,161
[19:49:18.605][D][ldc1314:450]: TRACE,157134,147,103,161
[19:49:18.624][D][ldc1314:450]: TRACE,157150,147,103,161
[19:49:18.632][D][ldc1314:450]: TRACE,157162,147,103,161
[19:49:18.649][D][ldc1314:450]: TRACE,157181,147,103,161
[19:49:18.663][D][ldc1314:450]: TRACE,157194,147,103,161
[19:49:18.676][D][ldc1314:450]: TRACE,157208,147,103,161
[19:49:18.691][D][ldc1314:450]: TRACE,157222,147,103,161
[19:49:18.706][D][ldc1314:450]: TRACE,157236,147,103,161
[19:49:18.727][D][ldc1314:450]: TRACE,157250,147,103,161
[19:49:18.733][D][ldc1314:450]: TRACE,157264,147,103,161
[19:49:18.747][D][ldc1314:450]: TRACE,157277,146,103,161
[19:49:18.765][D][ldc1314:450]: TRACE,157296,146,103,161
[19:49:18.780][D][ldc1314:450]: TRACE,157310,146,103,161
[19:49:18.792][D][ldc1314:450]: TRACE,157325,146,103,161
[19:49:18.806][D][ldc1314:450]: TRACE,157337,146,103,161
[19:49:18.829][D][ldc1314:450]: TRACE,157351,146,103,161
[19:49:18.842][D][ldc1314:450]: TRACE,157363,146,103,161
[19:49:18.850][D][ldc1314:450]: TRACE,157373,146,103,161
[19:49:18.859][D][ldc1314:450]: TRACE,157389,146,103,161
[19:49:18.876][D][ldc1314:450]: TRACE,157404,146,103,161
[19:49:18.893][D][ldc1314:450]: TRACE,157425,146,103,161
[19:49:18.910][D][ldc1314:450]: TRACE,157437,146,103,161
[19:49:18.918][D][ldc1314:450]: TRACE,157451,146,103,161
[19:49:18.931][D][ldc1314:450]: TRACE,157463,147,103,161
[19:49:18.943][D][ldc1314:450]: TRACE,157473,146,103,161
[19:49:18.955][D][ldc1314:450]: TRACE,157487,147,103,161
[19:49:18.972][D][ldc1314:450]: TRACE,157501,146,103,161
[19:49:18.986][D][ldc1314:450]: TRACE,157516,147,103,161
[19:49:19.006][D][ldc1314:450]: TRACE,157536,146,103,161
[19:49:19.021][D][ldc1314:450]: TRACE,157550,146,103,161
[19:49:19.113][D][ldc1314:450]: TRACE,157566,146,103,161
[19:49:19.114][D][ldc1314:450]: TRACE,157576,146,103,161
[19:49:19.114][D][ldc1314:450]: TRACE,157590,146,103,161
[19:49:19.114][D][ldc1314:450]: TRACE,157599,146,103,161
[19:49:19.114][D][ldc1314:450]: TRACE,157609,146,103,161
[19:49:19.114][D][ldc1314:450]: TRACE,157621,146,103,161
[19:49:19.114][D][ldc1314:450]: TRACE,157631,146,103,161
[19:49:19.114][D][ldc1314:450]: TRACE,157641,146,103,161
[19:49:19.119][D][ldc1314:450]: TRACE,157651,146,103,161
[19:49:19.144][D][ldc1314:450]: TRACE,157666,146,102,161
[19:49:19.150][D][ldc1314:450]: TRACE,157676,146,103,161
[19:49:19.156][D][ldc1314:450]: TRACE,157688,146,103,161
[19:49:19.172][D][ldc1314:450]: TRACE,157703,146,103,161
[19:49:19.188][D][ldc1314:450]: TRACE,157717,146,103,161
[19:49:19.203][D][ldc1314:450]: TRACE,157734,146,103,161
[19:49:19.216][D][ldc1314:450]: TRACE,157748,146,103,161
[19:49:19.239][D][ldc1314:450]: TRACE,157767,146,103,161
[19:49:19.251][D][ldc1314:450]: TRACE,157780,146,102,161
[19:49:19.259][D][ldc1314:450]: TRACE,157792,146,102,161
[19:49:19.272][D][ldc1314:450]: TRACE,157804,146,103,161
[19:49:19.287][D][ldc1314:450]: TRACE,157818,146,103,161
[19:49:19.302][D][ldc1314:450]: TRACE,157832,146,103,161
[19:49:19.316][D][ldc1314:450]: TRACE,157847,147,103,161
[19:49:19.343][D][ldc1314:450]: TRACE,157861,146,103,161
[19:49:19.354][D][ldc1314:450]: TRACE,157877,146,103,161
[19:49:19.365][D][ldc1314:450]: TRACE,157887,147,103,161
[19:49:19.374][D][ldc1314:450]: TRACE,157904,146,103,161
[19:49:19.389][D][ldc1314:450]: TRACE,157919,146,103,161
[19:49:19.403][D][ldc1314:450]: TRACE,157933,146,103,161
[19:49:19.417][D][ldc1314:450]: TRACE,157948,146,103,161
[19:49:19.446][D][ldc1314:450]: TRACE,157962,146,103,161
[19:49:19.446][D][ldc1314:450]: TRACE,157977,146,103,161
[19:49:19.458][D][ldc1314:450]: TRACE,157989,146,103,161
[19:49:19.475][D][ldc1314:450]: TRACE,158004,146,103,161
[19:49:19.490][D][ldc1314:450]: TRACE,158019,146,103,161
[19:49:19.501][D][ldc1314:450]: TRACE,158034,146,103,161
[19:49:19.515][D][ldc1314:450]: TRACE,158046,146,103,161
[19:49:19.530][D][ldc1314:450]: TRACE,158060,147,103,161
[19:49:19.638][D][ldc1314:450]: TRACE,158077,146,103,161
[19:49:19.638][D][ldc1314:450]: TRACE,158087,146,103,161
[19:49:19.639][D][ldc1314:450]: TRACE,158103,147,103,161
[19:49:19.639][D][ldc1314:450]: TRACE,158113,146,103,161
[19:49:19.639][D][ldc1314:450]: TRACE,158123,146,103,161
[19:49:19.639][D][ldc1314:450]: TRACE,158133,146,103,161
[19:49:19.652][D][ldc1314:450]: TRACE,158143,146,103,161
[19:49:19.652][D][ldc1314:450]: TRACE,158153,146,103,161
[19:49:19.652][D][ldc1314:450]: TRACE,158163,146,103,161
[19:49:19.652][D][ldc1314:450]: TRACE,158173,147,103,161
[19:49:19.661][D][ldc1314:450]: TRACE,158183,146,103,161
[19:49:19.669][D][ldc1314:450]: TRACE,158193,146,103,161
[19:49:19.682][D][ldc1314:450]: TRACE,158212,146,103,161
[19:49:19.697][D][ldc1314:450]: TRACE,158227,147,103,161
[19:49:19.711][D][ldc1314:450]: TRACE,158241,146,103,161
[19:49:19.728][D][ldc1314:450]: TRACE,158258,146,103,161
[19:49:19.751][D][ldc1314:450]: TRACE,158272,146,103,161
[19:49:19.764][D][ldc1314:450]: TRACE,158285,146,103,161
[19:49:19.771][D][ldc1314:450]: TRACE,158297,146,102,161
[19:49:19.777][D][ldc1314:450]: TRACE,158309,146,103,161
[19:49:19.794][D][ldc1314:450]: TRACE,158324,146,103,161
[19:49:19.813][D][ldc1314:450]: TRACE,158343,146,103,161
[19:49:19.826][D][ldc1314:450]: TRACE,158356,146,103,161
[19:49:19.841][D][ldc1314:450]: TRACE,158370,146,103,161
[19:49:19.857][D][ldc1314:450]: TRACE,158387,147,103,161
[19:49:19.870][D][ldc1314:450]: TRACE,158397,146,103,161
[19:49:19.881][D][ldc1314:450]: TRACE,158413,147,103,161
[19:49:19.896][D][ldc1314:450]: TRACE,158426,147,103,162
[19:49:19.914][D][ldc1314:450]: TRACE,158442,146,103,161
[19:49:19.928][D][ldc1314:450]: TRACE,158456,147,103,161
[19:49:19.954][D][ldc1314:450]: TRACE,158476,147,103,161
[19:49:19.962][D][ldc1314:450]: TRACE,158491,147,103,161
[19:49:19.974][D][ldc1314:450]: TRACE,158501,146,103,161
[19:49:19.985][D][ldc1314:450]: TRACE,158517,146,103,161
[19:49:20.002][D][ldc1314:450]: TRACE,158531,146,103,161
[19:49:20.015][D][ldc1314:450]: TRACE,158545,147,103,161
[19:49:20.031][D][ldc1314:450]: TRACE,158561,146,103,161
[19:49:20.057][D][ldc1314:450]: TRACE,158582,147,103,161
[19:49:20.067][D][ldc1314:450]: TRACE,158594,147,103,161
[19:49:20.163][D][ldc1314:450]: TRACE,158607,146,103,161
[19:49:20.164][D][ldc1314:450]: TRACE,158623,146,103,161
[19:49:20.164][D][ldc1314:450]: TRACE,158635,146,103,161
[19:49:20.164][D][ldc1314:450]: TRACE,158646,147,103,161
[19:49:20.164][D][ldc1314:450]: TRACE,158656,147,103,161
[19:49:20.178][D][ldc1314:450]: TRACE,158666,146,103,161
[19:49:20.178][D][ldc1314:450]: TRACE,158676,146,103,161
[19:49:20.185][D][ldc1314:450]: TRACE,158686,146,103,161
[19:49:20.185][D][ldc1314:450]: TRACE,158696,146,103,161
[19:49:20.185][D][ldc1314:450]: TRACE,158706,146,103,161
[19:49:20.187][D][ldc1314:450]: TRACE,158716,146,103,161
[19:49:20.203][D][ldc1314:450]: TRACE,158732,147,103,161
[19:49:20.217][D][ldc1314:450]: TRACE,158747,147,103,161
[19:49:20.230][D][ldc1314:450]: TRACE,158762,147,103,161
[19:49:20.245][D][ldc1314:450]: TRACE,158776,147,103,161
[19:49:20.267][D][ldc1314:450]: TRACE,158794,146,103,161
[19:49:20.280][D][ldc1314:450]: TRACE,158804,146,103,161
[19:49:20.288][D][ldc1314:450]: TRACE,158820,146,103,161
[19:49:20.304][D][ldc1314:450]: TRACE,158833,147,103,161
[19:49:20.319][D][ldc1314:450]: TRACE,158848,147,103,161
[19:49:20.333][D][ldc1314:450]: TRACE,158862,147,103,161
[19:49:20.345][D][ldc1314:450]: TRACE,158877,147,103,161
[19:49:20.369][D][ldc1314:450]: TRACE,158890,147,103,161
[19:49:20.378][D][ldc1314:450]: TRACE,158906,147,103,161
[19:49:20.387][D][ldc1314:450]: TRACE,158921,146,103,161
[19:49:20.402][D][ldc1314:450]: TRACE,158933,147,103,161
[19:49:20.416][D][ldc1314:450]: TRACE,158947,147,103,161
[19:49:20.437][D][ldc1314:450]: TRACE,158961,147,103,161
[19:49:20.447][D][ldc1314:450]: TRACE,158979,147,103,161
[19:49:20.467][D][ldc1314:450]: TRACE,158993,146,103,161
[19:49:20.481][D][ldc1314:450]: TRACE,159008,146,103,161
[19:49:20.493][D][ldc1314:450]: TRACE,159026,147,103,161
[19:49:20.509][D][ldc1314:450]: TRACE,159038,147,103,161
[19:49:20.522][D][ldc1314:450]: TRACE,159054,146,103,161
[19:49:20.542][D][ldc1314:450]: TRACE,159068,146,103,161
[19:49:20.548][D][ldc1314:450]: TRACE,159082,146,103,161
[19:49:20.569][D][ldc1314:450]: TRACE,159094,146,103,161
[19:49:20.576][D][ldc1314:450]: TRACE,159106,146,103,161
[19:49:20.589][D][ldc1314:450]: TRACE,159120,147,103,161
[19:49:20.688][D][ldc1314:450]: TRACE,159136,147,103,161
[19:49:20.689][D][ldc1314:450]: TRACE,159150,147,103,161
[19:49:20.689][D][ldc1314:450]: TRACE,159160,147,103,161
[19:49:20.689][D][ldc1314:450]: TRACE,159170,147,103,161
[19:49:20.689][D][ldc1314:450]: TRACE,159180,147,103,161
[19:49:20.689][D][ldc1314:450]: TRACE,159190,147,103,161
[19:49:20.689][D][ldc1314:450]: TRACE,159200,147,103,161
[19:49:20.689][D][ldc1314:450]: TRACE,159210,147,103,161
[19:49:20.699][D][ldc1314:450]: TRACE,159221,147,103,161
[19:49:20.701][D][ldc1314:450]: TRACE,159230,146,103,161
[19:49:20.716][D][ldc1314:450]: TRACE,159246,146,103,161
[19:49:20.729][D][ldc1314:450]: TRACE,159261,147,103,161
[19:49:20.744][D][ldc1314:450]: TRACE,159275,147,103,161
[19:49:20.758][D][ldc1314:450]: TRACE,159289,147,103,161
[19:49:20.779][D][ldc1314:450]: TRACE,159304,147,103,161
[19:49:20.788][D][ldc1314:450]: TRACE,159315,147,103,161
[19:49:20.800][D][ldc1314:450]: TRACE,159330,147,103,161
[19:49:20.814][D][ldc1314:450]: TRACE,159344,147,103,161
[19:49:20.830][D][ldc1314:450]: TRACE,159363,147,103,161
[19:49:20.846][D][ldc1314:450]: TRACE,159374,147,103,161
[19:49:20.857][D][ldc1314:450]: TRACE,159389,147,103,161
[19:49:20.878][D][ldc1314:450]: TRACE,159403,147,103,161
[19:49:20.886][D][ldc1314:450]: TRACE,159416,147,103,161
[19:49:20.898][D][ldc1314:450]: TRACE,159427,147,103,161
[19:49:20.911][D][ldc1314:450]: TRACE,159442,147,103,161
[19:49:20.924][D][ldc1314:450]: TRACE,159456,147,103,161
[19:49:20.944][D][ldc1314:450]: TRACE,159473,147,103,161
[19:49:20.958][D][ldc1314:450]: TRACE,159488,147,103,161
[19:49:20.979][D][ldc1314:450]: TRACE,159499,147,103,161
[19:49:20.997][D][ldc1314:450]: TRACE,159519,147,103,161
[19:49:21.003][D][ldc1314:450]: TRACE,159533,147,103,161
[19:49:21.014][D][ldc1314:450]: TRACE,159543,147,103,161
[19:49:21.033][D][ldc1314:450]: TRACE,159561,147,103,161
[19:49:21.052][D][ldc1314:450]: TRACE,159582,146,103,161
[19:49:21.084][D][ldc1314:450]: TRACE,159597,146,103,161
[19:49:21.089][D][ldc1314:450]: TRACE,159613,147,103,161
[19:49:21.100][D][ldc1314:450]: TRACE,159623,147,103,161
[19:49:21.114][D][ldc1314:450]: TRACE,159644,147,103,161
[19:49:21.210][D][ldc1314:450]: TRACE,159658,147,103,161
[19:49:21.210][D][ldc1314:450]: TRACE,159671,147,103,161
[19:49:21.210][D][ldc1314:450]: TRACE,159681,147,103,161
[19:49:21.211][D][ldc1314:450]: TRACE,159692,147,103,161
[19:49:21.211][D][ldc1314:450]: TRACE,159703,147,103,161
[19:49:21.211][D][ldc1314:450]: TRACE,159713,147,103,161
[19:49:21.211][D][ldc1314:450]: TRACE,159723,147,103,161
[19:49:21.217][D][ldc1314:450]: TRACE,159733,147,103,161
[19:49:21.217][D][ldc1314:450]: TRACE,159744,147,103,161
[19:49:21.227][D][ldc1314:450]: TRACE,159755,147,103,161
[19:49:21.240][D][ldc1314:450]: TRACE,159771,147,103,161
[19:49:21.254][D][ldc1314:450]: TRACE,159783,147,103,161
[19:49:21.273][D][ldc1314:450]: TRACE,159802,147,103,161
[19:49:21.291][D][ldc1314:450]: TRACE,159819,146,103,161
[19:49:21.304][D][ldc1314:450]: TRACE,159830,146,103,161
[19:49:21.317][D][ldc1314:450]: TRACE,159847,146,103,161
[19:49:21.332][D][ldc1314:450]: TRACE,159861,147,103,161
[19:49:21.349][D][ldc1314:450]: TRACE,159878,146,103,161
[19:49:21.362][D][ldc1314:450]: TRACE,159892,146,103,161
[19:49:21.392][D][ldc1314:450]: TRACE,159912,147,103,161
[19:49:21.393][D][ldc1314:450]: TRACE,159924,146,103,161
[19:49:21.407][D][ldc1314:450]: TRACE,159935,147,103,161
[19:49:21.416][D][ldc1314:450]: TRACE,159945,146,103,161
[19:49:21.431][D][ldc1314:450]: TRACE,159960,147,103,161
[19:49:21.442][D][ldc1314:450]: TRACE,159975,146,103,161
[19:49:21.457][D][ldc1314:450]: TRACE,159987,146,103,161
[19:49:21.469][D][ldc1314:450]: TRACE,160001,147,103,161
[19:49:21.495][D][ldc1314:450]: TRACE,160018,146,103,161
[19:49:21.496][D][ldc1314:450]: TRACE,160027,146,103,161
[19:49:21.510][D][ldc1314:450]: TRACE,160040,147,103,161
[19:49:21.520][D][ldc1314:450]: TRACE,160053,146,103,161
[19:49:21.535][D][ldc1314:450]: TRACE,160065,147,103,161
[19:49:21.549][D][ldc1314:450]: TRACE,160079,146,103,161
[19:49:21.577][D][ldc1314:450]: TRACE,160102,146,103,161
[19:49:21.596][D][ldc1314:450]: TRACE,160114,147,103,161
[19:49:21.609][D][ldc1314:450]: TRACE,160129,147,103,161
[19:49:21.616][D][ldc1314:450]: TRACE,160139,146,103,161
[19:49:21.631][D][ldc1314:450]: TRACE,160156,146,103,161
[19:49:21.638][D][ldc1314:450]: TRACE,160171,147,103,161
[19:49:21.735][D][ldc1314:450]: TRACE,160184,147,103,161
[19:49:21.735][D][ldc1314:450]: TRACE,160196,146,103,161
[19:49:21.735][D][ldc1314:450]: TRACE,160205,146,103,161
[19:49:21.735][D][ldc1314:450]: TRACE,160215,146,103,161
[19:49:21.735][D][ldc1314:450]: TRACE,160225,146,103,161
[19:49:21.735][D][ldc1314:450]: TRACE,160235,146,103,161
[19:49:21.742][D][ldc1314:450]: TRACE,160246,146,103,161
[19:49:21.743][D][ldc1314:450]: TRACE,160256,146,103,161
[19:49:21.743][D][ldc1314:450]: TRACE,160266,146,103,161
[19:49:21.745][D][ldc1314:450]: TRACE,160276,146,103,161
[19:49:21.760][D][ldc1314:450]: TRACE,160290,146,103,161
[19:49:21.772][D][ldc1314:450]: TRACE,160304,147,103,161
[19:49:21.800][D][ldc1314:450]: TRACE,160317,147,103,161
[19:49:21.800][D][ldc1314:450]: TRACE,160331,147,103,161
[19:49:21.813][D][ldc1314:450]: TRACE,160341,147,103,161
[19:49:21.823][D][ldc1314:450]: TRACE,160356,147,103,161
[19:49:21.842][D][ldc1314:450]: TRACE,160373,146,103,161
[19:49:21.857][D][ldc1314:450]: TRACE,160387,146,103,161
[19:49:21.873][D][ldc1314:450]: TRACE,160403,147,103,161
[19:49:21.901][D][ldc1314:450]: TRACE,160417,147,103,161
[19:49:21.909][D][ldc1314:450]: TRACE,160434,146,103,161
[19:49:21.916][D][ldc1314:450]: TRACE,160443,146,103,161
[19:49:21.927][D][ldc1314:450]: TRACE,160455,146,103,161
[19:49:21.944][D][ldc1314:450]: TRACE,160470,147,103,161
[19:49:21.960][D][ldc1314:450]: TRACE,160491,147,103,161
[19:49:21.979][D][ldc1314:450]: TRACE,160505,147,103,161
[19:49:21.987][D][ldc1314:450]: TRACE,160520,146,103,161
[19:49:22.002][D][ldc1314:450]: TRACE,160532,146,102,161
[19:49:22.013][D][ldc1314:450]: TRACE,160542,146,103,161
[19:49:22.028][D][ldc1314:450]: TRACE,160557,146,103,161
[19:49:22.046][D][ldc1314:450]: TRACE,160574,146,103,161
[19:49:22.057][D][ldc1314:450]: TRACE,160588,146,103,161
[19:49:22.078][D][ldc1314:450]: TRACE,160609,147,103,161
[19:49:22.103][D][ldc1314:450]: TRACE,160623,146,103,161
[19:49:22.111][D][ldc1314:450]: TRACE,160642,146,103,161
[19:49:22.124][D][ldc1314:450]: TRACE,160656,146,103,161
[19:49:22.139][D][ldc1314:450]: TRACE,160669,146,103,161
[19:49:22.153][D][ldc1314:450]: TRACE,160683,146,103,161
[19:49:22.259][D][ldc1314:450]: TRACE,160699,146,103,161
[19:49:22.260][D][ldc1314:450]: TRACE,160714,146,103,161
[19:49:22.260][D][ldc1314:450]: TRACE,160725,146,103,161
[19:49:22.260][D][ldc1314:450]: TRACE,160736,146,103,161
[19:49:22.260][D][ldc1314:450]: TRACE,160746,147,103,161
[19:49:22.260][D][ldc1314:450]: TRACE,160756,147,103,161
[19:49:22.263][D][ldc1314:450]: TRACE,160766,147,103,161
[19:49:22.263][D][ldc1314:450]: TRACE,160776,147,103,161
[19:49:22.263][D][ldc1314:450]: TRACE,160786,146,103,161
[19:49:22.264][D][ldc1314:450]: TRACE,160796,146,103,161
[19:49:22.276][D][ldc1314:450]: TRACE,160807,147,103,161
[19:49:22.291][D][ldc1314:450]: TRACE,160821,146,103,161
[19:49:22.313][D][ldc1314:450]: TRACE,160841,147,103,161
[19:49:22.324][D][ldc1314:450]: TRACE,160851,147,103,161
[19:49:22.336][D][ldc1314:450]: TRACE,160866,147,103,161
[19:49:22.352][D][ldc1314:450]: TRACE,160881,147,103,161
[19:49:22.365][D][ldc1314:450]: TRACE,160895,147,103,161
[19:49:22.381][D][ldc1314:450]: TRACE,160910,147,103,161
[19:49:22.396][D][ldc1314:450]: TRACE,160926,147,103,161
[19:49:22.414][D][ldc1314:450]: TRACE,160940,147,103,161
[19:49:22.423][D][ldc1314:450]: TRACE,160953,147,103,161
[19:49:22.437][D][ldc1314:450]: TRACE,160969,147,103,161
[19:49:22.448][D][ldc1314:450]: TRACE,160979,147,103,161
[19:49:22.462][D][ldc1314:450]: TRACE,160995,147,103,161
[19:49:22.477][D][ldc1314:450]: TRACE,161008,147,103,161
[19:49:22.495][D][ldc1314:450]: TRACE,161022,146,103,161
[19:49:22.516][D][ldc1314:450]: TRACE,161036,147,103,161
[19:49:22.518][D][ldc1314:450]: TRACE,161050,147,103,161
[19:49:22.533][D][ldc1314:450]: TRACE,161062,147,103,161
[19:49:22.551][D][ldc1314:450]: TRACE,161082,147,103,161
[19:49:22.567][D][ldc1314:450]: TRACE,161097,147,103,161
[19:49:22.583][D][ldc1314:450]: TRACE,161113,147,103,161
[19:49:22.595][D][ldc1314:450]: TRACE,161127,146,103,161
[19:49:22.615][D][ldc1314:450]: TRACE,161141,147,103,161
[19:49:22.622][D][ldc1314:450]: TRACE,161155,147,103,161
[19:49:22.636][D][ldc1314:450]: TRACE,161167,146,103,161
[19:49:22.651][D][ldc1314:450]: TRACE,161180,147,103,161
[19:49:22.672][D][ldc1314:450]: TRACE,161202,146,103,161
[19:49:22.688][D][ldc1314:450]: TRACE,161216,146,103,161
[19:49:22.784][D][ldc1314:450]: TRACE,161232,147,103,161
[19:49:22.784][D][ldc1314:450]: TRACE,161245,146,103,161
[19:49:22.784][D][ldc1314:450]: TRACE,161255,147,103,161
[19:49:22.784][D][ldc1314:450]: TRACE,161265,147,103,161
[19:49:22.784][D][ldc1314:450]: TRACE,161275,146,103,161
[19:49:22.784][D][ldc1314:450]: TRACE,161285,146,103,161
[19:49:22.784][D][ldc1314:450]: TRACE,161295,146,103,161
[19:49:22.784][D][ldc1314:450]: TRACE,161306,146,103,161
[19:49:22.792][D][ldc1314:450]: TRACE,161317,146,103,161
[19:49:22.800][D][ldc1314:450]: TRACE,161327,147,103,161
[19:49:22.820][D][ldc1314:450]: TRACE,161339,147,103,161
[19:49:22.822][D][ldc1314:450]: TRACE,161356,147,103,161
[19:49:22.836][D][ldc1314:450]: TRACE,161367,147,103,161
[19:49:22.849][D][ldc1314:450]: TRACE,161381,147,103,161
[19:49:22.866][D][ldc1314:450]: TRACE,161393,147,103,161
[19:49:22.877][D][ldc1314:450]: TRACE,161408,147,103,161
[19:49:22.894][D][ldc1314:450]: TRACE,161422,147,103,161
[19:49:22.925][D][ldc1314:450]: TRACE,161442,147,103,161
[19:49:22.931][D][ldc1314:450]: TRACE,161456,147,103,161
[19:49:22.944][D][ldc1314:450]: TRACE,161467,147,103,161
[19:49:22.957][D][ldc1314:450]: TRACE,161486,147,103,161
[19:49:22.968][D][ldc1314:450]: TRACE,161499,147,103,161
[19:49:22.983][D][ldc1314:450]: TRACE,161513,147,103,161
[19:49:22.998][D][ldc1314:450]: TRACE,161528,146,103,161
[19:49:23.029][D][ldc1314:450]: TRACE,161546,146,103,161
[19:49:23.035][D][ldc1314:450]: TRACE,161560,147,103,161
[19:49:23.041][D][ldc1314:450]: TRACE,161570,147,103,161
[19:49:23.056][D][ldc1314:450]: TRACE,161587,147,103,161
[19:49:23.071][D][ldc1314:450]: TRACE,161601,147,103,161
[19:49:23.088][D][ldc1314:450]: TRACE,161617,146,103,161
[19:49:23.107][D][ldc1314:450]: TRACE,161632,147,103,161
[19:49:23.129][D][ldc1314:450]: TRACE,161657,147,103,161
[19:49:23.136][D][ldc1314:450]: TRACE,161668,147,103,161
[19:49:23.153][D][ldc1314:450]: TRACE,161683,147,103,161
[19:49:23.166][D][ldc1314:450]: TRACE,161696,147,103,161
[19:49:23.184][D][ldc1314:450]: TRACE,161713,147,103,161
[19:49:23.198][D][ldc1314:450]: TRACE,161727,147,103,161
[19:49:23.212][D][ldc1314:450]: TRACE,161743,146,103,161
[19:49:23.309][D][ldc1314:450]: TRACE,161756,147,103,161
[19:49:23.310][D][ldc1314:450]: TRACE,161772,146,103,161
[19:49:23.310][D][ldc1314:450]: TRACE,161784,146,103,161
[19:49:23.310][D][ldc1314:450]: TRACE,161794,146,103,161
[19:49:23.310][D][ldc1314:450]: TRACE,161804,147,103,161
[19:49:23.310][D][ldc1314:450]: TRACE,161815,146,103,161
[19:49:23.310][D][ldc1314:450]: TRACE,161825,147,103,161
[19:49:23.310][D][ldc1314:450]: TRACE,161835,147,103,161
[19:49:23.310][D][ldc1314:450]: TRACE,161845,146,103,161
[19:49:23.335][D][ldc1314:450]: TRACE,161855,146,103,161
[19:49:23.338][D][ldc1314:450]: TRACE,161868,147,103,161
[19:49:23.352][D][ldc1314:450]: TRACE,161882,147,103,161
[19:49:23.365][D][ldc1314:450]: TRACE,161895,147,103,161
[19:49:23.387][D][ldc1314:450]: TRACE,161910,147,103,161
[19:49:23.396][D][ldc1314:450]: TRACE,161924,147,103,161
[19:49:23.404][D][ldc1314:450]: TRACE,161935,147,103,161
[19:49:23.419][D][ldc1314:450]: TRACE,161950,147,103,161
[19:49:23.437][D][ldc1314:450]: TRACE,161964,147,103,161
[19:49:23.448][D][ldc1314:450]: TRACE,161976,147,103,161
[19:49:23.464][D][ldc1314:450]: TRACE,161992,146,103,161
[19:49:23.481][D][ldc1314:450]: TRACE,162009,147,103,161
[19:49:23.499][D][ldc1314:450]: TRACE,162025,147,103,161
[19:49:23.504][D][ldc1314:450]: TRACE,162039,147,103,161
[19:49:23.519][D][ldc1314:450]: TRACE,162051,146,103,161
[19:49:23.539][D][ldc1314:450]: TRACE,162063,147,103,161
[19:49:23.547][D][ldc1314:450]: TRACE,162077,147,103,161
[19:49:23.562][D][ldc1314:450]: TRACE,162088,147,103,161
[19:49:23.578][D][ldc1314:450]: TRACE,162105,147,103,161
[19:49:23.590][D][ldc1314:450]: TRACE,162122,146,103,161
[19:49:23.604][D][ldc1314:450]: TRACE,162134,146,103,161
[19:49:23.618][D][ldc1314:450]: TRACE,162149,147,103,161
[19:49:23.642][D][ldc1314:450]: TRACE,162163,147,103,161
[19:49:23.649][D][ldc1314:450]: TRACE,162177,146,103,161
[19:49:23.660][D][ldc1314:450]: TRACE,162189,146,103,161
[19:49:23.673][D][ldc1314:450]: TRACE,162204,147,103,161
[19:49:23.686][D][ldc1314:450]: TRACE,162218,147,103,161
[19:49:23.705][D][ldc1314:450]: TRACE,162237,147,103,161
[19:49:23.721][D][ldc1314:450]: TRACE,162250,147,103,161
[19:49:23.742][D][ldc1314:450]: TRACE,162266,147,103,161
[19:49:23.832][D][ldc1314:450]: TRACE,162279,147,103,162
[19:49:23.832][D][ldc1314:450]: TRACE,162289,147,103,162
[19:49:23.833][D][ldc1314:450]: TRACE,162300,147,103,162
[19:49:23.833][D][ldc1314:450]: TRACE,162310,147,103,162
[19:49:23.833][D][ldc1314:450]: TRACE,162320,147,103,162
[19:49:23.833][D][ldc1314:450]: TRACE,162330,147,103,162
[19:49:23.833][D][ldc1314:450]: TRACE,162341,147,103,162
[19:49:23.847][D][ldc1314:450]: TRACE,162352,147,103,162
[19:49:23.848][D][ldc1314:450]: TRACE,162362,147,103,162
[19:49:23.848][D][ldc1314:450]: TRACE,162372,147,104,162
[19:49:23.851][D][ldc1314:450]: TRACE,162382,147,103,162
[19:49:23.868][D][ldc1314:450]: TRACE,162396,147,103,162
[19:49:23.882][D][ldc1314:450]: TRACE,162413,147,104,162
[19:49:23.898][D][ldc1314:450]: TRACE,162428,147,103,162
[19:49:23.919][D][ldc1314:450]: TRACE,162442,147,103,161
[19:49:23.924][D][ldc1314:450]: TRACE,162457,147,103,162
[19:49:23.949][D][ldc1314:450]: TRACE,162470,147,104,162
[19:49:23.956][D][ldc1314:450]: TRACE,162483,147,103,162
[19:49:23.967][D][ldc1314:450]: TRACE,162495,147,103,162
[19:49:23.978][D][ldc1314:450]: TRACE,162507,147,103,162
[19:49:23.993][D][ldc1314:450]: TRACE,162523,147,103,162
[19:49:24.008][D][ldc1314:450]: TRACE,162537,147,103,161
[19:49:24.020][D][ldc1314:450]: TRACE,162551,147,103,162
[19:49:24.036][D][ldc1314:450]: TRACE,162566,147,103,162
[19:49:24.058][D][ldc1314:450]: TRACE,162583,147,103,162
[19:49:24.070][D][ldc1314:450]: TRACE,162593,147,103,162
[19:49:24.084][D][ldc1314:450]: TRACE,162613,147,103,162
[19:49:24.097][D][ldc1314:450]: TRACE,162628,147,103,162
[19:49:24.119][D][ldc1314:450]: TRACE,162644,147,103,162
[19:49:24.131][D][ldc1314:450]: TRACE,162664,147,103,162
[19:49:24.150][D][ldc1314:450]: TRACE,162676,147,103,162
[19:49:24.162][D][ldc1314:450]: TRACE,162691,147,103,162
[19:49:24.176][D][ldc1314:450]: TRACE,162707,147,103,162
[19:49:24.190][D][ldc1314:450]: TRACE,162721,147,103,162
[19:49:24.206][D][ldc1314:450]: TRACE,162737,147,103,162
[19:49:24.225][D][ldc1314:450]: TRACE,162752,147,103,161
[19:49:24.237][D][ldc1314:450]: TRACE,162769,147,103,162
[19:49:24.256][D][ldc1314:450]: TRACE,162783,147,103,162
[19:49:24.265][D][ldc1314:450]: TRACE,162795,147,103,162
[19:49:24.356][D][ldc1314:450]: TRACE,162811,147,103,162
[19:49:24.357][D][ldc1314:450]: TRACE,162820,147,103,162
[19:49:24.357][D][ldc1314:450]: TRACE,162830,147,103,162
[19:49:24.357][D][ldc1314:450]: TRACE,162840,147,103,161
[19:49:24.357][D][ldc1314:450]: TRACE,162851,147,103,162
[19:49:24.357][D][ldc1314:450]: TRACE,162861,147,103,162
[19:49:24.357][D][ldc1314:450]: TRACE,162871,147,103,161
[19:49:24.358][D][ldc1314:450]: TRACE,162881,147,103,162
[19:49:24.358][D][ldc1314:450]: TRACE,162891,147,103,162
[19:49:24.376][D][ldc1314:450]: TRACE,162902,147,103,162
[19:49:24.387][D][ldc1314:450]: TRACE,162918,147,103,162
[19:49:24.404][D][ldc1314:450]: TRACE,162932,147,103,162
[19:49:24.418][D][ldc1314:450]: TRACE,162948,147,103,162
[19:49:24.433][D][ldc1314:450]: TRACE,162962,147,103,162
[19:49:24.458][D][ldc1314:450]: TRACE,162978,147,103,161
[19:49:24.464][D][ldc1314:450]: TRACE,162993,147,103,162
[19:49:24.481][D][ldc1314:450]: TRACE,163011,147,103,162
[19:49:24.495][D][ldc1314:450]: TRACE,163026,147,103,162
[19:49:24.512][D][ldc1314:450]: TRACE,163042,147,103,162
[19:49:24.527][D][ldc1314:450]: TRACE,163056,147,103,162
[19:49:24.541][D][ldc1314:450]: TRACE,163070,147,104,162
[19:49:24.562][D][ldc1314:450]: TRACE,163086,147,104,162
[19:49:24.571][D][ldc1314:450]: TRACE,163099,147,103,162
[19:49:24.581][D][ldc1314:450]: TRACE,163111,147,103,162
[19:49:24.601][D][ldc1314:450]: TRACE,163131,147,103,162
[19:49:24.616][D][ldc1314:450]: TRACE,163146,147,104,162
[19:49:24.631][D][ldc1314:450]: TRACE,163161,147,103,162
[19:49:24.645][D][ldc1314:450]: TRACE,163176,147,103,162
[19:49:24.665][D][ldc1314:450]: TRACE,163192,147,103,162
[19:49:24.672][D][ldc1314:450]: TRACE,163204,147,103,162
[19:49:24.687][D][ldc1314:450]: TRACE,163217,147,103,161
[19:49:24.699][D][ldc1314:450]: TRACE,163230,147,104,162
[19:49:24.720][D][ldc1314:450]: TRACE,163250,147,103,162
[19:49:24.736][D][ldc1314:450]: TRACE,163264,147,103,162
[19:49:24.749][D][ldc1314:450]: TRACE,163281,147,103,161
[19:49:24.765][D][ldc1314:450]: TRACE,163295,147,103,161
[19:49:24.777][D][ldc1314:450]: TRACE,163306,147,103,162
[19:49:24.790][D][ldc1314:450]: TRACE,163321,147,103,162
[19:49:24.881][D][ldc1314:450]: TRACE,163335,147,103,162
[19:49:24.881][D][ldc1314:450]: TRACE,163345,147,103,162
[19:49:24.881][D][ldc1314:450]: TRACE,163356,147,103,162
[19:49:24.881][D][ldc1314:450]: TRACE,163366,147,103,161
[19:49:24.881][D][ldc1314:450]: TRACE,163376,147,103,162
[19:49:24.881][D][ldc1314:450]: TRACE,163386,147,103,162
[19:49:24.889][D][ldc1314:450]: TRACE,163396,147,103,162
[19:49:24.890][D][ldc1314:450]: TRACE,163406,147,103,162
[19:49:24.890][D][ldc1314:450]: TRACE,163416,147,103,162
[19:49:24.897][D][ldc1314:450]: TRACE,163426,147,103,162
[19:49:24.913][D][ldc1314:450]: TRACE,163442,147,104,162
[19:49:24.927][D][ldc1314:450]: TRACE,163457,146,103,161
[19:49:24.945][D][ldc1314:450]: TRACE,163477,146,103,161
[19:49:24.975][D][ldc1314:450]: TRACE,163490,147,103,161
[19:49:24.983][D][ldc1314:450]: TRACE,163503,146,103,161
[19:49:24.987][D][ldc1314:450]: TRACE,163513,146,103,161
[19:49:25.002][D][ldc1314:450]: TRACE,163531,146,103,161
[19:49:25.016][D][ldc1314:450]: TRACE,163546,146,103,161
[19:49:25.031][D][ldc1314:450]: TRACE,163561,146,103,161
[19:49:25.045][D][ldc1314:450]: TRACE,163575,147,103,161
[19:49:25.075][D][ldc1314:450]: TRACE,163595,147,103,161
[19:49:25.082][D][ldc1314:450]: TRACE,163609,146,103,161
[19:49:25.093][D][ldc1314:450]: TRACE,163621,147,103,161
[19:49:25.104][D][ldc1314:450]: TRACE,163636,147,103,161
[19:49:25.123][D][ldc1314:450]: TRACE,163650,146,103,161
[19:49:25.139][D][ldc1314:450]: TRACE,163667,146,103,161
[19:49:25.155][D][ldc1314:450]: TRACE,163684,146,103,161
[19:49:25.181][D][ldc1314:450]: TRACE,163704,147,103,161
[19:49:25.198][D][ldc1314:450]: TRACE,163716,147,103,161
[19:49:25.204][D][ldc1314:450]: TRACE,163729,147,103,161
[19:49:25.208][D][ldc1314:450]: TRACE,163741,147,103,161
[19:49:25.224][D][ldc1314:450]: TRACE,163755,147,103,161
[19:49:25.241][D][ldc1314:450]: TRACE,163770,147,103,161
[19:49:25.254][D][ldc1314:450]: TRACE,163787,147,103,161
[19:49:25.279][D][ldc1314:450]: TRACE,163800,147,103,161
[19:49:25.288][D][ldc1314:450]: TRACE,163817,146,103,161
[19:49:25.299][D][ldc1314:450]: TRACE,163830,146,103,161
[19:49:25.313][D][ldc1314:450]: TRACE,163844,147,103,161
[19:49:25.405][D][ldc1314:450]: TRACE,163859,147,103,161
[19:49:25.405][D][ldc1314:450]: TRACE,163870,146,103,161
[19:49:25.405][D][ldc1314:450]: TRACE,163881,147,103,161
[19:49:25.405][D][ldc1314:450]: TRACE,163891,146,103,161
[19:49:25.405][D][ldc1314:450]: TRACE,163901,146,103,161
[19:49:25.405][D][ldc1314:450]: TRACE,163911,146,103,161
[19:49:25.405][D][ldc1314:450]: TRACE,163921,146,103,161
[19:49:25.412][D][ldc1314:450]: TRACE,163932,146,103,161
[19:49:25.413][D][ldc1314:450]: TRACE,163944,146,103,161
[19:49:25.425][D][ldc1314:450]: TRACE,163957,146,103,161
[19:49:25.441][D][ldc1314:450]: TRACE,163971,146,103,161
[19:49:25.456][D][ldc1314:450]: TRACE,163986,146,103,161
[19:49:25.481][D][ldc1314:450]: TRACE,164000,147,103,161
[19:49:25.488][D][ldc1314:450]: TRACE,164015,146,103,161
[19:49:25.499][D][ldc1314:450]: TRACE,164028,147,103,161
[19:49:25.517][D][ldc1314:450]: TRACE,164046,146,103,161
[19:49:25.533][D][ldc1314:450]: TRACE,164061,147,103,161
[19:49:25.560][D][ldc1314:450]: TRACE,164076,147,103,161
[19:49:25.560][D][ldc1314:450]: TRACE,164088,147,103,161
[19:49:25.566][D][ldc1314:450]: TRACE,164100,147,103,161
[19:49:25.586][D][ldc1314:450]: TRACE,164112,147,103,161
[19:49:25.593][D][ldc1314:450]: TRACE,164124,147,103,161
[19:49:25.607][D][ldc1314:450]: TRACE,164138,147,103,161
[19:49:25.629][D][ldc1314:450]: TRACE,164158,147,103,161
[19:49:25.646][D][ldc1314:450]: TRACE,164174,147,103,161
[19:49:25.659][D][ldc1314:450]: TRACE,164188,146,103,161
[19:49:25.672][D][ldc1314:450]: TRACE,164203,146,103,161
[19:49:25.691][D][ldc1314:450]: TRACE,164218,146,103,161
[19:49:25.698][D][ldc1314:450]: TRACE,164228,146,103,161
[19:49:25.711][D][ldc1314:450]: TRACE,164243,146,103,161
[19:49:25.728][D][ldc1314:450]: TRACE,164256,146,103,161
[19:49:25.747][D][ldc1314:450]: TRACE,164277,146,103,161
[19:49:25.761][D][ldc1314:450]: TRACE,164293,146,103,161
[19:49:25.788][D][ldc1314:450]: TRACE,164305,147,103,161
[19:49:25.788][D][ldc1314:450]: TRACE,164322,146,103,161
[19:49:25.800][D][ldc1314:450]: TRACE,164332,146,103,161
[19:49:25.814][D][ldc1314:450]: TRACE,164346,146,103,161
[19:49:25.828][D][ldc1314:450]: TRACE,164358,146,103,161
[19:49:25.929][D][ldc1314:450]: TRACE,164373,146,103,161
[19:49:25.929][D][ldc1314:450]: TRACE,164387,147,103,161
[19:49:25.930][D][ldc1314:450]: TRACE,164397,147,103,161
[19:49:25.930][D][ldc1314:450]: TRACE,164407,146,103,161
[19:49:25.930][D][ldc1314:450]: TRACE,164417,146,103,161
[19:49:25.930][D][ldc1314:450]: TRACE,164427,147,103,161
[19:49:25.936][D][ldc1314:450]: TRACE,164437,146,103,161
[19:49:25.936][D][ldc1314:450]: TRACE,164448,146,103,161
[19:49:25.936][D][ldc1314:450]: TRACE,164458,146,103,161
[19:49:25.936][D][ldc1314:450]: TRACE,164468,146,103,161
[19:49:25.951][D][ldc1314:450]: TRACE,164481,147,103,162
[19:49:25.969][D][ldc1314:450]: TRACE,164495,147,103,162
[19:49:25.996][D][ldc1314:450]: TRACE,164513,147,103,162
[19:49:26.004][D][ldc1314:450]: TRACE,164526,147,103,162
[19:49:26.011][D][ldc1314:450]: TRACE,164536,147,103,162
[19:49:26.021][D][ldc1314:450]: TRACE,164551,147,103,162
[19:49:26.037][D][ldc1314:450]: TRACE,164565,147,104,162
[19:49:26.052][D][ldc1314:450]: TRACE,164581,147,103,162
[19:49:26.065][D][ldc1314:450]: TRACE,164593,147,104,162
[19:49:26.075][D][ldc1314:450]: TRACE,164606,147,104,162
[19:49:26.099][D][ldc1314:450]: TRACE,164619,147,103,162
[19:49:26.113][D][ldc1314:450]: TRACE,164635,147,104,162
[19:49:26.121][D][ldc1314:450]: TRACE,164647,147,103,162
[19:49:26.133][D][ldc1314:450]: TRACE,164660,147,103,162
[19:49:26.150][D][ldc1314:450]: TRACE,164680,147,103,162
[19:49:26.164][D][ldc1314:450]: TRACE,164694,147,103,162
[19:49:26.178][D][ldc1314:450]: TRACE,164708,147,103,162
[19:49:26.200][D][ldc1314:450]: TRACE,164723,147,104,162
[19:49:26.210][D][ldc1314:450]: TRACE,164739,147,104,162
[19:49:26.222][D][ldc1314:450]: TRACE,164754,147,103,162
[19:49:26.240][D][ldc1314:450]: TRACE,164767,147,103,162
[19:49:26.252][D][ldc1314:450]: TRACE,164783,147,103,162
[19:49:26.265][D][ldc1314:450]: TRACE,164795,147,104,162
[19:49:26.283][D][ldc1314:450]: TRACE,164811,147,104,162
[19:49:26.302][D][ldc1314:450]: TRACE,164826,147,104,162
[19:49:26.310][D][ldc1314:450]: TRACE,164842,147,103,162
[19:49:26.324][D][ldc1314:450]: TRACE,164856,147,104,162
[19:49:26.342][D][ldc1314:450]: TRACE,164870,147,103,162
[19:49:26.350][D][ldc1314:450]: TRACE,164883,147,103,162
[19:49:26.453][D][ldc1314:450]: TRACE,164897,147,103,162
[19:49:26.454][D][ldc1314:450]: TRACE,164911,147,104,162
[19:49:26.454][D][ldc1314:450]: TRACE,164921,147,104,162
[19:49:26.454][D][ldc1314:450]: TRACE,164931,147,103,162
[19:49:26.454][D][ldc1314:450]: TRACE,164942,147,103,162
[19:49:26.454][D][ldc1314:450]: TRACE,164952,147,103,162
[19:49:26.457][D][ldc1314:450]: TRACE,164962,147,103,162
[19:49:26.457][D][ldc1314:450]: TRACE,164973,147,103,162
[19:49:26.457][D][ldc1314:450]: TRACE,164982,147,103,162
[19:49:26.457][D][ldc1314:450]: TRACE,164992,147,103,162
[19:49:26.472][D][ldc1314:450]: TRACE,165003,147,103,162
[19:49:26.487][D][ldc1314:450]: TRACE,165017,147,103,162
[19:49:26.505][D][ldc1314:450]: TRACE,165031,147,103,162
[19:49:26.511][D][ldc1314:450]: TRACE,165045,147,103,161
[19:49:26.528][D][ldc1314:450]: TRACE,165057,147,103,161
[19:49:26.540][D][ldc1314:450]: TRACE,165072,147,103,162
[19:49:26.559][D][ldc1314:450]: TRACE,165090,147,103,162
[19:49:26.573][D][ldc1314:450]: TRACE,165104,147,104,162
[19:49:26.589][D][ldc1314:450]: TRACE,165118,147,104,162
[19:49:26.609][D][ldc1314:450]: TRACE,165134,147,103,162
[19:49:26.621][D][ldc1314:450]: TRACE,165148,147,104,162
[19:49:26.629][D][ldc1314:450]: TRACE,165157,147,103,161
[19:49:26.645][D][ldc1314:450]: TRACE,165175,147,103,162
[19:49:26.659][D][ldc1314:450]: TRACE,165189,147,103,162
[19:49:26.676][D][ldc1314:450]: TRACE,165206,147,103,162
[19:49:26.693][D][ldc1314:450]: TRACE,165221,147,103,162
[19:49:26.715][D][ldc1314:450]: TRACE,165237,147,103,162
[19:49:26.716][D][ldc1314:450]: TRACE,165249,147,103,162
[19:49:26.731][D][ldc1314:450]: TRACE,165262,147,103,162
[19:49:26.746][D][ldc1314:450]: TRACE,165276,147,103,162
[19:49:26.760][D][ldc1314:450]: TRACE,165291,147,103,162
[19:49:26.775][D][ldc1314:450]: TRACE,165306,147,104,162
[19:49:26.794][D][ldc1314:450]: TRACE,165324,147,103,162
[19:49:26.814][D][ldc1314:450]: TRACE,165338,147,103,162
[19:49:26.823][D][ldc1314:450]: TRACE,165352,147,103,162
[19:49:26.835][D][ldc1314:450]: TRACE,165364,147,103,162
[19:49:26.849][D][ldc1314:450]: TRACE,165380,147,104,162
[19:49:26.864][D][ldc1314:450]: TRACE,165394,147,104,162
[19:49:26.879][D][ldc1314:450]: TRACE,165409,147,103,162
[19:49:26.982][D][ldc1314:450]: TRACE,165425,147,103,162
[19:49:26.983][D][ldc1314:450]: TRACE,165441,147,103,162
[19:49:26.983][D][ldc1314:450]: TRACE,165451,147,104,162
[19:49:26.983][D][ldc1314:450]: TRACE,165461,147,103,161
[19:49:26.983][D][ldc1314:450]: TRACE,165472,147,103,162
[19:49:26.983][D][ldc1314:450]: TRACE,165482,147,104,162
[19:49:26.983][D][ldc1314:450]: TRACE,165493,147,103,162
[19:49:26.983][D][ldc1314:450]: TRACE,165503,147,103,161
[19:49:26.983][D][ldc1314:450]: TRACE,165513,147,103,161
[19:49:26.992][D][ldc1314:450]: TRACE,165523,147,103,162
[19:49:27.020][D][ldc1314:450]: TRACE,165537,147,103,162
[19:49:27.027][D][ldc1314:450]: TRACE,165552,147,103,162
[19:49:27.040][D][ldc1314:450]: TRACE,165562,147,103,162
[19:49:27.050][D][ldc1314:450]: TRACE,165582,147,103,162
[19:49:27.064][D][ldc1314:450]: TRACE,165595,147,104,162
[19:49:27.079][D][ldc1314:450]: TRACE,165609,147,103,162
[19:49:27.093][D][ldc1314:450]: TRACE,165625,147,103,161
[19:49:27.123][D][ldc1314:450]: TRACE,165637,147,103,162
[19:49:27.123][D][ldc1314:450]: TRACE,165652,147,103,162
[19:49:27.139][D][ldc1314:450]: TRACE,165664,147,103,161
[19:49:27.151][D][ldc1314:450]: TRACE,165684,147,103,162
[19:49:27.167][D][ldc1314:450]: TRACE,165698,147,103,161
[19:49:27.182][D][ldc1314:450]: TRACE,165712,147,103,162
[19:49:27.197][D][ldc1314:450]: TRACE,165726,147,103,161
[19:49:27.223][D][ldc1314:450]: TRACE,165742,147,103,162
[19:49:27.224][D][ldc1314:450]: TRACE,165756,147,103,162
[19:49:27.243][D][ldc1314:450]: TRACE,165769,147,103,162
[19:49:27.255][D][ldc1314:450]: TRACE,165787,147,103,162
[19:49:27.271][D][ldc1314:450]: TRACE,165799,147,103,162
[19:49:27.285][D][ldc1314:450]: TRACE,165815,147,103,162
[19:49:27.301][D][ldc1314:450]: TRACE,165830,147,103,162
[19:49:27.325][D][ldc1314:450]: TRACE,165845,147,103,162
[19:49:27.331][D][ldc1314:450]: TRACE,165859,147,104,162
[19:49:27.342][D][ldc1314:450]: TRACE,165869,147,104,162
[19:49:27.363][D][ldc1314:450]: TRACE,165892,147,103,161
[19:49:27.378][D][ldc1314:450]: TRACE,165908,147,103,161
[19:49:27.393][D][ldc1314:450]: TRACE,165922,147,103,161
[19:49:27.408][D][ldc1314:450]: TRACE,165937,146,103,161
[19:49:27.502][D][ldc1314:450]: TRACE,165951,146,103,161
[19:49:27.502][D][ldc1314:450]: TRACE,165965,146,103,161
[19:49:27.503][D][ldc1314:450]: TRACE,165974,146,103,161
[19:49:27.503][D][ldc1314:450]: TRACE,165984,147,103,161
[19:49:27.505][D][ldc1314:450]: TRACE,165994,146,103,161
[19:49:27.506][D][ldc1314:450]: TRACE,166006,146,103,161
[19:49:27.506][D][ldc1314:450]: TRACE,166016,146,103,161
[19:49:27.506][D][ldc1314:450]: TRACE,166026,146,103,161
[19:49:27.506][D][ldc1314:450]: TRACE,166036,146,103,161
[19:49:27.515][D][ldc1314:450]: TRACE,166046,146,103,161
[19:49:27.536][D][ldc1314:450]: TRACE,166059,146,103,161
[19:49:27.542][D][ldc1314:450]: TRACE,166069,147,103,161
[19:49:27.552][D][ldc1314:450]: TRACE,166082,146,103,161
[19:49:27.567][D][ldc1314:450]: TRACE,166097,146,103,161
[19:49:27.581][D][ldc1314:450]: TRACE,166111,147,103,161
[19:49:27.601][D][ldc1314:450]: TRACE,166131,146,103,161
[19:49:27.615][D][ldc1314:450]: TRACE,166145,146,103,161
[19:49:27.636][D][ldc1314:450]: TRACE,166162,146,103,161
[19:49:27.643][D][ldc1314:450]: TRACE,166172,146,103,161
[19:49:27.656][D][ldc1314:450]: TRACE,166187,147,103,161
[19:49:27.670][D][ldc1314:450]: TRACE,166202,146,103,161
[19:49:27.686][D][ldc1314:450]: TRACE,166216,146,103,161
[19:49:27.701][D][ldc1314:450]: TRACE,166231,146,103,161
[19:49:27.735][D][ldc1314:450]: TRACE,166249,147,103,161
[19:49:27.741][D][ldc1314:450]: TRACE,166265,147,103,161
[19:49:27.751][D][ldc1314:450]: TRACE,166275,147,103,161
[19:49:27.758][D][ldc1314:450]: TRACE,166292,147,103,161
[19:49:27.773][D][ldc1314:450]: TRACE,166304,146,103,161
[19:49:27.788][D][ldc1314:450]: TRACE,166319,146,103,161
[19:49:27.803][D][ldc1314:450]: TRACE,166333,146,103,161
[19:49:27.837][D][ldc1314:450]: TRACE,166353,146,103,161
[19:49:27.843][D][ldc1314:450]: TRACE,166367,146,103,161
[19:49:27.848][D][ldc1314:450]: TRACE,166377,146,103,161
[19:49:27.861][D][ldc1314:450]: TRACE,166393,147,103,161
[19:49:27.875][D][ldc1314:450]: TRACE,166405,147,103,161
[19:49:27.891][D][ldc1314:450]: TRACE,166422,147,103,161
[19:49:27.906][D][ldc1314:450]: TRACE,166436,146,103,161
[19:49:27.920][D][ldc1314:450]: TRACE,166452,147,103,161
[19:49:28.027][D][ldc1314:450]: TRACE,166464,147,103,161
[19:49:28.027][D][ldc1314:450]: TRACE,166480,147,103,161
[19:49:28.027][D][ldc1314:450]: TRACE,166492,147,103,161
[19:49:28.027][D][ldc1314:450]: TRACE,166502,146,103,161
[19:49:28.027][D][ldc1314:450]: TRACE,166512,147,103,161
[19:49:28.028][D][ldc1314:450]: TRACE,166522,146,103,161
[19:49:28.028][D][ldc1314:450]: TRACE,166532,146,103,161
[19:49:28.028][D][ldc1314:450]: TRACE,166542,146,103,161
[19:49:28.028][D][ldc1314:450]: TRACE,166552,147,103,161
[19:49:28.042][D][ldc1314:450]: TRACE,166562,147,103,161
[19:49:28.043][D][ldc1314:450]: TRACE,166572,146,103,161
[19:49:28.055][D][ldc1314:450]: TRACE,166583,147,103,161
[19:49:28.068][D][ldc1314:450]: TRACE,166599,146,103,161
[19:49:28.087][D][ldc1314:450]: TRACE,166614,147,103,161
[19:49:28.094][D][ldc1314:450]: TRACE,166627,146,103,161
[19:49:28.109][D][ldc1314:450]: TRACE,166639,146,103,161
[19:49:28.122][D][ldc1314:450]: TRACE,166654,147,103,161
[19:49:28.147][D][ldc1314:450]: TRACE,166668,147,103,161
[19:49:28.157][D][ldc1314:450]: TRACE,166686,146,103,161
[19:49:28.173][D][ldc1314:450]: TRACE,166701,146,103,161
[19:49:28.189][D][ldc1314:450]: TRACE,166717,146,103,161
[19:49:28.205][D][ldc1314:450]: TRACE,166731,147,103,161
[19:49:28.217][D][ldc1314:450]: TRACE,166747,147,103,161
[19:49:28.247][D][ldc1314:450]: TRACE,166762,146,103,161
[19:49:28.254][D][ldc1314:450]: TRACE,166777,146,103,161
[19:49:28.262][D][ldc1314:450]: TRACE,166788,147,103,161
[19:49:28.281][D][ldc1314:450]: TRACE,166812,147,103,161
[19:49:28.295][D][ldc1314:450]: TRACE,166827,147,103,161
[19:49:28.309][D][ldc1314:450]: TRACE,166840,147,103,161
[19:49:28.323][D][ldc1314:450]: TRACE,166853,146,103,161
[19:49:28.348][D][ldc1314:450]: TRACE,166867,146,103,161
[19:49:28.354][D][ldc1314:450]: TRACE,166880,147,103,161
[19:49:28.369][D][ldc1314:450]: TRACE,166891,146,103,161
[19:49:28.375][D][ldc1314:450]: TRACE,166908,147,103,161
[19:49:28.390][D][ldc1314:450]: TRACE,166922,147,103,161
[19:49:28.410][D][ldc1314:450]: TRACE,166941,147,103,161
[19:49:28.426][D][ldc1314:450]: TRACE,166955,147,103,161
[19:49:28.451][D][ldc1314:450]: TRACE,166971,147,103,161
[19:49:28.452][D][ldc1314:450]: TRACE,166985,146,103,161
[19:49:28.551][D][ldc1314:450]: TRACE,166996,146,103,161
[19:49:28.551][D][ldc1314:450]: TRACE,167008,147,103,161
[19:49:28.551][D][ldc1314:450]: TRACE,167018,147,103,161
[19:49:28.551][D][ldc1314:450]: TRACE,167028,147,103,161
[19:49:28.551][D][ldc1314:450]: TRACE,167038,147,103,161
[19:49:28.551][D][ldc1314:450]: TRACE,167048,146,103,161
[19:49:28.559][D][ldc1314:450]: TRACE,167058,147,103,161
[19:49:28.559][D][ldc1314:450]: TRACE,167069,147,103,161
[19:49:28.559][D][ldc1314:450]: TRACE,167080,147,103,161
[19:49:28.561][D][ldc1314:450]: TRACE,167091,147,103,161
[19:49:28.575][D][ldc1314:450]: TRACE,167105,147,103,161
[19:49:28.589][D][ldc1314:450]: TRACE,167120,147,103,161
[19:49:28.603][D][ldc1314:450]: TRACE,167134,147,103,161
[19:49:28.618][D][ldc1314:450]: TRACE,167149,146,103,161
[19:49:28.640][D][ldc1314:450]: TRACE,167168,146,103,161
[19:49:28.660][D][ldc1314:450]: TRACE,167181,147,103,161
[19:49:28.661][D][ldc1314:450]: TRACE,167191,147,103,161
[19:49:28.673][D][ldc1314:450]: TRACE,167203,146,103,161
[19:49:28.687][D][ldc1314:450]: TRACE,167216,147,103,161
[19:49:28.706][D][ldc1314:450]: TRACE,167231,147,103,161
[19:49:28.714][D][ldc1314:450]: TRACE,167245,147,103,161
[19:49:28.730][D][ldc1314:450]: TRACE,167259,146,103,161
[19:49:28.758][D][ldc1314:450]: TRACE,167277,147,103,161
[19:49:28.766][D][ldc1314:450]: TRACE,167291,147,103,161
[19:49:28.776][D][ldc1314:450]: TRACE,167302,146,103,161
[19:49:28.782][D][ldc1314:450]: TRACE,167317,147,103,161
[19:49:28.797][D][ldc1314:450]: TRACE,167327,147,103,161
[19:49:28.815][D][ldc1314:450]: TRACE,167343,146,103,161
[19:49:28.828][D][ldc1314:450]: TRACE,167357,147,103,161
[19:49:28.842][D][ldc1314:450]: TRACE,167374,147,103,161
[19:49:28.862][D][ldc1314:450]: TRACE,167388,146,103,161
[19:49:28.873][D][ldc1314:450]: TRACE,167400,146,103,161
[19:49:28.883][D][ldc1314:450]: TRACE,167414,147,103,161
[19:49:28.898][D][ldc1314:450]: TRACE,167428,147,103,161
[19:49:28.912][D][ldc1314:450]: TRACE,167442,146,103,161
[19:49:28.927][D][ldc1314:450]: TRACE,167456,147,103,161
[19:49:28.947][D][ldc1314:450]: TRACE,167471,146,103,161
[19:49:28.963][D][ldc1314:450]: TRACE,167487,146,103,161
[19:49:28.963][D][ldc1314:450]: TRACE,167497,146,103,161
[19:49:28.984][D][ldc1314:450]: TRACE,167513,146,103,161
[19:49:29.075][D][ldc1314:450]: TRACE,167527,146,103,161
[19:49:29.076][D][ldc1314:450]: TRACE,167537,147,103,161
[19:49:29.076][D][ldc1314:450]: TRACE,167547,146,103,161
[19:49:29.076][D][ldc1314:450]: TRACE,167557,147,103,161
[19:49:29.076][D][ldc1314:450]: TRACE,167568,147,103,161
[19:49:29.076][D][ldc1314:450]: TRACE,167578,146,103,161
[19:49:29.076][D][ldc1314:450]: TRACE,167588,147,103,161
[19:49:29.076][D][ldc1314:450]: TRACE,167598,146,103,161
[19:49:29.076][D][ldc1314:450]: TRACE,167608,146,103,161
[19:49:29.089][D][ldc1314:450]: TRACE,167619,146,103,161
[19:49:29.105][D][ldc1314:450]: TRACE,167635,146,103,161
[19:49:29.122][D][ldc1314:450]: TRACE,167650,146,103,161
[19:49:29.137][D][ldc1314:450]: TRACE,167667,147,103,161
[19:49:29.168][D][ldc1314:450]: TRACE,167681,146,103,161
[19:49:29.175][D][ldc1314:450]: TRACE,167699,146,103,161
[19:49:29.184][D][ldc1314:450]: TRACE,167709,146,103,161
[19:49:29.202][D][ldc1314:450]: TRACE,167734,146,103,161
[19:49:29.216][D][ldc1314:450]: TRACE,167747,147,103,161
[19:49:29.235][D][ldc1314:450]: TRACE,167761,147,103,161
[19:49:29.247][D][ldc1314:450]: TRACE,167779,146,103,161
[19:49:29.270][D][ldc1314:450]: TRACE,167792,146,103,161
[19:49:29.278][D][ldc1314:450]: TRACE,167808,146,103,161
[19:49:29.293][D][ldc1314:450]: TRACE,167821,146,103,161
[19:49:29.308][D][ldc1314:450]: TRACE,167839,146,103,161
[19:49:29.322][D][ldc1314:450]: TRACE,167853,146,103,161
[19:49:29.337][D][ldc1314:450]: TRACE,167867,146,103,161
[19:49:29.353][D][ldc1314:450]: TRACE,167882,146,103,161
[19:49:29.376][D][ldc1314:450]: TRACE,167896,146,103,161
[19:49:29.376][D][ldc1314:450]: TRACE,167906,146,103,161
[19:49:29.390][D][ldc1314:450]: TRACE,167920,146,103,161
[19:49:29.402][D][ldc1314:450]: TRACE,167932,147,103,161
[19:49:29.425][D][ldc1314:450]: TRACE,167952,146,103,161
[19:49:29.438][D][ldc1314:450]: TRACE,167967,147,103,161
[19:49:29.450][D][ldc1314:450]: TRACE,167983,146,103,161
[19:49:29.475][D][ldc1314:450]: TRACE,167997,147,103,161
[19:49:29.482][D][ldc1314:450]: TRACE,168010,147,103,161
[19:49:29.493][D][ldc1314:450]: TRACE,168022,147,103,161
[19:49:29.506][D][ldc1314:450]: TRACE,168038,147,103,161
[19:49:29.600][D][ldc1314:450]: TRACE,168050,146,103,161
[19:49:29.601][D][ldc1314:450]: TRACE,168066,146,103,161
[19:49:29.601][D][ldc1314:450]: TRACE,168076,146,103,161
[19:49:29.601][D][ldc1314:450]: TRACE,168086,146,103,161
[19:49:29.601][D][ldc1314:450]: TRACE,168096,147,103,161
[19:49:29.605][D][ldc1314:450]: TRACE,168107,147,103,161
[19:49:29.605][D][ldc1314:450]: TRACE,168117,147,103,161
[19:49:29.605][D][ldc1314:450]: TRACE,168127,146,103,161
[19:49:29.605][D][ldc1314:450]: TRACE,168137,146,103,161
[19:49:29.618][D][ldc1314:450]: TRACE,168148,146,103,161
[19:49:29.634][D][ldc1314:450]: TRACE,168165,146,103,161
[19:49:29.652][D][ldc1314:450]: TRACE,168179,147,103,161
[19:49:29.680][D][ldc1314:450]: TRACE,168199,146,103,161
[19:49:29.688][D][ldc1314:450]: TRACE,168213,147,103,161
[19:49:29.697][D][ldc1314:450]: TRACE,168224,147,103,161
[19:49:29.704][D][ldc1314:450]: TRACE,168239,146,103,161
[19:49:29.718][D][ldc1314:450]: TRACE,168249,146,103,161
[19:49:29.733][D][ldc1314:450]: TRACE,168263,146,103,161
[19:49:29.751][D][ldc1314:450]: TRACE,168277,147,103,161
[19:49:29.764][D][ldc1314:450]: TRACE,168295,147,103,161
[19:49:29.782][D][ldc1314:450]: TRACE,168308,147,103,161
[19:49:29.791][D][ldc1314:450]: TRACE,168321,146,103,161
[19:49:29.805][D][ldc1314:450]: TRACE,168336,146,103,161
[19:49:29.819][D][ldc1314:450]: TRACE,168350,146,103,161
[19:49:29.835][D][ldc1314:450]: TRACE,168364,146,103,161
[19:49:29.848][D][ldc1314:450]: TRACE,168378,146,103,161
[19:49:29.863][D][ldc1314:450]: TRACE,168394,146,103,161
[19:49:29.884][D][ldc1314:450]: TRACE,168409,146,103,161
[19:49:29.890][D][ldc1314:450]: TRACE,168422,147,103,161
[19:49:29.910][D][ldc1314:450]: TRACE,168440,146,103,161
[19:49:29.923][D][ldc1314:450]: TRACE,168454,146,103,161
[19:49:29.938][D][ldc1314:450]: TRACE,168468,146,103,161
[19:49:29.953][D][ldc1314:450]: TRACE,168483,146,103,161
[19:49:29.968][D][ldc1314:450]: TRACE,168498,146,103,161
[19:49:29.989][D][ldc1314:450]: TRACE,168512,146,103,161
[19:49:29.996][D][ldc1314:450]: TRACE,168523,147,103,161
[19:49:30.004][D][ldc1314:450]: TRACE,168535,146,103,161
[19:49:30.024][D][ldc1314:450]: TRACE,168553,146,103,161
[19:49:30.124][D][ldc1314:450]: TRACE,168568,146,103,161
[19:49:30.124][D][ldc1314:450]: TRACE,168582,146,103,161
[19:49:30.124][D][ldc1314:450]: TRACE,168592,147,103,161
[19:49:30.124][D][ldc1314:450]: TRACE,168602,146,103,161
[19:49:30.124][D][ldc1314:450]: TRACE,168612,146,103,161
[19:49:30.124][D][ldc1314:450]: TRACE,168622,146,103,161
[19:49:30.124][D][ldc1314:450]: TRACE,168632,146,103,161
[19:49:30.124][D][ldc1314:450]: TRACE,168642,146,103,161
[19:49:30.125][D][ldc1314:450]: TRACE,168652,146,103,161
[19:49:30.132][D][ldc1314:450]: TRACE,168664,146,103,161
[19:49:30.146][D][ldc1314:450]: TRACE,168676,146,103,161
[19:49:30.160][D][ldc1314:450]: TRACE,168688,146,103,161
[19:49:30.177][D][ldc1314:450]: TRACE,168705,146,103,161
[19:49:30.194][D][ldc1314:450]: TRACE,168722,146,103,161
[19:49:30.203][D][ldc1314:450]: TRACE,168732,147,103,161
[19:49:30.216][D][ldc1314:450]: TRACE,168748,146,103,161
[19:49:30.229][D][ldc1314:450]: TRACE,168762,146,103,161
[19:49:30.251][D][ldc1314:450]: TRACE,168781,146,103,161
[19:49:30.266][D][ldc1314:450]: TRACE,168795,147,103,161
[19:49:30.294][D][ldc1314:450]: TRACE,168811,146,103,161
[19:49:30.295][D][ldc1314:450]: TRACE,168825,147,103,161
[19:49:30.304][D][ldc1314:450]: TRACE,168835,146,103,161
[19:49:30.318][D][ldc1314:450]: TRACE,168848,147,103,161
[19:49:30.332][D][ldc1314:450]: TRACE,168862,146,103,161
[19:49:30.347][D][ldc1314:450]: TRACE,168878,146,103,161
[19:49:30.361][D][ldc1314:450]: TRACE,168893,146,103,161
[19:49:30.396][D][ldc1314:450]: TRACE,168910,146,103,161
[19:49:30.401][D][ldc1314:450]: TRACE,168926,147,103,161
[19:49:30.409][D][ldc1314:450]: TRACE,168936,147,103,161
[19:49:30.423][D][ldc1314:450]: TRACE,168955,146,103,161
[19:49:30.438][D][ldc1314:450]: TRACE,168968,146,103,161
[19:49:30.452][D][ldc1314:450]: TRACE,168984,147,103,161
[19:49:30.467][D][ldc1314:450]: TRACE,168998,146,103,161
[19:49:30.501][D][ldc1314:450]: TRACE,169018,146,103,161
[19:49:30.511][D][ldc1314:450]: TRACE,169033,146,103,161
[19:49:30.520][D][ldc1314:450]: TRACE,169043,146,103,161
[19:49:30.530][D][ldc1314:450]: TRACE,169057,146,103,161
[19:49:30.545][D][ldc1314:450]: TRACE,169074,146,103,161
[19:49:30.649][D][ldc1314:450]: TRACE,169089,147,103,161
[19:49:30.650][D][ldc1314:450]: TRACE,169103,147,103,161
[19:49:30.650][D][ldc1314:450]: TRACE,169114,147,103,161
[19:49:30.650][D][ldc1314:450]: TRACE,169125,146,103,161
[19:49:30.650][D][ldc1314:450]: TRACE,169134,147,103,161
[19:49:30.650][D][ldc1314:450]: TRACE,169145,147,103,161
[19:49:30.650][D][ldc1314:450]: TRACE,169154,146,103,161
[19:49:30.658][D][ldc1314:450]: TRACE,169164,146,103,161
[19:49:30.659][D][ldc1314:450]: TRACE,169174,147,103,161
[19:49:30.659][D][ldc1314:450]: TRACE,169185,147,103,161
[19:49:30.664][D][ldc1314:450]: TRACE,169195,147,103,161
[19:49:30.678][D][ldc1314:450]: TRACE,169210,146,103,161
[19:49:30.704][D][ldc1314:450]: TRACE,169224,146,103,161
[19:49:30.710][D][ldc1314:450]: TRACE,169239,147,103,161
[19:49:30.722][D][ldc1314:450]: TRACE,169251,147,103,161
[19:49:30.738][D][ldc1314:450]: TRACE,169267,146,103,161
[19:49:30.753][D][ldc1314:450]: TRACE,169284,146,103,161
[19:49:30.768][D][ldc1314:450]: TRACE,169298,146,103,161
[19:49:30.781][D][ldc1314:450]: TRACE,169312,146,103,161
[19:49:30.804][D][ldc1314:450]: TRACE,169326,146,103,161
[19:49:30.812][D][ldc1314:450]: TRACE,169342,147,103,161
[19:49:30.827][D][ldc1314:450]: TRACE,169357,147,103,161
[19:49:30.841][D][ldc1314:450]: TRACE,169371,146,103,161
[19:49:30.855][D][ldc1314:450]: TRACE,169386,146,103,161
[19:49:30.872][D][ldc1314:450]: TRACE,169400,147,103,161
[19:49:30.888][D][ldc1314:450]: TRACE,169416,147,103,161
[19:49:30.909][D][ldc1314:450]: TRACE,169431,146,103,161
[19:49:30.916][D][ldc1314:450]: TRACE,169445,147,103,161
[19:49:30.928][D][ldc1314:450]: TRACE,169456,146,103,161
[19:49:30.942][D][ldc1314:450]: TRACE,169472,147,103,161
[19:49:30.955][D][ldc1314:450]: TRACE,169486,146,103,161
[19:49:30.969][D][ldc1314:450]: TRACE,169500,147,103,161
[19:49:30.988][D][ldc1314:450]: TRACE,169514,147,103,161
[19:49:31.011][D][ldc1314:450]: TRACE,169529,147,103,161
[19:49:31.011][D][ldc1314:450]: TRACE,169541,147,103,161
[19:49:31.027][D][ldc1314:450]: TRACE,169555,147,103,162
[19:49:31.041][D][ldc1314:450]: TRACE,169571,147,103,162
[19:49:31.056][D][ldc1314:450]: TRACE,169586,147,103,162
[19:49:31.069][D][ldc1314:450]: TRACE,169600,147,104,162
[19:49:31.172][D][ldc1314:450]: TRACE,169615,147,103,162
[19:49:31.172][D][ldc1314:450]: TRACE,169629,147,103,162
[19:49:31.172][D][ldc1314:450]: TRACE,169639,147,103,162
[19:49:31.172][D][ldc1314:450]: TRACE,169649,147,103,162
[19:49:31.172][D][ldc1314:450]: TRACE,169659,147,103,161
[19:49:31.173][D][ldc1314:450]: TRACE,169671,147,103,161
[19:49:31.173][D][ldc1314:450]: TRACE,169681,147,103,161
[19:49:31.173][D][ldc1314:450]: TRACE,169691,147,103,161
[19:49:31.179][D][ldc1314:450]: TRACE,169703,147,103,161
[19:49:31.188][D][ldc1314:450]: TRACE,169713,147,103,162
[19:49:31.216][D][ldc1314:450]: TRACE,169725,147,103,162
[19:49:31.217][D][ldc1314:450]: TRACE,169742,147,103,162
[19:49:31.223][D][ldc1314:450]: TRACE,169752,147,103,161
[19:49:31.237][D][ldc1314:450]: TRACE,169764,147,103,161
[19:49:31.249][D][ldc1314:450]: TRACE,169779,147,103,161
[19:49:31.269][D][ldc1314:450]: TRACE,169799,147,103,162
[19:49:31.283][D][ldc1314:450]: TRACE,169813,147,103,162
[19:49:31.296][D][ldc1314:450]: TRACE,169828,147,103,162
[19:49:31.312][D][ldc1314:450]: TRACE,169840,147,103,162
[19:49:31.325][D][ldc1314:450]: TRACE,169855,147,103,161
[19:49:31.341][D][ldc1314:450]: TRACE,169870,147,103,162
[19:49:31.355][D][ldc1314:450]: TRACE,169885,147,103,162
[19:49:31.368][D][ldc1314:450]: TRACE,169899,147,103,162
[19:49:31.386][D][ldc1314:450]: TRACE,169916,147,103,161
[19:49:31.401][D][ldc1314:450]: TRACE,169931,147,103,161
[19:49:31.419][D][ldc1314:450]: TRACE,169945,147,104,162
[19:49:31.424][D][ldc1314:450]: TRACE,169956,147,103,162
[19:49:31.441][D][ldc1314:450]: TRACE,169971,147,103,162
[19:49:31.454][D][ldc1314:450]: TRACE,169984,147,104,162
[19:49:31.468][D][ldc1314:450]: TRACE,169998,147,104,162
[19:49:31.482][D][ldc1314:450]: TRACE,170012,147,103,162
[19:49:31.500][D][ldc1314:450]: TRACE,170031,147,103,162
[19:49:31.516][D][ldc1314:450]: TRACE,170045,147,103,162
[19:49:31.526][D][ldc1314:450]: TRACE,170058,147,103,162
[19:49:31.543][D][ldc1314:450]: TRACE,170071,147,103,162
[19:49:31.555][D][ldc1314:450]: TRACE,170087,147,103,162
[19:49:31.584][D][ldc1314:450]: TRACE,170111,147,103,162
[19:49:31.597][D][ldc1314:450]: TRACE,170127,147,103,162
[19:49:31.696][D][ldc1314:450]: TRACE,170141,147,104,162
[19:49:31.696][D][ldc1314:450]: TRACE,170158,147,103,162
[19:49:31.697][D][ldc1314:450]: TRACE,170168,147,104,162
[19:49:31.697][D][ldc1314:450]: TRACE,170178,147,103,162
[19:49:31.697][D][ldc1314:450]: TRACE,170188,147,103,162
[19:49:31.697][D][ldc1314:450]: TRACE,170199,147,103,162
[19:49:31.697][D][ldc1314:450]: TRACE,170209,147,103,162
[19:49:31.697][D][ldc1314:450]: TRACE,170219,147,103,161
[19:49:31.697][D][ldc1314:450]: TRACE,170229,147,103,162
[19:49:31.707][D][ldc1314:450]: TRACE,170239,147,103,162
[19:49:31.728][D][ldc1314:450]: TRACE,170251,147,103,162
[19:49:31.738][D][ldc1314:450]: TRACE,170265,147,104,162
[19:49:31.751][D][ldc1314:450]: TRACE,170282,147,103,162
[19:49:31.765][D][ldc1314:450]: TRACE,170297,147,104,162
[19:49:31.779][D][ldc1314:450]: TRACE,170311,147,103,162
[19:49:31.795][D][ldc1314:450]: TRACE,170325,147,103,162
[19:49:31.809][D][ldc1314:450]: TRACE,170339,147,103,161
[19:49:31.829][D][ldc1314:450]: TRACE,170353,147,103,162
[19:49:31.838][D][ldc1314:450]: TRACE,170367,147,103,162
[19:49:31.851][D][ldc1314:450]: TRACE,170383,147,103,162
[19:49:31.865][D][ldc1314:450]: TRACE,170395,147,104,162
[19:49:31.881][D][ldc1314:450]: TRACE,170410,147,103,161
[19:49:31.896][D][ldc1314:450]: TRACE,170426,147,103,163
[19:49:31.910][D][ldc1314:450]: TRACE,170440,147,104,165
[19:49:31.934][D][ldc1314:450]: TRACE,170454,148,104,165
[19:49:31.943][D][ldc1314:450]: TRACE,170470,148,103,160
[19:49:31.955][D][ldc1314:450]: TRACE,170483,149,103,159
[19:49:31.968][D][ldc1314:450]: TRACE,170497,150,104,158
[19:49:31.984][D][ldc1314:450]: TRACE,170512,151,103,156
[19:49:31.997][D][ldc1314:450]: TRACE,170527,150,103,156
[19:49:32.014][D][ldc1314:450]: TRACE,170541,150,103,155
[19:49:32.034][D][ldc1314:450]: TRACE,170556,151,104,153
[19:49:32.037][D][ldc1314:450]: TRACE,170568,151,104,153
[19:49:32.058][D][ldc1314:450]: TRACE,170587,152,103,152
[19:49:32.071][D][ldc1314:450]: TRACE,170601,152,104,151
[19:49:32.086][D][ldc1314:450]: TRACE,170617,152,103,150
[19:49:32.100][D][ldc1314:450]: TRACE,170631,153,103,150
[19:49:32.114][D][ldc1314:450]: TRACE,170646,153,104,148
[19:49:32.221][D][ldc1314:450]: TRACE,170660,153,103,148
[19:49:32.221][D][ldc1314:450]: TRACE,170672,154,103,147
[19:49:32.221][D][ldc1314:450]: TRACE,170684,154,104,147
[19:49:32.222][D][ldc1314:450]: TRACE,170696,155,103,146
[19:49:32.222][D][ldc1314:450]: TRACE,170706,155,104,146
[19:49:32.222][D][ldc1314:450]: TRACE,170717,155,103,145
[19:49:32.223][D][ldc1314:450]: TRACE,170727,156,104,144
[19:49:32.223][D][ldc1314:450]: TRACE,170737,156,104,144
[19:49:32.223][D][ldc1314:450]: TRACE,170747,156,104,143
[19:49:32.223][D][ldc1314:450]: TRACE,170757,156,103,143
[19:49:32.239][D][ldc1314:450]: TRACE,170767,157,104,142
[19:49:32.248][D][ldc1314:450]: TRACE,170777,157,104,141
[19:49:32.261][D][ldc1314:450]: TRACE,170793,158,104,141
[19:49:32.277][D][ldc1314:450]: TRACE,170809,158,104,139
[19:49:32.292][D][ldc1314:450]: TRACE,170823,158,104,138
[19:49:32.306][D][ldc1314:450]: TRACE,170837,159,104,138
[19:49:32.323][D][ldc1314:450]: TRACE,170851,159,104,136
[19:49:32.341][D][ldc1314:450]: TRACE,170865,159,104,136
[19:49:32.349][D][ldc1314:450]: TRACE,170875,160,104,136
[19:49:32.358][D][ldc1314:450]: TRACE,170887,160,104,135
[19:49:32.374][D][ldc1314:450]: TRACE,170903,160,104,134
[19:49:32.393][D][ldc1314:450]: TRACE,170922,160,104,133
[19:49:32.407][D][ldc1314:450]: TRACE,170938,161,104,132
[19:49:32.422][D][ldc1314:450]: TRACE,170952,161,104,132
[19:49:32.438][D][ldc1314:450]: TRACE,170966,161,104,131
[19:49:32.449][D][ldc1314:450]: TRACE,170980,162,104,130
[19:49:32.466][D][ldc1314:450]: TRACE,170993,162,104,130
[19:49:32.482][D][ldc1314:450]: TRACE,171010,162,104,129
[19:49:32.491][D][ldc1314:450]: TRACE,171022,162,104,129
[19:49:32.511][D][ldc1314:450]: TRACE,171041,163,104,128
[19:49:32.523][D][ldc1314:450]: TRACE,171056,163,104,128
[19:49:32.540][D][ldc1314:450]: TRACE,171068,163,104,127
[19:49:32.550][D][ldc1314:450]: TRACE,171081,163,104,126
[19:49:32.564][D][ldc1314:450]: TRACE,171096,163,104,126
[19:49:32.579][D][ldc1314:450]: TRACE,171110,164,104,125
[19:49:32.595][D][ldc1314:450]: TRACE,171124,164,104,125
[19:49:32.611][D][ldc1314:450]: TRACE,171141,164,104,124
[19:49:32.623][D][ldc1314:450]: TRACE,171155,164,104,123
[19:49:32.650][D][ldc1314:450]: TRACE,171173,165,104,123
[19:49:32.745][D][ldc1314:450]: TRACE,171183,165,104,122
[19:49:32.746][D][ldc1314:450]: TRACE,171196,165,104,122
[19:49:32.746][D][ldc1314:450]: TRACE,171208,165,104,122
[19:49:32.746][D][ldc1314:450]: TRACE,171218,165,104,121
[19:49:32.746][D][ldc1314:450]: TRACE,171229,165,104,121
[19:49:32.746][D][ldc1314:450]: TRACE,171239,165,104,120
[19:49:32.746][D][ldc1314:450]: TRACE,171249,165,104,120
[19:49:32.747][D][ldc1314:450]: TRACE,171259,165,104,120
[19:49:32.747][D][ldc1314:450]: TRACE,171270,166,104,119
[19:49:32.753][D][ldc1314:450]: TRACE,171282,166,104,119
[19:49:32.764][D][ldc1314:450]: TRACE,171293,166,104,118
[19:49:32.778][D][ldc1314:450]: TRACE,171311,166,104,118
[19:49:32.798][D][ldc1314:450]: TRACE,171324,166,104,118
[19:49:32.808][D][ldc1314:450]: TRACE,171337,166,104,117
[19:49:32.816][D][ldc1314:450]: TRACE,171349,166,105,117
[19:49:32.831][D][ldc1314:450]: TRACE,171361,166,105,117
[19:49:32.847][D][ldc1314:450]: TRACE,171375,166,105,116
[19:49:32.860][D][ldc1314:450]: TRACE,171391,166,105,116
[19:49:32.873][D][ldc1314:450]: TRACE,171406,167,105,116
[19:49:32.885][D][ldc1314:450]: TRACE,171418,167,105,115
[19:49:32.902][D][ldc1314:450]: TRACE,171432,166,105,115
[19:49:32.915][D][ldc1314:450]: TRACE,171446,167,105,115
[19:49:32.930][D][ldc1314:450]: TRACE,171460,167,105,115
[19:49:32.950][D][ldc1314:450]: TRACE,171476,167,105,114
[19:49:32.957][D][ldc1314:450]: TRACE,171489,167,105,114
[19:49:32.978][D][ldc1314:450]: TRACE,171508,167,105,114
[19:49:32.994][D][ldc1314:450]: TRACE,171522,167,105,113
[19:49:33.004][D][ldc1314:450]: TRACE,171537,167,105,113
[19:49:33.018][D][ldc1314:450]: TRACE,171549,167,105,113
[19:49:33.034][D][ldc1314:450]: TRACE,171563,167,105,112
[19:49:33.053][D][ldc1314:450]: TRACE,171579,167,105,112
[19:49:33.063][D][ldc1314:450]: TRACE,171593,167,105,112
[19:49:33.080][D][ldc1314:450]: TRACE,171612,168,106,112
[19:49:33.095][D][ldc1314:450]: TRACE,171624,168,106,111
[19:49:33.110][D][ldc1314:450]: TRACE,171640,167,106,111
[19:49:33.122][D][ldc1314:450]: TRACE,171654,167,106,111
[19:49:33.139][D][ldc1314:450]: TRACE,171668,167,106,111
[19:49:33.160][D][ldc1314:450]: TRACE,171682,167,106,111
[19:49:33.168][D][ldc1314:450]: TRACE,171695,167,106,110
[19:49:33.270][D][ldc1314:450]: TRACE,171716,167,106,110
[19:49:33.270][D][ldc1314:450]: TRACE,171732,167,106,110
[19:49:33.270][D][ldc1314:450]: TRACE,171742,168,106,110
[19:49:33.270][D][ldc1314:450]: TRACE,171752,168,106,110
[19:49:33.270][D][ldc1314:450]: TRACE,171763,167,106,109
[19:49:33.270][D][ldc1314:450]: TRACE,171773,167,106,109
[19:49:33.270][D][ldc1314:450]: TRACE,171783,167,106,109
[19:49:33.278][D][ldc1314:450]: TRACE,171795,167,106,109
[19:49:33.278][D][ldc1314:450]: TRACE,171806,167,106,109
[19:49:33.287][D][ldc1314:450]: TRACE,171815,167,106,108
[19:49:33.298][D][ldc1314:450]: TRACE,171827,167,106,108
[19:49:33.323][D][ldc1314:450]: TRACE,171849,167,107,108
[19:49:33.333][D][ldc1314:450]: TRACE,171862,167,107,108
[19:49:33.348][D][ldc1314:450]: TRACE,171877,167,108,108
[19:49:33.365][D][ldc1314:450]: TRACE,171894,167,108,108
[19:49:33.377][D][ldc1314:450]: TRACE,171905,167,108,108
[19:49:33.390][D][ldc1314:450]: TRACE,171922,167,108,108
[19:49:33.404][D][ldc1314:450]: TRACE,171934,167,108,108
[19:49:33.424][D][ldc1314:450]: TRACE,171954,167,108,108
[19:49:33.437][D][ldc1314:450]: TRACE,171969,167,109,108
[19:49:33.462][D][ldc1314:450]: TRACE,171983,167,109,108
[19:49:33.462][D][ldc1314:450]: TRACE,171996,167,109,108
[19:49:33.475][D][ldc1314:450]: TRACE,172006,167,109,108
[19:49:33.492][D][ldc1314:450]: TRACE,172021,167,109,108
[19:49:33.503][D][ldc1314:450]: TRACE,172036,167,110,107
[19:49:33.518][D][ldc1314:450]: TRACE,172048,167,110,107
[19:49:33.538][D][ldc1314:450]: TRACE,172068,167,110,107
[19:49:33.553][D][ldc1314:450]: TRACE,172083,166,110,107
[19:49:33.570][D][ldc1314:450]: TRACE,172097,166,111,107
[19:49:33.578][D][ldc1314:450]: TRACE,172111,167,111,107
[19:49:33.591][D][ldc1314:450]: TRACE,172122,166,111,107
[19:49:33.604][D][ldc1314:450]: TRACE,172136,166,111,107
[19:49:33.619][D][ldc1314:450]: TRACE,172150,166,111,107
[19:49:33.634][D][ldc1314:450]: TRACE,172164,166,111,106
[19:49:33.648][D][ldc1314:450]: TRACE,172180,166,112,107
[19:49:33.675][D][ldc1314:450]: TRACE,172201,165,112,106
[19:49:33.683][D][ldc1314:450]: TRACE,172212,165,112,107
[19:49:33.694][D][ldc1314:450]: TRACE,172224,165,112,106
[19:49:33.793][D][ldc1314:450]: TRACE,172239,165,113,106
[19:49:33.794][D][ldc1314:450]: TRACE,172253,165,113,106
[19:49:33.794][D][ldc1314:450]: TRACE,172264,165,113,106
[19:49:33.794][D][ldc1314:450]: TRACE,172274,164,114,106
[19:49:33.794][D][ldc1314:450]: TRACE,172284,164,114,106
[19:49:33.794][D][ldc1314:450]: TRACE,172294,164,114,106
[19:49:33.794][D][ldc1314:450]: TRACE,172304,164,115,106
[19:49:33.804][D][ldc1314:450]: TRACE,172315,164,115,106
[19:49:33.804][D][ldc1314:450]: TRACE,172326,164,115,106
[19:49:33.810][D][ldc1314:450]: TRACE,172337,163,115,106
[19:49:33.822][D][ldc1314:450]: TRACE,172349,163,115,106
[19:49:33.835][D][ldc1314:450]: TRACE,172364,163,116,106
[19:49:33.851][D][ldc1314:450]: TRACE,172380,163,116,106
[19:49:33.871][D][ldc1314:450]: TRACE,172395,163,117,106
[19:49:33.877][D][ldc1314:450]: TRACE,172408,162,116,106
[19:49:33.891][D][ldc1314:450]: TRACE,172420,162,117,106
[19:49:33.909][D][ldc1314:450]: TRACE,172438,162,118,106
[19:49:33.925][D][ldc1314:450]: TRACE,172453,162,118,106
[19:49:33.939][D][ldc1314:450]: TRACE,172469,161,118,106
[19:49:33.987][D][ldc1314:450]: TRACE,172484,161,119,106
[19:49:33.992][D][ldc1314:450]: TRACE,172496,160,119,106
[19:49:33.992][D][ldc1314:450]: TRACE,172506,160,119,106
[19:49:33.992][D][ldc1314:450]: TRACE,172516,160,119,106
[19:49:33.992][D][ldc1314:450]: TRACE,172526,160,120,106
[19:49:34.032][D][ldc1314:450]: TRACE,172541,160,120,106
[19:49:34.040][D][ldc1314:450]: TRACE,172556,159,121,106
[19:49:34.040][D][ldc1314:450]: TRACE,172566,159,121,106
[19:49:34.044][D][ldc1314:450]: TRACE,172576,159,121,106
[19:49:34.061][D][ldc1314:450]: TRACE,172591,159,122,106
[19:49:34.082][D][ldc1314:450]: TRACE,172605,158,122,106
[19:49:34.093][D][ldc1314:450]: TRACE,172617,158,123,106
[19:49:34.100][D][ldc1314:450]: TRACE,172629,157,123,106
[19:49:34.115][D][ldc1314:450]: TRACE,172644,157,124,106
[19:49:34.130][D][ldc1314:450]: TRACE,172660,156,124,106
[19:49:34.143][D][ldc1314:450]: TRACE,172674,156,125,106
[19:49:34.166][D][ldc1314:450]: TRACE,172688,155,125,106
[19:49:34.185][D][ldc1314:450]: TRACE,172702,155,126,106
[19:49:34.186][D][ldc1314:450]: TRACE,172712,154,126,106
[19:49:34.198][D][ldc1314:450]: TRACE,172725,154,127,106
[19:49:34.208][D][ldc1314:450]: TRACE,172740,154,127,106
[19:49:34.220][D][ldc1314:450]: TRACE,172752,153,127,106
[19:49:34.317][D][ldc1314:450]: TRACE,172770,153,128,106
[19:49:34.317][D][ldc1314:450]: TRACE,172782,152,128,106
[19:49:34.317][D][ldc1314:450]: TRACE,172792,152,129,106
[19:49:34.318][D][ldc1314:450]: TRACE,172802,152,129,106
[19:49:34.318][D][ldc1314:450]: TRACE,172812,151,129,106
[19:49:34.318][D][ldc1314:450]: TRACE,172822,151,130,106
[19:49:34.318][D][ldc1314:450]: TRACE,172832,151,130,106
[19:49:34.318][D][ldc1314:450]: TRACE,172842,150,130,106
[19:49:34.325][D][ldc1314:450]: TRACE,172852,150,131,106
[19:49:34.334][D][ldc1314:450]: TRACE,172863,150,131,106
[19:49:34.352][D][ldc1314:450]: TRACE,172881,149,132,106
[19:49:34.366][D][ldc1314:450]: TRACE,172896,148,132,106
[19:49:34.382][D][ldc1314:450]: TRACE,172911,148,133,106
[19:49:34.394][D][ldc1314:450]: TRACE,172924,147,133,106
[19:49:34.408][D][ldc1314:450]: TRACE,172937,147,134,106
[19:49:34.423][D][ldc1314:450]: TRACE,172953,146,135,106
[19:49:34.439][D][ldc1314:450]: TRACE,172969,145,136,106
[19:49:34.453][D][ldc1314:450]: TRACE,172983,145,136,106
[19:49:34.485][D][ldc1314:450]: TRACE,173001,144,137,106
[19:49:34.496][D][ldc1314:450]: TRACE,173013,143,138,106
[19:49:34.496][D][ldc1314:450]: TRACE,173023,143,138,106
[19:49:34.505][D][ldc1314:450]: TRACE,173033,142,138,106
[19:49:34.517][D][ldc1314:450]: TRACE,173049,142,139,106
[19:49:34.529][D][ldc1314:450]: TRACE,173062,141,139,106
[19:49:34.545][D][ldc1314:450]: TRACE,173074,140,140,106
[19:49:34.563][D][ldc1314:450]: TRACE,173090,140,140,106
[19:49:34.571][D][ldc1314:450]: TRACE,173103,139,141,106
[19:49:34.594][D][ldc1314:450]: TRACE,173119,139,141,106
[19:49:34.602][D][ldc1314:450]: TRACE,173131,138,142,106
[19:49:34.616][D][ldc1314:450]: TRACE,173148,138,143,106
[19:49:34.625][D][ldc1314:450]: TRACE,173159,137,143,106
[19:49:34.640][D][ldc1314:450]: TRACE,173171,136,143,106
[19:49:34.653][D][ldc1314:450]: TRACE,173185,136,144,106
[19:49:34.671][D][ldc1314:450]: TRACE,173199,136,145,106
[19:49:34.688][D][ldc1314:450]: TRACE,173214,135,145,106
[19:49:34.700][D][ldc1314:450]: TRACE,173228,135,146,106
[19:49:34.710][D][ldc1314:450]: TRACE,173240,134,146,106
[19:49:34.726][D][ldc1314:450]: TRACE,173254,133,147,106
[19:49:34.736][D][ldc1314:450]: TRACE,173268,133,147,106
[19:49:34.751][D][ldc1314:450]: TRACE,173281,132,148,106
[19:49:34.842][D][ldc1314:450]: TRACE,173296,131,148,106
[19:49:34.842][D][ldc1314:450]: TRACE,173305,131,148,106
[19:49:34.842][D][ldc1314:450]: TRACE,173315,130,149,106
[19:49:34.842][D][ldc1314:450]: TRACE,173325,130,149,106
[19:49:34.842][D][ldc1314:450]: TRACE,173335,129,150,106
[19:49:34.843][D][ldc1314:450]: TRACE,173346,129,150,106
[19:49:34.843][D][ldc1314:450]: TRACE,173356,128,151,106
[19:49:34.843][D][ldc1314:450]: TRACE,173366,128,151,106
[19:49:34.843][D][ldc1314:450]: TRACE,173376,127,151,106
[19:49:34.854][D][ldc1314:450]: TRACE,173387,127,152,106
[19:49:34.869][D][ldc1314:450]: TRACE,173398,126,152,106
[19:49:34.894][D][ldc1314:450]: TRACE,173415,126,153,106
[19:49:34.895][D][ldc1314:450]: TRACE,173429,125,153,106
[19:49:34.907][D][ldc1314:450]: TRACE,173439,125,153,105
[19:49:34.922][D][ldc1314:450]: TRACE,173452,124,154,106
[19:49:34.941][D][ldc1314:450]: TRACE,173471,124,155,106
[19:49:34.953][D][ldc1314:450]: TRACE,173486,123,155,106
[19:49:34.969][D][ldc1314:450]: TRACE,173500,123,155,106
[19:49:34.983][D][ldc1314:450]: TRACE,173514,122,156,106
[19:49:35.003][D][ldc1314:450]: TRACE,173528,122,156,106
[19:49:35.011][D][ldc1314:450]: TRACE,173539,121,157,106
[19:49:35.023][D][ldc1314:450]: TRACE,173555,121,157,106
[19:49:35.037][D][ldc1314:450]: TRACE,173569,121,158,106
[19:49:35.051][D][ldc1314:450]: TRACE,173583,120,158,106
[19:49:35.073][D][ldc1314:450]: TRACE,173601,120,159,106
[19:49:35.083][D][ldc1314:450]: TRACE,173615,119,159,106
[19:49:35.098][D][ldc1314:450]: TRACE,173627,119,159,106
[19:49:35.110][D][ldc1314:450]: TRACE,173641,118,160,106
[19:49:35.124][D][ldc1314:450]: TRACE,173654,118,160,106
[19:49:35.137][D][ldc1314:450]: TRACE,173667,117,161,106
[19:49:35.153][D][ldc1314:450]: TRACE,173682,117,161,106
[19:49:35.167][D][ldc1314:450]: TRACE,173697,116,161,106
[19:49:35.188][D][ldc1314:450]: TRACE,173717,116,162,106
[19:49:35.209][D][ldc1314:450]: TRACE,173732,115,162,105
[19:49:35.218][D][ldc1314:450]: TRACE,173746,115,162,105
[19:49:35.231][D][ldc1314:450]: TRACE,173763,115,163,106
[19:49:35.246][D][ldc1314:450]: TRACE,173776,114,163,105
[19:49:35.260][D][ldc1314:450]: TRACE,173790,114,164,106
[19:49:35.274][D][ldc1314:450]: TRACE,173804,114,164,106
[19:49:35.367][D][ldc1314:450]: TRACE,173824,113,165,106
[19:49:35.367][D][ldc1314:450]: TRACE,173834,113,165,106
[19:49:35.367][D][ldc1314:450]: TRACE,173844,113,165,106
[19:49:35.367][D][ldc1314:450]: TRACE,173854,113,165,106
[19:49:35.367][D][ldc1314:450]: TRACE,173864,112,165,106
[19:49:35.367][D][ldc1314:450]: TRACE,173874,112,166,106
[19:49:35.367][D][ldc1314:450]: TRACE,173884,112,166,106
[19:49:35.367][D][ldc1314:450]: TRACE,173894,111,166,106
[19:49:35.375][D][ldc1314:450]: TRACE,173904,111,166,106
[19:49:35.386][D][ldc1314:450]: TRACE,173914,111,166,106
[19:49:35.413][D][ldc1314:450]: TRACE,173934,111,166,106
[19:49:35.420][D][ldc1314:450]: TRACE,173948,110,166,106
[19:49:35.432][D][ldc1314:450]: TRACE,173959,110,167,106
[19:49:35.443][D][ldc1314:450]: TRACE,173973,110,167,106
[19:49:35.458][D][ldc1314:450]: TRACE,173988,109,167,106
[19:49:35.472][D][ldc1314:450]: TRACE,174002,109,167,106
[19:49:35.488][D][ldc1314:450]: TRACE,174018,109,168,106
[19:49:35.509][D][ldc1314:450]: TRACE,174033,109,168,106
[19:49:35.518][D][ldc1314:450]: TRACE,174049,108,168,106
[19:49:35.534][D][ldc1314:450]: TRACE,174063,108,168,106
[19:49:35.550][D][ldc1314:450]: TRACE,174077,108,168,106
[19:49:35.563][D][ldc1314:450]: TRACE,174092,107,168,106
[19:49:35.578][D][ldc1314:450]: TRACE,174107,107,169,106
[19:49:35.593][D][ldc1314:450]: TRACE,174123,107,169,106
[19:49:35.611][D][ldc1314:450]: TRACE,174138,107,169,106
[19:49:35.625][D][ldc1314:450]: TRACE,174153,107,169,106
[19:49:35.635][D][ldc1314:450]: TRACE,174168,106,170,106
[19:49:35.648][D][ldc1314:450]: TRACE,174180,106,170,106
[19:49:35.661][D][ldc1314:450]: TRACE,174194,106,170,106
[19:49:35.672][D][ldc1314:450]: TRACE,174205,106,170,106
[19:49:35.686][D][ldc1314:450]: TRACE,174217,106,170,106
[19:49:35.699][D][ldc1314:450]: TRACE,174233,106,170,106
[19:49:35.716][D][ldc1314:450]: TRACE,174244,106,170,106
[19:49:35.730][D][ldc1314:450]: TRACE,174256,106,170,106
[19:49:35.744][D][ldc1314:450]: TRACE,174274,106,170,106
[19:49:35.759][D][ldc1314:450]: TRACE,174289,105,170,106
[19:49:35.773][D][ldc1314:450]: TRACE,174305,105,170,106
[19:49:35.789][D][ldc1314:450]: TRACE,174317,105,171,106
[19:49:35.890][D][ldc1314:450]: TRACE,174334,105,170,106
[19:49:35.890][D][ldc1314:450]: TRACE,174349,105,171,106
[19:49:35.891][D][ldc1314:450]: TRACE,174361,105,171,106
[19:49:35.891][D][ldc1314:450]: TRACE,174372,105,171,106
[19:49:35.891][D][ldc1314:450]: TRACE,174382,105,171,106
[19:49:35.891][D][ldc1314:450]: TRACE,174392,104,171,106
[19:49:35.901][D][ldc1314:450]: TRACE,174402,104,171,106
[19:49:35.901][D][ldc1314:450]: TRACE,174413,104,171,106
[19:49:35.901][D][ldc1314:450]: TRACE,174423,104,171,106
[19:49:35.901][D][ldc1314:450]: TRACE,174433,104,171,106
[19:49:35.917][D][ldc1314:450]: TRACE,174446,104,171,106
[19:49:35.926][D][ldc1314:450]: TRACE,174459,104,171,106
[19:49:35.943][D][ldc1314:450]: TRACE,174473,104,171,106
[19:49:35.956][D][ldc1314:450]: TRACE,174486,104,171,106
[19:49:35.973][D][ldc1314:450]: TRACE,174501,104,171,106
[19:49:35.987][D][ldc1314:450]: TRACE,174517,103,171,106
[19:49:36.008][D][ldc1314:450]: TRACE,174532,103,171,106
[19:49:36.029][D][ldc1314:450]: TRACE,174547,103,171,106
[19:49:36.036][D][ldc1314:450]: TRACE,174558,103,171,106
[19:49:36.039][D][ldc1314:450]: TRACE,174571,103,171,106
[19:49:36.055][D][ldc1314:450]: TRACE,174583,103,171,106
[19:49:36.072][D][ldc1314:450]: TRACE,174602,103,171,106
[19:49:36.087][D][ldc1314:450]: TRACE,174617,103,171,106
[19:49:36.102][D][ldc1314:450]: TRACE,174633,103,171,106
[19:49:36.122][D][ldc1314:450]: TRACE,174647,103,171,106
[19:49:36.132][D][ldc1314:450]: TRACE,174659,103,171,106
[19:49:36.142][D][ldc1314:450]: TRACE,174672,103,171,106
[19:49:36.156][D][ldc1314:450]: TRACE,174688,103,171,106
[19:49:36.171][D][ldc1314:450]: TRACE,174702,103,171,106
[19:49:36.189][D][ldc1314:450]: TRACE,174720,103,171,106
[19:49:36.211][D][ldc1314:450]: TRACE,174734,103,171,106
[19:49:36.225][D][ldc1314:450]: TRACE,174756,103,171,106
[19:49:36.238][D][ldc1314:450]: TRACE,174766,103,171,106
[19:49:36.256][D][ldc1314:450]: TRACE,174783,102,171,106
[19:49:36.266][D][ldc1314:450]: TRACE,174798,102,171,106
[19:49:36.286][D][ldc1314:450]: TRACE,174811,102,170,106
[19:49:36.300][D][ldc1314:450]: TRACE,174829,102,170,106
[19:49:36.316][D][ldc1314:450]: TRACE,174844,102,170,106
[19:49:36.415][D][ldc1314:450]: TRACE,174861,102,170,106
[19:49:36.415][D][ldc1314:450]: TRACE,174870,102,170,106
[19:49:36.416][D][ldc1314:450]: TRACE,174883,102,170,106
[19:49:36.416][D][ldc1314:450]: TRACE,174893,102,170,106
[19:49:36.416][D][ldc1314:450]: TRACE,174903,102,170,106
[19:49:36.416][D][ldc1314:450]: TRACE,174913,102,170,106
[19:49:36.416][D][ldc1314:450]: TRACE,174923,102,170,107
[19:49:36.416][D][ldc1314:450]: TRACE,174934,102,170,106
[19:49:36.437][D][ldc1314:450]: TRACE,174944,102,170,106
[19:49:36.437][D][ldc1314:450]: TRACE,174955,102,170,106
[19:49:36.437][D][ldc1314:450]: TRACE,174965,102,170,107
[19:49:36.449][D][ldc1314:450]: TRACE,174977,102,170,107
[19:49:36.460][D][ldc1314:450]: TRACE,174992,102,169,106
[19:49:36.477][D][ldc1314:450]: TRACE,175004,102,169,107
[19:49:36.486][D][ldc1314:450]: TRACE,175015,102,169,107
[19:49:36.501][D][ldc1314:450]: TRACE,175031,102,169,107
[19:49:36.531][D][ldc1314:450]: TRACE,175051,102,169,107
[19:49:36.542][D][ldc1314:450]: TRACE,175065,102,168,108
[19:49:36.542][D][ldc1314:450]: TRACE,175075,102,168,108
[19:49:36.559][D][ldc1314:450]: TRACE,175087,102,168,107
[19:49:36.569][D][ldc1314:450]: TRACE,175101,102,168,107
[19:49:36.585][D][ldc1314:450]: TRACE,175113,102,168,108
[19:49:36.597][D][ldc1314:450]: TRACE,175128,102,168,107
[19:49:36.612][D][ldc1314:450]: TRACE,175142,102,167,108
[19:49:36.634][D][ldc1314:450]: TRACE,175161,102,167,108
[19:49:36.644][D][ldc1314:450]: TRACE,175175,102,167,108
[19:49:36.661][D][ldc1314:450]: TRACE,175189,102,167,108
[19:49:36.671][D][ldc1314:450]: TRACE,175203,102,166,108
[19:49:36.686][D][ldc1314:450]: TRACE,175216,102,166,108
[19:49:36.701][D][ldc1314:450]: TRACE,175231,102,166,108
[19:49:36.715][D][ldc1314:450]: TRACE,175245,102,166,109
[19:49:36.736][D][ldc1314:450]: TRACE,175259,102,166,109
[19:49:36.746][D][ldc1314:450]: TRACE,175274,102,166,109
[19:49:36.763][D][ldc1314:450]: TRACE,175287,102,165,109
[19:49:36.773][D][ldc1314:450]: TRACE,175305,102,165,109
[19:49:36.786][D][ldc1314:450]: TRACE,175317,102,164,109
[19:49:36.803][D][ldc1314:450]: TRACE,175333,102,164,110
[19:49:36.819][D][ldc1314:450]: TRACE,175349,102,164,110
[19:49:36.839][D][ldc1314:450]: TRACE,175363,102,164,110
[19:49:36.848][D][ldc1314:450]: TRACE,175379,102,164,110
[19:49:36.940][D][ldc1314:450]: TRACE,175394,102,163,110
[19:49:36.940][D][ldc1314:450]: TRACE,175404,102,163,111
[19:49:36.940][D][ldc1314:450]: TRACE,175414,102,163,111
[19:49:36.940][D][ldc1314:450]: TRACE,175424,102,163,110
[19:49:36.940][D][ldc1314:450]: TRACE,175435,102,162,111
[19:49:36.940][D][ldc1314:450]: TRACE,175445,102,162,111
[19:49:36.940][D][ldc1314:450]: TRACE,175455,102,162,111
[19:49:36.945][D][ldc1314:450]: TRACE,175465,102,161,111
[19:49:36.945][D][ldc1314:450]: TRACE,175475,102,161,111
[19:49:36.959][D][ldc1314:450]: TRACE,175490,102,161,112
[19:49:36.973][D][ldc1314:450]: TRACE,175504,102,160,112
[19:49:36.987][D][ldc1314:450]: TRACE,175518,102,160,112
[19:49:37.002][D][ldc1314:450]: TRACE,175532,102,159,112
[19:49:37.015][D][ldc1314:450]: TRACE,175546,102,159,113
[19:49:37.030][D][ldc1314:450]: TRACE,175561,102,159,113
[19:49:37.046][D][ldc1314:450]: TRACE,175576,102,159,113
[19:49:37.058][D][ldc1314:450]: TRACE,175587,102,158,113
[19:49:37.081][D][ldc1314:450]: TRACE,175606,102,158,114
[19:49:37.089][D][ldc1314:450]: TRACE,175622,102,157,114
[19:49:37.103][D][ldc1314:450]: TRACE,175635,102,157,115
[19:49:37.118][D][ldc1314:450]: TRACE,175647,102,156,115
[19:49:37.146][D][ldc1314:450]: TRACE,175664,102,156,115
[19:49:37.156][D][ldc1314:450]: TRACE,175680,102,155,115
[19:49:37.163][D][ldc1314:450]: TRACE,175692,102,155,116
[19:49:37.177][D][ldc1314:450]: TRACE,175704,102,154,116
[19:49:37.208][D][ldc1314:450]: TRACE,175720,101,154,116
[19:49:37.215][D][ldc1314:450]: TRACE,175730,102,154,116
[19:49:37.216][D][ldc1314:450]: TRACE,175742,102,154,117
[19:49:37.222][D][ldc1314:450]: TRACE,175753,102,153,117
[19:49:37.248][D][ldc1314:450]: TRACE,175768,102,153,118
[19:49:37.259][D][ldc1314:450]: TRACE,175784,102,152,118
[19:49:37.267][D][ldc1314:450]: TRACE,175796,102,152,118
[19:49:37.279][D][ldc1314:450]: TRACE,175809,102,151,119
[19:49:37.292][D][ldc1314:450]: TRACE,175823,102,151,119
[19:49:37.314][D][ldc1314:450]: TRACE,175843,102,150,120
[19:49:37.329][D][ldc1314:450]: TRACE,175859,102,149,121
[19:49:37.350][D][ldc1314:450]: TRACE,175874,101,149,121
[19:49:37.359][D][ldc1314:450]: TRACE,175891,102,148,122
[19:49:37.372][D][ldc1314:450]: TRACE,175901,102,148,122
[19:49:37.464][D][ldc1314:450]: TRACE,175918,102,147,123
[19:49:37.464][D][ldc1314:450]: TRACE,175928,102,147,123
[19:49:37.464][D][ldc1314:450]: TRACE,175938,102,147,123
[19:49:37.464][D][ldc1314:450]: TRACE,175948,102,146,124
[19:49:37.465][D][ldc1314:450]: TRACE,175960,101,146,124
[19:49:37.465][D][ldc1314:450]: TRACE,175971,102,145,125
[19:49:37.465][D][ldc1314:450]: TRACE,175981,102,145,125
[19:49:37.465][D][ldc1314:450]: TRACE,175991,102,145,125
[19:49:37.475][D][ldc1314:450]: TRACE,176002,102,145,126
[19:49:37.487][D][ldc1314:450]: TRACE,176012,102,144,126
[19:49:37.494][D][ldc1314:450]: TRACE,176028,102,144,127
[19:49:37.511][D][ldc1314:450]: TRACE,176040,102,143,128
[19:49:37.522][D][ldc1314:450]: TRACE,176052,102,143,128
[19:49:37.537][D][ldc1314:450]: TRACE,176066,102,142,129
[19:49:37.559][D][ldc1314:450]: TRACE,176085,102,141,130
[19:49:37.568][D][ldc1314:450]: TRACE,176098,102,141,130
[19:49:37.583][D][ldc1314:450]: TRACE,176113,102,140,130
[19:49:37.595][D][ldc1314:450]: TRACE,176127,102,140,131
[19:49:37.612][D][ldc1314:450]: TRACE,176141,102,139,132
[19:49:37.627][D][ldc1314:450]: TRACE,176155,102,139,133
[19:49:37.641][D][ldc1314:450]: TRACE,176170,102,138,134
[19:49:37.657][D][ldc1314:450]: TRACE,176185,102,138,135
[19:49:37.671][D][ldc1314:450]: TRACE,176201,102,137,135
[19:49:37.685][D][ldc1314:450]: TRACE,176215,102,136,136
[19:49:37.699][D][ldc1314:450]: TRACE,176230,102,135,137
[19:49:37.714][D][ldc1314:450]: TRACE,176243,102,135,138
[19:49:37.728][D][ldc1314:450]: TRACE,176258,102,134,139
[19:49:37.742][D][ldc1314:450]: TRACE,176269,102,134,140
[19:49:37.759][D][ldc1314:450]: TRACE,176285,102,133,140
[19:49:37.768][D][ldc1314:450]: TRACE,176297,102,133,141
[19:49:37.787][D][ldc1314:450]: TRACE,176316,102,132,142
[19:49:37.798][D][ldc1314:450]: TRACE,176331,102,132,143
[19:49:37.815][D][ldc1314:450]: TRACE,176345,102,131,144
[19:49:37.830][D][ldc1314:450]: TRACE,176359,102,130,144
[19:49:37.849][D][ldc1314:450]: TRACE,176377,102,130,145
[19:49:37.873][D][ldc1314:450]: TRACE,176389,102,130,146
[19:49:37.880][D][ldc1314:450]: TRACE,176399,102,130,146
[19:49:37.885][D][ldc1314:450]: TRACE,176412,102,129,147
[19:49:37.988][D][ldc1314:450]: TRACE,176431,102,128,148
[19:49:37.988][D][ldc1314:450]: TRACE,176446,102,128,149
[19:49:37.988][D][ldc1314:450]: TRACE,176456,102,128,150
[19:49:37.988][D][ldc1314:450]: TRACE,176466,102,127,150
[19:49:37.988][D][ldc1314:450]: TRACE,176476,102,127,151
[19:49:37.988][D][ldc1314:450]: TRACE,176487,102,126,152
[19:49:37.988][D][ldc1314:450]: TRACE,176497,102,126,153
[19:49:37.988][D][ldc1314:450]: TRACE,176507,102,126,153
[19:49:38.000][D][ldc1314:450]: TRACE,176519,102,126,154
[19:49:38.000][D][ldc1314:450]: TRACE,176529,102,125,155
[19:49:38.014][D][ldc1314:450]: TRACE,176543,102,124,156
[19:49:38.025][D][ldc1314:450]: TRACE,176556,102,124,157
[19:49:38.041][D][ldc1314:450]: TRACE,176570,102,123,158
[19:49:38.053][D][ldc1314:450]: TRACE,176584,102,123,158
[19:49:38.069][D][ldc1314:450]: TRACE,176600,102,123,159
[19:49:38.080][D][ldc1314:450]: TRACE,176610,102,122,160
[19:49:38.098][D][ldc1314:450]: TRACE,176626,102,122,161
[19:49:38.107][D][ldc1314:450]: TRACE,176640,102,121,162
[19:49:38.128][D][ldc1314:450]: TRACE,176658,102,121,163
[19:49:38.143][D][ldc1314:450]: TRACE,176672,102,121,164
[19:49:38.155][D][ldc1314:450]: TRACE,176687,102,120,165
[19:49:38.168][D][ldc1314:450]: TRACE,176701,102,120,166
[19:49:38.182][D][ldc1314:450]: TRACE,176712,102,119,166
[19:49:38.197][D][ldc1314:450]: TRACE,176727,102,119,167
[19:49:38.216][D][ldc1314:450]: TRACE,176743,102,119,168
[19:49:38.234][D][ldc1314:450]: TRACE,176766,102,118,169
[19:49:38.248][D][ldc1314:450]: TRACE,176780,102,118,170
[19:49:38.271][D][ldc1314:450]: TRACE,176793,102,117,170
[19:49:38.280][D][ldc1314:450]: TRACE,176808,102,117,171
[19:49:38.292][D][ldc1314:450]: TRACE,176822,102,117,172
[19:49:38.305][D][ldc1314:450]: TRACE,176837,102,116,173
[19:49:38.320][D][ldc1314:450]: TRACE,176851,102,116,173
[19:49:38.335][D][ldc1314:450]: TRACE,176867,102,115,174
[19:49:38.352][D][ldc1314:450]: TRACE,176883,102,115,176
[19:49:38.373][D][ldc1314:450]: TRACE,176898,102,115,177
[19:49:38.383][D][ldc1314:450]: TRACE,176911,102,114,177
[19:49:38.396][D][ldc1314:450]: TRACE,176925,102,114,178
[19:49:38.411][D][ldc1314:450]: TRACE,176941,102,114,179
[19:49:38.512][D][ldc1314:450]: TRACE,176955,102,113,180
[19:49:38.512][D][ldc1314:450]: TRACE,176970,102,113,180
[19:49:38.512][D][ldc1314:450]: TRACE,176979,101,112,180
[19:49:38.512][D][ldc1314:450]: TRACE,176992,102,112,181
[19:49:38.513][D][ldc1314:450]: TRACE,177001,101,112,181
[19:49:38.513][D][ldc1314:450]: TRACE,177011,102,112,182
[19:49:38.513][D][ldc1314:450]: TRACE,177021,101,112,182
[19:49:38.519][D][ldc1314:450]: TRACE,177031,102,112,182
[19:49:38.520][D][ldc1314:450]: TRACE,177041,101,111,183
[19:49:38.520][D][ldc1314:450]: TRACE,177051,102,111,183
[19:49:38.532][D][ldc1314:450]: TRACE,177063,101,111,183
[19:49:38.546][D][ldc1314:450]: TRACE,177075,102,111,184
[19:49:38.565][D][ldc1314:450]: TRACE,177096,101,110,185
[19:49:38.581][D][ldc1314:450]: TRACE,177110,101,110,185
[19:49:38.592][D][ldc1314:450]: TRACE,177121,102,110,186
[19:49:38.607][D][ldc1314:450]: TRACE,177138,101,110,186
[19:49:38.622][D][ldc1314:450]: TRACE,177152,101,110,187
[19:49:38.637][D][ldc1314:450]: TRACE,177166,102,110,188
[19:49:38.651][D][ldc1314:450]: TRACE,177181,101,109,188
[19:49:38.680][D][ldc1314:450]: TRACE,177201,102,109,189
[19:49:38.691][D][ldc1314:450]: TRACE,177215,102,109,189
[19:49:38.698][D][ldc1314:450]: TRACE,177225,101,109,189
[19:49:38.708][D][ldc1314:450]: TRACE,177237,102,108,190
[19:49:38.723][D][ldc1314:450]: TRACE,177252,102,108,190
[19:49:38.738][D][ldc1314:450]: TRACE,177267,101,108,191
[19:49:38.752][D][ldc1314:450]: TRACE,177281,102,108,191
[19:49:38.769][D][ldc1314:450]: TRACE,177298,102,108,191
[19:49:38.783][D][ldc1314:450]: TRACE,177312,102,108,192
[19:49:38.795][D][ldc1314:450]: TRACE,177325,102,107,192
[19:49:38.811][D][ldc1314:450]: TRACE,177340,102,107,193
[19:49:38.822][D][ldc1314:450]: TRACE,177354,102,107,193
[19:49:38.838][D][ldc1314:450]: TRACE,177367,102,107,194
[19:49:38.851][D][ldc1314:450]: TRACE,177383,102,107,194
[19:49:38.865][D][ldc1314:450]: TRACE,177397,102,107,194
[19:49:38.886][D][ldc1314:450]: TRACE,177411,102,106,194
[19:49:38.894][D][ldc1314:450]: TRACE,177424,102,106,194
[19:49:38.922][D][ldc1314:450]: TRACE,177450,102,106,195
[19:49:38.933][D][ldc1314:450]: TRACE,177465,101,106,195
[19:49:39.036][D][ldc1314:450]: TRACE,177480,102,106,195
[19:49:39.037][D][ldc1314:450]: TRACE,177494,102,106,196
[19:49:39.037][D][ldc1314:450]: TRACE,177504,102,106,196
[19:49:39.037][D][ldc1314:450]: TRACE,177515,102,106,196
[19:49:39.037][D][ldc1314:450]: TRACE,177527,102,106,196
[19:49:39.037][D][ldc1314:450]: TRACE,177538,102,106,196
[19:49:39.037][D][ldc1314:450]: TRACE,177547,102,106,196
[19:49:39.037][D][ldc1314:450]: TRACE,177557,102,105,196
[19:49:39.044][D][ldc1314:450]: TRACE,177567,102,105,196
[19:49:39.052][D][ldc1314:450]: TRACE,177579,102,105,197
[19:49:39.065][D][ldc1314:450]: TRACE,177590,102,105,197
[19:49:39.078][D][ldc1314:450]: TRACE,177605,102,105,197
[19:49:39.100][D][ldc1314:450]: TRACE,177621,102,105,197
[19:49:39.107][D][ldc1314:450]: TRACE,177631,102,105,198
[19:49:39.135][D][ldc1314:450]: TRACE,177646,102,105,198
[19:49:39.135][D][ldc1314:450]: TRACE,177661,102,105,198
[19:49:39.143][D][ldc1314:450]: TRACE,177672,102,105,198
[19:49:39.154][D][ldc1314:450]: TRACE,177684,102,105,198
[19:49:39.171][D][ldc1314:450]: TRACE,177699,103,105,198
[19:49:39.194][D][ldc1314:450]: TRACE,177715,103,105,199
[19:49:39.204][D][ldc1314:450]: TRACE,177729,102,104,198
[19:49:39.212][D][ldc1314:450]: TRACE,177742,103,104,199
[19:49:39.231][D][ldc1314:450]: TRACE,177757,103,104,199
[19:49:39.251][D][ldc1314:450]: TRACE,177781,103,104,199
[19:49:39.265][D][ldc1314:450]: TRACE,177795,103,104,199
[19:49:39.282][D][ldc1314:450]: TRACE,177809,103,104,199
[19:49:39.297][D][ldc1314:450]: TRACE,177823,103,104,199
[19:49:39.306][D][ldc1314:450]: TRACE,177833,103,104,200
[19:49:39.317][D][ldc1314:450]: TRACE,177846,103,104,200
[19:49:39.333][D][ldc1314:450]: TRACE,177863,103,104,200
[19:49:39.348][D][ldc1314:450]: TRACE,177877,103,104,200
[19:49:39.367][D][ldc1314:450]: TRACE,177897,103,104,200
[19:49:39.383][D][ldc1314:450]: TRACE,177912,103,104,200
[19:49:39.400][D][ldc1314:450]: TRACE,177926,103,104,200
[19:49:39.407][D][ldc1314:450]: TRACE,177938,103,104,200
[19:49:39.425][D][ldc1314:450]: TRACE,177953,104,104,200
[19:49:39.436][D][ldc1314:450]: TRACE,177968,104,104,200
[19:49:39.454][D][ldc1314:450]: TRACE,177982,104,104,200
[19:49:39.466][D][ldc1314:450]: TRACE,177996,104,104,200
[19:49:39.560][D][ldc1314:450]: TRACE,178016,104,104,200
[19:49:39.560][D][ldc1314:450]: TRACE,178026,104,104,200
[19:49:39.561][D][ldc1314:450]: TRACE,178036,104,103,200
[19:49:39.561][D][ldc1314:450]: TRACE,178046,104,104,200
[19:49:39.561][D][ldc1314:450]: TRACE,178056,105,104,200
[19:49:39.561][D][ldc1314:450]: TRACE,178066,105,103,200
[19:49:39.561][D][ldc1314:450]: TRACE,178076,105,103,200
[19:49:39.561][D][ldc1314:450]: TRACE,178086,105,104,200
[19:49:39.570][D][ldc1314:450]: TRACE,178096,105,104,200
[19:49:39.576][D][ldc1314:450]: TRACE,178106,105,103,200
[19:49:39.602][D][ldc1314:450]: TRACE,178124,105,103,200
[19:49:39.612][D][ldc1314:450]: TRACE,178138,106,103,200
[19:49:39.618][D][ldc1314:450]: TRACE,178149,105,103,200
[19:49:39.634][D][ldc1314:450]: TRACE,178164,106,103,200
[19:49:39.648][D][ldc1314:450]: TRACE,178178,106,103,200
[19:49:39.663][D][ldc1314:450]: TRACE,178195,106,103,200
[19:49:39.677][D][ldc1314:450]: TRACE,178208,106,103,200
[19:49:39.691][D][ldc1314:450]: TRACE,178223,106,103,200
[19:49:39.707][D][ldc1314:450]: TRACE,178235,106,103,200
[19:49:39.722][D][ldc1314:450]: TRACE,178254,106,103,199
[19:49:39.736][D][ldc1314:450]: TRACE,178266,107,103,200
[19:49:39.751][D][ldc1314:450]: TRACE,178281,107,103,200
[19:49:39.765][D][ldc1314:450]: TRACE,178295,107,103,199
[19:49:39.781][D][ldc1314:450]: TRACE,178309,108,104,200
[19:49:39.794][D][ldc1314:450]: TRACE,178323,108,104,200
[19:49:39.810][D][ldc1314:450]: TRACE,178338,109,104,200
[19:49:39.817][D][ldc1314:450]: TRACE,178349,109,104,200
[19:49:39.838][D][ldc1314:450]: TRACE,178368,109,104,199
[19:49:39.851][D][ldc1314:450]: TRACE,178382,109,104,199
[19:49:39.865][D][ldc1314:450]: TRACE,178396,110,104,199
[19:49:39.879][D][ldc1314:450]: TRACE,178411,110,104,199
[19:49:39.894][D][ldc1314:450]: TRACE,178425,110,104,199
[19:49:39.912][D][ldc1314:450]: TRACE,178440,111,104,199
[19:49:39.927][D][ldc1314:450]: TRACE,178451,111,104,199
[19:49:39.933][D][ldc1314:450]: TRACE,178468,111,104,198
[19:49:39.954][D][ldc1314:450]: TRACE,178480,111,104,198
[19:49:39.969][D][ldc1314:450]: TRACE,178499,112,104,198
[19:49:39.983][D][ldc1314:450]: TRACE,178513,112,104,198
[19:49:40.086][D][ldc1314:450]: TRACE,178527,112,104,198
[19:49:40.086][D][ldc1314:450]: TRACE,178542,113,104,198
[19:49:40.086][D][ldc1314:450]: TRACE,178553,113,104,197
[19:49:40.086][D][ldc1314:450]: TRACE,178563,113,104,197
[19:49:40.086][D][ldc1314:450]: TRACE,178573,113,104,197
[19:49:40.086][D][ldc1314:450]: TRACE,178583,114,104,197
[19:49:40.086][D][ldc1314:450]: TRACE,178593,114,104,197
[19:49:40.086][D][ldc1314:450]: TRACE,178603,114,103,197
[19:49:40.094][D][ldc1314:450]: TRACE,178613,114,104,197
[19:49:40.095][D][ldc1314:450]: TRACE,178625,115,104,196
[19:49:40.113][D][ldc1314:450]: TRACE,178637,115,103,196
[19:49:40.119][D][ldc1314:450]: TRACE,178649,115,104,196
[19:49:40.130][D][ldc1314:450]: TRACE,178662,115,104,196
[19:49:40.146][D][ldc1314:450]: TRACE,178676,116,104,195
[19:49:40.160][D][ldc1314:450]: TRACE,178688,116,104,195
[19:49:40.174][D][ldc1314:450]: TRACE,178702,117,103,195
[19:49:40.182][D][ldc1314:450]: TRACE,178713,117,104,195
[19:49:40.202][D][ldc1314:450]: TRACE,178732,118,103,194
[19:49:40.219][D][ldc1314:450]: TRACE,178746,118,104,194
[19:49:40.232][D][ldc1314:450]: TRACE,178758,119,104,193
[19:49:40.249][D][ldc1314:450]: TRACE,178776,120,103,193
[19:49:40.261][D][ldc1314:450]: TRACE,178791,120,103,193
[19:49:40.276][D][ldc1314:450]: TRACE,178806,120,104,192
[19:49:40.291][D][ldc1314:450]: TRACE,178822,121,104,192
[19:49:40.318][D][ldc1314:450]: TRACE,178842,122,103,191
[19:49:40.330][D][ldc1314:450]: TRACE,178857,122,104,191
[19:49:40.337][D][ldc1314:450]: TRACE,178867,122,104,190
[19:49:40.352][D][ldc1314:450]: TRACE,178882,123,104,190
[19:49:40.368][D][ldc1314:450]: TRACE,178897,123,104,190
[19:49:40.380][D][ldc1314:450]: TRACE,178911,124,104,189
[19:49:40.395][D][ldc1314:450]: TRACE,178926,124,103,189
[19:49:40.410][D][ldc1314:450]: TRACE,178940,125,104,188
[19:49:40.431][D][ldc1314:450]: TRACE,178956,126,103,188
[19:49:40.441][D][ldc1314:450]: TRACE,178969,126,103,187
[19:49:40.454][D][ldc1314:450]: TRACE,178985,127,104,187
[19:49:40.469][D][ldc1314:450]: TRACE,178999,128,103,186
[19:49:40.484][D][ldc1314:450]: TRACE,179016,128,104,186
[19:49:40.498][D][ldc1314:450]: TRACE,179028,129,103,185
[19:49:40.610][D][ldc1314:450]: TRACE,179044,129,103,184
[19:49:40.610][D][ldc1314:450]: TRACE,179059,130,104,183
[19:49:40.613][D][ldc1314:450]: TRACE,179072,131,104,183
[19:49:40.613][D][ldc1314:450]: TRACE,179082,131,103,182
[19:49:40.613][D][ldc1314:450]: TRACE,179092,132,103,182
[19:49:40.613][D][ldc1314:450]: TRACE,179102,132,104,181
[19:49:40.613][D][ldc1314:450]: TRACE,179112,133,103,181
[19:49:40.613][D][ldc1314:450]: TRACE,179122,133,103,180
[19:49:40.613][D][ldc1314:450]: TRACE,179132,134,103,180
[19:49:40.613][D][ldc1314:450]: TRACE,179142,134,103,179
[19:49:40.629][D][ldc1314:450]: TRACE,179152,135,104,179
[19:49:40.636][D][ldc1314:450]: TRACE,179162,135,104,178
[19:49:40.650][D][ldc1314:450]: TRACE,179179,136,103,177
[19:49:40.664][D][ldc1314:450]: TRACE,179196,136,104,176
[19:49:40.680][D][ldc1314:450]: TRACE,179209,137,104,175
[19:49:40.695][D][ldc1314:450]: TRACE,179226,138,103,174
[19:49:40.712][D][ldc1314:450]: TRACE,179240,138,103,173
[19:49:40.727][D][ldc1314:450]: TRACE,179256,139,103,173
[19:49:40.743][D][ldc1314:450]: TRACE,179269,139,104,172
[19:49:40.755][D][ldc1314:450]: TRACE,179284,140,103,171
[19:49:40.769][D][ldc1314:450]: TRACE,179299,141,104,171
[19:49:40.785][D][ldc1314:450]: TRACE,179314,142,104,170
[19:49:40.798][D][ldc1314:450]: TRACE,179328,142,103,169
[19:49:40.814][D][ldc1314:450]: TRACE,179342,143,103,168
[19:49:40.829][D][ldc1314:450]: TRACE,179358,143,103,167
[19:49:40.841][D][ldc1314:450]: TRACE,179371,144,103,166
[19:49:40.851][D][ldc1314:450]: TRACE,179384,144,104,166
[19:49:40.865][D][ldc1314:450]: TRACE,179396,145,104,165
[19:49:40.885][D][ldc1314:450]: TRACE,179414,145,104,164
[19:49:40.897][D][ldc1314:450]: TRACE,179429,146,104,163
[19:49:40.911][D][ldc1314:450]: TRACE,179443,147,103,161
[19:49:40.931][D][ldc1314:450]: TRACE,179457,147,103,160
[19:49:40.942][D][ldc1314:450]: TRACE,179470,148,103,160
[19:49:40.953][D][ldc1314:450]: TRACE,179483,148,103,159
[19:49:40.969][D][ldc1314:450]: TRACE,179500,149,103,158
[19:49:40.987][D][ldc1314:450]: TRACE,179514,150,103,156
[19:49:41.006][D][ldc1314:450]: TRACE,179536,150,103,155
[19:49:41.017][D][ldc1314:450]: TRACE,179550,150,103,155
[19:49:41.034][D][ldc1314:450]: TRACE,179563,151,103,154
[19:49:41.134][D][ldc1314:450]: TRACE,179576,151,103,153
[19:49:41.134][D][ldc1314:450]: TRACE,179591,152,103,152
[19:49:41.134][D][ldc1314:450]: TRACE,179602,152,103,152
[19:49:41.134][D][ldc1314:450]: TRACE,179612,152,103,151
[19:49:41.134][D][ldc1314:450]: TRACE,179622,152,103,151
[19:49:41.134][D][ldc1314:450]: TRACE,179633,153,103,150
[19:49:41.134][D][ldc1314:450]: TRACE,179643,153,103,149
[19:49:41.142][D][ldc1314:450]: TRACE,179653,153,103,149
[19:49:41.142][D][ldc1314:450]: TRACE,179663,154,103,148
[19:49:41.142][D][ldc1314:450]: TRACE,179673,154,103,148
[19:49:41.155][D][ldc1314:450]: TRACE,179687,154,103,147
[19:49:41.170][D][ldc1314:450]: TRACE,179701,155,104,146
[19:49:41.185][D][ldc1314:450]: TRACE,179713,156,103,146
[19:49:41.199][D][ldc1314:450]: TRACE,179728,156,103,145
[19:49:41.214][D][ldc1314:450]: TRACE,179744,157,104,144
[19:49:41.238][D][ldc1314:450]: TRACE,179758,157,104,143
[19:49:41.250][D][ldc1314:450]: TRACE,179779,157,103,142
[19:49:41.269][D][ldc1314:450]: TRACE,179794,158,104,140
[19:49:41.278][D][ldc1314:450]: TRACE,179811,159,104,140
[19:49:41.293][D][ldc1314:450]: TRACE,179823,159,104,139
[19:49:41.305][D][ldc1314:450]: TRACE,179837,159,104,138
[19:49:41.321][D][ldc1314:450]: TRACE,179851,159,104,137
[19:49:41.344][D][ldc1314:450]: TRACE,179865,160,104,136
[19:49:41.354][D][ldc1314:450]: TRACE,179878,160,104,136
[19:49:41.366][D][ldc1314:450]: TRACE,179894,161,104,135
[19:49:41.381][D][ldc1314:450]: TRACE,179911,161,104,134
[19:49:41.396][D][ldc1314:450]: TRACE,179925,161,104,133
[19:49:41.410][D][ldc1314:450]: TRACE,179940,162,104,133
[19:49:41.428][D][ldc1314:450]: TRACE,179956,162,104,132
[19:49:41.443][D][ldc1314:450]: TRACE,179971,162,104,131
[19:49:41.455][D][ldc1314:450]: TRACE,179986,162,104,131
[19:49:41.466][D][ldc1314:450]: TRACE,179998,162,104,130
[19:49:41.485][D][ldc1314:450]: TRACE,180015,163,104,130
[19:49:41.502][D][ldc1314:450]: TRACE,180027,163,104,129
[19:49:41.514][D][ldc1314:450]: TRACE,180045,163,104,128
[19:49:41.532][D][ldc1314:450]: TRACE,180058,164,104,128
[19:49:41.550][D][ldc1314:450]: TRACE,180074,163,104,127
[19:49:41.559][D][ldc1314:450]: TRACE,180086,164,104,127
[19:49:41.658][D][ldc1314:450]: TRACE,180100,164,104,126
[19:49:41.659][D][ldc1314:450]: TRACE,180125,165,104,125
[19:49:41.659][D][ldc1314:450]: TRACE,180135,165,104,124
[19:49:41.659][D][ldc1314:450]: TRACE,180145,165,104,124
[19:49:41.659][D][ldc1314:450]: TRACE,180155,165,104,124
[19:49:41.662][D][ldc1314:450]: TRACE,180165,165,104,123
[19:49:41.662][D][ldc1314:450]: TRACE,180176,165,104,123
[19:49:41.662][D][ldc1314:450]: TRACE,180186,165,104,122
[19:49:41.663][D][ldc1314:450]: TRACE,180197,165,104,122
[19:49:41.677][D][ldc1314:450]: TRACE,180209,166,104,122
[19:49:41.693][D][ldc1314:450]: TRACE,180223,166,104,121
[19:49:41.707][D][ldc1314:450]: TRACE,180236,166,104,120
[19:49:41.727][D][ldc1314:450]: TRACE,180255,166,104,120
[19:49:41.750][D][ldc1314:450]: TRACE,180272,166,104,120
[19:49:41.757][D][ldc1314:450]: TRACE,180286,166,104,119
[19:49:41.767][D][ldc1314:450]: TRACE,180298,166,105,119
[19:49:41.789][D][ldc1314:450]: TRACE,180312,166,104,118
[19:49:41.797][D][ldc1314:450]: TRACE,180328,166,104,118
[19:49:41.809][D][ldc1314:450]: TRACE,180340,166,104,117
[19:49:41.820][D][ldc1314:450]: TRACE,180352,167,105,117
[19:49:41.834][D][ldc1314:450]: TRACE,180365,167,105,117
[19:49:41.859][D][ldc1314:450]: TRACE,180382,167,105,116
[19:49:41.867][D][ldc1314:450]: TRACE,180396,167,105,116
[19:49:41.883][D][ldc1314:450]: TRACE,180412,167,105,116
[19:49:41.897][D][ldc1314:450]: TRACE,180428,167,105,115
[19:49:41.912][D][ldc1314:450]: TRACE,180442,167,105,115
[19:49:41.926][D][ldc1314:450]: TRACE,180457,167,105,115
[19:49:41.942][D][ldc1314:450]: TRACE,180472,167,105,114
[19:49:41.967][D][ldc1314:450]: TRACE,180490,167,105,114
[19:49:41.974][D][ldc1314:450]: TRACE,180502,167,105,113
[19:49:41.988][D][ldc1314:450]: TRACE,180515,167,105,113
[19:49:42.003][D][ldc1314:450]: TRACE,180532,167,105,113
[19:49:42.018][D][ldc1314:450]: TRACE,180549,167,105,113
[19:49:42.035][D][ldc1314:450]: TRACE,180563,167,106,112
[19:49:42.045][D][ldc1314:450]: TRACE,180577,167,105,112
[19:49:42.058][D][ldc1314:450]: TRACE,180590,167,106,112
[19:49:42.077][D][ldc1314:450]: TRACE,180606,167,106,112
[19:49:42.089][D][ldc1314:450]: TRACE,180621,167,106,111
[19:49:42.183][D][ldc1314:450]: TRACE,180633,168,106,111
[19:49:42.183][D][ldc1314:450]: TRACE,180645,168,106,111
[19:49:42.183][D][ldc1314:450]: TRACE,180655,167,106,111
[19:49:42.184][D][ldc1314:450]: TRACE,180666,167,106,110
[19:49:42.184][D][ldc1314:450]: TRACE,180676,167,106,110
[19:49:42.184][D][ldc1314:450]: TRACE,180686,167,106,110
[19:49:42.184][D][ldc1314:450]: TRACE,180696,168,106,110
[19:49:42.184][D][ldc1314:450]: TRACE,180706,168,106,110
[19:49:42.191][D][ldc1314:450]: TRACE,180716,168,106,110
[19:49:42.200][D][ldc1314:450]: TRACE,180728,168,106,110
[19:49:42.209][D][ldc1314:450]: TRACE,180739,168,106,110
[19:49:42.222][D][ldc1314:450]: TRACE,180754,168,107,110
[19:49:42.265][D][ldc1314:450]: TRACE,180768,168,107,109
[19:49:42.265][D][ldc1314:450]: TRACE,180783,168,107,109
[19:49:42.265][D][ldc1314:450]: TRACE,180796,168,107,109
[19:49:42.277][D][ldc1314:450]: TRACE,180806,168,107,109
[19:49:42.293][D][ldc1314:450]: TRACE,180822,168,107,109
[19:49:42.305][D][ldc1314:450]: TRACE,180837,167,107,109
[19:49:42.321][D][ldc1314:450]: TRACE,180851,167,108,108
[19:49:42.335][D][ldc1314:450]: TRACE,180865,168,108,108
[19:49:42.349][D][ldc1314:450]: TRACE,180879,168,108,108
[19:49:42.367][D][ldc1314:450]: TRACE,180894,167,108,108
[19:49:42.378][D][ldc1314:450]: TRACE,180906,168,108,108
[19:49:42.390][D][ldc1314:450]: TRACE,180919,167,108,108
[19:49:42.408][D][ldc1314:450]: TRACE,180938,167,109,108
[19:49:42.424][D][ldc1314:450]: TRACE,180954,167,109,108
[19:49:42.437][D][ldc1314:450]: TRACE,180968,167,109,108
[19:49:42.451][D][ldc1314:450]: TRACE,180982,167,109,108
[19:49:42.467][D][ldc1314:450]: TRACE,180996,167,109,108
[19:49:42.480][D][ldc1314:450]: TRACE,181010,167,109,107
[19:49:42.493][D][ldc1314:450]: TRACE,181024,167,110,107
[19:49:42.508][D][ldc1314:450]: TRACE,181039,167,110,107
[19:49:42.526][D][ldc1314:450]: TRACE,181057,167,110,107
[19:49:42.542][D][ldc1314:450]: TRACE,181071,166,110,107
[19:49:42.559][D][ldc1314:450]: TRACE,181086,167,110,107
[19:49:42.571][D][ldc1314:450]: TRACE,181101,166,110,107
[19:49:42.583][D][ldc1314:450]: TRACE,181111,166,111,107
[19:49:42.601][D][ldc1314:450]: TRACE,181126,166,111,107
[19:49:42.610][D][ldc1314:450]: TRACE,181140,166,111,107
[19:49:42.709][D][ldc1314:450]: TRACE,181155,166,111,107
[19:49:42.709][D][ldc1314:450]: TRACE,181171,166,112,107
[19:49:42.709][D][ldc1314:450]: TRACE,181181,166,112,107
[19:49:42.709][D][ldc1314:450]: TRACE,181191,166,112,107
[19:49:42.709][D][ldc1314:450]: TRACE,181201,165,112,107
[19:49:42.709][D][ldc1314:450]: TRACE,181213,165,112,107
[19:49:42.709][D][ldc1314:450]: TRACE,181222,165,113,107
[19:49:42.709][D][ldc1314:450]: TRACE,181232,165,113,107
[19:49:42.709][D][ldc1314:450]: TRACE,181242,165,113,107
[19:49:42.721][D][ldc1314:450]: TRACE,181252,165,114,107
[19:49:42.737][D][ldc1314:450]: TRACE,181266,164,114,106
[19:49:42.755][D][ldc1314:450]: TRACE,181284,164,115,106
[19:49:42.774][D][ldc1314:450]: TRACE,181299,164,115,106
[19:49:42.786][D][ldc1314:450]: TRACE,181314,164,115,106
[19:49:42.792][D][ldc1314:450]: TRACE,181326,163,115,106
[19:49:42.808][D][ldc1314:450]: TRACE,181338,163,115,106
[19:49:42.820][D][ldc1314:450]: TRACE,181351,163,116,106
[19:49:42.836][D][ldc1314:450]: TRACE,181366,163,116,106
[19:49:42.848][D][ldc1314:450]: TRACE,181380,163,116,106
[19:49:42.878][D][ldc1314:450]: TRACE,181397,162,117,106
[19:49:42.888][D][ldc1314:450]: TRACE,181411,162,117,106
[19:49:42.897][D][ldc1314:450]: TRACE,181424,162,117,106
[19:49:42.907][D][ldc1314:450]: TRACE,181437,162,117,106
[19:49:42.920][D][ldc1314:450]: TRACE,181452,161,117,106
[19:49:42.935][D][ldc1314:450]: TRACE,181466,161,118,106
[19:49:42.950][D][ldc1314:450]: TRACE,181480,161,118,106
[19:49:42.963][D][ldc1314:450]: TRACE,181496,160,119,106
[19:49:42.981][D][ldc1314:450]: TRACE,181513,160,119,106
[19:49:42.995][D][ldc1314:450]: TRACE,181525,160,120,106
[19:49:43.009][D][ldc1314:450]: TRACE,181540,160,120,106
[19:49:43.021][D][ldc1314:450]: TRACE,181554,159,121,106
[19:49:43.037][D][ldc1314:450]: TRACE,181566,159,121,106
[19:49:43.050][D][ldc1314:450]: TRACE,181582,158,121,106
[19:49:43.063][D][ldc1314:450]: TRACE,181595,158,122,106
[19:49:43.080][D][ldc1314:450]: TRACE,181609,158,123,106
[19:49:43.093][D][ldc1314:450]: TRACE,181623,157,123,106
[19:49:43.113][D][ldc1314:450]: TRACE,181640,157,123,106
[19:49:43.123][D][ldc1314:450]: TRACE,181655,157,124,106
[19:49:43.136][D][ldc1314:450]: TRACE,181666,156,124,106
[19:49:43.231][D][ldc1314:450]: TRACE,181681,155,125,106
[19:49:43.231][D][ldc1314:450]: TRACE,181693,155,125,106
[19:49:43.231][D][ldc1314:450]: TRACE,181704,155,126,106
[19:49:43.231][D][ldc1314:450]: TRACE,181714,154,126,106
[19:49:43.231][D][ldc1314:450]: TRACE,181724,154,126,106
[19:49:43.231][D][ldc1314:450]: TRACE,181734,154,126,106
[19:49:43.231][D][ldc1314:450]: TRACE,181745,154,126,106
[19:49:43.239][D][ldc1314:450]: TRACE,181755,153,127,106
[19:49:43.239][D][ldc1314:450]: TRACE,181767,153,127,106
[19:49:43.255][D][ldc1314:450]: TRACE,181777,152,128,106
[19:49:43.264][D][ldc1314:450]: TRACE,181796,152,128,106
[19:49:43.286][D][ldc1314:450]: TRACE,181809,152,129,106
[19:49:43.297][D][ldc1314:450]: TRACE,181822,151,129,106
[19:49:43.306][D][ldc1314:450]: TRACE,181833,151,130,106
[19:49:43.320][D][ldc1314:450]: TRACE,181849,150,130,106
[19:49:43.330][D][ldc1314:450]: TRACE,181863,150,131,106
[19:49:43.352][D][ldc1314:450]: TRACE,181880,149,131,106
[19:49:43.362][D][ldc1314:450]: TRACE,181894,149,132,106
[19:49:43.377][D][ldc1314:450]: TRACE,181907,148,133,106
[19:49:43.388][D][ldc1314:450]: TRACE,181921,148,133,106
[19:49:43.400][D][ldc1314:450]: TRACE,181931,147,134,106
[19:49:43.419][D][ldc1314:450]: TRACE,181946,146,134,106
[19:49:43.431][D][ldc1314:450]: TRACE,181960,145,135,106
[19:49:43.444][D][ldc1314:450]: TRACE,181975,145,135,106
[19:49:43.464][D][ldc1314:450]: TRACE,181993,144,136,106
[19:49:43.478][D][ldc1314:450]: TRACE,182007,144,137,106
[19:49:43.493][D][ldc1314:450]: TRACE,182024,143,138,106
[19:49:43.505][D][ldc1314:450]: TRACE,182037,143,138,106
[19:49:43.520][D][ldc1314:450]: TRACE,182050,142,139,106
[19:49:43.536][D][ldc1314:450]: TRACE,182066,141,139,106
[19:49:43.551][D][ldc1314:450]: TRACE,182080,141,140,106
[19:49:43.568][D][ldc1314:450]: TRACE,182097,140,140,106
[19:49:43.593][D][ldc1314:450]: TRACE,182112,139,141,106
[19:49:43.598][D][ldc1314:450]: TRACE,182127,139,141,106
[19:49:43.607][D][ldc1314:450]: TRACE,182139,138,142,106
[19:49:43.623][D][ldc1314:450]: TRACE,182153,137,142,106
[19:49:43.636][D][ldc1314:450]: TRACE,182167,137,142,106
[19:49:43.650][D][ldc1314:450]: TRACE,182180,136,143,106
[19:49:43.756][D][ldc1314:450]: TRACE,182200,136,144,106
[19:49:43.757][D][ldc1314:450]: TRACE,182214,135,144,106
[19:49:43.757][D][ldc1314:450]: TRACE,182224,135,145,106
[19:49:43.757][D][ldc1314:450]: TRACE,182234,134,145,106
[19:49:43.757][D][ldc1314:450]: TRACE,182244,134,146,106
[19:49:43.757][D][ldc1314:450]: TRACE,182254,134,146,106
[19:49:43.757][D][ldc1314:450]: TRACE,182264,133,146,106
[19:49:43.757][D][ldc1314:450]: TRACE,182274,132,147,106
[19:49:43.763][D][ldc1314:450]: TRACE,182284,132,147,106
[19:49:43.764][D][ldc1314:450]: TRACE,182294,132,147,106
[19:49:43.775][D][ldc1314:450]: TRACE,182304,131,148,106
[19:49:43.797][D][ldc1314:450]: TRACE,182321,130,149,106
[19:49:43.812][D][ldc1314:450]: TRACE,182333,129,149,106
[19:49:43.812][D][ldc1314:450]: TRACE,182343,129,150,106
[19:49:43.827][D][ldc1314:450]: TRACE,182354,129,150,106
[19:49:43.837][D][ldc1314:450]: TRACE,182366,128,151,106
[19:49:43.854][D][ldc1314:450]: TRACE,182382,128,151,106
[19:49:43.871][D][ldc1314:450]: TRACE,182398,127,152,106
[19:49:43.879][D][ldc1314:450]: TRACE,182412,126,152,106
[19:49:43.924][D][ldc1314:450]: TRACE,182428,126,153,106
[19:49:43.924][D][ldc1314:450]: TRACE,182440,125,153,106
[19:49:43.924][D][ldc1314:450]: TRACE,182450,125,154,106
[19:49:43.975][D][ldc1314:450]: TRACE,182461,125,154,106
[19:49:43.977][D][ldc1314:450]: TRACE,182477,124,154,106
[19:49:43.977][D][ldc1314:450]: TRACE,182489,124,155,106
[19:49:43.977][D][ldc1314:450]: TRACE,182498,123,155,106
[19:49:43.977][D][ldc1314:450]: TRACE,182508,123,155,106
[19:49:43.986][D][ldc1314:450]: TRACE,182518,123,156,106
[19:49:44.011][D][ldc1314:450]: TRACE,182531,122,156,106
[19:49:44.033][D][ldc1314:450]: TRACE,182543,122,156,106
[19:49:44.033][D][ldc1314:450]: TRACE,182553,122,157,106
[19:49:44.043][D][ldc1314:450]: TRACE,182564,121,157,106
[19:49:44.044][D][ldc1314:450]: TRACE,182577,121,157,106
[19:49:44.057][D][ldc1314:450]: TRACE,182586,121,158,106
[19:49:44.074][D][ldc1314:450]: TRACE,182600,120,158,106
[19:49:44.082][D][ldc1314:450]: TRACE,182614,120,158,106
[19:49:44.131][D][ldc1314:450]: TRACE,182626,119,159,106
[19:49:44.133][D][ldc1314:450]: TRACE,182639,119,159,106
[19:49:44.133][D][ldc1314:450]: TRACE,182649,118,160,106
[19:49:44.141][D][ldc1314:450]: TRACE,182662,118,160,106
[19:49:44.150][D][ldc1314:450]: TRACE,182672,118,160,106
[19:49:44.159][D][ldc1314:450]: TRACE,182686,117,161,106
[19:49:44.169][D][ldc1314:450]: TRACE,182698,117,161,106
[19:49:44.183][D][ldc1314:450]: TRACE,182713,116,161,106
[19:49:44.279][D][ldc1314:450]: TRACE,182727,115,161,106
[19:49:44.280][D][ldc1314:450]: TRACE,182742,115,162,106
[19:49:44.280][D][ldc1314:450]: TRACE,182752,115,162,106
[19:49:44.280][D][ldc1314:450]: TRACE,182762,115,162,106
[19:49:44.280][D][ldc1314:450]: TRACE,182772,115,163,106
[19:49:44.280][D][ldc1314:450]: TRACE,182783,114,163,106
[19:49:44.280][D][ldc1314:450]: TRACE,182794,114,162,105
[19:49:44.280][D][ldc1314:450]: TRACE,182804,113,163,105
[19:49:44.289][D][ldc1314:450]: TRACE,182815,113,163,105
[19:49:44.294][D][ldc1314:450]: TRACE,182825,113,163,105
[19:49:44.312][D][ldc1314:450]: TRACE,182841,112,163,105
[19:49:44.322][D][ldc1314:450]: TRACE,182851,112,164,105
[19:49:44.339][D][ldc1314:450]: TRACE,182867,112,164,105
[19:49:44.351][D][ldc1314:450]: TRACE,182881,111,164,105
[19:49:44.372][D][ldc1314:450]: TRACE,182902,111,165,105
[19:49:44.387][D][ldc1314:450]: TRACE,182917,111,165,105
[19:49:44.411][D][ldc1314:450]: TRACE,182933,110,165,105
[19:49:44.413][D][ldc1314:450]: TRACE,182947,110,166,105
[19:49:44.428][D][ldc1314:450]: TRACE,182957,110,166,105
[19:49:44.445][D][ldc1314:450]: TRACE,182972,109,166,105
[19:49:44.453][D][ldc1314:450]: TRACE,182984,110,167,106
[19:49:44.468][D][ldc1314:450]: TRACE,182998,109,167,105
[19:49:44.486][D][ldc1314:450]: TRACE,183016,108,167,105
[19:49:44.500][D][ldc1314:450]: TRACE,183030,108,167,106
[19:49:44.517][D][ldc1314:450]: TRACE,183045,108,167,105
[19:49:44.528][D][ldc1314:450]: TRACE,183056,108,168,105
[19:49:44.545][D][ldc1314:450]: TRACE,183073,107,168,106
[19:49:44.555][D][ldc1314:450]: TRACE,183087,107,168,105
[19:49:44.570][D][ldc1314:450]: TRACE,183099,107,168,105
[19:49:44.584][D][ldc1314:450]: TRACE,183114,107,168,105
[19:49:44.604][D][ldc1314:450]: TRACE,183134,107,168,106
[19:49:44.619][D][ldc1314:450]: TRACE,183148,106,169,105
[19:49:44.629][D][ldc1314:450]: TRACE,183158,106,169,105
[19:49:44.642][D][ldc1314:450]: TRACE,183174,106,169,106
[19:49:44.657][D][ldc1314:450]: TRACE,183186,106,169,105
[19:49:44.673][D][ldc1314:450]: TRACE,183201,106,169,105
[19:49:44.686][D][ldc1314:450]: TRACE,183216,106,169,105
[19:49:44.701][D][ldc1314:450]: TRACE,183231,105,169,105
[19:49:44.804][D][ldc1314:450]: TRACE,183246,105,169,105
[19:49:44.804][D][ldc1314:450]: TRACE,183262,105,169,105
[19:49:44.805][D][ldc1314:450]: TRACE,183272,105,169,105
[19:49:44.805][D][ldc1314:450]: TRACE,183282,105,170,105
[19:49:44.805][D][ldc1314:450]: TRACE,183292,105,170,105
[19:49:44.805][D][ldc1314:450]: TRACE,183302,105,170,105
[19:49:44.805][D][ldc1314:450]: TRACE,183313,105,170,105
[19:49:44.805][D][ldc1314:450]: TRACE,183323,104,170,105
[19:49:44.805][D][ldc1314:450]: TRACE,183333,104,170,105
[19:49:44.821][D][ldc1314:450]: TRACE,183343,104,170,105
[19:49:44.825][D][ldc1314:450]: TRACE,183355,104,170,105
[19:49:44.838][D][ldc1314:450]: TRACE,183367,104,170,105
[19:49:44.852][D][ldc1314:450]: TRACE,183382,104,170,105
[19:49:44.864][D][ldc1314:450]: TRACE,183396,104,170,105
[19:49:44.881][D][ldc1314:450]: TRACE,183408,104,170,105
[19:49:44.894][D][ldc1314:450]: TRACE,183425,104,170,106
[19:49:44.909][D][ldc1314:450]: TRACE,183438,104,170,105
[19:49:44.926][D][ldc1314:450]: TRACE,183453,104,170,105
[19:49:44.940][D][ldc1314:450]: TRACE,183463,103,170,105
[19:49:44.949][D][ldc1314:450]: TRACE,183481,103,170,105
[19:49:44.962][D][ldc1314:450]: TRACE,183494,103,170,106
[19:49:44.974][D][ldc1314:450]: TRACE,183506,103,171,105
[19:49:44.988][D][ldc1314:450]: TRACE,183520,103,171,105
[19:49:45.003][D][ldc1314:450]: TRACE,183534,103,171,106
[19:49:45.026][D][ldc1314:450]: TRACE,183547,103,170,105
[19:49:45.039][D][ldc1314:450]: TRACE,183560,103,171,106
[19:49:45.039][D][ldc1314:450]: TRACE,183572,103,171,105
[19:49:45.059][D][ldc1314:450]: TRACE,183590,103,171,105
[19:49:45.074][D][ldc1314:450]: TRACE,183602,103,171,106
[19:49:45.085][D][ldc1314:450]: TRACE,183616,103,170,105
[19:49:45.101][D][ldc1314:450]: TRACE,183631,102,171,106
[19:49:45.116][D][ldc1314:450]: TRACE,183641,103,170,106
[19:49:45.130][D][ldc1314:450]: TRACE,183656,103,171,106
[19:49:45.140][D][ldc1314:450]: TRACE,183668,102,171,106
[19:49:45.154][D][ldc1314:450]: TRACE,183685,102,171,106
[19:49:45.167][D][ldc1314:450]: TRACE,183699,102,170,106
[19:49:45.187][D][ldc1314:450]: TRACE,183717,102,171,106
[19:49:45.205][D][ldc1314:450]: TRACE,183733,102,170,106
[19:49:45.214][D][ldc1314:450]: TRACE,183747,102,170,106
[19:49:45.230][D][ldc1314:450]: TRACE,183759,102,170,106
[19:49:45.328][D][ldc1314:450]: TRACE,183772,102,170,106
[19:49:45.329][D][ldc1314:450]: TRACE,183787,102,170,106
[19:49:45.329][D][ldc1314:450]: TRACE,183798,102,170,106
[19:49:45.329][D][ldc1314:450]: TRACE,183808,102,170,106
[19:49:45.329][D][ldc1314:450]: TRACE,183819,102,170,106
[19:49:45.329][D][ldc1314:450]: TRACE,183829,102,170,106
[19:49:45.329][D][ldc1314:450]: TRACE,183839,102,170,106
[19:49:45.329][D][ldc1314:450]: TRACE,183849,102,170,106
[19:49:45.329][D][ldc1314:450]: TRACE,183860,102,170,106
[19:49:45.338][D][ldc1314:450]: TRACE,183870,102,170,106
[19:49:45.355][D][ldc1314:450]: TRACE,183883,102,170,106
[19:49:45.366][D][ldc1314:450]: TRACE,183895,102,170,106
[19:49:45.377][D][ldc1314:450]: TRACE,183907,102,169,106
[19:49:45.393][D][ldc1314:450]: TRACE,183922,102,169,106
[19:49:45.406][D][ldc1314:450]: TRACE,183936,102,169,106
[19:49:45.436][D][ldc1314:450]: TRACE,183956,102,169,106
[19:49:45.443][D][ldc1314:450]: TRACE,183970,102,169,106
[19:49:45.453][D][ldc1314:450]: TRACE,183983,102,169,106
[19:49:45.467][D][ldc1314:450]: TRACE,183997,102,169,106
[19:49:45.479][D][ldc1314:450]: TRACE,184009,102,169,106
[19:49:45.490][D][ldc1314:450]: TRACE,184020,101,169,106
[19:49:45.502][D][ldc1314:450]: TRACE,184033,102,168,107
[19:49:45.516][D][ldc1314:450]: TRACE,184046,102,168,107
[19:49:45.542][D][ldc1314:450]: TRACE,184066,102,168,107
[19:49:45.554][D][ldc1314:450]: TRACE,184081,102,168,107
[19:49:45.564][D][ldc1314:450]: TRACE,184093,102,168,106
[19:49:45.578][D][ldc1314:450]: TRACE,184107,102,168,107
[19:49:45.593][D][ldc1314:450]: TRACE,184122,102,167,107
[19:49:45.602][D][ldc1314:450]: TRACE,184135,102,167,107
[19:49:45.614][D][ldc1314:450]: TRACE,184146,101,167,107
[19:49:45.641][D][ldc1314:450]: TRACE,184160,102,167,107
[19:49:45.647][D][ldc1314:450]: TRACE,184179,102,167,107
[19:49:45.660][D][ldc1314:450]: TRACE,184193,101,167,108
[19:49:45.676][D][ldc1314:450]: TRACE,184205,101,166,108
[19:49:45.688][D][ldc1314:450]: TRACE,184218,101,166,108
[19:49:45.704][D][ldc1314:450]: TRACE,184233,101,165,108
[19:49:45.719][D][ldc1314:450]: TRACE,184250,101,165,108
[19:49:45.741][D][ldc1314:450]: TRACE,184262,101,165,108
[19:49:45.747][D][ldc1314:450]: TRACE,184276,102,165,108
[19:49:45.759][D][ldc1314:450]: TRACE,184287,101,165,108
[19:49:45.853][D][ldc1314:450]: TRACE,184305,101,164,108
[19:49:45.853][D][ldc1314:450]: TRACE,184316,101,164,108
[19:49:45.853][D][ldc1314:450]: TRACE,184326,101,164,108
[19:49:45.853][D][ldc1314:450]: TRACE,184336,102,164,108
[19:49:45.853][D][ldc1314:450]: TRACE,184347,101,164,109
[19:49:45.854][D][ldc1314:450]: TRACE,184358,101,163,109
[19:49:45.854][D][ldc1314:450]: TRACE,184368,101,163,109
[19:49:45.854][D][ldc1314:450]: TRACE,184378,102,164,109
[19:49:45.861][D][ldc1314:450]: TRACE,184389,102,163,110
[19:49:45.869][D][ldc1314:450]: TRACE,184399,102,163,109
[19:49:45.890][D][ldc1314:450]: TRACE,184419,102,162,110
[19:49:45.905][D][ldc1314:450]: TRACE,184434,102,162,110
[19:49:45.919][D][ldc1314:450]: TRACE,184449,102,162,110
[19:49:45.934][D][ldc1314:450]: TRACE,184463,102,162,111
[19:49:45.956][D][ldc1314:450]: TRACE,184478,101,161,111
[19:49:45.967][D][ldc1314:450]: TRACE,184488,102,161,111
[19:49:45.974][D][ldc1314:450]: TRACE,184501,102,161,112
[19:49:45.984][D][ldc1314:450]: TRACE,184512,102,161,112
[19:49:46.000][D][ldc1314:450]: TRACE,184529,102,160,112
[19:49:46.019][D][ldc1314:450]: TRACE,184545,102,159,112
[19:49:46.027][D][ldc1314:450]: TRACE,184558,102,159,113
[19:49:46.049][D][ldc1314:450]: TRACE,184572,102,159,113
[19:49:46.056][D][ldc1314:450]: TRACE,184585,102,159,113
[19:49:46.069][D][ldc1314:450]: TRACE,184600,102,158,113
[19:49:46.083][D][ldc1314:450]: TRACE,184613,102,158,114
[19:49:46.098][D][ldc1314:450]: TRACE,184629,102,158,114
[19:49:46.112][D][ldc1314:450]: TRACE,184643,102,157,114
[19:49:46.137][D][ldc1314:450]: TRACE,184661,102,157,115
[19:49:46.155][D][ldc1314:450]: TRACE,184676,102,156,115
[19:49:46.155][D][ldc1314:450]: TRACE,184686,102,156,115
[19:49:46.165][D][ldc1314:450]: TRACE,184698,102,155,115
[19:49:46.180][D][ldc1314:450]: TRACE,184708,102,155,116
[19:49:46.197][D][ldc1314:450]: TRACE,184725,102,155,116
[19:49:46.207][D][ldc1314:450]: TRACE,184739,102,154,116
[19:49:46.226][D][ldc1314:450]: TRACE,184753,101,153,116
[19:49:46.234][D][ldc1314:450]: TRACE,184766,101,153,116
[19:49:46.257][D][ldc1314:450]: TRACE,184786,101,152,117
[19:49:46.274][D][ldc1314:450]: TRACE,184800,101,152,118
[19:49:46.378][D][ldc1314:450]: TRACE,184820,101,151,118
[19:49:46.379][D][ldc1314:450]: TRACE,184832,101,151,119
[19:49:46.379][D][ldc1314:450]: TRACE,184843,101,150,119
[19:49:46.379][D][ldc1314:450]: TRACE,184853,101,150,119
[19:49:46.379][D][ldc1314:450]: TRACE,184863,101,149,120
[19:49:46.379][D][ldc1314:450]: TRACE,184873,101,149,120
[19:49:46.379][D][ldc1314:450]: TRACE,184883,101,148,120
[19:49:46.379][D][ldc1314:450]: TRACE,184893,101,148,121
[19:49:46.390][D][ldc1314:450]: TRACE,184905,101,147,121
[19:49:46.390][D][ldc1314:450]: TRACE,184915,101,147,122
[19:49:46.397][D][ldc1314:450]: TRACE,184926,101,147,122
[19:49:46.410][D][ldc1314:450]: TRACE,184938,101,147,123
[19:49:46.425][D][ldc1314:450]: TRACE,184955,102,146,123
[19:49:46.439][D][ldc1314:450]: TRACE,184969,101,146,124
[19:49:46.458][D][ldc1314:450]: TRACE,184983,101,145,124
[19:49:46.465][D][ldc1314:450]: TRACE,184999,102,145,124
[19:49:46.484][D][ldc1314:450]: TRACE,185013,101,144,125
[19:49:46.498][D][ldc1314:450]: TRACE,185028,101,143,126
[19:49:46.514][D][ldc1314:450]: TRACE,185044,101,143,127
[19:49:46.529][D][ldc1314:450]: TRACE,185059,101,142,127
[19:49:46.546][D][ldc1314:450]: TRACE,185073,101,142,128
[19:49:46.566][D][ldc1314:450]: TRACE,185088,101,141,128
[19:49:46.577][D][ldc1314:450]: TRACE,185099,101,141,129
[19:49:46.586][D][ldc1314:450]: TRACE,185111,101,140,129
[19:49:46.604][D][ldc1314:450]: TRACE,185132,101,140,130
[19:49:46.615][D][ldc1314:450]: TRACE,185146,101,139,131
[19:49:46.629][D][ldc1314:450]: TRACE,185160,101,139,132
[19:49:46.646][D][ldc1314:450]: TRACE,185174,102,138,133
[19:49:46.665][D][ldc1314:450]: TRACE,185188,102,137,134
[19:49:46.671][D][ldc1314:450]: TRACE,185200,101,137,134
[19:49:46.682][D][ldc1314:450]: TRACE,185215,102,136,135
[19:49:46.699][D][ldc1314:450]: TRACE,185227,102,136,136
[19:49:46.716][D][ldc1314:450]: TRACE,185246,101,135,137
[19:49:46.731][D][ldc1314:450]: TRACE,185261,102,134,138
[19:49:46.743][D][ldc1314:450]: TRACE,185275,102,134,138
[19:49:46.770][D][ldc1314:450]: TRACE,185289,102,133,139
[19:49:46.782][D][ldc1314:450]: TRACE,185302,101,133,139
[19:49:46.782][D][ldc1314:450]: TRACE,185312,102,132,140
[19:49:46.798][D][ldc1314:450]: TRACE,185326,102,132,141
[19:49:46.810][D][ldc1314:450]: TRACE,185340,101,132,142
[19:49:46.901][D][ldc1314:450]: TRACE,185355,101,131,143
[19:49:46.901][D][ldc1314:450]: TRACE,185366,101,131,143
[19:49:46.901][D][ldc1314:450]: TRACE,185376,101,130,144
[19:49:46.901][D][ldc1314:450]: TRACE,185386,101,130,144
[19:49:46.901][D][ldc1314:450]: TRACE,185396,101,130,145
[19:49:46.901][D][ldc1314:450]: TRACE,185406,101,129,145
[19:49:46.901][D][ldc1314:450]: TRACE,185416,101,129,146
[19:49:46.901][D][ldc1314:450]: TRACE,185426,101,129,146
[19:49:46.909][D][ldc1314:450]: TRACE,185436,102,128,147
[19:49:46.916][D][ldc1314:450]: TRACE,185446,101,128,146
[19:49:46.934][D][ldc1314:450]: TRACE,185464,100,125,148
[19:49:46.949][D][ldc1314:450]: TRACE,185478,100,125,149
[19:49:46.972][D][ldc1314:450]: TRACE,185495,100,124,150
[19:49:46.984][D][ldc1314:450]: TRACE,185507,100,124,150
[19:49:46.991][D][ldc1314:450]: TRACE,185524,100,124,152
[19:49:47.011][D][ldc1314:450]: TRACE,185536,100,123,153
[19:49:47.020][D][ldc1314:450]: TRACE,185550,100,123,154
[19:49:47.033][D][ldc1314:450]: TRACE,185564,100,122,155
[19:49:47.051][D][ldc1314:450]: TRACE,185583,100,121,156
[19:49:47.072][D][ldc1314:450]: TRACE,185596,100,121,157
[19:49:47.080][D][ldc1314:450]: TRACE,185610,100,121,158
[19:49:47.097][D][ldc1314:450]: TRACE,185627,100,120,159
[19:49:47.109][D][ldc1314:450]: TRACE,185640,100,120,159
[19:49:47.121][D][ldc1314:450]: TRACE,185654,100,119,160
[19:49:47.136][D][ldc1314:450]: TRACE,185665,100,119,161
[19:49:47.150][D][ldc1314:450]: TRACE,185682,100,119,162
[19:49:47.175][D][ldc1314:450]: TRACE,185694,100,118,163
[19:49:47.183][D][ldc1314:450]: TRACE,185711,100,118,163
[19:49:47.194][D][ldc1314:450]: TRACE,185723,100,117,164
[19:49:47.212][D][ldc1314:450]: TRACE,185738,100,117,165
[19:49:47.220][D][ldc1314:450]: TRACE,185753,100,117,166
[19:49:47.236][D][ldc1314:450]: TRACE,185765,100,116,166
[19:49:47.252][D][ldc1314:450]: TRACE,185780,100,116,167
[19:49:47.276][D][ldc1314:450]: TRACE,185796,100,116,168
[19:49:47.294][D][ldc1314:450]: TRACE,185815,100,115,170
[19:49:47.303][D][ldc1314:450]: TRACE,185832,100,115,170
[19:49:47.320][D][ldc1314:450]: TRACE,185847,100,114,171
[19:49:47.334][D][ldc1314:450]: TRACE,185863,100,114,173
[19:49:47.424][D][ldc1314:450]: TRACE,185878,100,113,173
[19:49:47.425][D][ldc1314:450]: TRACE,185889,100,113,174
[19:49:47.425][D][ldc1314:450]: TRACE,185900,100,113,175
[19:49:47.425][D][ldc1314:450]: TRACE,185910,101,114,176
[19:49:47.425][D][ldc1314:450]: TRACE,185920,101,114,177
[19:49:47.428][D][ldc1314:450]: TRACE,185931,102,114,178
[19:49:47.428][D][ldc1314:450]: TRACE,185941,102,114,178
[19:49:47.428][D][ldc1314:450]: TRACE,185951,102,113,179
[19:49:47.428][D][ldc1314:450]: TRACE,185961,102,113,179
[19:49:47.443][D][ldc1314:450]: TRACE,185972,102,113,180
[19:49:47.457][D][ldc1314:450]: TRACE,185987,101,113,181
[19:49:47.481][D][ldc1314:450]: TRACE,186001,102,112,181
[19:49:47.485][D][ldc1314:450]: TRACE,186017,102,112,182
[19:49:47.500][D][ldc1314:450]: TRACE,186029,102,112,182
[19:49:47.521][D][ldc1314:450]: TRACE,186048,101,111,183
[19:49:47.533][D][ldc1314:450]: TRACE,186063,101,111,184
[19:49:47.548][D][ldc1314:450]: TRACE,186078,102,111,184
[19:49:47.563][D][ldc1314:450]: TRACE,186092,102,110,185
[19:49:47.587][D][ldc1314:450]: TRACE,186108,101,110,185
[19:49:47.587][D][ldc1314:450]: TRACE,186118,102,110,186
[19:49:47.599][D][ldc1314:450]: TRACE,186131,101,110,187
[19:49:47.614][D][ldc1314:450]: TRACE,186145,102,110,187
[19:49:47.626][D][ldc1314:450]: TRACE,186157,102,110,187
[19:49:47.644][D][ldc1314:450]: TRACE,186174,101,109,188
[19:49:47.656][D][ldc1314:450]: TRACE,186188,102,109,188
[19:49:47.671][D][ldc1314:450]: TRACE,186202,101,109,189
[19:49:47.686][D][ldc1314:450]: TRACE,186216,102,109,189
[19:49:47.697][D][ldc1314:450]: TRACE,186227,101,108,189
[19:49:47.711][D][ldc1314:450]: TRACE,186242,101,108,190
[19:49:47.726][D][ldc1314:450]: TRACE,186255,102,108,191
[19:49:47.739][D][ldc1314:450]: TRACE,186269,102,108,191
[19:49:47.756][D][ldc1314:450]: TRACE,186284,101,108,191
[19:49:47.770][D][ldc1314:450]: TRACE,186300,102,108,192
[19:49:47.788][D][ldc1314:450]: TRACE,186315,101,108,192
[19:49:47.794][D][ldc1314:450]: TRACE,186327,102,108,193
[19:49:47.807][D][ldc1314:450]: TRACE,186337,102,107,193
[19:49:47.822][D][ldc1314:450]: TRACE,186352,102,107,193
[19:49:47.836][D][ldc1314:450]: TRACE,186368,102,107,194
[19:49:47.852][D][ldc1314:450]: TRACE,186382,102,107,194
[19:49:47.948][D][ldc1314:450]: TRACE,186397,101,107,194
[19:49:47.949][D][ldc1314:450]: TRACE,186413,102,107,195
[19:49:47.949][D][ldc1314:450]: TRACE,186423,102,107,195
[19:49:47.949][D][ldc1314:450]: TRACE,186433,102,106,195
[19:49:47.949][D][ldc1314:450]: TRACE,186443,102,106,195
[19:49:47.950][D][ldc1314:450]: TRACE,186453,102,106,195
[19:49:47.950][D][ldc1314:450]: TRACE,186464,102,106,195
[19:49:47.950][D][ldc1314:450]: TRACE,186474,102,106,195
[19:49:47.950][D][ldc1314:450]: TRACE,186484,102,106,196
[19:49:47.966][D][ldc1314:450]: TRACE,186495,102,106,196
[19:49:47.977][D][ldc1314:450]: TRACE,186509,102,106,196
[19:49:47.998][D][ldc1314:450]: TRACE,186527,102,106,197
[19:49:48.010][D][ldc1314:450]: TRACE,186542,102,106,197
[19:49:48.024][D][ldc1314:450]: TRACE,186554,102,106,197
[19:49:48.038][D][ldc1314:450]: TRACE,186568,102,106,197
[19:49:48.053][D][ldc1314:450]: TRACE,186583,102,106,197
[19:49:48.069][D][ldc1314:450]: TRACE,186599,102,105,198
[19:49:48.083][D][ldc1314:450]: TRACE,186613,102,105,197
[19:49:48.095][D][ldc1314:450]: TRACE,186628,102,105,198
[19:49:48.113][D][ldc1314:450]: TRACE,186644,102,105,198
[19:49:48.130][D][ldc1314:450]: TRACE,186658,102,105,198
[19:49:48.140][D][ldc1314:450]: TRACE,186671,102,105,198
[19:49:48.154][D][ldc1314:450]: TRACE,186686,102,105,198
[19:49:48.170][D][ldc1314:450]: TRACE,186700,102,104,198
[19:49:48.182][D][ldc1314:450]: TRACE,186714,102,105,199
[19:49:48.201][D][ldc1314:450]: TRACE,186728,103,104,199
[19:49:48.214][D][ldc1314:450]: TRACE,186738,103,105,199
[19:49:48.227][D][ldc1314:450]: TRACE,186756,103,104,199
[19:49:48.245][D][ldc1314:450]: TRACE,186771,103,104,199
[19:49:48.256][D][ldc1314:450]: TRACE,186786,103,104,199
[19:49:48.270][D][ldc1314:450]: TRACE,186801,103,104,200
[19:49:48.299][D][ldc1314:450]: TRACE,186817,103,104,200
[19:49:48.308][D][ldc1314:450]: TRACE,186837,103,104,200
[19:49:48.321][D][ldc1314:450]: TRACE,186851,103,104,200
[19:49:48.339][D][ldc1314:450]: TRACE,186870,103,104,200
[19:49:48.353][D][ldc1314:450]: TRACE,186883,103,104,200
[19:49:48.368][D][ldc1314:450]: TRACE,186897,103,104,200
[19:49:48.384][D][ldc1314:450]: TRACE,186913,103,104,200
[19:49:48.475][D][ldc1314:450]: TRACE,186926,103,104,200
[19:49:48.476][D][ldc1314:450]: TRACE,186936,103,104,200
[19:49:48.476][D][ldc1314:450]: TRACE,186946,104,104,200
[19:49:48.476][D][ldc1314:450]: TRACE,186956,103,103,200
[19:49:48.476][D][ldc1314:450]: TRACE,186966,104,104,200
[19:49:48.476][D][ldc1314:450]: TRACE,186976,104,104,200
[19:49:48.486][D][ldc1314:450]: TRACE,186986,104,104,200
[19:49:48.486][D][ldc1314:450]: TRACE,186996,104,104,200
[19:49:48.486][D][ldc1314:450]: TRACE,187007,104,103,200
[19:49:48.487][D][ldc1314:450]: TRACE,187017,104,104,200
[19:49:48.505][D][ldc1314:450]: TRACE,187032,105,104,201
[19:49:48.520][D][ldc1314:450]: TRACE,187046,104,104,201
[19:49:48.532][D][ldc1314:450]: TRACE,187061,105,104,201
[19:49:48.545][D][ldc1314:450]: TRACE,187076,105,104,201
[19:49:48.562][D][ldc1314:450]: TRACE,187093,105,104,201
[19:49:48.576][D][ldc1314:450]: TRACE,187106,105,104,201
[19:49:48.591][D][ldc1314:450]: TRACE,187121,105,103,201
[19:49:48.609][D][ldc1314:450]: TRACE,187137,105,104,201
[19:49:48.623][D][ldc1314:450]: TRACE,187149,106,104,201
[19:49:48.631][D][ldc1314:450]: TRACE,187164,105,103,201
[19:49:48.647][D][ldc1314:450]: TRACE,187176,106,103,201
[19:49:48.658][D][ldc1314:450]: TRACE,187190,106,103,200
[19:49:48.673][D][ldc1314:450]: TRACE,187203,106,103,200
[19:49:48.692][D][ldc1314:450]: TRACE,187222,106,103,200
[19:49:48.709][D][ldc1314:450]: TRACE,187236,106,103,200
[19:49:48.719][D][ldc1314:450]: TRACE,187250,107,103,200
[19:49:48.733][D][ldc1314:450]: TRACE,187265,107,103,200
[19:49:48.751][D][ldc1314:450]: TRACE,187277,107,103,200
[19:49:48.762][D][ldc1314:450]: TRACE,187292,107,103,200
[19:49:48.779][D][ldc1314:450]: TRACE,187308,108,103,200
[19:49:48.794][D][ldc1314:450]: TRACE,187323,108,103,199
[19:49:48.818][D][ldc1314:450]: TRACE,187343,108,103,199
[19:49:48.828][D][ldc1314:450]: TRACE,187353,109,103,199
[19:49:48.839][D][ldc1314:450]: TRACE,187368,109,103,199
[19:49:48.852][D][ldc1314:450]: TRACE,187383,109,103,199
[19:49:48.866][D][ldc1314:450]: TRACE,187397,109,103,199
[19:49:48.879][D][ldc1314:450]: TRACE,187411,110,103,199
[19:49:48.893][D][ldc1314:450]: TRACE,187424,110,103,198
[19:49:49.000][D][ldc1314:450]: TRACE,187438,110,103,198
[19:49:49.011][D][ldc1314:450]: TRACE,187456,110,103,198
[19:49:49.011][D][ldc1314:450]: TRACE,187467,110,103,198
[19:49:49.011][D][ldc1314:450]: TRACE,187477,111,103,198
[19:49:49.011][D][ldc1314:450]: TRACE,187487,111,103,198
[19:49:49.011][D][ldc1314:450]: TRACE,187498,111,103,198
[19:49:49.012][D][ldc1314:450]: TRACE,187507,112,103,198
[19:49:49.012][D][ldc1314:450]: TRACE,187517,112,103,198
[19:49:49.012][D][ldc1314:450]: TRACE,187527,112,103,198
[19:49:49.020][D][ldc1314:450]: TRACE,187537,112,103,198
[19:49:49.020][D][ldc1314:450]: TRACE,187547,113,103,197
[19:49:49.032][D][ldc1314:450]: TRACE,187557,113,103,197
[19:49:49.046][D][ldc1314:450]: TRACE,187576,114,103,197
[19:49:49.063][D][ldc1314:450]: TRACE,187591,114,103,196
[19:49:49.076][D][ldc1314:450]: TRACE,187602,114,103,196
[19:49:49.082][D][ldc1314:450]: TRACE,187613,114,103,196
[19:49:49.099][D][ldc1314:450]: TRACE,187628,115,103,196
[19:49:49.119][D][ldc1314:450]: TRACE,187642,115,103,195
[19:49:49.125][D][ldc1314:450]: TRACE,187655,116,103,195
[19:49:49.139][D][ldc1314:450]: TRACE,187669,116,103,195
[19:49:49.159][D][ldc1314:450]: TRACE,187685,117,103,195
[19:49:49.171][D][ldc1314:450]: TRACE,187702,117,103,194
[19:49:49.186][D][ldc1314:450]: TRACE,187717,118,104,194
[19:49:49.202][D][ldc1314:450]: TRACE,187731,118,103,194
[19:49:49.222][D][ldc1314:450]: TRACE,187745,119,103,193
[19:49:49.228][D][ldc1314:450]: TRACE,187760,119,103,193
[19:49:49.239][D][ldc1314:450]: TRACE,187773,120,103,193
[19:49:49.256][D][ldc1314:450]: TRACE,187785,120,103,193
[19:49:49.270][D][ldc1314:450]: TRACE,187799,121,103,192
[19:49:49.293][D][ldc1314:450]: TRACE,187817,121,103,191
[19:49:49.310][D][ldc1314:450]: TRACE,187838,122,103,191
[19:49:49.322][D][ldc1314:450]: TRACE,187854,123,103,190
[19:49:49.341][D][ldc1314:450]: TRACE,187865,123,103,190
[19:49:49.349][D][ldc1314:450]: TRACE,187880,123,103,190
[19:49:49.365][D][ldc1314:450]: TRACE,187894,124,103,189
[19:49:49.380][D][ldc1314:450]: TRACE,187911,125,103,189
[19:49:49.396][D][ldc1314:450]: TRACE,187925,125,103,188
[19:49:49.415][D][ldc1314:450]: TRACE,187944,126,103,188
[19:49:49.429][D][ldc1314:450]: TRACE,187959,127,103,187
[19:49:49.522][D][ldc1314:450]: TRACE,187973,127,103,187
[19:49:49.522][D][ldc1314:450]: TRACE,187985,128,103,186
[19:49:49.522][D][ldc1314:450]: TRACE,187995,128,103,185
[19:49:49.522][D][ldc1314:450]: TRACE,188005,129,103,185
[19:49:49.523][D][ldc1314:450]: TRACE,188015,129,103,184
[19:49:49.523][D][ldc1314:450]: TRACE,188025,130,103,184
[19:49:49.523][D][ldc1314:450]: TRACE,188035,130,103,183
[19:49:49.531][D][ldc1314:450]: TRACE,188046,131,103,182
[19:49:49.532][D][ldc1314:450]: TRACE,188057,131,103,182
[19:49:49.538][D][ldc1314:450]: TRACE,188067,132,103,182
[19:49:49.550][D][ldc1314:450]: TRACE,188083,133,103,181
[19:49:49.568][D][ldc1314:450]: TRACE,188095,133,103,180
[19:49:49.579][D][ldc1314:450]: TRACE,188111,134,103,180
[19:49:49.594][D][ldc1314:450]: TRACE,188125,134,104,179
[19:49:49.607][D][ldc1314:450]: TRACE,188137,135,103,177
[19:49:49.630][D][ldc1314:450]: TRACE,188158,136,103,176
[19:49:49.647][D][ldc1314:450]: TRACE,188175,136,103,176
[19:49:49.658][D][ldc1314:450]: TRACE,188189,137,103,175
[19:49:49.671][D][ldc1314:450]: TRACE,188203,137,103,174
[19:49:49.684][D][ldc1314:450]: TRACE,188215,138,103,173
[19:49:49.697][D][ldc1314:450]: TRACE,188229,138,103,173
[19:49:49.712][D][ldc1314:450]: TRACE,188243,139,103,172
[19:49:49.734][D][ldc1314:450]: TRACE,188257,140,102,170
[19:49:49.751][D][ldc1314:450]: TRACE,188277,139,102,169
[19:49:49.766][D][ldc1314:450]: TRACE,188292,140,102,168
[19:49:49.775][D][ldc1314:450]: TRACE,188306,140,102,167
[19:49:49.790][D][ldc1314:450]: TRACE,188320,141,102,166
[19:49:49.807][D][ldc1314:450]: TRACE,188335,141,102,165
[19:49:49.820][D][ldc1314:450]: TRACE,188349,142,102,164
[19:49:49.838][D][ldc1314:450]: TRACE,188364,143,102,163
[19:49:49.847][D][ldc1314:450]: TRACE,188376,143,102,162
[19:49:49.866][D][ldc1314:450]: TRACE,188393,144,102,161
[19:49:49.880][D][ldc1314:450]: TRACE,188409,145,102,160
[19:49:49.899][D][ldc1314:450]: TRACE,188426,145,102,159
[19:49:49.911][D][ldc1314:450]: TRACE,188440,146,102,158
[19:49:49.922][D][ldc1314:450]: TRACE,188454,147,102,157
[19:49:49.937][D][ldc1314:450]: TRACE,188466,147,102,157
[19:49:49.954][D][ldc1314:450]: TRACE,188479,148,102,156
[19:49:50.047][D][ldc1314:450]: TRACE,188501,148,102,155
[19:49:50.047][D][ldc1314:450]: TRACE,188511,148,102,154
[19:49:50.047][D][ldc1314:450]: TRACE,188521,149,102,154
[19:49:50.047][D][ldc1314:450]: TRACE,188531,149,102,153
[19:49:50.047][D][ldc1314:450]: TRACE,188541,149,102,152
[19:49:50.047][D][ldc1314:450]: TRACE,188551,150,102,152
[19:49:50.047][D][ldc1314:450]: TRACE,188561,150,102,151
[19:49:50.047][D][ldc1314:450]: TRACE,188571,151,102,151
[19:49:50.057][D][ldc1314:450]: TRACE,188582,151,102,150
[19:49:50.068][D][ldc1314:450]: TRACE,188592,151,102,149
[19:49:50.076][D][ldc1314:450]: TRACE,188606,151,102,149
[19:49:50.090][D][ldc1314:450]: TRACE,188621,152,102,148
[19:49:50.105][D][ldc1314:450]: TRACE,188635,152,102,147
[19:49:50.118][D][ldc1314:450]: TRACE,188649,153,102,146
[19:49:50.142][D][ldc1314:450]: TRACE,188663,153,102,145
[19:49:50.149][D][ldc1314:450]: TRACE,188678,154,102,144
[19:49:50.163][D][ldc1314:450]: TRACE,188690,154,102,143
[19:49:50.181][D][ldc1314:450]: TRACE,188710,155,102,142
[19:49:50.196][D][ldc1314:450]: TRACE,188725,155,102,141
[19:49:50.206][D][ldc1314:450]: TRACE,188739,156,102,140
[19:49:50.219][D][ldc1314:450]: TRACE,188751,156,102,140
[19:49:50.247][D][ldc1314:450]: TRACE,188765,157,102,139
[19:49:50.254][D][ldc1314:450]: TRACE,188779,157,102,138
[19:49:50.263][D][ldc1314:450]: TRACE,188792,157,102,137
[19:49:50.283][D][ldc1314:450]: TRACE,188804,157,102,136
[19:49:50.298][D][ldc1314:450]: TRACE,188823,158,102,135
[19:49:50.311][D][ldc1314:450]: TRACE,188842,158,102,134
[19:49:50.326][D][ldc1314:450]: TRACE,188857,159,102,134
[19:49:50.347][D][ldc1314:450]: TRACE,188871,159,102,133
[19:49:50.354][D][ldc1314:450]: TRACE,188883,159,102,133
[19:49:50.366][D][ldc1314:450]: TRACE,188898,159,102,132
[19:49:50.381][D][ldc1314:450]: TRACE,188911,159,102,131
[19:49:50.399][D][ldc1314:450]: TRACE,188932,160,102,130
[19:49:50.415][D][ldc1314:450]: TRACE,188944,160,102,130
[19:49:50.430][D][ldc1314:450]: TRACE,188960,161,102,129
[19:49:50.472][D][ldc1314:450]: TRACE,188976,161,102,128
[19:49:50.480][D][ldc1314:450]: TRACE,188987,161,102,128
[19:49:50.480][D][ldc1314:450]: TRACE,188997,161,102,127
[19:49:50.480][D][ldc1314:450]: TRACE,189009,161,102,126
[19:49:50.572][D][ldc1314:450]: TRACE,189019,161,102,126
[19:49:50.572][D][ldc1314:450]: TRACE,189035,161,102,125
[19:49:50.572][D][ldc1314:450]: TRACE,189045,162,102,125
[19:49:50.572][D][ldc1314:450]: TRACE,189055,162,102,124
[19:49:50.572][D][ldc1314:450]: TRACE,189065,162,102,124
[19:49:50.573][D][ldc1314:450]: TRACE,189076,162,102,124
[19:49:50.573][D][ldc1314:450]: TRACE,189086,162,102,123
[19:49:50.573][D][ldc1314:450]: TRACE,189096,163,102,123
[19:49:50.573][D][ldc1314:450]: TRACE,189106,163,102,122
[19:49:50.587][D][ldc1314:450]: TRACE,189117,163,102,122
[19:49:50.599][D][ldc1314:450]: TRACE,189129,163,102,121
[19:49:50.618][D][ldc1314:450]: TRACE,189148,163,102,120
[19:49:50.634][D][ldc1314:450]: TRACE,189162,163,102,120
[19:49:50.653][D][ldc1314:450]: TRACE,189180,163,102,119
[19:49:50.659][D][ldc1314:450]: TRACE,189193,164,102,119
[19:49:50.673][D][ldc1314:450]: TRACE,189205,164,102,118
[19:49:50.689][D][ldc1314:450]: TRACE,189218,164,102,118
[19:49:50.701][D][ldc1314:450]: TRACE,189232,164,102,118
[19:49:50.718][D][ldc1314:450]: TRACE,189246,164,102,117
[19:49:50.737][D][ldc1314:450]: TRACE,189266,164,103,116
[19:49:50.756][D][ldc1314:450]: TRACE,189281,164,102,116
[19:49:50.764][D][ldc1314:450]: TRACE,189294,164,102,116
[19:49:50.778][D][ldc1314:450]: TRACE,189310,165,102,116
[19:49:50.792][D][ldc1314:450]: TRACE,189321,165,103,115
[19:49:50.809][D][ldc1314:450]: TRACE,189334,165,103,115
[19:49:50.818][D][ldc1314:450]: TRACE,189349,165,103,115
[19:49:50.833][D][ldc1314:450]: TRACE,189362,165,103,115
[19:49:50.862][D][ldc1314:450]: TRACE,189383,166,103,114
[19:49:50.862][D][ldc1314:450]: TRACE,189394,166,103,114
[19:49:50.877][D][ldc1314:450]: TRACE,189406,166,103,113
[19:49:50.888][D][ldc1314:450]: TRACE,189418,166,103,113
[19:49:50.902][D][ldc1314:450]: TRACE,189433,166,104,113
[19:49:50.915][D][ldc1314:450]: TRACE,189447,166,104,113
[19:49:50.930][D][ldc1314:450]: TRACE,189460,166,103,112
[19:49:50.942][D][ldc1314:450]: TRACE,189473,166,104,112
[19:49:50.967][D][ldc1314:450]: TRACE,189492,166,104,112
[19:49:50.983][D][ldc1314:450]: TRACE,189503,166,104,111
[19:49:50.990][D][ldc1314:450]: TRACE,189518,166,104,111
[19:49:51.002][D][ldc1314:450]: TRACE,189529,166,104,111
[19:49:51.095][D][ldc1314:450]: TRACE,189546,166,104,111
[19:49:51.096][D][ldc1314:450]: TRACE,189557,166,104,110
[19:49:51.096][D][ldc1314:450]: TRACE,189567,166,104,110
[19:49:51.096][D][ldc1314:450]: TRACE,189577,166,104,110
[19:49:51.096][D][ldc1314:450]: TRACE,189587,166,104,110
[19:49:51.096][D][ldc1314:450]: TRACE,189597,166,105,110
[19:49:51.104][D][ldc1314:450]: TRACE,189608,166,104,110
[19:49:51.104][D][ldc1314:450]: TRACE,189618,166,104,109
[19:49:51.104][D][ldc1314:450]: TRACE,189628,166,105,109
[19:49:51.107][D][ldc1314:450]: TRACE,189638,166,105,109
[19:49:51.122][D][ldc1314:450]: TRACE,189652,166,105,109
[19:49:51.135][D][ldc1314:450]: TRACE,189666,166,105,109
[19:49:51.151][D][ldc1314:450]: TRACE,189681,166,105,109
[19:49:51.165][D][ldc1314:450]: TRACE,189695,166,105,109
[19:49:51.183][D][ldc1314:450]: TRACE,189708,166,105,108
[19:49:51.196][D][ldc1314:450]: TRACE,189725,166,105,108
[19:49:51.209][D][ldc1314:450]: TRACE,189740,166,106,108
[19:49:51.227][D][ldc1314:450]: TRACE,189755,166,106,108
[19:49:51.237][D][ldc1314:450]: TRACE,189767,166,106,108
[19:49:51.251][D][ldc1314:450]: TRACE,189781,166,106,108
[19:49:51.267][D][ldc1314:450]: TRACE,189795,166,106,108
[19:49:51.285][D][ldc1314:450]: TRACE,189808,166,106,107
[19:49:51.305][D][ldc1314:450]: TRACE,189825,166,106,107
[19:49:51.316][D][ldc1314:450]: TRACE,189846,166,107,107
[19:49:51.333][D][ldc1314:450]: TRACE,189860,166,107,107
[19:49:51.347][D][ldc1314:450]: TRACE,189876,166,107,106
[19:49:51.370][D][ldc1314:450]: TRACE,189891,166,107,106
[19:49:51.376][D][ldc1314:450]: TRACE,189906,166,107,107
[19:49:51.387][D][ldc1314:450]: TRACE,189918,166,107,106
[19:49:51.406][D][ldc1314:450]: TRACE,189933,166,108,106
[19:49:51.417][D][ldc1314:450]: TRACE,189947,166,108,106
[19:49:51.434][D][ldc1314:450]: TRACE,189964,166,108,106
[19:49:51.449][D][ldc1314:450]: TRACE,189978,166,108,106
[19:49:51.471][D][ldc1314:450]: TRACE,189995,165,108,106
[19:49:51.479][D][ldc1314:450]: TRACE,190009,166,108,106
[19:49:51.493][D][ldc1314:450]: TRACE,190025,165,109,106
[19:49:51.508][D][ldc1314:450]: TRACE,190037,165,109,106
[19:49:51.521][D][ldc1314:450]: TRACE,190053,165,109,105
[19:49:51.619][D][ldc1314:450]: TRACE,190067,165,109,106
[19:49:51.620][D][ldc1314:450]: TRACE,190083,165,110,106
[19:49:51.620][D][ldc1314:450]: TRACE,190093,165,110,105
[19:49:51.620][D][ldc1314:450]: TRACE,190103,164,110,105
[19:49:51.620][D][ldc1314:450]: TRACE,190118,164,110,105
[19:49:51.626][D][ldc1314:450]: TRACE,190128,164,110,106
[19:49:51.626][D][ldc1314:450]: TRACE,190138,164,110,105
[19:49:51.626][D][ldc1314:450]: TRACE,190148,164,111,105
[19:49:51.626][D][ldc1314:450]: TRACE,190158,164,111,105
[19:49:51.639][D][ldc1314:450]: TRACE,190170,164,111,105
[19:49:51.654][D][ldc1314:450]: TRACE,190184,164,112,105
[19:49:51.677][D][ldc1314:450]: TRACE,190202,164,112,105
[19:49:51.686][D][ldc1314:450]: TRACE,190215,163,112,105
[19:49:51.699][D][ldc1314:450]: TRACE,190231,162,112,105
[19:49:51.713][D][ldc1314:450]: TRACE,190243,162,112,105
[19:49:51.728][D][ldc1314:450]: TRACE,190257,162,113,105
[19:49:51.742][D][ldc1314:450]: TRACE,190272,162,113,104
[19:49:51.757][D][ldc1314:450]: TRACE,190286,162,113,104
[19:49:51.779][D][ldc1314:450]: TRACE,190307,161,114,104
[19:49:51.791][D][ldc1314:450]: TRACE,190320,161,114,104
[19:49:51.806][D][ldc1314:450]: TRACE,190335,161,114,104
[19:49:51.820][D][ldc1314:450]: TRACE,190350,161,114,104
[19:49:51.835][D][ldc1314:450]: TRACE,190364,161,115,104
[19:49:51.849][D][ldc1314:450]: TRACE,190378,160,115,104
[19:49:51.863][D][ldc1314:450]: TRACE,190393,160,115,104
[19:49:51.882][D][ldc1314:450]: TRACE,190406,160,116,104
[19:49:51.891][D][ldc1314:450]: TRACE,190420,159,116,104
[19:49:51.904][D][ldc1314:450]: TRACE,190435,159,117,104
[19:49:51.924][D][ldc1314:450]: TRACE,190450,159,117,104
[19:49:51.933][D][ldc1314:450]: TRACE,190464,159,117,104
[19:49:51.947][D][ldc1314:450]: TRACE,190477,159,118,104
[19:49:51.961][D][ldc1314:450]: TRACE,190491,158,118,104
[19:49:51.984][D][ldc1314:450]: TRACE,190505,158,118,104
[19:49:51.989][D][ldc1314:450]: TRACE,190520,157,119,104
[19:49:52.006][D][ldc1314:450]: TRACE,190538,157,120,104
[19:49:52.020][D][ldc1314:450]: TRACE,190550,156,120,104
[19:49:52.035][D][ldc1314:450]: TRACE,190566,156,121,104
[19:49:52.049][D][ldc1314:450]: TRACE,190579,155,121,104
[19:49:52.144][D][ldc1314:450]: TRACE,190594,155,122,104
[19:49:52.144][D][ldc1314:450]: TRACE,190606,154,122,104
[19:49:52.144][D][ldc1314:450]: TRACE,190616,154,122,104
[19:49:52.144][D][ldc1314:450]: TRACE,190626,154,123,104
[19:49:52.144][D][ldc1314:450]: TRACE,190636,154,123,104
[19:49:52.144][D][ldc1314:450]: TRACE,190646,153,123,104
[19:49:52.150][D][ldc1314:450]: TRACE,190656,153,123,104
[19:49:52.150][D][ldc1314:450]: TRACE,190666,153,124,104
[19:49:52.150][D][ldc1314:450]: TRACE,190676,153,124,104
[19:49:52.160][D][ldc1314:450]: TRACE,190687,152,124,104
[19:49:52.175][D][ldc1314:450]: TRACE,190704,152,125,104
[19:49:52.194][D][ldc1314:450]: TRACE,190719,152,126,104
[19:49:52.209][D][ldc1314:450]: TRACE,190731,151,126,104
[19:49:52.218][D][ldc1314:450]: TRACE,190748,150,126,104
[19:49:52.232][D][ldc1314:450]: TRACE,190763,150,127,104
[19:49:52.254][D][ldc1314:450]: TRACE,190782,149,128,104
[19:49:52.270][D][ldc1314:450]: TRACE,190797,149,128,104
[19:49:52.291][D][ldc1314:450]: TRACE,190813,148,129,104
[19:49:52.299][D][ldc1314:450]: TRACE,190826,147,129,104
[19:49:52.312][D][ldc1314:450]: TRACE,190845,147,130,104
[19:49:52.328][D][ldc1314:450]: TRACE,190857,146,130,104
[19:49:52.342][D][ldc1314:450]: TRACE,190871,145,131,104
[19:49:52.357][D][ldc1314:450]: TRACE,190883,145,131,104
[19:49:52.373][D][ldc1314:450]: TRACE,190903,144,132,104
[19:49:52.395][D][ldc1314:450]: TRACE,190919,143,133,104
[19:49:52.407][D][ldc1314:450]: TRACE,190933,143,133,104
[19:49:52.416][D][ldc1314:450]: TRACE,190949,142,134,104
[19:49:52.435][D][ldc1314:450]: TRACE,190961,141,135,104
[19:49:52.445][D][ldc1314:450]: TRACE,190976,141,135,104
[19:49:52.459][D][ldc1314:450]: TRACE,190990,140,136,104
[19:49:52.471][D][ldc1314:450]: TRACE,191004,140,137,104
[19:49:52.496][D][ldc1314:450]: TRACE,191021,139,137,104
[19:49:52.504][D][ldc1314:450]: TRACE,191034,139,138,104
[19:49:52.518][D][ldc1314:450]: TRACE,191050,138,138,104
[19:49:52.532][D][ldc1314:450]: TRACE,191063,137,139,104
[19:49:52.547][D][ldc1314:450]: TRACE,191077,137,139,104
[19:49:52.557][D][ldc1314:450]: TRACE,191089,136,139,104
[19:49:52.572][D][ldc1314:450]: TRACE,191103,136,140,104
[19:49:52.668][D][ldc1314:450]: TRACE,191117,135,140,104
[19:49:52.669][D][ldc1314:450]: TRACE,191132,134,141,104
[19:49:52.669][D][ldc1314:450]: TRACE,191143,134,141,104
[19:49:52.669][D][ldc1314:450]: TRACE,191153,134,142,104
[19:49:52.669][D][ldc1314:450]: TRACE,191164,133,142,104
[19:49:52.670][D][ldc1314:450]: TRACE,191174,133,142,104
[19:49:52.670][D][ldc1314:450]: TRACE,191184,132,144,104
[19:49:52.670][D][ldc1314:450]: TRACE,191194,132,144,104
[19:49:52.670][D][ldc1314:450]: TRACE,191204,132,145,104
[19:49:52.685][D][ldc1314:450]: TRACE,191214,131,145,104
[19:49:52.700][D][ldc1314:450]: TRACE,191229,131,146,104
[19:49:52.713][D][ldc1314:450]: TRACE,191243,130,146,104
[19:49:52.737][D][ldc1314:450]: TRACE,191261,129,147,104
[19:49:52.745][D][ldc1314:450]: TRACE,191277,129,147,104
[19:49:52.759][D][ldc1314:450]: TRACE,191290,128,148,104
[19:49:52.774][D][ldc1314:450]: TRACE,191304,127,149,104
[19:49:52.790][D][ldc1314:450]: TRACE,191319,127,149,104
[19:49:52.805][D][ldc1314:450]: TRACE,191336,126,150,104
[19:49:52.826][D][ldc1314:450]: TRACE,191346,126,151,104
[19:49:52.838][D][ldc1314:450]: TRACE,191366,125,151,104
[19:49:52.851][D][ldc1314:450]: TRACE,191381,124,151,104
[19:49:52.866][D][ldc1314:450]: TRACE,191395,124,152,104
[19:49:52.880][D][ldc1314:450]: TRACE,191410,123,152,104
[19:49:52.905][D][ldc1314:450]: TRACE,191427,123,153,104
[19:49:52.912][D][ldc1314:450]: TRACE,191442,122,153,104
[19:49:52.926][D][ldc1314:450]: TRACE,191456,122,154,104
[19:49:52.946][D][ldc1314:450]: TRACE,191470,121,154,104
[19:49:52.958][D][ldc1314:450]: TRACE,191486,121,155,104
[19:49:52.973][D][ldc1314:450]: TRACE,191503,120,155,104
[19:49:52.985][D][ldc1314:450]: TRACE,191517,120,155,104
[19:49:53.007][D][ldc1314:450]: TRACE,191531,119,156,104
[19:49:53.015][D][ldc1314:450]: TRACE,191545,119,156,104
[19:49:53.029][D][ldc1314:450]: TRACE,191560,118,156,104
[19:49:53.044][D][ldc1314:450]: TRACE,191572,117,157,104
[19:49:53.060][D][ldc1314:450]: TRACE,191592,117,158,104
[19:49:53.073][D][ldc1314:450]: TRACE,191606,116,158,104
[19:49:53.087][D][ldc1314:450]: TRACE,191619,116,158,104
[19:49:53.195][D][ldc1314:450]: TRACE,191632,115,159,104
[19:49:53.195][D][ldc1314:450]: TRACE,191645,115,159,104
[19:49:53.195][D][ldc1314:450]: TRACE,191657,114,160,104
[19:49:53.195][D][ldc1314:450]: TRACE,191668,114,160,104
[19:49:53.195][D][ldc1314:450]: TRACE,191678,114,160,104
[19:49:53.195][D][ldc1314:450]: TRACE,191688,114,160,104
[19:49:53.195][D][ldc1314:450]: TRACE,191699,113,160,104
[19:49:53.212][D][ldc1314:450]: TRACE,191711,113,161,104
[19:49:53.212][D][ldc1314:450]: TRACE,191721,113,161,104
[19:49:53.212][D][ldc1314:450]: TRACE,191731,113,161,104
[19:49:53.212][D][ldc1314:450]: TRACE,191741,112,162,104
[19:49:53.224][D][ldc1314:450]: TRACE,191755,112,162,104
[19:49:53.237][D][ldc1314:450]: TRACE,191769,112,162,104
[19:49:53.253][D][ldc1314:450]: TRACE,191783,111,162,104
[19:49:53.265][D][ldc1314:450]: TRACE,191796,111,163,104
[19:49:53.281][D][ldc1314:450]: TRACE,191810,111,163,104
[19:49:53.295][D][ldc1314:450]: TRACE,191825,111,163,104
[19:49:53.320][D][ldc1314:450]: TRACE,191844,110,164,105
[19:49:53.333][D][ldc1314:450]: TRACE,191861,110,164,104
[19:49:53.346][D][ldc1314:450]: TRACE,191875,110,164,105
[19:49:53.358][D][ldc1314:450]: TRACE,191889,109,164,105
[19:49:53.371][D][ldc1314:450]: TRACE,191902,109,165,104
[19:49:53.387][D][ldc1314:450]: TRACE,191917,109,165,104
[19:49:53.402][D][ldc1314:450]: TRACE,191931,108,165,104
[19:49:53.417][D][ldc1314:450]: TRACE,191946,108,165,104
[19:49:53.436][D][ldc1314:450]: TRACE,191959,108,166,104
[19:49:53.445][D][ldc1314:450]: TRACE,191977,107,166,105
[19:49:53.459][D][ldc1314:450]: TRACE,191989,107,166,104
[19:49:53.475][D][ldc1314:450]: TRACE,192003,107,166,105
[19:49:53.489][D][ldc1314:450]: TRACE,192020,107,167,104
[19:49:53.505][D][ldc1314:450]: TRACE,192034,106,167,104
[19:49:53.521][D][ldc1314:450]: TRACE,192048,106,167,104
[19:49:53.527][D][ldc1314:450]: TRACE,192058,106,167,104
[19:49:53.547][D][ldc1314:450]: TRACE,192078,106,167,105
[19:49:53.561][D][ldc1314:450]: TRACE,192092,106,167,104
[19:49:53.577][D][ldc1314:450]: TRACE,192108,106,168,105
[19:49:53.592][D][ldc1314:450]: TRACE,192122,105,168,105
[19:49:53.608][D][ldc1314:450]: TRACE,192138,105,168,105
[19:49:53.626][D][ldc1314:450]: TRACE,192152,105,168,105
[19:49:53.718][D][ldc1314:450]: TRACE,192162,105,168,105
[19:49:53.719][D][ldc1314:450]: TRACE,192176,105,168,105
[19:49:53.719][D][ldc1314:450]: TRACE,192187,105,168,105
[19:49:53.719][D][ldc1314:450]: TRACE,192197,105,168,104
[19:49:53.719][D][ldc1314:450]: TRACE,192207,104,168,104
[19:49:53.719][D][ldc1314:450]: TRACE,192217,104,168,105
[19:49:53.724][D][ldc1314:450]: TRACE,192227,104,169,105
[19:49:53.725][D][ldc1314:450]: TRACE,192237,104,169,105
[19:49:53.725][D][ldc1314:450]: TRACE,192247,104,169,105
[19:49:53.725][D][ldc1314:450]: TRACE,192257,104,169,105
[19:49:53.743][D][ldc1314:450]: TRACE,192267,104,169,105
[19:49:53.756][D][ldc1314:450]: TRACE,192285,104,169,104
[19:49:53.774][D][ldc1314:450]: TRACE,192304,103,169,104
[19:49:53.787][D][ldc1314:450]: TRACE,192320,103,169,104
[19:49:53.801][D][ldc1314:450]: TRACE,192332,103,169,105
[19:49:53.826][D][ldc1314:450]: TRACE,192346,103,170,104
[19:49:53.834][D][ldc1314:450]: TRACE,192361,103,170,105
[19:49:53.848][D][ldc1314:450]: TRACE,192375,103,170,105
[19:49:53.864][D][ldc1314:450]: TRACE,192392,103,170,105
[19:49:53.873][D][ldc1314:450]: TRACE,192406,103,170,105
[19:49:53.893][D][ldc1314:450]: TRACE,192422,102,170,105
[19:49:53.906][D][ldc1314:450]: TRACE,192436,102,170,105
[19:49:53.928][D][ldc1314:450]: TRACE,192450,102,170,105
[19:49:53.933][D][ldc1314:450]: TRACE,192465,102,170,105
[19:49:53.948][D][ldc1314:450]: TRACE,192478,102,170,105
[19:49:53.961][D][ldc1314:450]: TRACE,192490,102,170,105
[19:49:53.974][D][ldc1314:450]: TRACE,192506,102,170,105
[19:49:53.991][D][ldc1314:450]: TRACE,192518,102,170,105
[19:49:54.013][D][ldc1314:450]: TRACE,192540,102,170,105
[19:49:54.031][D][ldc1314:450]: TRACE,192554,102,170,105
[19:49:54.040][D][ldc1314:450]: TRACE,192568,102,170,105
[19:49:54.051][D][ldc1314:450]: TRACE,192582,102,170,105
[19:49:54.071][D][ldc1314:450]: TRACE,192597,102,170,105
[19:49:54.079][D][ldc1314:450]: TRACE,192611,102,170,105
[19:49:54.100][D][ldc1314:450]: TRACE,192624,102,170,105
[19:49:54.103][D][ldc1314:450]: TRACE,192637,102,170,105
[19:49:54.118][D][ldc1314:450]: TRACE,192647,102,170,105
[19:49:54.142][D][ldc1314:450]: TRACE,192667,101,170,105
[19:49:54.242][D][ldc1314:450]: TRACE,192680,102,170,105
[19:49:54.242][D][ldc1314:450]: TRACE,192695,101,170,105
[19:49:54.242][D][ldc1314:450]: TRACE,192705,101,170,105
[19:49:54.242][D][ldc1314:450]: TRACE,192715,101,170,105
[19:49:54.243][D][ldc1314:450]: TRACE,192726,101,170,105
[19:49:54.243][D][ldc1314:450]: TRACE,192736,101,169,105
[19:49:54.243][D][ldc1314:450]: TRACE,192746,101,169,105
[19:49:54.243][D][ldc1314:450]: TRACE,192756,101,170,105
[19:49:54.243][D][ldc1314:450]: TRACE,192766,101,169,105
[19:49:54.249][D][ldc1314:450]: TRACE,192778,101,169,105
[19:49:54.260][D][ldc1314:450]: TRACE,192789,101,169,105
[19:49:54.277][D][ldc1314:450]: TRACE,192804,101,169,105
[19:49:54.289][D][ldc1314:450]: TRACE,192819,101,169,105
[19:49:54.304][D][ldc1314:450]: TRACE,192834,101,169,105
[19:49:54.323][D][ldc1314:450]: TRACE,192848,101,169,105
[19:49:54.337][D][ldc1314:450]: TRACE,192868,101,169,105
[19:49:54.350][D][ldc1314:450]: TRACE,192879,101,169,105
[19:49:54.368][D][ldc1314:450]: TRACE,192898,101,169,106
[19:49:54.382][D][ldc1314:450]: TRACE,192912,101,168,106
[19:49:54.399][D][ldc1314:450]: TRACE,192928,101,168,106
[19:49:54.415][D][ldc1314:450]: TRACE,192942,101,168,105
[19:49:54.424][D][ldc1314:450]: TRACE,192957,101,168,105
[19:49:54.444][D][ldc1314:450]: TRACE,192969,101,168,106
[19:49:54.452][D][ldc1314:450]: TRACE,192981,101,168,106
[19:49:54.463][D][ldc1314:450]: TRACE,192996,101,168,106
[19:49:54.484][D][ldc1314:450]: TRACE,193010,101,168,106
[19:49:54.496][D][ldc1314:450]: TRACE,193025,101,167,106
[19:49:54.511][D][ldc1314:450]: TRACE,193041,101,167,106
[19:49:54.527][D][ldc1314:450]: TRACE,193056,101,168,108
[19:49:54.542][D][ldc1314:450]: TRACE,193072,102,168,108
[19:49:54.555][D][ldc1314:450]: TRACE,193085,102,168,108
[19:49:54.570][D][ldc1314:450]: TRACE,193100,102,168,108
[19:49:54.586][D][ldc1314:450]: TRACE,193114,102,167,108
[19:49:54.604][D][ldc1314:450]: TRACE,193136,102,167,108
[19:49:54.620][D][ldc1314:450]: TRACE,193150,102,167,108
[19:49:54.645][D][ldc1314:450]: TRACE,193165,102,167,108
[19:49:54.648][D][ldc1314:450]: TRACE,193180,102,167,108
[19:49:54.664][D][ldc1314:450]: TRACE,193193,102,166,108
[19:49:54.764][D][ldc1314:450]: TRACE,193208,102,166,108
[19:49:54.765][D][ldc1314:450]: TRACE,193220,102,166,109
[19:49:54.765][D][ldc1314:450]: TRACE,193231,102,166,109
[19:49:54.765][D][ldc1314:450]: TRACE,193241,102,166,109
[19:49:54.766][D][ldc1314:450]: TRACE,193252,102,166,109
[19:49:54.766][D][ldc1314:450]: TRACE,193263,102,165,109
[19:49:54.766][D][ldc1314:450]: TRACE,193273,102,165,109
[19:49:54.766][D][ldc1314:450]: TRACE,193283,102,165,109
[19:49:54.773][D][ldc1314:450]: TRACE,193293,102,165,109
[19:49:54.774][D][ldc1314:450]: TRACE,193303,102,165,109
[19:49:54.790][D][ldc1314:450]: TRACE,193313,102,164,110
[19:49:54.790][D][ldc1314:450]: TRACE,193325,102,164,110
[19:49:54.805][D][ldc1314:450]: TRACE,193337,102,164,110
[19:49:54.819][D][ldc1314:450]: TRACE,193349,102,164,110
[19:49:54.849][D][ldc1314:450]: TRACE,193369,102,163,110
[19:49:54.856][D][ldc1314:450]: TRACE,193379,102,163,111
[19:49:54.862][D][ldc1314:450]: TRACE,193392,102,162,111
[19:49:54.875][D][ldc1314:450]: TRACE,193404,102,162,111
[19:49:54.893][D][ldc1314:450]: TRACE,193419,102,162,111
[19:49:54.904][D][ldc1314:450]: TRACE,193435,102,161,111
[19:49:54.924][D][ldc1314:450]: TRACE,193450,102,161,112
[19:49:54.931][D][ldc1314:450]: TRACE,193462,102,161,112
[19:49:54.956][D][ldc1314:450]: TRACE,193473,102,160,112
[19:49:54.963][D][ldc1314:450]: TRACE,193488,102,160,112
[19:49:54.974][D][ldc1314:450]: TRACE,193500,102,160,113
[19:49:54.985][D][ldc1314:450]: TRACE,193514,102,159,113
[19:49:54.999][D][ldc1314:450]: TRACE,193530,102,159,113
[19:49:55.013][D][ldc1314:450]: TRACE,193543,102,159,113
[19:49:55.027][D][ldc1314:450]: TRACE,193558,102,158,113
[19:49:55.053][D][ldc1314:450]: TRACE,193574,102,158,114
[19:49:55.056][D][ldc1314:450]: TRACE,193589,102,158,114
[19:49:55.077][D][ldc1314:450]: TRACE,193609,102,157,114
[19:49:55.091][D][ldc1314:450]: TRACE,193622,102,157,115
[19:49:55.113][D][ldc1314:450]: TRACE,193638,102,156,115
[19:49:55.113][D][ldc1314:450]: TRACE,193648,102,156,115
[19:49:55.156][D][ldc1314:450]: TRACE,193658,102,156,115
[19:49:55.156][D][ldc1314:450]: TRACE,193669,102,155,116
[19:49:55.156][D][ldc1314:450]: TRACE,193679,102,155,116
[19:49:55.157][D][ldc1314:450]: TRACE,193689,102,155,116
[19:49:55.177][D][ldc1314:450]: TRACE,193699,102,154,116
[19:49:55.177][D][ldc1314:450]: TRACE,193709,102,154,116
[19:49:55.290][D][ldc1314:450]: TRACE,193720,102,154,117
[19:49:55.290][D][ldc1314:450]: TRACE,193730,102,153,117
[19:49:55.290][D][ldc1314:450]: TRACE,193740,102,153,117
[19:49:55.290][D][ldc1314:450]: TRACE,193750,102,153,118
[19:49:55.290][D][ldc1314:450]: TRACE,193760,102,152,118
[19:49:55.290][D][ldc1314:450]: TRACE,193770,102,152,119
[19:49:55.290][D][ldc1314:450]: TRACE,193780,102,151,119
[19:49:55.290][D][ldc1314:450]: TRACE,193790,102,151,119
[19:49:55.305][D][ldc1314:450]: TRACE,193800,102,151,120
[19:49:55.305][D][ldc1314:450]: TRACE,193810,102,150,120
[19:49:55.305][D][ldc1314:450]: TRACE,193820,102,150,120
[19:49:55.305][D][ldc1314:450]: TRACE,193830,102,150,121
[19:49:55.327][D][ldc1314:450]: TRACE,193841,102,149,121
[19:49:55.327][D][ldc1314:450]: TRACE,193851,102,149,121
[19:49:55.327][D][ldc1314:450]: TRACE,193862,102,149,122
[19:49:55.366][D][ldc1314:450]: TRACE,193872,102,148,122
[19:49:55.366][D][ldc1314:450]: TRACE,193882,102,148,122
[19:49:55.366][D][ldc1314:450]: TRACE,193892,102,147,123
[19:49:55.366][D][ldc1314:450]: TRACE,193902,102,147,123
[19:49:55.405][D][ldc1314:450]: TRACE,193912,102,147,123
[19:49:55.406][D][ldc1314:450]: TRACE,193922,102,147,124
[19:49:55.406][D][ldc1314:450]: TRACE,193932,102,147,124
[19:49:55.406][D][ldc1314:450]: TRACE,193942,102,146,124
[19:49:55.421][D][ldc1314:450]: TRACE,193952,102,146,125
[19:49:55.464][D][ldc1314:450]: TRACE,193963,102,145,125
[19:49:55.464][D][ldc1314:450]: TRACE,193972,102,145,126
[19:49:55.465][D][ldc1314:450]: TRACE,193982,102,145,126
[19:49:55.465][D][ldc1314:450]: TRACE,193992,102,144,126
[19:49:55.501][D][ldc1314:450]: TRACE,194002,102,144,127
[19:49:55.501][D][ldc1314:450]: TRACE,194012,102,144,127
[19:49:55.501][D][ldc1314:450]: TRACE,194022,102,143,128
[19:49:55.501][D][ldc1314:450]: TRACE,194032,102,143,128
[19:49:55.536][D][ldc1314:450]: TRACE,194042,102,142,128
[19:49:55.536][D][ldc1314:450]: TRACE,194052,102,142,129
[19:49:55.536][D][ldc1314:450]: TRACE,194062,102,142,129
[19:49:55.536][D][ldc1314:450]: TRACE,194072,102,141,130
[19:49:55.815][D][ldc1314:450]: TRACE,194085,102,141,130
[19:49:55.815][D][ldc1314:450]: TRACE,194324,102,132,144
[19:49:55.822][D][ldc1314:450]: TRACE,194346,102,131,144
[19:49:55.823][D][ldc1314:450]: TRACE,194356,102,131,145
[19:49:55.839][D][ldc1314:450]: TRACE,194367,102,131,146
[19:49:55.849][D][ldc1314:450]: TRACE,194381,102,130,146
[19:49:55.873][D][ldc1314:450]: TRACE,194397,102,129,148
[19:49:55.880][D][ldc1314:450]: TRACE,194410,102,129,148
[19:49:55.893][D][ldc1314:450]: TRACE,194419,102,128,149
[19:49:55.904][D][ldc1314:450]: TRACE,194434,102,128,150
[19:49:55.923][D][ldc1314:450]: TRACE,194452,102,127,151
[19:49:55.937][D][ldc1314:450]: TRACE,194464,102,127,152
[19:49:55.952][D][ldc1314:450]: TRACE,194481,102,126,153
[19:49:55.975][D][ldc1314:450]: TRACE,194496,102,126,154
[19:49:55.986][D][ldc1314:450]: TRACE,194511,102,125,155
[19:49:55.995][D][ldc1314:450]: TRACE,194523,102,125,156
[19:49:56.010][D][ldc1314:450]: TRACE,194538,102,124,157
[19:49:56.026][D][ldc1314:450]: TRACE,194557,102,124,158
[19:49:56.040][D][ldc1314:450]: TRACE,194572,102,123,159
[19:49:56.057][D][ldc1314:450]: TRACE,194586,102,123,159
[19:49:56.076][D][ldc1314:450]: TRACE,194601,102,123,161
[19:49:56.084][D][ldc1314:450]: TRACE,194614,102,122,161
[19:49:56.098][D][ldc1314:450]: TRACE,194629,102,122,162
[19:49:56.116][D][ldc1314:450]: TRACE,194641,102,121,163
[19:49:56.129][D][ldc1314:450]: TRACE,194659,102,121,164
[19:49:56.143][D][ldc1314:450]: TRACE,194673,102,121,165
[19:49:56.157][D][ldc1314:450]: TRACE,194688,102,120,165
[19:49:56.180][D][ldc1314:450]: TRACE,194702,102,120,166
[19:49:56.187][D][ldc1314:450]: TRACE,194717,102,120,167
[19:49:56.200][D][ldc1314:450]: TRACE,194731,102,119,168
[19:49:56.220][D][ldc1314:450]: TRACE,194747,102,119,169
[19:49:56.230][D][ldc1314:450]: TRACE,194762,102,118,170
[19:49:56.248][D][ldc1314:450]: TRACE,194776,102,118,171
[19:49:56.338][D][ldc1314:450]: TRACE,194790,102,118,171
[19:49:56.338][D][ldc1314:450]: TRACE,194801,102,117,172
[19:49:56.338][D][ldc1314:450]: TRACE,194811,102,117,173
[19:49:56.338][D][ldc1314:450]: TRACE,194822,102,117,173
[19:49:56.338][D][ldc1314:450]: TRACE,194832,102,116,174
[19:49:56.338][D][ldc1314:450]: TRACE,194842,102,116,174
[19:49:56.346][D][ldc1314:450]: TRACE,194852,102,116,175
[19:49:56.346][D][ldc1314:450]: TRACE,194866,102,115,176
[19:49:56.347][D][ldc1314:450]: TRACE,194877,102,115,177
[19:49:56.360][D][ldc1314:450]: TRACE,194891,102,115,177
[19:49:56.387][D][ldc1314:450]: TRACE,194906,102,114,178
[19:49:56.394][D][ldc1314:450]: TRACE,194920,102,114,179
[19:49:56.405][D][ldc1314:450]: TRACE,194932,102,114,179
[19:49:56.418][D][ldc1314:450]: TRACE,194948,102,114,180
[19:49:56.432][D][ldc1314:450]: TRACE,194964,102,113,181
[19:49:56.448][D][ldc1314:450]: TRACE,194977,102,113,182
[19:49:56.462][D][ldc1314:450]: TRACE,194992,102,113,182
[19:49:56.487][D][ldc1314:450]: TRACE,195007,102,113,183
[19:49:56.495][D][ldc1314:450]: TRACE,195022,102,112,183
[19:49:56.508][D][ldc1314:450]: TRACE,195034,102,112,184
[19:49:56.522][D][ldc1314:450]: TRACE,195050,102,112,184
[19:49:56.537][D][ldc1314:450]: TRACE,195067,102,112,185
[19:49:56.547][D][ldc1314:450]: TRACE,195080,102,111,186
[19:49:56.561][D][ldc1314:450]: TRACE,195093,102,111,186
[19:49:56.578][D][ldc1314:450]: TRACE,195107,102,111,187
[19:49:56.597][D][ldc1314:450]: TRACE,195123,102,111,187
[19:49:56.610][D][ldc1314:450]: TRACE,195136,102,111,188
[19:49:56.624][D][ldc1314:450]: TRACE,195152,102,110,188
[19:49:56.636][D][ldc1314:450]: TRACE,195166,102,110,189
[19:49:56.652][D][ldc1314:450]: TRACE,195181,102,110,190
[19:49:56.669][D][ldc1314:450]: TRACE,195199,102,110,190
[19:49:56.691][D][ldc1314:450]: TRACE,195214,102,109,191
[19:49:56.700][D][ldc1314:450]: TRACE,195230,102,109,191
[19:49:56.718][D][ldc1314:450]: TRACE,195245,102,109,192
[19:49:56.731][D][ldc1314:450]: TRACE,195259,102,109,192
[19:49:56.741][D][ldc1314:450]: TRACE,195272,102,108,193
[19:49:56.758][D][ldc1314:450]: TRACE,195287,102,108,193
[19:49:56.772][D][ldc1314:450]: TRACE,195302,102,108,193
[19:49:56.862][D][ldc1314:450]: TRACE,195319,102,108,194
[19:49:56.863][D][ldc1314:450]: TRACE,195329,102,108,194
[19:49:56.863][D][ldc1314:450]: TRACE,195340,102,108,194
[19:49:56.863][D][ldc1314:450]: TRACE,195350,102,108,194
[19:49:56.863][D][ldc1314:450]: TRACE,195360,102,107,194
[19:49:56.863][D][ldc1314:450]: TRACE,195370,102,107,194
[19:49:56.868][D][ldc1314:450]: TRACE,195380,102,107,195
[19:49:56.868][D][ldc1314:450]: TRACE,195390,102,107,195
[19:49:56.868][D][ldc1314:450]: TRACE,195400,102,107,195
[19:49:56.881][D][ldc1314:450]: TRACE,195410,102,107,195
[19:49:56.899][D][ldc1314:450]: TRACE,195429,103,107,196
[19:49:56.912][D][ldc1314:450]: TRACE,195443,103,107,196
[19:49:56.928][D][ldc1314:450]: TRACE,195459,102,107,196
[19:49:56.942][D][ldc1314:450]: TRACE,195472,102,106,196
[19:49:56.957][D][ldc1314:450]: TRACE,195488,103,107,197
[19:49:56.972][D][ldc1314:450]: TRACE,195502,102,107,197
[19:49:56.998][D][ldc1314:450]: TRACE,195516,102,106,197
[19:49:57.007][D][ldc1314:450]: TRACE,195534,102,106,197
[19:49:57.024][D][ldc1314:450]: TRACE,195547,103,106,198
[19:49:57.034][D][ldc1314:450]: TRACE,195564,102,106,198
[19:49:57.048][D][ldc1314:450]: TRACE,195578,102,106,198
[19:49:57.062][D][ldc1314:450]: TRACE,195592,102,106,199
[19:49:57.080][D][ldc1314:450]: TRACE,195606,103,106,198
[19:49:57.088][D][ldc1314:450]: TRACE,195620,103,105,199
[19:49:57.103][D][ldc1314:450]: TRACE,195632,103,105,199
[19:49:57.117][D][ldc1314:450]: TRACE,195643,103,106,199
[19:49:57.130][D][ldc1314:450]: TRACE,195661,103,106,199
[19:49:57.146][D][ldc1314:450]: TRACE,195675,103,105,199
[19:49:57.160][D][ldc1314:450]: TRACE,195691,103,105,200
[19:49:57.173][D][ldc1314:450]: TRACE,195705,103,105,200
[19:49:57.187][D][ldc1314:450]: TRACE,195719,103,105,200
[19:49:57.203][D][ldc1314:450]: TRACE,195733,103,105,200
[19:49:57.219][D][ldc1314:450]: TRACE,195746,103,105,200
[19:49:57.233][D][ldc1314:450]: TRACE,195763,103,105,200
[19:49:57.247][D][ldc1314:450]: TRACE,195778,103,105,200
[19:49:57.261][D][ldc1314:450]: TRACE,195791,103,105,200
[19:49:57.276][D][ldc1314:450]: TRACE,195805,103,105,201
[19:49:57.291][D][ldc1314:450]: TRACE,195821,104,105,201
[19:49:57.387][D][ldc1314:450]: TRACE,195835,104,105,201
[19:49:57.387][D][ldc1314:450]: TRACE,195848,104,105,200
[19:49:57.387][D][ldc1314:450]: TRACE,195861,104,105,201
[19:49:57.387][D][ldc1314:450]: TRACE,195872,104,105,201
[19:49:57.387][D][ldc1314:450]: TRACE,195882,104,105,201
[19:49:57.387][D][ldc1314:450]: TRACE,195892,104,105,201
[19:49:57.392][D][ldc1314:450]: TRACE,195902,104,105,201
[19:49:57.392][D][ldc1314:450]: TRACE,195912,104,105,201
[19:49:57.392][D][ldc1314:450]: TRACE,195922,104,105,201
[19:49:57.408][D][ldc1314:450]: TRACE,195933,104,104,201
[19:49:57.421][D][ldc1314:450]: TRACE,195949,104,104,201
[19:49:57.435][D][ldc1314:450]: TRACE,195967,104,104,201
[19:49:57.447][D][ldc1314:450]: TRACE,195979,105,104,201
[19:49:57.461][D][ldc1314:450]: TRACE,195993,105,104,201
[19:49:57.476][D][ldc1314:450]: TRACE,196005,105,104,201
[19:49:57.491][D][ldc1314:450]: TRACE,196020,105,104,201
[19:49:57.510][D][ldc1314:450]: TRACE,196036,105,104,201
[19:49:57.524][D][ldc1314:450]: TRACE,196053,106,104,201
[19:49:57.538][D][ldc1314:450]: TRACE,196070,105,104,201
[19:49:57.551][D][ldc1314:450]: TRACE,196084,105,104,201
[19:49:57.567][D][ldc1314:450]: TRACE,196097,106,104,201
[19:49:57.582][D][ldc1314:450]: TRACE,196111,106,104,201
[19:49:57.594][D][ldc1314:450]: TRACE,196125,106,104,201
[19:49:57.612][D][ldc1314:450]: TRACE,196139,106,104,201
[19:49:57.627][D][ldc1314:450]: TRACE,196155,106,104,201
[19:49:57.641][D][ldc1314:450]: TRACE,196171,106,104,201
[19:49:57.658][D][ldc1314:450]: TRACE,196187,107,104,201
[19:49:57.669][D][ldc1314:450]: TRACE,196201,107,104,201
[19:49:57.684][D][ldc1314:450]: TRACE,196215,107,104,201
[19:49:57.699][D][ldc1314:450]: TRACE,196229,107,104,201
[19:49:57.717][D][ldc1314:450]: TRACE,196243,107,104,201
[19:49:57.727][D][ldc1314:450]: TRACE,196255,108,104,201
[19:49:57.748][D][ldc1314:450]: TRACE,196277,108,104,200
[19:49:57.762][D][ldc1314:450]: TRACE,196292,108,104,200
[19:49:57.779][D][ldc1314:450]: TRACE,196307,108,104,200
[19:49:57.793][D][ldc1314:450]: TRACE,196323,109,104,200
[19:49:57.817][D][ldc1314:450]: TRACE,196337,109,104,200
[19:49:57.911][D][ldc1314:450]: TRACE,196352,109,103,200
[19:49:57.911][D][ldc1314:450]: TRACE,196365,109,104,200
[19:49:57.911][D][ldc1314:450]: TRACE,196375,110,104,200
[19:49:57.911][D][ldc1314:450]: TRACE,196385,110,104,199
[19:49:57.912][D][ldc1314:450]: TRACE,196396,110,104,199
[19:49:57.912][D][ldc1314:450]: TRACE,196407,110,104,199
[19:49:57.912][D][ldc1314:450]: TRACE,196417,110,104,199
[19:49:57.912][D][ldc1314:450]: TRACE,196427,111,104,199
[19:49:57.923][D][ldc1314:450]: TRACE,196437,111,104,199
[19:49:57.923][D][ldc1314:450]: TRACE,196447,111,104,199
[19:49:57.930][D][ldc1314:450]: TRACE,196457,111,104,199
[19:49:57.943][D][ldc1314:450]: TRACE,196471,112,104,199
[19:49:57.960][D][ldc1314:450]: TRACE,196488,112,104,198
[19:49:57.973][D][ldc1314:450]: TRACE,196502,112,104,198
[19:49:57.992][D][ldc1314:450]: TRACE,196522,112,103,198
[19:49:58.007][D][ldc1314:450]: TRACE,196536,113,104,198
[19:49:58.026][D][ldc1314:450]: TRACE,196551,113,104,198
[19:49:58.036][D][ldc1314:450]: TRACE,196563,114,104,197
[19:49:58.048][D][ldc1314:450]: TRACE,196580,114,104,197
[19:49:58.062][D][ldc1314:450]: TRACE,196592,114,104,197
[19:49:58.074][D][ldc1314:450]: TRACE,196604,115,104,197
[19:49:58.086][D][ldc1314:450]: TRACE,196618,115,104,196
[19:49:58.104][D][ldc1314:450]: TRACE,196636,116,104,196
[19:49:58.124][D][ldc1314:450]: TRACE,196650,116,104,196
[19:49:58.135][D][ldc1314:450]: TRACE,196662,117,104,196
[19:49:58.146][D][ldc1314:450]: TRACE,196678,117,104,196
[19:49:58.160][D][ldc1314:450]: TRACE,196690,118,104,195
[19:49:58.171][D][ldc1314:450]: TRACE,196702,118,104,195
[19:49:58.187][D][ldc1314:450]: TRACE,196717,118,104,194
[19:49:58.200][D][ldc1314:450]: TRACE,196731,119,104,194
[19:49:58.226][D][ldc1314:450]: TRACE,196748,119,103,194
[19:49:58.235][D][ldc1314:450]: TRACE,196763,120,104,193
[19:49:58.248][D][ldc1314:450]: TRACE,196778,120,104,193
[19:49:58.261][D][ldc1314:450]: TRACE,196792,121,103,193
[19:49:58.277][D][ldc1314:450]: TRACE,196807,121,104,192
[19:49:58.289][D][ldc1314:450]: TRACE,196821,122,104,192
[19:49:58.305][D][ldc1314:450]: TRACE,196835,122,104,192
[19:49:58.329][D][ldc1314:450]: TRACE,196849,122,104,191
[19:49:58.440][D][ldc1314:450]: TRACE,196867,123,104,190
[19:49:58.440][D][ldc1314:450]: TRACE,196890,124,104,190
[19:49:58.441][D][ldc1314:450]: TRACE,196900,125,104,190
[19:49:58.441][D][ldc1314:450]: TRACE,196910,125,104,189
[19:49:58.441][D][ldc1314:450]: TRACE,196921,125,104,189
[19:49:58.441][D][ldc1314:450]: TRACE,196931,125,104,189
[19:49:58.441][D][ldc1314:450]: TRACE,196941,126,104,188
[19:49:58.441][D][ldc1314:450]: TRACE,196951,126,104,188
[19:49:58.441][D][ldc1314:450]: TRACE,196962,127,104,187
[19:49:58.447][D][ldc1314:450]: TRACE,196975,127,104,187
[19:49:58.456][D][ldc1314:450]: TRACE,196986,128,104,186
[19:49:58.472][D][ldc1314:450]: TRACE,197001,129,104,185
[19:49:58.481][D][ldc1314:450]: TRACE,197015,130,104,185
[19:49:58.496][D][ldc1314:450]: TRACE,197027,130,104,184
[19:49:58.510][D][ldc1314:450]: TRACE,197041,131,103,183
[19:49:58.532][D][ldc1314:450]: TRACE,197056,131,104,183
[19:49:58.536][D][ldc1314:450]: TRACE,197070,131,103,182
[19:49:58.556][D][ldc1314:450]: TRACE,197086,132,103,181
[19:49:58.568][D][ldc1314:450]: TRACE,197098,132,103,181
[19:49:58.583][D][ldc1314:450]: TRACE,197113,133,103,180
[19:49:58.598][D][ldc1314:450]: TRACE,197127,134,103,179
[19:49:58.610][D][ldc1314:450]: TRACE,197142,134,103,178
[19:49:58.635][D][ldc1314:450]: TRACE,197155,135,103,177
[19:49:58.646][D][ldc1314:450]: TRACE,197170,136,103,177
[19:49:58.653][D][ldc1314:450]: TRACE,197183,136,103,176
[19:49:58.677][D][ldc1314:450]: TRACE,197200,137,103,175
[19:49:58.687][D][ldc1314:450]: TRACE,197216,138,103,174
[19:49:58.699][D][ldc1314:450]: TRACE,197228,138,103,173
[19:49:58.715][D][ldc1314:450]: TRACE,197245,138,103,173
[19:49:58.738][D][ldc1314:450]: TRACE,197260,139,103,172
[19:49:58.744][D][ldc1314:450]: TRACE,197274,140,103,171
[19:49:58.761][D][ldc1314:450]: TRACE,197286,140,103,170
[19:49:58.778][D][ldc1314:450]: TRACE,197305,141,103,169
[19:49:58.791][D][ldc1314:450]: TRACE,197320,142,103,168
[19:49:58.805][D][ldc1314:450]: TRACE,197335,142,103,167
[19:49:58.823][D][ldc1314:450]: TRACE,197351,143,103,166
[19:49:58.844][D][ldc1314:450]: TRACE,197365,144,103,165
[19:49:58.844][D][ldc1314:450]: TRACE,197376,145,103,165
[19:49:58.858][D][ldc1314:450]: TRACE,197388,145,103,164
[19:49:58.961][D][ldc1314:450]: TRACE,197402,145,103,163
[19:49:58.961][D][ldc1314:450]: TRACE,197417,146,103,162
[19:49:58.962][D][ldc1314:450]: TRACE,197427,147,103,161
[19:49:58.962][D][ldc1314:450]: TRACE,197437,147,103,160
[19:49:58.962][D][ldc1314:450]: TRACE,197447,147,103,160
[19:49:58.962][D][ldc1314:450]: TRACE,197457,148,103,159
[19:49:58.965][D][ldc1314:450]: TRACE,197467,148,103,159
[19:49:58.965][D][ldc1314:450]: TRACE,197477,148,103,159
[19:49:58.965][D][ldc1314:450]: TRACE,197488,149,103,158
[19:49:58.965][D][ldc1314:450]: TRACE,197497,149,103,157
[19:49:58.978][D][ldc1314:450]: TRACE,197507,149,103,157
[19:49:58.992][D][ldc1314:450]: TRACE,197523,150,103,156
[19:49:59.006][D][ldc1314:450]: TRACE,197535,150,103,155
[19:49:59.025][D][ldc1314:450]: TRACE,197556,151,103,153
[19:49:59.045][D][ldc1314:450]: TRACE,197569,152,103,153
[19:49:59.052][D][ldc1314:450]: TRACE,197584,152,103,153
[19:49:59.068][D][ldc1314:450]: TRACE,197597,152,103,151
[19:49:59.079][D][ldc1314:450]: TRACE,197609,152,103,151
[19:49:59.093][D][ldc1314:450]: TRACE,197623,153,103,150
[19:49:59.106][D][ldc1314:450]: TRACE,197637,153,103,149
[19:49:59.126][D][ldc1314:450]: TRACE,197651,154,103,148
[19:49:59.147][D][ldc1314:450]: TRACE,197668,154,103,147
[19:49:59.153][D][ldc1314:450]: TRACE,197683,155,103,146
[19:49:59.170][D][ldc1314:450]: TRACE,197696,155,103,145
[19:49:59.182][D][ldc1314:450]: TRACE,197712,156,103,144
[19:49:59.200][D][ldc1314:450]: TRACE,197728,156,103,143
[19:49:59.210][D][ldc1314:450]: TRACE,197740,157,103,142
[19:49:59.223][D][ldc1314:450]: TRACE,197755,157,103,142
[19:49:59.249][D][ldc1314:450]: TRACE,197771,158,103,140
[19:49:59.257][D][ldc1314:450]: TRACE,197787,158,103,140
[19:49:59.272][D][ldc1314:450]: TRACE,197803,159,103,138
[19:49:59.285][D][ldc1314:450]: TRACE,197815,159,103,138
[19:49:59.299][D][ldc1314:450]: TRACE,197831,159,103,137
[19:49:59.311][D][ldc1314:450]: TRACE,197842,159,103,136
[19:49:59.326][D][ldc1314:450]: TRACE,197856,160,103,136
[19:49:59.354][D][ldc1314:450]: TRACE,197870,160,103,135
[19:49:59.362][D][ldc1314:450]: TRACE,197891,160,103,134
[19:49:59.376][D][ldc1314:450]: TRACE,197907,161,103,133
[19:49:59.393][D][ldc1314:450]: TRACE,197921,161,103,133
[19:49:59.484][D][ldc1314:450]: TRACE,197936,162,104,132
[19:49:59.484][D][ldc1314:450]: TRACE,197946,162,104,132
[19:49:59.484][D][ldc1314:450]: TRACE,197956,162,104,132
[19:49:59.484][D][ldc1314:450]: TRACE,197966,162,104,131
[19:49:59.484][D][ldc1314:450]: TRACE,197976,162,104,130
[19:49:59.484][D][ldc1314:450]: TRACE,197986,163,104,130
[19:49:59.492][D][ldc1314:450]: TRACE,197997,163,104,129
[19:49:59.492][D][ldc1314:450]: TRACE,198008,163,104,129
[19:49:59.492][D][ldc1314:450]: TRACE,198018,163,104,128
[19:49:59.498][D][ldc1314:450]: TRACE,198029,163,104,128
[19:49:59.514][D][ldc1314:450]: TRACE,198044,164,104,127
[19:49:59.527][D][ldc1314:450]: TRACE,198058,164,104,126
[19:49:59.542][D][ldc1314:450]: TRACE,198072,164,104,126
[19:49:59.557][D][ldc1314:450]: TRACE,198086,164,104,125
[19:49:59.575][D][ldc1314:450]: TRACE,198102,165,104,124
[19:49:59.587][D][ldc1314:450]: TRACE,198117,165,104,124
[19:49:59.604][D][ldc1314:450]: TRACE,198132,165,104,123
[19:49:59.614][D][ldc1314:450]: TRACE,198146,165,104,123
[19:49:59.630][D][ldc1314:450]: TRACE,198159,165,104,122
[19:49:59.645][D][ldc1314:450]: TRACE,198175,165,104,122
[19:49:59.662][D][ldc1314:450]: TRACE,198189,165,104,121
[19:49:59.669][D][ldc1314:450]: TRACE,198199,165,104,121
[19:49:59.687][D][ldc1314:450]: TRACE,198219,166,104,120
[19:49:59.701][D][ldc1314:450]: TRACE,198232,166,104,120
[19:49:59.716][D][ldc1314:450]: TRACE,198247,166,104,119
[19:49:59.731][D][ldc1314:450]: TRACE,198261,166,104,119
[19:49:59.745][D][ldc1314:450]: TRACE,198275,166,104,119
[19:49:59.761][D][ldc1314:450]: TRACE,198289,166,105,118
[19:49:59.774][D][ldc1314:450]: TRACE,198303,166,105,118
[19:49:59.788][D][ldc1314:450]: TRACE,198318,166,104,117
[19:49:59.814][D][ldc1314:450]: TRACE,198337,166,104,117
[19:49:59.823][D][ldc1314:450]: TRACE,198352,166,104,116
[19:49:59.834][D][ldc1314:450]: TRACE,198366,166,105,116
[19:49:59.850][D][ldc1314:450]: TRACE,198379,166,105,116
[19:49:59.866][D][ldc1314:450]: TRACE,198396,167,105,115
[19:49:59.879][D][ldc1314:450]: TRACE,198407,167,105,115
[19:49:59.893][D][ldc1314:450]: TRACE,198423,167,105,115
[19:49:59.905][D][ldc1314:450]: TRACE,198437,167,105,115
[19:50:00.007][D][ldc1314:450]: TRACE,198455,167,105,114
[19:50:00.008][D][ldc1314:450]: TRACE,198467,167,105,114
[19:50:00.008][D][ldc1314:450]: TRACE,198477,167,105,114
[19:50:00.008][D][ldc1314:450]: TRACE,198487,167,105,113
[19:50:00.008][D][ldc1314:450]: TRACE,198497,167,105,113
[19:50:00.008][D][ldc1314:450]: TRACE,198507,168,105,113
[19:50:00.008][D][ldc1314:450]: TRACE,198517,167,105,113
[19:50:00.008][D][ldc1314:450]: TRACE,198527,167,105,113
[19:50:00.019][D][ldc1314:450]: TRACE,198537,168,106,113
[19:50:00.019][D][ldc1314:450]: TRACE,198547,167,106,112
[19:50:00.031][D][ldc1314:450]: TRACE,198563,167,106,112
[19:50:00.046][D][ldc1314:450]: TRACE,198575,168,106,112
[19:50:00.068][D][ldc1314:450]: TRACE,198592,168,106,112
[19:50:00.071][D][ldc1314:450]: TRACE,198604,167,105,111
[19:50:00.089][D][ldc1314:450]: TRACE,198616,167,105,111
[19:50:00.099][D][ldc1314:450]: TRACE,198631,167,105,111
[19:50:00.118][D][ldc1314:450]: TRACE,198645,167,106,110
[19:50:00.128][D][ldc1314:450]: TRACE,198659,167,106,110
[19:50:00.146][D][ldc1314:450]: TRACE,198676,167,106,110
[19:50:00.170][D][ldc1314:450]: TRACE,198690,167,106,110
[19:50:00.177][D][ldc1314:450]: TRACE,198705,167,106,109
[19:50:00.188][D][ldc1314:450]: TRACE,198717,167,106,109
[19:50:00.202][D][ldc1314:450]: TRACE,198733,167,106,109
[19:50:00.217][D][ldc1314:450]: TRACE,198747,167,106,109
[19:50:00.231][D][ldc1314:450]: TRACE,198760,167,106,109
[19:50:00.247][D][ldc1314:450]: TRACE,198775,167,106,109
[19:50:00.273][D][ldc1314:450]: TRACE,198795,167,107,108
[19:50:00.284][D][ldc1314:450]: TRACE,198810,167,107,108
[19:50:00.295][D][ldc1314:450]: TRACE,198820,167,107,108
[19:50:00.303][D][ldc1314:450]: TRACE,198832,167,107,108
[19:50:00.319][D][ldc1314:450]: TRACE,198849,167,108,108
[19:50:00.332][D][ldc1314:450]: TRACE,198862,167,108,108
[19:50:00.351][D][ldc1314:450]: TRACE,198875,167,108,108
[19:50:00.375][D][ldc1314:450]: TRACE,198900,167,108,107
[19:50:00.383][D][ldc1314:450]: TRACE,198913,167,108,107
[19:50:00.399][D][ldc1314:450]: TRACE,198927,167,108,107
[19:50:00.411][D][ldc1314:450]: TRACE,198941,166,108,107
[19:50:00.426][D][ldc1314:450]: TRACE,198958,166,108,107
[19:50:00.441][D][ldc1314:450]: TRACE,198971,167,109,107
[19:50:00.535][D][ldc1314:450]: TRACE,198987,167,109,107
[19:50:00.535][D][ldc1314:450]: TRACE,198997,166,109,107
[19:50:00.536][D][ldc1314:450]: TRACE,199010,166,109,107
[19:50:00.536][D][ldc1314:450]: TRACE,199020,166,109,107
[19:50:00.536][D][ldc1314:450]: TRACE,199030,166,109,107
[19:50:00.536][D][ldc1314:450]: TRACE,199041,166,110,107
[19:50:00.543][D][ldc1314:450]: TRACE,199052,166,110,107
[19:50:00.544][D][ldc1314:450]: TRACE,199062,166,110,107
[19:50:00.544][D][ldc1314:450]: TRACE,199073,166,110,107
[19:50:00.555][D][ldc1314:450]: TRACE,199083,166,110,106
[19:50:00.567][D][ldc1314:450]: TRACE,199098,166,111,107
[19:50:00.582][D][ldc1314:450]: TRACE,199110,166,111,106
[19:50:00.599][D][ldc1314:450]: TRACE,199122,166,111,106
[19:50:00.605][D][ldc1314:450]: TRACE,199139,165,111,106
[19:50:00.617][D][ldc1314:450]: TRACE,199150,165,112,106
[19:50:00.632][D][ldc1314:450]: TRACE,199163,165,112,106
[19:50:00.652][D][ldc1314:450]: TRACE,199176,165,112,106
[19:50:00.661][D][ldc1314:450]: TRACE,199193,165,112,106
[19:50:00.682][D][ldc1314:450]: TRACE,199205,165,113,106
[19:50:00.685][D][ldc1314:450]: TRACE,199219,165,113,106
[19:50:00.700][D][ldc1314:450]: TRACE,199229,164,113,106
[19:50:00.718][D][ldc1314:450]: TRACE,199246,164,113,106
[19:50:00.729][D][ldc1314:450]: TRACE,199262,164,114,106
[19:50:00.744][D][ldc1314:450]: TRACE,199274,164,114,106
[19:50:00.759][D][ldc1314:450]: TRACE,199288,163,114,106
[19:50:00.784][D][ldc1314:450]: TRACE,199303,163,114,106
[19:50:00.790][D][ldc1314:450]: TRACE,199318,163,115,106
[19:50:00.801][D][ldc1314:450]: TRACE,199328,163,115,106
[19:50:00.819][D][ldc1314:450]: TRACE,199350,162,115,106
[19:50:00.832][D][ldc1314:450]: TRACE,199364,162,116,106
[19:50:00.845][D][ldc1314:450]: TRACE,199376,162,116,106
[19:50:00.865][D][ldc1314:450]: TRACE,199390,162,117,106
[19:50:00.875][D][ldc1314:450]: TRACE,199405,161,117,106
[19:50:00.890][D][ldc1314:450]: TRACE,199420,161,117,106
[19:50:00.901][D][ldc1314:450]: TRACE,199430,161,117,105
[19:50:00.915][D][ldc1314:450]: TRACE,199447,160,118,105
[19:50:00.930][D][ldc1314:450]: TRACE,199460,160,118,106
[19:50:00.949][D][ldc1314:450]: TRACE,199478,160,119,106
[19:50:00.965][D][ldc1314:450]: TRACE,199494,160,119,106
[19:50:01.057][D][ldc1314:450]: TRACE,199509,159,120,105
[19:50:01.057][D][ldc1314:450]: TRACE,199519,159,120,105
[19:50:01.057][D][ldc1314:450]: TRACE,199530,159,121,106
[19:50:01.057][D][ldc1314:450]: TRACE,199540,158,121,106
[19:50:01.057][D][ldc1314:450]: TRACE,199550,158,121,106
[19:50:01.057][D][ldc1314:450]: TRACE,199560,158,121,105
[19:50:01.057][D][ldc1314:450]: TRACE,199570,158,122,106
[19:50:01.066][D][ldc1314:450]: TRACE,199581,157,122,106
[19:50:01.066][D][ldc1314:450]: TRACE,199592,157,123,106
[19:50:01.074][D][ldc1314:450]: TRACE,199603,157,123,105
[19:50:01.093][D][ldc1314:450]: TRACE,199614,156,123,105
[19:50:01.103][D][ldc1314:450]: TRACE,199629,156,123,105
[19:50:01.116][D][ldc1314:450]: TRACE,199642,155,124,105
[19:50:01.125][D][ldc1314:450]: TRACE,199656,155,124,105
[19:50:01.139][D][ldc1314:450]: TRACE,199668,155,124,105
[19:50:01.155][D][ldc1314:450]: TRACE,199686,154,125,105
[19:50:01.168][D][ldc1314:450]: TRACE,199700,154,126,105
[19:50:01.194][D][ldc1314:450]: TRACE,199714,153,126,105
[19:50:01.196][D][ldc1314:450]: TRACE,199729,153,126,105
[19:50:01.213][D][ldc1314:450]: TRACE,199742,152,127,105
[19:50:01.226][D][ldc1314:450]: TRACE,199757,152,128,105
[19:50:01.241][D][ldc1314:450]: TRACE,199768,152,128,106
[19:50:01.251][D][ldc1314:450]: TRACE,199783,151,129,105
[19:50:01.271][D][ldc1314:450]: TRACE,199801,150,129,105
[19:50:01.285][D][ldc1314:450]: TRACE,199816,150,130,106
[19:50:01.298][D][ldc1314:450]: TRACE,199830,150,131,106
[19:50:01.310][D][ldc1314:450]: TRACE,199842,149,131,105
[19:50:01.322][D][ldc1314:450]: TRACE,199855,148,131,105
[19:50:01.340][D][ldc1314:450]: TRACE,199867,148,131,105
[19:50:01.352][D][ldc1314:450]: TRACE,199881,147,132,105
[19:50:01.369][D][ldc1314:450]: TRACE,199899,146,133,105
[19:50:01.383][D][ldc1314:450]: TRACE,199913,146,134,105
[19:50:01.401][D][ldc1314:450]: TRACE,199932,145,135,105
[19:50:01.414][D][ldc1314:450]: TRACE,199942,144,135,105
[19:50:01.428][D][ldc1314:450]: TRACE,199958,144,136,105
[19:50:01.447][D][ldc1314:450]: TRACE,199974,143,136,105
[19:50:01.458][D][ldc1314:450]: TRACE,199987,143,137,105
[19:50:01.472][D][ldc1314:450]: TRACE,200002,142,137,105
[19:50:01.484][D][ldc1314:450]: TRACE,200016,141,138,105
[19:50:01.579][D][ldc1314:450]: TRACE,200030,141,138,105
[19:50:01.580][D][ldc1314:450]: TRACE,200044,140,139,105
[19:50:01.581][D][ldc1314:450]: TRACE,200056,139,139,105
[19:50:01.581][D][ldc1314:450]: TRACE,200066,139,139,105
[19:50:01.581][D][ldc1314:450]: TRACE,200076,139,140,105
[19:50:01.581][D][ldc1314:450]: TRACE,200086,138,140,105
[19:50:01.581][D][ldc1314:450]: TRACE,200096,138,140,105
[19:50:01.581][D][ldc1314:450]: TRACE,200106,138,141,105
[19:50:01.585][D][ldc1314:450]: TRACE,200120,137,141,105
[19:50:01.603][D][ldc1314:450]: TRACE,200132,136,142,105
[19:50:01.615][D][ldc1314:450]: TRACE,200143,136,142,105
[19:50:01.635][D][ldc1314:450]: TRACE,200165,135,143,105
[19:50:01.648][D][ldc1314:450]: TRACE,200178,135,144,105
[19:50:01.659][D][ldc1314:450]: TRACE,200192,134,145,105
[19:50:01.672][D][ldc1314:450]: TRACE,200204,133,145,105
[19:50:01.688][D][ldc1314:450]: TRACE,200218,133,146,105
[19:50:01.706][D][ldc1314:450]: TRACE,200232,132,146,105
[19:50:01.715][D][ldc1314:450]: TRACE,200245,131,147,105
[19:50:01.730][D][ldc1314:450]: TRACE,200260,130,147,105
[19:50:01.748][D][ldc1314:450]: TRACE,200278,130,148,105
[19:50:01.762][D][ldc1314:450]: TRACE,200293,129,149,105
[19:50:01.779][D][ldc1314:450]: TRACE,200308,128,149,105
[19:50:01.793][D][ldc1314:450]: TRACE,200322,128,150,105
[19:50:01.813][D][ldc1314:450]: TRACE,200339,128,150,105
[19:50:01.823][D][ldc1314:450]: TRACE,200350,127,151,105
[19:50:01.837][D][ldc1314:450]: TRACE,200367,126,151,105
[19:50:01.852][D][ldc1314:450]: TRACE,200382,126,151,105
[19:50:01.870][D][ldc1314:450]: TRACE,200400,125,152,105
[19:50:01.883][D][ldc1314:450]: TRACE,200415,125,153,105
[19:50:01.910][D][ldc1314:450]: TRACE,200427,124,153,105
[19:50:01.912][D][ldc1314:450]: TRACE,200445,124,154,105
[19:50:01.934][D][ldc1314:450]: TRACE,200458,123,154,105
[19:50:01.945][D][ldc1314:450]: TRACE,200474,122,155,105
[19:50:01.957][D][ldc1314:450]: TRACE,200489,122,155,105
[19:50:01.977][D][ldc1314:450]: TRACE,200507,122,156,105
[19:50:01.992][D][ldc1314:450]: TRACE,200521,121,156,105
[19:50:02.014][D][ldc1314:450]: TRACE,200533,120,157,105
[19:50:02.106][D][ldc1314:450]: TRACE,200547,120,157,106
[19:50:02.107][D][ldc1314:450]: TRACE,200560,120,158,106
[19:50:02.107][D][ldc1314:450]: TRACE,200570,119,158,106
[19:50:02.107][D][ldc1314:450]: TRACE,200580,119,158,105
[19:50:02.107][D][ldc1314:450]: TRACE,200590,119,159,106
[19:50:02.107][D][ldc1314:450]: TRACE,200600,118,159,106
[19:50:02.107][D][ldc1314:450]: TRACE,200611,118,159,106
[19:50:02.119][D][ldc1314:450]: TRACE,200621,117,160,106
[19:50:02.119][D][ldc1314:450]: TRACE,200632,117,160,106
[19:50:02.119][D][ldc1314:450]: TRACE,200642,117,160,106
[19:50:02.123][D][ldc1314:450]: TRACE,200652,117,160,106
[19:50:02.140][D][ldc1314:450]: TRACE,200667,116,161,106
[19:50:02.150][D][ldc1314:450]: TRACE,200682,116,161,106
[19:50:02.164][D][ldc1314:450]: TRACE,200694,115,161,106
[19:50:02.178][D][ldc1314:450]: TRACE,200709,115,162,106
[19:50:02.194][D][ldc1314:450]: TRACE,200728,115,162,106
[19:50:02.217][D][ldc1314:450]: TRACE,200739,114,162,106
[19:50:02.227][D][ldc1314:450]: TRACE,200755,114,163,106
[19:50:02.244][D][ldc1314:450]: TRACE,200765,114,163,106
[19:50:02.253][D][ldc1314:450]: TRACE,200782,113,163,106
[19:50:02.269][D][ldc1314:450]: TRACE,200797,113,164,106
[19:50:02.282][D][ldc1314:450]: TRACE,200813,113,164,106
[19:50:02.300][D][ldc1314:450]: TRACE,200827,112,164,106
[19:50:02.320][D][ldc1314:450]: TRACE,200842,112,165,106
[19:50:02.332][D][ldc1314:450]: TRACE,200856,112,165,106
[19:50:02.344][D][ldc1314:450]: TRACE,200868,111,165,106
[19:50:02.359][D][ldc1314:450]: TRACE,200885,111,165,106
[19:50:02.373][D][ldc1314:450]: TRACE,200905,111,166,106
[19:50:02.385][D][ldc1314:450]: TRACE,200915,110,166,106
[19:50:02.401][D][ldc1314:450]: TRACE,200931,110,166,106
[19:50:02.422][D][ldc1314:450]: TRACE,200946,110,167,106
[19:50:02.433][D][ldc1314:450]: TRACE,200963,109,167,106
[19:50:02.447][D][ldc1314:450]: TRACE,200977,109,167,106
[19:50:02.465][D][ldc1314:450]: TRACE,200992,109,168,106
[19:50:02.474][D][ldc1314:450]: TRACE,201006,109,168,106
[19:50:02.489][D][ldc1314:450]: TRACE,201018,108,168,106
[19:50:02.500][D][ldc1314:450]: TRACE,201033,108,168,106
[19:50:02.525][D][ldc1314:450]: TRACE,201047,108,168,106
[19:50:02.529][D][ldc1314:450]: TRACE,201062,108,168,106
[19:50:02.629][D][ldc1314:450]: TRACE,201079,107,168,106
[19:50:02.630][D][ldc1314:450]: TRACE,201092,107,168,106
[19:50:02.630][D][ldc1314:450]: TRACE,201101,107,168,106
[19:50:02.630][D][ldc1314:450]: TRACE,201111,107,168,106
[19:50:02.630][D][ldc1314:450]: TRACE,201121,107,169,106
[19:50:02.630][D][ldc1314:450]: TRACE,201132,107,169,106
[19:50:02.630][D][ldc1314:450]: TRACE,201142,107,169,106
[19:50:02.630][D][ldc1314:450]: TRACE,201152,107,169,106
[19:50:02.637][D][ldc1314:450]: TRACE,201162,106,169,106
[19:50:02.645][D][ldc1314:450]: TRACE,201172,106,170,106
[19:50:02.662][D][ldc1314:450]: TRACE,201191,106,170,106
[19:50:02.677][D][ldc1314:450]: TRACE,201206,106,170,106
[19:50:02.691][D][ldc1314:450]: TRACE,201221,106,170,106
[19:50:02.701][D][ldc1314:450]: TRACE,201233,105,170,106
[19:50:02.714][D][ldc1314:450]: TRACE,201245,105,170,106
[19:50:02.735][D][ldc1314:450]: TRACE,201258,105,170,106
[19:50:02.744][D][ldc1314:450]: TRACE,201269,105,170,106
[19:50:02.755][D][ldc1314:450]: TRACE,201283,105,170,106
[19:50:02.773][D][ldc1314:450]: TRACE,201304,105,170,106
[19:50:02.789][D][ldc1314:450]: TRACE,201318,105,170,106
[19:50:02.803][D][ldc1314:450]: TRACE,201332,105,171,106
[19:50:02.815][D][ldc1314:450]: TRACE,201347,105,171,106
[19:50:02.831][D][ldc1314:450]: TRACE,201361,104,171,106
[19:50:02.844][D][ldc1314:450]: TRACE,201373,104,171,106
[19:50:02.860][D][ldc1314:450]: TRACE,201389,104,171,106
[19:50:02.881][D][ldc1314:450]: TRACE,201403,104,171,106
[19:50:02.889][D][ldc1314:450]: TRACE,201420,104,171,106
[19:50:02.904][D][ldc1314:450]: TRACE,201433,104,171,106
[19:50:02.913][D][ldc1314:450]: TRACE,201445,104,171,106
[19:50:02.934][D][ldc1314:450]: TRACE,201457,104,171,106
[19:50:02.940][D][ldc1314:450]: TRACE,201470,104,171,106
[19:50:02.955][D][ldc1314:450]: TRACE,201482,104,171,106
[19:50:02.966][D][ldc1314:450]: TRACE,201498,104,171,106
[19:50:02.982][D][ldc1314:450]: TRACE,201512,104,171,106
[19:50:03.001][D][ldc1314:450]: TRACE,201531,104,171,106
[19:50:03.018][D][ldc1314:450]: TRACE,201546,104,171,106
[19:50:03.036][D][ldc1314:450]: TRACE,201562,103,171,106
[19:50:03.046][D][ldc1314:450]: TRACE,201576,103,171,106
[19:50:03.062][D][ldc1314:450]: TRACE,201591,103,171,106
[19:50:03.152][D][ldc1314:450]: TRACE,201605,103,171,106
[19:50:03.153][D][ldc1314:450]: TRACE,201615,103,171,106
[19:50:03.153][D][ldc1314:450]: TRACE,201625,103,171,106
[19:50:03.155][D][ldc1314:450]: TRACE,201637,103,171,106
[19:50:03.155][D][ldc1314:450]: TRACE,201647,103,171,106
[19:50:03.155][D][ldc1314:450]: TRACE,201657,103,171,106
[19:50:03.155][D][ldc1314:450]: TRACE,201667,103,171,106
[19:50:03.166][D][ldc1314:450]: TRACE,201678,103,171,106
[19:50:03.166][D][ldc1314:450]: TRACE,201688,103,171,106
[19:50:03.175][D][ldc1314:450]: TRACE,201699,103,171,106
[19:50:03.181][D][ldc1314:450]: TRACE,201712,103,171,106
[19:50:03.199][D][ldc1314:450]: TRACE,201727,103,171,106
[19:50:03.215][D][ldc1314:450]: TRACE,201745,103,171,106
[19:50:03.241][D][ldc1314:450]: TRACE,201760,102,171,106
[19:50:03.248][D][ldc1314:450]: TRACE,201776,103,171,106
[19:50:03.258][D][ldc1314:450]: TRACE,201786,103,171,106
[19:50:03.271][D][ldc1314:450]: TRACE,201802,103,171,106
[19:50:03.291][D][ldc1314:450]: TRACE,201817,103,170,106
[19:50:03.300][D][ldc1314:450]: TRACE,201831,103,170,106
[19:50:03.317][D][ldc1314:450]: TRACE,201846,103,170,106
[19:50:03.342][D][ldc1314:450]: TRACE,201864,102,170,106
[19:50:03.352][D][ldc1314:450]: TRACE,201879,103,170,106
[19:50:03.369][D][ldc1314:450]: TRACE,201890,102,169,107
[19:50:03.380][D][ldc1314:450]: TRACE,201912,102,170,106
[19:50:03.394][D][ldc1314:450]: TRACE,201925,103,171,107
[19:50:03.409][D][ldc1314:450]: TRACE,201939,102,171,106
[19:50:03.423][D][ldc1314:450]: TRACE,201954,102,170,107
[19:50:03.445][D][ldc1314:450]: TRACE,201973,102,170,106
[19:50:03.456][D][ldc1314:450]: TRACE,201985,102,170,107
[19:50:03.471][D][ldc1314:450]: TRACE,202001,102,170,106
[19:50:03.483][D][ldc1314:450]: TRACE,202013,102,170,106
[19:50:03.498][D][ldc1314:450]: TRACE,202028,102,170,106
[19:50:03.516][D][ldc1314:450]: TRACE,202042,102,170,106
[19:50:03.530][D][ldc1314:450]: TRACE,202058,103,170,106
[19:50:03.548][D][ldc1314:450]: TRACE,202071,102,170,106
[19:50:03.561][D][ldc1314:450]: TRACE,202090,102,170,107
[19:50:03.575][D][ldc1314:450]: TRACE,202106,102,170,106
[19:50:03.678][D][ldc1314:450]: TRACE,202120,102,170,106
[19:50:03.678][D][ldc1314:450]: TRACE,202134,102,170,106
[19:50:03.679][D][ldc1314:450]: TRACE,202145,102,170,106
[19:50:03.679][D][ldc1314:450]: TRACE,202155,102,170,106
[19:50:03.679][D][ldc1314:450]: TRACE,202165,102,170,106
[19:50:03.679][D][ldc1314:450]: TRACE,202175,102,170,107
[19:50:03.679][D][ldc1314:450]: TRACE,202185,102,170,106
[19:50:03.690][D][ldc1314:450]: TRACE,202197,102,170,107
[19:50:03.690][D][ldc1314:450]: TRACE,202207,103,170,106
[19:50:03.690][D][ldc1314:450]: TRACE,202217,103,170,106
[19:50:03.695][D][ldc1314:450]: TRACE,202229,103,170,107
[19:50:03.709][D][ldc1314:450]: TRACE,202241,102,170,106
[19:50:03.725][D][ldc1314:450]: TRACE,202253,102,170,106
[19:50:03.738][D][ldc1314:450]: TRACE,202267,102,170,106
[19:50:03.752][D][ldc1314:450]: TRACE,202282,102,170,107
[19:50:03.767][D][ldc1314:450]: TRACE,202295,103,170,106
[19:50:03.784][D][ldc1314:450]: TRACE,202315,102,170,106
[19:50:03.799][D][ldc1314:450]: TRACE,202328,102,170,106
[19:50:03.812][D][ldc1314:450]: TRACE,202344,102,170,106
[19:50:03.827][D][ldc1314:450]: TRACE,202356,102,170,106
[19:50:03.856][D][ldc1314:450]: TRACE,202371,102,170,106
[19:50:03.863][D][ldc1314:450]: TRACE,202388,102,170,106
[19:50:03.870][D][ldc1314:450]: TRACE,202398,102,170,106
[19:50:03.880][D][ldc1314:450]: TRACE,202410,102,170,106
[19:50:03.898][D][ldc1314:450]: TRACE,202425,102,170,106
[19:50:03.911][D][ldc1314:450]: TRACE,202443,102,170,106
[19:50:03.928][D][ldc1314:450]: TRACE,202457,102,170,106
[19:50:03.940][D][ldc1314:450]: TRACE,202471,102,170,107
[19:50:03.958][D][ldc1314:450]: TRACE,202484,102,170,107
[19:50:03.967][D][ldc1314:450]: TRACE,202497,102,170,107
[19:50:03.983][D][ldc1314:450]: TRACE,202512,102,170,106
[19:50:03.994][D][ldc1314:450]: TRACE,202524,102,170,107
[19:50:04.010][D][ldc1314:450]: TRACE,202539,103,170,107
[19:50:04.028][D][ldc1314:450]: TRACE,202557,102,170,106
[19:50:04.044][D][ldc1314:450]: TRACE,202572,102,170,106
[19:50:04.068][D][ldc1314:450]: TRACE,202589,102,170,107
[19:50:04.069][D][ldc1314:450]: TRACE,202599,102,170,107
[19:50:04.085][D][ldc1314:450]: TRACE,202614,102,170,106
[19:50:04.096][D][ldc1314:450]: TRACE,202626,102,170,106
[19:50:04.202][D][ldc1314:450]: TRACE,202641,103,170,107
[19:50:04.209][D][ldc1314:450]: TRACE,202654,103,170,107
[19:50:04.210][D][ldc1314:450]: TRACE,202669,102,170,107
[19:50:04.210][D][ldc1314:450]: TRACE,202680,103,170,107
[19:50:04.210][D][ldc1314:450]: TRACE,202690,102,170,107
[19:50:04.210][D][ldc1314:450]: TRACE,202700,103,170,107
[19:50:04.210][D][ldc1314:450]: TRACE,202710,102,170,107
[19:50:04.210][D][ldc1314:450]: TRACE,202720,103,170,107
[19:50:04.210][D][ldc1314:450]: TRACE,202730,102,170,107
[19:50:04.210][D][ldc1314:450]: TRACE,202740,103,170,107
[19:50:04.219][D][ldc1314:450]: TRACE,202750,102,170,107
[19:50:04.234][D][ldc1314:450]: TRACE,202763,102,170,107
[19:50:04.253][D][ldc1314:450]: TRACE,202781,103,170,106
[19:50:04.271][D][ldc1314:450]: TRACE,202796,102,170,107
[19:50:04.278][D][ldc1314:450]: TRACE,202806,102,170,107
[19:50:04.290][D][ldc1314:450]: TRACE,202818,103,170,107
[19:50:04.304][D][ldc1314:450]: TRACE,202833,102,170,107
[19:50:04.322][D][ldc1314:450]: TRACE,202850,102,170,107
[19:50:04.330][D][ldc1314:450]: TRACE,202862,102,170,107
[19:50:04.347][D][ldc1314:450]: TRACE,202875,102,170,106
[19:50:04.366][D][ldc1314:450]: TRACE,202889,102,170,107
[19:50:04.382][D][ldc1314:450]: TRACE,202906,102,170,106
[19:50:04.396][D][ldc1314:450]: TRACE,202926,103,170,107
[19:50:04.412][D][ldc1314:450]: TRACE,202940,103,170,107
[19:50:04.419][D][ldc1314:450]: TRACE,202952,102,170,107
[19:50:04.433][D][ldc1314:450]: TRACE,202964,103,170,106
[19:50:04.451][D][ldc1314:450]: TRACE,202978,103,170,107
[19:50:04.471][D][ldc1314:450]: TRACE,202992,102,170,106
[19:50:04.479][D][ldc1314:450]: TRACE,203005,102,170,107
[19:50:04.488][D][ldc1314:450]: TRACE,203017,103,170,107
[19:50:04.507][D][ldc1314:450]: TRACE,203037,102,170,107
[19:50:04.520][D][ldc1314:450]: TRACE,203052,103,170,106
[19:50:04.533][D][ldc1314:450]: TRACE,203065,102,170,107
[19:50:04.549][D][ldc1314:450]: TRACE,203077,102,170,107
[19:50:04.571][D][ldc1314:450]: TRACE,203093,102,170,107
[19:50:04.579][D][ldc1314:450]: TRACE,203107,103,170,107
[19:50:04.590][D][ldc1314:450]: TRACE,203117,102,170,107
[19:50:04.602][D][ldc1314:450]: TRACE,203132,103,170,106
[19:50:04.620][D][ldc1314:450]: TRACE,203152,102,170,107
[19:50:04.635][D][ldc1314:450]: TRACE,203163,103,170,107
[19:50:04.724][D][ldc1314:450]: TRACE,203180,103,170,107
[19:50:04.725][D][ldc1314:450]: TRACE,203191,103,170,106
[19:50:04.727][D][ldc1314:450]: TRACE,203201,102,170,107
[19:50:04.727][D][ldc1314:450]: TRACE,203211,102,170,106
[19:50:04.727][D][ldc1314:450]: TRACE,203221,102,170,106
[19:50:04.727][D][ldc1314:450]: TRACE,203231,103,170,106
[19:50:04.727][D][ldc1314:450]: TRACE,203241,103,170,106
[19:50:04.728][D][ldc1314:450]: TRACE,203251,102,170,107
[19:50:04.736][D][ldc1314:450]: TRACE,203263,102,170,107
[19:50:04.745][D][ldc1314:450]: TRACE,203275,102,170,107
[19:50:04.775][D][ldc1314:450]: TRACE,203290,103,170,107
[19:50:04.776][D][ldc1314:450]: TRACE,203307,103,170,107
[19:50:04.787][D][ldc1314:450]: TRACE,203317,102,170,107
[19:50:04.802][D][ldc1314:450]: TRACE,203332,103,170,107
[19:50:04.816][D][ldc1314:450]: TRACE,203345,102,170,107
[19:50:04.829][D][ldc1314:450]: TRACE,203361,102,170,107
[19:50:04.842][D][ldc1314:450]: TRACE,203373,102,170,107
[19:50:04.862][D][ldc1314:450]: TRACE,203390,102,170,107
[19:50:04.881][D][ldc1314:450]: TRACE,203405,103,170,107
[19:50:04.888][D][ldc1314:450]: TRACE,203416,102,170,106
[19:50:04.900][D][ldc1314:450]: TRACE,203429,103,170,107
[19:50:04.915][D][ldc1314:450]: TRACE,203445,102,170,106
[19:50:04.928][D][ldc1314:450]: TRACE,203458,103,170,106
[19:50:04.942][D][ldc1314:450]: TRACE,203472,102,170,107
[19:50:04.957][D][ldc1314:450]: TRACE,203487,103,170,107
[19:50:04.980][D][ldc1314:450]: TRACE,203507,102,170,107
[19:50:04.992][D][ldc1314:450]: TRACE,203521,103,170,107
[19:50:05.007][D][ldc1314:450]: TRACE,203536,103,170,106
[19:50:05.019][D][ldc1314:450]: TRACE,203548,102,170,107
[19:50:05.030][D][ldc1314:450]: TRACE,203561,102,170,106
[19:50:05.043][D][ldc1314:450]: TRACE,203573,102,170,106
[19:50:05.057][D][ldc1314:450]: TRACE,203589,103,170,106
[19:50:05.075][D][ldc1314:450]: TRACE,203603,103,170,106
[19:50:05.090][D][ldc1314:450]: TRACE,203619,103,170,107
[19:50:05.109][D][ldc1314:450]: TRACE,203635,103,170,107
[19:50:05.120][D][ldc1314:450]: TRACE,203650,103,170,107
[19:50:05.134][D][ldc1314:450]: TRACE,203664,103,170,107
[19:50:05.148][D][ldc1314:450]: TRACE,203679,103,170,107
[19:50:05.252][D][ldc1314:450]: TRACE,203693,102,170,107
[19:50:05.252][D][ldc1314:450]: TRACE,203707,102,170,107
[19:50:05.252][D][ldc1314:450]: TRACE,203717,102,170,107
[19:50:05.252][D][ldc1314:450]: TRACE,203727,102,170,107
[19:50:05.253][D][ldc1314:450]: TRACE,203738,102,170,107
[19:50:05.253][D][ldc1314:450]: TRACE,203749,103,170,106
[19:50:05.253][D][ldc1314:450]: TRACE,203759,103,170,107
[19:50:05.253][D][ldc1314:450]: TRACE,203769,102,170,107
[19:50:05.265][D][ldc1314:450]: TRACE,203779,102,170,107
[19:50:05.266][D][ldc1314:450]: TRACE,203789,103,170,107
[19:50:05.272][D][ldc1314:450]: TRACE,203799,103,170,106
[19:50:05.287][D][ldc1314:450]: TRACE,203811,102,170,106
[19:50:05.294][D][ldc1314:450]: TRACE,203824,102,170,106
[19:50:05.308][D][ldc1314:450]: TRACE,203840,102,170,106
[19:50:05.326][D][ldc1314:450]: TRACE,203854,102,170,107
[19:50:05.341][D][ldc1314:450]: TRACE,203870,102,170,106
[19:50:05.357][D][ldc1314:450]: TRACE,203885,102,170,106
[19:50:05.366][D][ldc1314:450]: TRACE,203899,102,170,106
[19:50:05.390][D][ldc1314:450]: TRACE,203911,102,170,106
[19:50:05.400][D][ldc1314:450]: TRACE,203931,102,170,106
[19:50:05.417][D][ldc1314:450]: TRACE,203945,102,170,107
[19:50:05.436][D][ldc1314:450]: TRACE,203964,102,170,106
[19:50:05.448][D][ldc1314:450]: TRACE,203980,103,170,106
[19:50:05.462][D][ldc1314:450]: TRACE,203992,102,170,106
[19:50:05.473][D][ldc1314:450]: TRACE,204002,102,170,107
[19:50:05.492][D][ldc1314:450]: TRACE,204019,103,170,107
[19:50:05.504][D][ldc1314:450]: TRACE,204033,102,170,107
[19:50:05.519][D][ldc1314:450]: TRACE,204048,103,170,107
[19:50:05.539][D][ldc1314:450]: TRACE,204069,103,170,107
[19:50:05.552][D][ldc1314:450]: TRACE,204084,103,170,107
[19:50:05.567][D][ldc1314:450]: TRACE,204098,102,170,107
[19:50:05.579][D][ldc1314:450]: TRACE,204112,103,170,107
[19:50:05.598][D][ldc1314:450]: TRACE,204124,103,170,107
[19:50:05.606][D][ldc1314:450]: TRACE,204134,103,170,107
[19:50:05.621][D][ldc1314:450]: TRACE,204147,103,170,107
[19:50:05.633][D][ldc1314:450]: TRACE,204162,102,170,106
[19:50:05.648][D][ldc1314:450]: TRACE,204180,102,170,106
[19:50:05.664][D][ldc1314:450]: TRACE,204193,102,170,106
[19:50:05.677][D][ldc1314:450]: TRACE,204208,102,170,106
[19:50:05.775][D][ldc1314:450]: TRACE,204222,102,169,106
[19:50:05.775][D][ldc1314:450]: TRACE,204236,102,169,106
[19:50:05.775][D][ldc1314:450]: TRACE,204245,102,169,106
[19:50:05.775][D][ldc1314:450]: TRACE,204256,102,170,106
[19:50:05.775][D][ldc1314:450]: TRACE,204266,102,170,106
[19:50:05.775][D][ldc1314:450]: TRACE,204276,102,169,106
[19:50:05.775][D][ldc1314:450]: TRACE,204286,102,169,106
[19:50:05.785][D][ldc1314:450]: TRACE,204296,102,170,106
[19:50:05.785][D][ldc1314:450]: TRACE,204308,102,170,106
[19:50:05.799][D][ldc1314:450]: TRACE,204318,102,170,106
[19:50:05.799][D][ldc1314:450]: TRACE,204331,102,169,106
[19:50:05.812][D][ldc1314:450]: TRACE,204340,102,169,106
[19:50:05.826][D][ldc1314:450]: TRACE,204356,102,169,106
[19:50:05.839][D][ldc1314:450]: TRACE,204371,102,169,106
[19:50:05.855][D][ldc1314:450]: TRACE,204385,102,169,106
[19:50:05.877][D][ldc1314:450]: TRACE,204398,102,170,106
[19:50:05.887][D][ldc1314:450]: TRACE,204416,102,169,106
[19:50:05.907][D][ldc1314:450]: TRACE,204426,102,170,106
[19:50:05.908][D][ldc1314:450]: TRACE,204438,102,170,106
[19:50:05.920][D][ldc1314:450]: TRACE,204452,102,169,106
[19:50:05.936][D][ldc1314:450]: TRACE,204467,102,169,106
[19:50:05.952][D][ldc1314:450]: TRACE,204483,102,169,106
[19:50:05.966][D][ldc1314:450]: TRACE,204496,102,169,106
[19:50:05.983][D][ldc1314:450]: TRACE,204513,102,169,106
[19:50:06.004][D][ldc1314:450]: TRACE,204528,102,169,106
[19:50:06.016][D][ldc1314:450]: TRACE,204543,102,170,106
[19:50:06.031][D][ldc1314:450]: TRACE,204560,102,169,106
[19:50:06.043][D][ldc1314:450]: TRACE,204573,102,169,106
[19:50:06.057][D][ldc1314:450]: TRACE,204587,102,169,106
[19:50:06.067][D][ldc1314:450]: TRACE,204599,102,169,106
[19:50:06.083][D][ldc1314:450]: TRACE,204613,102,169,106
[19:50:06.109][D][ldc1314:450]: TRACE,204627,102,169,106
[19:50:06.117][D][ldc1314:450]: TRACE,204646,102,169,106
[19:50:06.133][D][ldc1314:450]: TRACE,204662,102,169,106
[19:50:06.146][D][ldc1314:450]: TRACE,204678,102,169,106
[19:50:06.161][D][ldc1314:450]: TRACE,204692,102,170,106
[19:50:06.175][D][ldc1314:450]: TRACE,204705,102,170,106
[19:50:06.191][D][ldc1314:450]: TRACE,204721,102,170,106
[19:50:06.208][D][ldc1314:450]: TRACE,204735,102,170,106
[19:50:06.299][D][ldc1314:450]: TRACE,204751,102,169,106
[19:50:06.300][D][ldc1314:450]: TRACE,204765,102,169,106
[19:50:06.300][D][ldc1314:450]: TRACE,204775,102,169,106
[19:50:06.300][D][ldc1314:450]: TRACE,204785,102,170,106
[19:50:06.300][D][ldc1314:450]: TRACE,204795,102,170,106
[19:50:06.300][D][ldc1314:450]: TRACE,204806,102,170,106
[19:50:06.300][D][ldc1314:450]: TRACE,204816,102,170,106
[19:50:06.300][D][ldc1314:450]: TRACE,204826,102,170,106
[19:50:06.314][D][ldc1314:450]: TRACE,204836,102,169,106
[19:50:06.314][D][ldc1314:450]: TRACE,204846,102,169,106
[19:50:06.332][D][ldc1314:450]: TRACE,204862,102,169,106
[19:50:06.345][D][ldc1314:450]: TRACE,204876,102,169,106
[19:50:06.363][D][ldc1314:450]: TRACE,204890,102,169,106
[19:50:06.374][D][ldc1314:450]: TRACE,204905,102,169,106
[19:50:06.395][D][ldc1314:450]: TRACE,204919,102,169,106
[19:50:06.415][D][ldc1314:450]: TRACE,204941,102,169,106
[19:50:06.420][D][ldc1314:450]: TRACE,204954,102,169,106
[19:50:06.440][D][ldc1314:450]: TRACE,204968,102,169,106
[19:50:06.453][D][ldc1314:450]: TRACE,204984,102,169,106
[19:50:06.466][D][ldc1314:450]: TRACE,204998,102,169,106
[19:50:06.481][D][ldc1314:450]: TRACE,205012,102,169,106
[19:50:06.495][D][ldc1314:450]: TRACE,205026,102,170,106
[19:50:06.519][D][ldc1314:450]: TRACE,205041,102,169,106
[19:50:06.527][D][ldc1314:450]: TRACE,205053,102,169,106
[19:50:06.543][D][ldc1314:450]: TRACE,205066,102,170,106
[19:50:06.549][D][ldc1314:450]: TRACE,205081,102,169,106
[19:50:06.563][D][ldc1314:450]: TRACE,205095,102,170,106
[19:50:06.577][D][ldc1314:450]: TRACE,205109,102,169,106
[19:50:06.594][D][ldc1314:450]: TRACE,205123,102,169,106
[19:50:06.606][D][ldc1314:450]: TRACE,205137,102,169,106
[19:50:06.621][D][ldc1314:450]: TRACE,205151,102,170,106
[19:50:06.633][D][ldc1314:450]: TRACE,205161,102,170,106
[19:50:06.646][D][ldc1314:450]: TRACE,205177,102,169,106
[19:50:06.661][D][ldc1314:450]: TRACE,205191,102,169,106
[19:50:06.679][D][ldc1314:450]: TRACE,205208,102,169,106
[19:50:06.694][D][ldc1314:450]: TRACE,205223,102,169,106
[19:50:06.710][D][ldc1314:450]: TRACE,205239,102,170,106
[19:50:06.720][D][ldc1314:450]: TRACE,205253,102,169,106
[19:50:06.826][D][ldc1314:450]: TRACE,205264,102,170,106
[19:50:06.826][D][ldc1314:450]: TRACE,205279,102,170,106
[19:50:06.826][D][ldc1314:450]: TRACE,205289,102,169,106
[19:50:06.826][D][ldc1314:450]: TRACE,205299,102,169,106
[19:50:06.827][D][ldc1314:450]: TRACE,205310,102,170,106
[19:50:06.827][D][ldc1314:450]: TRACE,205320,102,170,106
[19:50:06.827][D][ldc1314:450]: TRACE,205330,102,169,106
[19:50:06.827][D][ldc1314:450]: TRACE,205340,102,169,106
[19:50:06.833][D][ldc1314:450]: TRACE,205350,102,169,106
[19:50:06.833][D][ldc1314:450]: TRACE,205360,102,169,106
[19:50:06.841][D][ldc1314:450]: TRACE,205370,102,170,106
[19:50:06.855][D][ldc1314:450]: TRACE,205385,102,170,106
[19:50:06.871][D][ldc1314:450]: TRACE,205399,102,170,106
[19:50:06.882][D][ldc1314:450]: TRACE,205415,102,169,106
[19:50:06.902][D][ldc1314:450]: TRACE,205432,102,169,106
[19:50:06.925][D][ldc1314:450]: TRACE,205446,102,170,106
[19:50:06.932][D][ldc1314:450]: TRACE,205462,102,169,106
[19:50:06.952][D][ldc1314:450]: TRACE,205478,102,169,106
[19:50:06.963][D][ldc1314:450]: TRACE,205492,102,169,106
[19:50:06.978][D][ldc1314:450]: TRACE,205507,102,170,106
[19:50:06.996][D][ldc1314:450]: TRACE,205523,102,170,106
[19:50:07.032][D][ldc1314:450]: TRACE,205560,102,169,106
[19:50:07.065][D][ldc1314:450]: TRACE,205573,102,169,106
[19:50:07.348][D][ldc1314:450]: TRACE,205814,102,169,106
[19:50:07.349][D][ldc1314:450]: TRACE,205826,102,169,106
[19:50:07.349][D][ldc1314:450]: TRACE,205836,102,170,106
[19:50:07.349][D][ldc1314:450]: TRACE,205846,102,169,106
[19:50:07.349][D][ldc1314:450]: TRACE,205856,102,169,106
[19:50:07.356][D][ldc1314:450]: TRACE,205866,102,169,106
[19:50:07.356][D][ldc1314:450]: TRACE,205876,102,170,106
[19:50:07.356][D][ldc1314:450]: TRACE,205886,102,170,106
[19:50:07.367][D][ldc1314:450]: TRACE,205896,102,169,106
[19:50:07.380][D][ldc1314:450]: TRACE,205911,102,169,106
[19:50:07.400][D][ldc1314:450]: TRACE,205924,102,169,106
[19:50:07.419][D][ldc1314:450]: TRACE,205950,102,169,106
[19:50:07.438][D][ldc1314:450]: TRACE,205963,102,169,106
[19:50:07.446][D][ldc1314:450]: TRACE,205976,102,170,106
[19:50:07.465][D][ldc1314:450]: TRACE,205991,102,169,106
[19:50:07.476][D][ldc1314:450]: TRACE,206005,101,169,106
[19:50:07.489][D][ldc1314:450]: TRACE,206020,102,170,106
[19:50:07.504][D][ldc1314:450]: TRACE,206033,102,170,106
[19:50:07.518][D][ldc1314:450]: TRACE,206047,102,169,106
[19:50:07.539][D][ldc1314:450]: TRACE,206066,102,169,106
[19:50:07.551][D][ldc1314:450]: TRACE,206080,102,169,106
[19:50:07.567][D][ldc1314:450]: TRACE,206097,102,169,106
[19:50:07.583][D][ldc1314:450]: TRACE,206113,102,169,106
[19:50:07.595][D][ldc1314:450]: TRACE,206126,102,169,106
[19:50:07.610][D][ldc1314:450]: TRACE,206139,102,169,106
[19:50:07.624][D][ldc1314:450]: TRACE,206156,101,169,106
[19:50:07.645][D][ldc1314:450]: TRACE,206170,102,169,106
[19:50:07.658][D][ldc1314:450]: TRACE,206185,102,169,106
[19:50:07.670][D][ldc1314:450]: TRACE,206201,102,170,106
[19:50:07.683][D][ldc1314:450]: TRACE,206215,102,170,106
[19:50:07.700][D][ldc1314:450]: TRACE,206228,102,169,106
[19:50:07.711][D][ldc1314:450]: TRACE,206242,102,169,106
[19:50:07.725][D][ldc1314:450]: TRACE,206256,102,169,106
[19:50:07.744][D][ldc1314:450]: TRACE,206270,102,169,106
[19:50:07.750][D][ldc1314:450]: TRACE,206284,102,169,106
[19:50:07.772][D][ldc1314:450]: TRACE,206300,102,169,106
[19:50:07.873][D][ldc1314:450]: TRACE,206314,102,169,106
[19:50:07.873][D][ldc1314:450]: TRACE,206330,102,169,106
[19:50:07.873][D][ldc1314:450]: TRACE,206340,102,169,106
[19:50:07.873][D][ldc1314:450]: TRACE,206350,102,169,106
[19:50:07.873][D][ldc1314:450]: TRACE,206360,102,169,106
[19:50:07.874][D][ldc1314:450]: TRACE,206370,102,169,106
[19:50:07.874][D][ldc1314:450]: TRACE,206380,102,170,106
[19:50:07.874][D][ldc1314:450]: TRACE,206390,102,170,106
[19:50:07.874][D][ldc1314:450]: TRACE,206400,102,170,106
[19:50:07.883][D][ldc1314:450]: TRACE,206412,102,169,106
[19:50:07.893][D][ldc1314:450]: TRACE,206425,102,169,106
[19:50:07.910][D][ldc1314:450]: TRACE,206436,102,169,106
[19:50:07.917][D][ldc1314:450]: TRACE,206448,102,170,106
[19:50:07.930][D][ldc1314:450]: TRACE,206458,102,169,106
[19:50:07.961][D][ldc1314:450]: TRACE,206472,102,169,106
[19:50:07.968][D][ldc1314:450]: TRACE,206488,102,169,106
[19:50:07.974][D][ldc1314:450]: TRACE,206502,102,170,106
[19:50:07.988][D][ldc1314:450]: TRACE,206518,102,169,106
[19:50:08.002][D][ldc1314:450]: TRACE,206533,102,170,106
[19:50:08.016][D][ldc1314:450]: TRACE,206546,102,169,106
[19:50:08.034][D][ldc1314:450]: TRACE,206561,102,170,106
[19:50:08.050][D][ldc1314:450]: TRACE,206575,102,169,106
[19:50:08.061][D][ldc1314:450]: TRACE,206591,102,169,106
[19:50:08.079][D][ldc1314:450]: TRACE,206604,102,169,106
[19:50:08.093][D][ldc1314:450]: TRACE,206621,102,169,106
[19:50:08.105][D][ldc1314:450]: TRACE,206636,102,170,106
[19:50:08.119][D][ldc1314:450]: TRACE,206650,102,169,106
[19:50:08.134][D][ldc1314:450]: TRACE,206663,102,169,106
[19:50:08.154][D][ldc1314:450]: TRACE,206678,102,170,106
[19:50:08.161][D][ldc1314:450]: TRACE,206691,102,169,106
[19:50:08.176][D][ldc1314:450]: TRACE,206706,102,169,106
[19:50:08.193][D][ldc1314:450]: TRACE,206722,102,169,106
[19:50:08.207][D][ldc1314:450]: TRACE,206738,102,169,106
[19:50:08.223][D][ldc1314:450]: TRACE,206752,102,169,106
[19:50:08.238][D][ldc1314:450]: TRACE,206768,102,169,106
[19:50:08.256][D][ldc1314:450]: TRACE,206784,102,170,106
[19:50:08.269][D][ldc1314:450]: TRACE,206796,102,170,106
[19:50:08.285][D][ldc1314:450]: TRACE,206812,102,169,106
[19:50:08.296][D][ldc1314:450]: TRACE,206827,102,170,106
[19:50:08.397][D][ldc1314:450]: TRACE,206844,102,170,106
[19:50:08.397][D][ldc1314:450]: TRACE,206858,102,169,106
[19:50:08.397][D][ldc1314:450]: TRACE,206868,102,170,106
[19:50:08.397][D][ldc1314:450]: TRACE,206878,102,169,106
[19:50:08.397][D][ldc1314:450]: TRACE,206888,102,169,106
[19:50:08.397][D][ldc1314:450]: TRACE,206898,102,169,106
[19:50:08.397][D][ldc1314:450]: TRACE,206908,102,169,106
[19:50:08.397][D][ldc1314:450]: TRACE,206918,102,169,106
[19:50:08.406][D][ldc1314:450]: TRACE,206928,102,170,106
[19:50:08.410][D][ldc1314:450]: TRACE,206939,102,170,106
[19:50:08.424][D][ldc1314:450]: TRACE,206953,102,170,106
[19:50:08.439][D][ldc1314:450]: TRACE,206969,102,170,106
[19:50:08.462][D][ldc1314:450]: TRACE,206983,102,169,106
[19:50:08.464][D][ldc1314:450]: TRACE,206998,102,170,106
[19:50:08.479][D][ldc1314:450]: TRACE,207008,102,170,106
[19:50:08.493][D][ldc1314:450]: TRACE,207023,102,170,106
[19:50:08.511][D][ldc1314:450]: TRACE,207039,102,170,106
[19:50:08.524][D][ldc1314:450]: TRACE,207053,102,169,106
[19:50:08.543][D][ldc1314:450]: TRACE,207073,102,169,106
[19:50:08.563][D][ldc1314:450]: TRACE,207087,102,169,106
[19:50:08.572][D][ldc1314:450]: TRACE,207100,102,170,106
[19:50:08.586][D][ldc1314:450]: TRACE,207115,102,170,106
[19:50:08.599][D][ldc1314:450]: TRACE,207130,102,169,106
[19:50:08.614][D][ldc1314:450]: TRACE,207144,102,170,106
[19:50:08.627][D][ldc1314:450]: TRACE,207157,102,170,106
[19:50:08.643][D][ldc1314:450]: TRACE,207172,102,169,106
[19:50:08.666][D][ldc1314:450]: TRACE,207192,102,169,106
[19:50:08.676][D][ldc1314:450]: TRACE,207205,102,169,106
[19:50:08.693][D][ldc1314:450]: TRACE,207220,102,169,106
[19:50:08.705][D][ldc1314:450]: TRACE,207235,102,170,106
[19:50:08.716][D][ldc1314:450]: TRACE,207249,102,169,106
[19:50:08.731][D][ldc1314:450]: TRACE,207261,102,169,106
[19:50:08.747][D][ldc1314:450]: TRACE,207276,102,170,106
[19:50:08.766][D][ldc1314:450]: TRACE,207295,102,170,106
[19:50:08.778][D][ldc1314:450]: TRACE,207309,102,170,106
[19:50:08.795][D][ldc1314:450]: TRACE,207324,102,170,106
[19:50:08.806][D][ldc1314:450]: TRACE,207338,102,170,106
[19:50:08.820][D][ldc1314:450]: TRACE,207352,102,169,106
[19:50:08.920][D][ldc1314:450]: TRACE,207364,102,170,106
[19:50:08.921][D][ldc1314:450]: TRACE,207378,102,169,106
[19:50:08.921][D][ldc1314:450]: TRACE,207389,102,169,106
[19:50:08.921][D][ldc1314:450]: TRACE,207401,102,169,106
[19:50:08.921][D][ldc1314:450]: TRACE,207410,102,170,106
[19:50:08.921][D][ldc1314:450]: TRACE,207423,102,170,106
[19:50:08.921][D][ldc1314:450]: TRACE,207434,102,169,106
[19:50:08.929][D][ldc1314:450]: TRACE,207444,102,170,106
[19:50:08.929][D][ldc1314:450]: TRACE,207454,102,170,106
[19:50:08.936][D][ldc1314:450]: TRACE,207464,102,170,106
[19:50:08.947][D][ldc1314:450]: TRACE,207476,102,169,106
[19:50:08.973][D][ldc1314:450]: TRACE,207492,102,169,106
[19:50:08.986][D][ldc1314:450]: TRACE,207512,102,169,106
[19:50:09.000][D][ldc1314:450]: TRACE,207530,102,169,106
[19:50:09.016][D][ldc1314:450]: TRACE,207543,102,169,106
[19:50:09.026][D][ldc1314:450]: TRACE,207558,102,170,106
[19:50:09.040][D][ldc1314:450]: TRACE,207569,102,169,106
[19:50:09.052][D][ldc1314:450]: TRACE,207582,102,169,106
[19:50:09.076][D][ldc1314:450]: TRACE,207597,102,170,106
[19:50:09.080][D][ldc1314:450]: TRACE,207611,102,170,106
[19:50:09.096][D][ldc1314:450]: TRACE,207624,102,169,106
[19:50:09.113][D][ldc1314:450]: TRACE,207642,102,169,106
[19:50:09.138][D][ldc1314:450]: TRACE,207657,102,169,106
[19:50:09.144][D][ldc1314:450]: TRACE,207668,102,169,106
[19:50:09.148][D][ldc1314:450]: TRACE,207680,102,169,106
[19:50:09.176][D][ldc1314:450]: TRACE,207695,102,169,106
[19:50:09.198][D][ldc1314:450]: TRACE,207711,102,170,106
[19:50:09.198][D][ldc1314:450]: TRACE,207721,102,170,106
[19:50:09.199][D][ldc1314:450]: TRACE,207731,102,170,106
[19:50:09.212][D][ldc1314:450]: TRACE,207743,102,169,106
[19:50:09.234][D][ldc1314:450]: TRACE,207761,102,170,106
[19:50:09.246][D][ldc1314:450]: TRACE,207776,102,170,106
[19:50:09.263][D][ldc1314:450]: TRACE,207793,102,170,106
[19:50:09.281][D][ldc1314:450]: TRACE,207807,102,169,106
[19:50:09.290][D][ldc1314:450]: TRACE,207820,102,169,106
[19:50:09.308][D][ldc1314:450]: TRACE,207835,102,169,106
[19:50:09.320][D][ldc1314:450]: TRACE,207850,102,170,106
[19:50:09.335][D][ldc1314:450]: TRACE,207864,102,170,106
[19:50:09.444][D][ldc1314:450]: TRACE,207886,102,170,106
[19:50:09.445][D][ldc1314:450]: TRACE,207900,102,169,106
[19:50:09.445][D][ldc1314:450]: TRACE,207910,102,170,106
[19:50:09.445][D][ldc1314:450]: TRACE,207920,102,169,106
[19:50:09.445][D][ldc1314:450]: TRACE,207930,102,170,106
[19:50:09.445][D][ldc1314:450]: TRACE,207942,102,169,106
[19:50:09.445][D][ldc1314:450]: TRACE,207951,102,169,106
[19:50:09.449][D][ldc1314:450]: TRACE,207961,102,169,106
[19:50:09.449][D][ldc1314:450]: TRACE,207971,102,169,106
[19:50:09.449][D][ldc1314:450]: TRACE,207981,102,170,106
[19:50:09.463][D][ldc1314:450]: TRACE,207992,102,169,106
[19:50:09.483][D][ldc1314:450]: TRACE,208008,102,169,106
[19:50:09.490][D][ldc1314:450]: TRACE,208021,102,170,106
[19:50:09.507][D][ldc1314:450]: TRACE,208031,102,169,106
[19:50:09.519][D][ldc1314:450]: TRACE,208048,102,170,106
[19:50:09.533][D][ldc1314:450]: TRACE,208064,102,170,106
[19:50:09.544][D][ldc1314:450]: TRACE,208077,102,170,106
[19:50:09.560][D][ldc1314:450]: TRACE,208089,102,170,106
[19:50:09.585][D][ldc1314:450]: TRACE,208107,102,169,106
[19:50:09.598][D][ldc1314:450]: TRACE,208123,102,170,106
[19:50:09.605][D][ldc1314:450]: TRACE,208136,102,170,106
[19:50:09.615][D][ldc1314:450]: TRACE,208148,102,169,106
[19:50:09.632][D][ldc1314:450]: TRACE,208161,102,169,106
[19:50:09.646][D][ldc1314:450]: TRACE,208176,102,169,106
[19:50:09.660][D][ldc1314:450]: TRACE,208191,102,169,106
[19:50:09.673][D][ldc1314:450]: TRACE,208205,102,169,106
[19:50:09.697][D][ldc1314:450]: TRACE,208222,102,169,106
[19:50:09.705][D][ldc1314:450]: TRACE,208231,102,170,106
[19:50:09.718][D][ldc1314:450]: TRACE,208249,102,169,106
[19:50:09.734][D][ldc1314:450]: TRACE,208263,102,170,106
[19:50:09.746][D][ldc1314:450]: TRACE,208278,102,170,106
[19:50:09.762][D][ldc1314:450]: TRACE,208292,102,170,106
[19:50:09.775][D][ldc1314:450]: TRACE,208306,102,170,106
[19:50:09.790][D][ldc1314:450]: TRACE,208320,102,169,106
[19:50:09.808][D][ldc1314:450]: TRACE,208332,102,170,106
[19:50:09.820][D][ldc1314:450]: TRACE,208349,102,170,106
[19:50:09.833][D][ldc1314:450]: TRACE,208362,102,170,106
[19:50:09.849][D][ldc1314:450]: TRACE,208379,102,170,106
[19:50:09.861][D][ldc1314:450]: TRACE,208391,102,170,106
[19:50:09.875][D][ldc1314:450]: TRACE,208407,102,170,106
[19:50:09.969][D][ldc1314:450]: TRACE,208421,102,170,106
[19:50:09.970][D][ldc1314:450]: TRACE,208434,102,169,106
[19:50:09.970][D][ldc1314:450]: TRACE,208447,102,170,106
[19:50:09.970][D][ldc1314:450]: TRACE,208457,102,170,106
[19:50:09.970][D][ldc1314:450]: TRACE,208467,102,169,106
[19:50:09.970][D][ldc1314:450]: TRACE,208477,102,170,106
[19:50:09.979][D][ldc1314:450]: TRACE,208487,102,169,106
[19:50:09.979][D][ldc1314:450]: TRACE,208498,102,170,106
[19:50:09.979][D][ldc1314:450]: TRACE,208508,102,170,106
[19:50:09.995][D][ldc1314:450]: TRACE,208518,102,170,106
[19:50:10.002][D][ldc1314:450]: TRACE,208531,102,170,106
[19:50:10.016][D][ldc1314:450]: TRACE,208546,102,170,106
[19:50:10.041][D][ldc1314:450]: TRACE,208565,102,170,106
[19:50:10.049][D][ldc1314:450]: TRACE,208581,102,170,106
[19:50:10.061][D][ldc1314:450]: TRACE,208593,102,170,106
[19:50:10.075][D][ldc1314:450]: TRACE,208607,102,170,106
[19:50:10.101][D][ldc1314:450]: TRACE,208621,102,170,106
[19:50:10.114][D][ldc1314:450]: TRACE,208634,102,170,106
[19:50:10.124][D][ldc1314:450]: TRACE,208644,102,170,106
[19:50:10.129][D][ldc1314:450]: TRACE,208659,102,170,106
[19:50:10.146][D][ldc1314:450]: TRACE,208673,102,170,106
[19:50:10.161][D][ldc1314:450]: TRACE,208693,102,170,106
[19:50:10.175][D][ldc1314:450]: TRACE,208706,102,170,106
[19:50:10.203][D][ldc1314:450]: TRACE,208721,102,170,106
[19:50:10.203][D][ldc1314:450]: TRACE,208735,102,169,106
[19:50:10.218][D][ldc1314:450]: TRACE,208747,102,170,106
[19:50:10.233][D][ldc1314:450]: TRACE,208762,102,170,106
[19:50:10.248][D][ldc1314:450]: TRACE,208777,102,170,106
[19:50:10.259][D][ldc1314:450]: TRACE,208791,102,169,106
[19:50:10.277][D][ldc1314:450]: TRACE,208807,102,169,106
[19:50:10.290][D][ldc1314:450]: TRACE,208821,102,170,106
[19:50:10.305][D][ldc1314:450]: TRACE,208836,102,169,106
[19:50:10.317][D][ldc1314:450]: TRACE,208845,102,169,106
[19:50:10.335][D][ldc1314:450]: TRACE,208864,102,170,106
[19:50:10.349][D][ldc1314:450]: TRACE,208880,102,170,106
[19:50:10.365][D][ldc1314:450]: TRACE,208895,102,170,106
[19:50:10.385][D][ldc1314:450]: TRACE,208915,102,170,106
[19:50:10.495][D][ldc1314:450]: TRACE,208930,102,170,106
[19:50:10.495][D][ldc1314:450]: TRACE,208946,102,170,106
[19:50:10.495][D][ldc1314:450]: TRACE,208961,102,170,106
[19:50:10.495][D][ldc1314:450]: TRACE,208970,102,170,106
[19:50:10.495][D][ldc1314:450]: TRACE,208980,102,170,106
[19:50:10.495][D][ldc1314:450]: TRACE,208990,102,170,106
[19:50:10.496][D][ldc1314:450]: TRACE,209000,102,170,106
[19:50:10.496][D][ldc1314:450]: TRACE,209010,102,170,106
[19:50:10.496][D][ldc1314:450]: TRACE,209020,102,170,106
[19:50:10.510][D][ldc1314:450]: TRACE,209032,102,170,106
[19:50:10.519][D][ldc1314:450]: TRACE,209043,102,170,106
[19:50:10.528][D][ldc1314:450]: TRACE,209056,102,170,106
[19:50:10.543][D][ldc1314:450]: TRACE,209073,102,170,106
[19:50:10.555][D][ldc1314:450]: TRACE,209086,102,170,106
[19:50:10.566][D][ldc1314:450]: TRACE,209098,102,170,106
[19:50:10.579][D][ldc1314:450]: TRACE,209110,102,170,106
[19:50:10.594][D][ldc1314:450]: TRACE,209124,102,170,106
[19:50:10.613][D][ldc1314:450]: TRACE,209138,102,170,106
[19:50:10.628][D][ldc1314:450]: TRACE,209153,102,170,106
[19:50:10.643][D][ldc1314:450]: TRACE,209172,102,170,106
[19:50:10.658][D][ldc1314:450]: TRACE,209187,102,170,107
[19:50:10.667][D][ldc1314:450]: TRACE,209199,102,170,106
[19:50:10.683][D][ldc1314:450]: TRACE,209213,102,170,106
[19:50:10.699][D][ldc1314:450]: TRACE,209228,102,170,106
[19:50:10.716][D][ldc1314:450]: TRACE,209243,102,170,106
[19:50:10.728][D][ldc1314:450]: TRACE,209260,102,170,106
[19:50:10.743][D][ldc1314:450]: TRACE,209273,102,170,106
[19:50:10.755][D][ldc1314:450]: TRACE,209287,102,170,106
[19:50:10.770][D][ldc1314:450]: TRACE,209301,102,170,106
[19:50:10.785][D][ldc1314:450]: TRACE,209314,102,170,106
[19:50:10.798][D][ldc1314:450]: TRACE,209328,102,170,106
[19:50:10.817][D][ldc1314:450]: TRACE,209342,102,170,106
[19:50:10.823][D][ldc1314:450]: TRACE,209354,102,170,106
[19:50:10.844][D][ldc1314:450]: TRACE,209373,102,170,106
[19:50:10.858][D][ldc1314:450]: TRACE,209387,102,170,106
[19:50:10.867][D][ldc1314:450]: TRACE,209399,102,170,106
[19:50:10.882][D][ldc1314:450]: TRACE,209411,102,170,106
[19:50:10.896][D][ldc1314:450]: TRACE,209426,102,170,106
[19:50:10.920][D][ldc1314:450]: TRACE,209440,102,170,106
[19:50:11.018][D][ldc1314:450]: TRACE,209455,102,170,106
[19:50:11.018][D][ldc1314:450]: TRACE,209467,102,170,106
[19:50:11.019][D][ldc1314:450]: TRACE,209483,102,170,106
[19:50:11.019][D][ldc1314:450]: TRACE,209492,102,170,106
[19:50:11.019][D][ldc1314:450]: TRACE,209502,102,170,106
[19:50:11.019][D][ldc1314:450]: TRACE,209512,102,170,106
[19:50:11.021][D][ldc1314:450]: TRACE,209522,102,170,106
[19:50:11.022][D][ldc1314:450]: TRACE,209533,102,170,106
[19:50:11.022][D][ldc1314:450]: TRACE,209543,102,170,106
[19:50:11.022][D][ldc1314:450]: TRACE,209553,102,170,106
[19:50:11.036][D][ldc1314:450]: TRACE,209564,102,170,106
[19:50:11.048][D][ldc1314:450]: TRACE,209581,102,170,106
[19:50:11.066][D][ldc1314:450]: TRACE,209599,102,170,106
[19:50:11.081][D][ldc1314:450]: TRACE,209611,102,170,106
[19:50:11.097][D][ldc1314:450]: TRACE,209625,102,170,106
[19:50:11.110][D][ldc1314:450]: TRACE,209639,102,170,106
[19:50:11.130][D][ldc1314:450]: TRACE,209654,102,170,106
[19:50:11.134][D][ldc1314:450]: TRACE,209667,102,170,106
[19:50:11.151][D][ldc1314:450]: TRACE,209680,102,170,106
[19:50:11.162][D][ldc1314:450]: TRACE,209693,102,170,106
[19:50:11.179][D][ldc1314:450]: TRACE,209710,102,170,106
[19:50:11.194][D][ldc1314:450]: TRACE,209724,102,170,106
[19:50:11.211][D][ldc1314:450]: TRACE,209740,102,170,106
[19:50:11.223][D][ldc1314:450]: TRACE,209755,102,170,106
[19:50:11.237][D][ldc1314:450]: TRACE,209766,102,170,106
[19:50:11.254][D][ldc1314:450]: TRACE,209781,102,170,106
[19:50:11.265][D][ldc1314:450]: TRACE,209796,102,170,106
[19:50:11.279][D][ldc1314:450]: TRACE,209808,102,170,106
[19:50:11.301][D][ldc1314:450]: TRACE,209828,102,170,106
[19:50:11.311][D][ldc1314:450]: TRACE,209842,102,170,106
[19:50:11.332][D][ldc1314:450]: TRACE,209854,102,170,106
[19:50:11.335][D][ldc1314:450]: TRACE,209866,102,169,106
[19:50:11.355][D][ldc1314:450]: TRACE,209881,102,169,106
[19:50:11.369][D][ldc1314:450]: TRACE,209897,102,170,106
[19:50:11.382][D][ldc1314:450]: TRACE,209912,102,170,106
[19:50:11.399][D][ldc1314:450]: TRACE,209929,102,170,106
[19:50:11.427][D][ldc1314:450]: TRACE,209943,101,168,105
[19:50:11.439][D][ldc1314:450]: TRACE,209966,100,168,105
[19:50:11.450][D][ldc1314:450]: TRACE,209982,101,168,105
[19:50:11.541][D][ldc1314:450]: TRACE,209994,101,168,105
[19:50:11.541][D][ldc1314:450]: TRACE,210007,101,168,105
[19:50:11.544][D][ldc1314:450]: TRACE,210017,101,168,105
[19:50:11.544][D][ldc1314:450]: TRACE,210027,101,168,105
[19:50:11.544][D][ldc1314:450]: TRACE,210037,101,168,105
[19:50:11.544][D][ldc1314:450]: TRACE,210047,101,168,105
[19:50:11.544][D][ldc1314:450]: TRACE,210057,101,168,105
[19:50:11.544][D][ldc1314:450]: TRACE,210067,101,168,105
[19:50:11.550][D][ldc1314:450]: TRACE,210080,101,168,105
[19:50:11.562][D][ldc1314:450]: TRACE,210091,101,168,105
[19:50:11.575][D][ldc1314:450]: TRACE,210106,101,168,105
[19:50:11.600][D][ldc1314:450]: TRACE,210128,101,168,105
[19:50:11.610][D][ldc1314:450]: TRACE,210142,101,168,105
[19:50:11.631][D][ldc1314:450]: TRACE,210155,101,168,105
[19:50:11.641][D][ldc1314:450]: TRACE,210169,101,168,105
[19:50:11.651][D][ldc1314:450]: TRACE,210180,101,168,105
[19:50:11.664][D][ldc1314:450]: TRACE,210195,101,168,105
[19:50:11.682][D][ldc1314:450]: TRACE,210211,101,168,105
[19:50:11.696][D][ldc1314:450]: TRACE,210227,101,168,105
[19:50:11.713][D][ldc1314:450]: TRACE,210241,100,168,105
[19:50:11.723][D][ldc1314:450]: TRACE,210255,101,168,105
[19:50:11.738][D][ldc1314:450]: TRACE,210267,101,168,105
[19:50:11.752][D][ldc1314:450]: TRACE,210282,101,168,105
[19:50:11.765][D][ldc1314:450]: TRACE,210295,101,168,105
[19:50:11.785][D][ldc1314:450]: TRACE,210310,101,168,105
[19:50:11.794][D][ldc1314:450]: TRACE,210324,101,168,105
[19:50:11.814][D][ldc1314:450]: TRACE,210343,101,168,105
[19:50:11.839][D][ldc1314:450]: TRACE,210357,101,168,105
[19:50:11.846][D][ldc1314:450]: TRACE,210371,101,168,105
[19:50:11.855][D][ldc1314:450]: TRACE,210381,101,168,105
[19:50:11.869][D][ldc1314:450]: TRACE,210399,101,168,105
[19:50:11.882][D][ldc1314:450]: TRACE,210413,100,168,105
[19:50:11.896][D][ldc1314:450]: TRACE,210427,101,168,105
[19:50:11.911][D][ldc1314:450]: TRACE,210440,101,168,104
[19:50:11.940][D][ldc1314:450]: TRACE,210461,101,168,105
[19:50:11.947][D][ldc1314:450]: TRACE,210476,101,168,105
[19:50:11.962][D][ldc1314:450]: TRACE,210489,101,168,105
[19:50:11.970][D][ldc1314:450]: TRACE,210504,101,168,105
[19:50:12.067][D][ldc1314:450]: TRACE,210516,100,168,105
[19:50:12.067][D][ldc1314:450]: TRACE,210528,101,168,105
[19:50:12.067][D][ldc1314:450]: TRACE,210539,100,168,105
[19:50:12.067][D][ldc1314:450]: TRACE,210549,100,168,105
[19:50:12.067][D][ldc1314:450]: TRACE,210559,101,168,105
[19:50:12.072][D][ldc1314:450]: TRACE,210571,101,168,105
[19:50:12.072][D][ldc1314:450]: TRACE,210581,101,168,105
[19:50:12.072][D][ldc1314:450]: TRACE,210591,101,168,105
[19:50:12.072][D][ldc1314:450]: TRACE,210602,101,168,104
[19:50:12.083][D][ldc1314:450]: TRACE,210612,100,168,105
[19:50:12.097][D][ldc1314:450]: TRACE,210628,101,168,105
[19:50:12.111][D][ldc1314:450]: TRACE,210641,101,168,105
[19:50:12.132][D][ldc1314:450]: TRACE,210657,101,168,105
[19:50:12.145][D][ldc1314:450]: TRACE,210672,101,168,105
[19:50:12.154][D][ldc1314:450]: TRACE,210683,101,168,105
[19:50:12.170][D][ldc1314:450]: TRACE,210699,101,168,105
[19:50:12.182][D][ldc1314:450]: TRACE,210713,101,168,105
[19:50:12.198][D][ldc1314:450]: TRACE,210725,101,168,105
[19:50:12.209][D][ldc1314:450]: TRACE,210741,101,168,105
[19:50:12.225][D][ldc1314:450]: TRACE,210753,101,168,105
[19:50:12.246][D][ldc1314:450]: TRACE,210770,100,168,105
[19:50:12.251][D][ldc1314:450]: TRACE,210783,101,168,105
[19:50:12.273][D][ldc1314:450]: TRACE,210802,101,168,105
[19:50:12.286][D][ldc1314:450]: TRACE,210816,101,168,105
[19:50:12.301][D][ldc1314:450]: TRACE,210830,101,168,105
[19:50:12.312][D][ldc1314:450]: TRACE,210843,101,168,105
[19:50:12.326][D][ldc1314:450]: TRACE,210855,101,168,105
[19:50:12.337][D][ldc1314:450]: TRACE,210868,101,168,105
[19:50:12.351][D][ldc1314:450]: TRACE,210882,101,168,105
[19:50:12.364][D][ldc1314:450]: TRACE,210894,101,168,105
[19:50:12.381][D][ldc1314:450]: TRACE,210912,101,168,105
[19:50:12.394][D][ldc1314:450]: TRACE,210926,101,168,105
[19:50:12.411][D][ldc1314:450]: TRACE,210938,101,168,105
[19:50:12.427][D][ldc1314:450]: TRACE,210954,101,168,105
[19:50:12.450][D][ldc1314:450]: TRACE,210973,101,168,105
[19:50:12.459][D][ldc1314:450]: TRACE,210987,101,168,105
[19:50:12.471][D][ldc1314:450]: TRACE,210997,101,168,105
[19:50:12.482][D][ldc1314:450]: TRACE,211012,101,168,105
[19:50:12.499][D][ldc1314:450]: TRACE,211031,100,168,105
[19:50:12.592][D][ldc1314:450]: TRACE,211043,100,168,105
[19:50:12.593][D][ldc1314:450]: TRACE,211053,101,168,105
[19:50:12.593][D][ldc1314:450]: TRACE,211063,101,168,105
[19:50:12.593][D][ldc1314:450]: TRACE,211073,101,168,105
[19:50:12.593][D][ldc1314:450]: TRACE,211084,101,168,105
[19:50:12.593][D][ldc1314:450]: TRACE,211094,101,168,105
[19:50:12.593][D][ldc1314:450]: TRACE,211104,101,168,105
[19:50:12.594][D][ldc1314:450]: TRACE,211114,101,168,105
[19:50:12.594][D][ldc1314:450]: TRACE,211124,101,168,105
[19:50:12.605][D][ldc1314:450]: TRACE,211134,101,168,105
[19:50:12.619][D][ldc1314:450]: TRACE,211150,101,168,105
[19:50:12.633][D][ldc1314:450]: TRACE,211164,101,168,105
[19:50:12.655][D][ldc1314:450]: TRACE,211179,101,168,105
[19:50:12.666][D][ldc1314:450]: TRACE,211191,101,168,105
[19:50:12.676][D][ldc1314:450]: TRACE,211203,101,168,105
[19:50:12.689][D][ldc1314:450]: TRACE,211220,101,168,105
[19:50:12.702][D][ldc1314:450]: TRACE,211233,101,168,105
[19:50:12.719][D][ldc1314:450]: TRACE,211248,101,168,105
[19:50:12.737][D][ldc1314:450]: TRACE,211263,101,168,105
[19:50:12.758][D][ldc1314:450]: TRACE,211279,101,168,105
[19:50:12.762][D][ldc1314:450]: TRACE,211292,100,168,105
[19:50:12.776][D][ldc1314:450]: TRACE,211305,101,168,105
[19:50:12.790][D][ldc1314:450]: TRACE,211321,101,168,105
[19:50:12.808][D][ldc1314:450]: TRACE,211336,101,168,105
[19:50:12.822][D][ldc1314:450]: TRACE,211352,101,168,105
[19:50:12.838][D][ldc1314:450]: TRACE,211366,100,168,105
[19:50:12.848][D][ldc1314:450]: TRACE,211380,101,168,105
[19:50:12.863][D][ldc1314:450]: TRACE,211395,101,168,105
[19:50:12.876][D][ldc1314:450]: TRACE,211407,101,168,105
[19:50:12.893][D][ldc1314:450]: TRACE,211421,101,168,105
[19:50:12.906][D][ldc1314:450]: TRACE,211433,100,168,105
[19:50:12.917][D][ldc1314:450]: TRACE,211448,101,168,105
[19:50:12.936][D][ldc1314:450]: TRACE,211466,101,168,105
[19:50:12.952][D][ldc1314:450]: TRACE,211480,101,168,105
[19:50:12.965][D][ldc1314:450]: TRACE,211497,101,168,105
[19:50:12.978][D][ldc1314:450]: TRACE,211509,101,168,105
[19:50:12.994][D][ldc1314:450]: TRACE,211520,101,168,105
[19:50:13.004][D][ldc1314:450]: TRACE,211535,101,168,105
[19:50:13.018][D][ldc1314:450]: TRACE,211549,101,168,105
[19:50:13.115][D][ldc1314:450]: TRACE,211562,101,168,105
[19:50:13.116][D][ldc1314:450]: TRACE,211579,101,168,105
[19:50:13.116][D][ldc1314:450]: TRACE,211589,101,168,105
[19:50:13.116][D][ldc1314:450]: TRACE,211599,101,168,105
[19:50:13.116][D][ldc1314:450]: TRACE,211609,101,168,105
[19:50:13.122][D][ldc1314:450]: TRACE,211620,101,168,105
[19:50:13.122][D][ldc1314:450]: TRACE,211630,101,168,105
[19:50:13.122][D][ldc1314:450]: TRACE,211640,101,168,105
[19:50:13.122][D][ldc1314:450]: TRACE,211650,101,168,105
[19:50:13.136][D][ldc1314:450]: TRACE,211660,101,168,105
[19:50:13.145][D][ldc1314:450]: TRACE,211676,100,168,105
[19:50:13.168][D][ldc1314:450]: TRACE,211688,101,168,105
[19:50:13.178][D][ldc1314:450]: TRACE,211704,101,168,105
[19:50:13.186][D][ldc1314:450]: TRACE,211716,101,168,105
[19:50:13.199][D][ldc1314:450]: TRACE,211731,101,168,105
[19:50:13.212][D][ldc1314:450]: TRACE,211743,101,168,105
[19:50:13.228][D][ldc1314:450]: TRACE,211758,101,168,105
[19:50:13.240][D][ldc1314:450]: TRACE,211772,101,168,105
[19:50:13.257][D][ldc1314:450]: TRACE,211786,101,168,105
[19:50:13.272][D][ldc1314:450]: TRACE,211801,100,168,104
[19:50:13.285][D][ldc1314:450]: TRACE,211813,100,168,105
[19:50:13.305][D][ldc1314:450]: TRACE,211835,101,168,105
[19:50:13.320][D][ldc1314:450]: TRACE,211850,101,168,105
[19:50:13.335][D][ldc1314:450]: TRACE,211866,101,168,105
[19:50:13.350][D][ldc1314:450]: TRACE,211881,101,168,105
[19:50:13.372][D][ldc1314:450]: TRACE,211895,101,168,105
[19:50:13.378][D][ldc1314:450]: TRACE,211908,101,168,105
[19:50:13.392][D][ldc1314:450]: TRACE,211922,101,168,105
[19:50:13.410][D][ldc1314:450]: TRACE,211942,101,168,105
[19:50:13.429][D][ldc1314:450]: TRACE,211954,101,168,105
[19:50:13.442][D][ldc1314:450]: TRACE,211974,101,168,105
[19:50:13.455][D][ldc1314:450]: TRACE,211987,101,168,105
[19:50:13.474][D][ldc1314:450]: TRACE,212001,101,168,105
[19:50:13.484][D][ldc1314:450]: TRACE,212014,101,168,105
[19:50:13.498][D][ldc1314:450]: TRACE,212030,101,168,105
[19:50:13.512][D][ldc1314:450]: TRACE,212042,101,168,105
[19:50:13.529][D][ldc1314:450]: TRACE,212060,101,168,105
[19:50:13.544][D][ldc1314:450]: TRACE,212073,100,168,105
[19:50:13.639][D][ldc1314:450]: TRACE,212090,101,168,105
[19:50:13.640][D][ldc1314:450]: TRACE,212102,100,168,104
[19:50:13.640][D][ldc1314:450]: TRACE,212112,101,168,105
[19:50:13.640][D][ldc1314:450]: TRACE,212122,101,168,105
[19:50:13.640][D][ldc1314:450]: TRACE,212133,101,168,105
[19:50:13.640][D][ldc1314:450]: TRACE,212143,100,168,105
[19:50:13.640][D][ldc1314:450]: TRACE,212153,101,168,105
[19:50:13.640][D][ldc1314:450]: TRACE,212164,101,168,105
[19:50:13.646][D][ldc1314:450]: TRACE,212178,101,169,105
[19:50:13.660][D][ldc1314:450]: TRACE,212190,101,169,105
[19:50:13.679][D][ldc1314:450]: TRACE,212205,101,169,105
[19:50:13.686][D][ldc1314:450]: TRACE,212217,101,169,105
[19:50:13.700][D][ldc1314:450]: TRACE,212230,103,170,107
[19:50:13.712][D][ldc1314:450]: TRACE,212243,103,170,107
[19:50:13.730][D][ldc1314:450]: TRACE,212257,103,170,107
[19:50:13.740][D][ldc1314:450]: TRACE,212271,103,170,107
[19:50:13.760][D][ldc1314:450]: TRACE,212290,103,170,107
[19:50:13.781][D][ldc1314:450]: TRACE,212304,103,170,107
[19:50:13.789][D][ldc1314:450]: TRACE,212319,103,170,107
[19:50:13.803][D][ldc1314:450]: TRACE,212334,103,170,107
[19:50:13.817][D][ldc1314:450]: TRACE,212349,103,170,107
[19:50:13.832][D][ldc1314:450]: TRACE,212361,103,170,107
[19:50:13.844][D][ldc1314:450]: TRACE,212377,102,170,107
[19:50:13.858][D][ldc1314:450]: TRACE,212388,103,170,107
[19:50:13.884][D][ldc1314:450]: TRACE,212407,103,170,107
[19:50:13.892][D][ldc1314:450]: TRACE,212419,103,170,107
[19:50:13.904][D][ldc1314:450]: TRACE,212431,103,170,107
[19:50:13.916][D][ldc1314:450]: TRACE,212448,103,170,106
[19:50:13.935][D][ldc1314:450]: TRACE,212462,102,170,107
[19:50:13.945][D][ldc1314:450]: TRACE,212476,103,170,107
[19:50:13.959][D][ldc1314:450]: TRACE,212489,103,170,107
[19:50:13.974][D][ldc1314:450]: TRACE,212503,102,170,107
[19:50:13.987][D][ldc1314:450]: TRACE,212517,103,170,107
[19:50:14.002][D][ldc1314:450]: TRACE,212530,103,170,107
[19:50:14.018][D][ldc1314:450]: TRACE,212545,103,170,107
[19:50:14.029][D][ldc1314:450]: TRACE,212560,103,170,107
[19:50:14.043][D][ldc1314:450]: TRACE,212575,103,170,107
[19:50:14.056][D][ldc1314:450]: TRACE,212587,103,170,107
[19:50:14.068][D][ldc1314:450]: TRACE,212601,103,170,107
[19:50:14.163][D][ldc1314:450]: TRACE,212615,103,170,107
[19:50:14.163][D][ldc1314:450]: TRACE,212629,103,170,107
[19:50:14.163][D][ldc1314:450]: TRACE,212640,103,170,107
[19:50:14.163][D][ldc1314:450]: TRACE,212650,103,170,107
[19:50:14.164][D][ldc1314:450]: TRACE,212660,103,170,107
[19:50:14.164][D][ldc1314:450]: TRACE,212670,102,170,107
[19:50:14.171][D][ldc1314:450]: TRACE,212680,103,170,107
[19:50:14.171][D][ldc1314:450]: TRACE,212691,103,170,107
[19:50:14.171][D][ldc1314:450]: TRACE,212701,103,170,107
[19:50:14.190][D][ldc1314:450]: TRACE,212711,103,170,107
[19:50:14.199][D][ldc1314:450]: TRACE,212727,103,170,107
[19:50:14.212][D][ldc1314:450]: TRACE,212739,103,170,107
[19:50:14.248][D][ldc1314:450]: TRACE,212756,103,170,107
[19:50:14.249][D][ldc1314:450]: TRACE,212766,103,170,107
[19:50:14.249][D][ldc1314:450]: TRACE,212776,103,170,107
[19:50:14.253][D][ldc1314:450]: TRACE,212787,102,170,107
[19:50:14.266][D][ldc1314:450]: TRACE,212797,102,170,107
[19:50:14.279][D][ldc1314:450]: TRACE,212810,103,170,107
[19:50:14.298][D][ldc1314:450]: TRACE,212824,102,170,107
[19:50:14.308][D][ldc1314:450]: TRACE,212834,103,170,107
[19:50:14.325][D][ldc1314:450]: TRACE,212852,102,170,107
[19:50:14.337][D][ldc1314:450]: TRACE,212867,102,170,107
[19:50:14.357][D][ldc1314:450]: TRACE,212884,103,170,107
[19:50:14.366][D][ldc1314:450]: TRACE,212896,102,170,107
[19:50:14.384][D][ldc1314:450]: TRACE,212911,102,170,107
[19:50:14.406][D][ldc1314:450]: TRACE,212929,103,170,107
[19:50:14.418][D][ldc1314:450]: TRACE,212940,102,170,107
[19:50:14.429][D][ldc1314:450]: TRACE,212951,103,170,106
[19:50:14.439][D][ldc1314:450]: TRACE,212962,102,169,106
[19:50:14.453][D][ldc1314:450]: TRACE,212983,102,170,106
[19:50:14.466][D][ldc1314:450]: TRACE,212996,102,169,106
[19:50:14.485][D][ldc1314:450]: TRACE,213016,102,170,106
[19:50:14.504][D][ldc1314:450]: TRACE,213031,102,170,106
[19:50:14.512][D][ldc1314:450]: TRACE,213040,102,169,106
[19:50:14.531][D][ldc1314:450]: TRACE,213057,102,170,106
[19:50:14.542][D][ldc1314:450]: TRACE,213072,102,170,106
[19:50:14.556][D][ldc1314:450]: TRACE,213087,102,169,106
[19:50:14.572][D][ldc1314:450]: TRACE,213101,102,170,106
[19:50:14.587][D][ldc1314:450]: TRACE,213115,102,170,106
[19:50:14.687][D][ldc1314:450]: TRACE,213130,102,169,106
[19:50:14.688][D][ldc1314:450]: TRACE,213146,102,169,106
[19:50:14.688][D][ldc1314:450]: TRACE,213155,102,169,106
[19:50:14.688][D][ldc1314:450]: TRACE,213165,102,170,106
[19:50:14.688][D][ldc1314:450]: TRACE,213176,102,170,106
[19:50:14.688][D][ldc1314:450]: TRACE,213186,102,170,106
[19:50:14.688][D][ldc1314:450]: TRACE,213197,102,170,106
[19:50:14.688][D][ldc1314:450]: TRACE,213207,102,170,106
[19:50:14.688][D][ldc1314:450]: TRACE,213217,102,170,106
[19:50:14.705][D][ldc1314:450]: TRACE,213227,102,170,106
[19:50:14.705][D][ldc1314:450]: TRACE,213237,102,170,106
[19:50:14.725][D][ldc1314:450]: TRACE,213253,102,170,106
[19:50:14.742][D][ldc1314:450]: TRACE,213268,102,170,106
[19:50:14.756][D][ldc1314:450]: TRACE,213283,102,170,106
[19:50:14.765][D][ldc1314:450]: TRACE,213295,102,170,106
[19:50:14.785][D][ldc1314:450]: TRACE,213310,102,170,106
[19:50:14.804][D][ldc1314:450]: TRACE,213326,102,170,106
[19:50:14.809][D][ldc1314:450]: TRACE,213339,102,170,106
[19:50:14.820][D][ldc1314:450]: TRACE,213351,102,170,106
[19:50:14.839][D][ldc1314:450]: TRACE,213370,102,170,106
[19:50:14.854][D][ldc1314:450]: TRACE,213384,102,170,106
[19:50:14.871][D][ldc1314:450]: TRACE,213398,102,170,106
[19:50:14.883][D][ldc1314:450]: TRACE,213412,102,170,106
[19:50:14.897][D][ldc1314:450]: TRACE,213427,102,169,106
[19:50:14.912][D][ldc1314:450]: TRACE,213442,102,170,107
[19:50:14.924][D][ldc1314:450]: TRACE,213452,102,170,107
[19:50:14.940][D][ldc1314:450]: TRACE,213468,102,170,106
[19:50:14.951][D][ldc1314:450]: TRACE,213482,102,170,106
[19:50:14.970][D][ldc1314:450]: TRACE,213499,102,170,106
[19:50:14.980][D][ldc1314:450]: TRACE,213511,102,170,106
[19:50:14.998][D][ldc1314:450]: TRACE,213527,102,170,106
[19:50:15.008][D][ldc1314:450]: TRACE,213542,102,170,106
[19:50:15.025][D][ldc1314:450]: TRACE,213552,102,170,106
[19:50:15.042][D][ldc1314:450]: TRACE,213570,102,170,106
[19:50:15.052][D][ldc1314:450]: TRACE,213584,102,170,106
[19:50:15.067][D][ldc1314:450]: TRACE,213596,102,170,106
[19:50:15.081][D][ldc1314:450]: TRACE,213611,102,170,106
[19:50:15.100][D][ldc1314:450]: TRACE,213628,102,170,106
[19:50:15.115][D][ldc1314:450]: TRACE,213643,102,170,106
[19:50:15.213][D][ldc1314:450]: TRACE,213653,102,170,106
[19:50:15.213][D][ldc1314:450]: TRACE,213668,102,170,106
[19:50:15.213][D][ldc1314:450]: TRACE,213678,102,170,106
[19:50:15.213][D][ldc1314:450]: TRACE,213688,102,170,106
[19:50:15.213][D][ldc1314:450]: TRACE,213698,102,170,106
[19:50:15.213][D][ldc1314:450]: TRACE,213708,102,170,106
[19:50:15.213][D][ldc1314:450]: TRACE,213718,102,170,107
[19:50:15.213][D][ldc1314:450]: TRACE,213729,102,170,107
[19:50:15.220][D][ldc1314:450]: TRACE,213739,102,170,106
[19:50:15.220][D][ldc1314:450]: TRACE,213751,102,170,106
[19:50:15.234][D][ldc1314:450]: TRACE,213765,102,170,106
[19:50:15.248][D][ldc1314:450]: TRACE,213779,102,170,106
[19:50:15.265][D][ldc1314:450]: TRACE,213793,102,170,106
[19:50:15.276][D][ldc1314:450]: TRACE,213807,102,170,106
[19:50:15.290][D][ldc1314:450]: TRACE,213820,102,170,106
[19:50:15.304][D][ldc1314:450]: TRACE,213834,102,170,106
[19:50:15.323][D][ldc1314:450]: TRACE,213851,102,170,106
[19:50:15.338][D][ldc1314:450]: TRACE,213863,102,170,106
[19:50:15.350][D][ldc1314:450]: TRACE,213879,102,170,106
[19:50:15.364][D][ldc1314:450]: TRACE,213891,102,170,106
[19:50:15.375][D][ldc1314:450]: TRACE,213906,102,170,106
[19:50:15.388][D][ldc1314:450]: TRACE,213920,102,170,106
[19:50:15.403][D][ldc1314:450]: TRACE,213934,102,170,106
[19:50:15.418][D][ldc1314:450]: TRACE,213948,102,170,106
[19:50:15.444][D][ldc1314:450]: TRACE,213966,102,170,106
[19:50:15.455][D][ldc1314:450]: TRACE,213987,102,170,106
[19:50:15.468][D][ldc1314:450]: TRACE,213999,102,170,106
[19:50:15.482][D][ldc1314:450]: TRACE,214013,102,170,106
[19:50:15.496][D][ldc1314:450]: TRACE,214027,102,169,106
[19:50:15.509][D][ldc1314:450]: TRACE,214041,102,170,106
[19:50:15.521][D][ldc1314:450]: TRACE,214054,102,170,106
[19:50:15.535][D][ldc1314:450]: TRACE,214064,102,170,106
[19:50:15.553][D][ldc1314:450]: TRACE,214086,102,170,106
[19:50:15.568][D][ldc1314:450]: TRACE,214100,102,170,106
[19:50:15.582][D][ldc1314:450]: TRACE,214113,102,170,106
[19:50:15.598][D][ldc1314:450]: TRACE,214127,102,170,106
[19:50:15.623][D][ldc1314:450]: TRACE,214143,102,170,106
[19:50:15.631][D][ldc1314:450]: TRACE,214158,102,170,106
[19:50:15.642][D][ldc1314:450]: TRACE,214168,102,170,106
[19:50:15.740][D][ldc1314:450]: TRACE,214184,102,170,106
[19:50:15.740][D][ldc1314:450]: TRACE,214198,102,170,106
[19:50:15.741][D][ldc1314:450]: TRACE,214211,102,170,106
[19:50:15.741][D][ldc1314:450]: TRACE,214221,102,170,106
[19:50:15.741][D][ldc1314:450]: TRACE,214231,102,170,106
[19:50:15.741][D][ldc1314:450]: TRACE,214241,102,170,106
[19:50:15.749][D][ldc1314:450]: TRACE,214251,102,170,106
[19:50:15.749][D][ldc1314:450]: TRACE,214261,102,170,106
[19:50:15.749][D][ldc1314:450]: TRACE,214272,102,170,106
[19:50:15.752][D][ldc1314:450]: TRACE,214283,102,170,106
[19:50:15.764][D][ldc1314:450]: TRACE,214295,102,170,106
[19:50:15.777][D][ldc1314:450]: TRACE,214309,102,170,106
[19:50:15.795][D][ldc1314:450]: TRACE,214325,102,170,106
[19:50:15.808][D][ldc1314:450]: TRACE,214340,102,170,106
[19:50:15.828][D][ldc1314:450]: TRACE,214352,102,170,106
[19:50:15.837][D][ldc1314:450]: TRACE,214369,102,170,106
[19:50:15.851][D][ldc1314:450]: TRACE,214381,102,170,106
[19:50:15.865][D][ldc1314:450]: TRACE,214396,102,170,106
[19:50:15.881][D][ldc1314:450]: TRACE,214410,102,170,106
[19:50:15.898][D][ldc1314:450]: TRACE,214425,102,170,106
[19:50:15.909][D][ldc1314:450]: TRACE,214439,102,170,106
[19:50:15.930][D][ldc1314:450]: TRACE,214457,102,170,106
[19:50:15.939][D][ldc1314:450]: TRACE,214469,102,170,106
[19:50:15.963][D][ldc1314:450]: TRACE,214483,102,170,106
[19:50:15.967][D][ldc1314:450]: TRACE,214499,102,170,106
[19:50:15.982][D][ldc1314:450]: TRACE,214512,102,170,106
[19:50:15.998][D][ldc1314:450]: TRACE,214528,102,170,106
[19:50:16.012][D][ldc1314:450]: TRACE,214538,102,170,106
[19:50:16.032][D][ldc1314:450]: TRACE,214555,102,170,106
[19:50:16.041][D][ldc1314:450]: TRACE,214569,102,170,106
[19:50:16.060][D][ldc1314:450]: TRACE,214590,102,170,106
[19:50:16.072][D][ldc1314:450]: TRACE,214603,102,170,106
[19:50:16.089][D][ldc1314:450]: TRACE,214616,102,170,106
[19:50:16.102][D][ldc1314:450]: TRACE,214631,102,170,106
[19:50:16.116][D][ldc1314:450]: TRACE,214647,102,170,106
[19:50:16.135][D][ldc1314:450]: TRACE,214661,102,170,106
[19:50:16.146][D][ldc1314:450]: TRACE,214674,102,170,106
[19:50:16.158][D][ldc1314:450]: TRACE,214689,102,170,106
[19:50:16.260][D][ldc1314:450]: TRACE,214708,102,170,106
[19:50:16.261][D][ldc1314:450]: TRACE,214720,102,170,106
[19:50:16.261][D][ldc1314:450]: TRACE,214730,102,170,106
[19:50:16.261][D][ldc1314:450]: TRACE,214740,102,170,106
[19:50:16.261][D][ldc1314:450]: TRACE,214750,102,170,106
[19:50:16.261][D][ldc1314:450]: TRACE,214760,102,170,106
[19:50:16.261][D][ldc1314:450]: TRACE,214770,102,170,106
[19:50:16.261][D][ldc1314:450]: TRACE,214781,102,170,106
[19:50:16.271][D][ldc1314:450]: TRACE,214792,102,170,106
[19:50:16.271][D][ldc1314:450]: TRACE,214801,102,170,106
[19:50:16.288][D][ldc1314:450]: TRACE,214815,102,170,106
[19:50:16.298][D][ldc1314:450]: TRACE,214830,102,170,106
[19:50:16.315][D][ldc1314:450]: TRACE,214844,102,170,106
[19:50:16.328][D][ldc1314:450]: TRACE,214859,102,170,106
[19:50:16.342][D][ldc1314:450]: TRACE,214873,102,170,106
[19:50:16.354][D][ldc1314:450]: TRACE,214886,102,170,106
[19:50:16.372][D][ldc1314:450]: TRACE,214900,102,170,106
[19:50:16.385][D][ldc1314:450]: TRACE,214914,102,170,106
[19:50:16.405][D][ldc1314:450]: TRACE,214933,102,170,106
[19:50:16.419][D][ldc1314:450]: TRACE,214949,102,170,106
[19:50:16.451][D][ldc1314:450]: TRACE,214963,102,170,106
[19:50:16.458][D][ldc1314:450]: TRACE,214978,102,170,106
[19:50:16.459][D][ldc1314:450]: TRACE,214991,102,170,106
[19:50:16.475][D][ldc1314:450]: TRACE,215003,102,170,106
[19:50:16.488][D][ldc1314:450]: TRACE,215017,102,170,106
[19:50:16.502][D][ldc1314:450]: TRACE,215032,102,170,106
[19:50:16.524][D][ldc1314:450]: TRACE,215052,102,170,106
[19:50:16.544][D][ldc1314:450]: TRACE,215067,102,170,106
[19:50:16.551][D][ldc1314:450]: TRACE,215083,102,170,106
[19:50:16.565][D][ldc1314:450]: TRACE,215095,102,170,106
[19:50:16.578][D][ldc1314:450]: TRACE,215109,102,170,106
[19:50:16.592][D][ldc1314:450]: TRACE,215122,102,170,106
[19:50:16.605][D][ldc1314:450]: TRACE,215137,102,170,106
[19:50:16.621][D][ldc1314:450]: TRACE,215149,102,170,106
[19:50:16.646][D][ldc1314:450]: TRACE,215171,102,170,106
[19:50:16.654][D][ldc1314:450]: TRACE,215184,102,170,106
[19:50:16.669][D][ldc1314:450]: TRACE,215198,102,170,106
[19:50:16.683][D][ldc1314:450]: TRACE,215215,102,170,106
[19:50:16.785][D][ldc1314:450]: TRACE,215227,102,170,106
[19:50:16.785][D][ldc1314:450]: TRACE,215241,103,170,106
[19:50:16.785][D][ldc1314:450]: TRACE,215251,102,170,106
[19:50:16.785][D][ldc1314:450]: TRACE,215261,102,170,106
[19:50:16.785][D][ldc1314:450]: TRACE,215271,102,170,106
[19:50:16.785][D][ldc1314:450]: TRACE,215283,102,170,106
[19:50:16.785][D][ldc1314:450]: TRACE,215294,102,170,106
[19:50:16.785][D][ldc1314:450]: TRACE,215304,102,170,106
[19:50:16.785][D][ldc1314:450]: TRACE,215314,102,170,106
[19:50:16.802][D][ldc1314:450]: TRACE,215324,102,170,106
[19:50:16.813][D][ldc1314:450]: TRACE,215337,102,170,106
[19:50:16.820][D][ldc1314:450]: TRACE,215349,102,170,106
[19:50:16.834][D][ldc1314:450]: TRACE,215361,102,170,106
[19:50:16.855][D][ldc1314:450]: TRACE,215378,102,170,106
[19:50:16.860][D][ldc1314:450]: TRACE,215391,102,170,106
[19:50:16.874][D][ldc1314:450]: TRACE,215402,102,170,106
[19:50:16.886][D][ldc1314:450]: TRACE,215418,102,170,106
[19:50:16.905][D][ldc1314:450]: TRACE,215432,102,170,106
[19:50:16.917][D][ldc1314:450]: TRACE,215446,102,170,106
[19:50:16.931][D][ldc1314:450]: TRACE,215461,102,170,106
[19:50:16.953][D][ldc1314:450]: TRACE,215476,102,170,106
[19:50:16.964][D][ldc1314:450]: TRACE,215490,102,170,106
[19:50:16.969][D][ldc1314:450]: TRACE,215500,102,170,106
[19:50:16.983][D][ldc1314:450]: TRACE,215514,102,170,106
[19:50:17.002][D][ldc1314:450]: TRACE,215531,102,170,106
[19:50:17.015][D][ldc1314:450]: TRACE,215546,102,170,106
[19:50:17.034][D][ldc1314:450]: TRACE,215561,102,170,106
[19:50:17.045][D][ldc1314:450]: TRACE,215575,102,170,106
[19:50:17.059][D][ldc1314:450]: TRACE,215587,102,170,106
[19:50:17.071][D][ldc1314:450]: TRACE,215599,102,170,106
[19:50:17.090][D][ldc1314:450]: TRACE,215616,102,170,106
[19:50:17.100][D][ldc1314:450]: TRACE,215630,102,170,106
[19:50:17.120][D][ldc1314:450]: TRACE,215650,102,170,106
[19:50:17.133][D][ldc1314:450]: TRACE,215664,102,170,106
[19:50:17.158][D][ldc1314:450]: TRACE,215677,102,170,106
[19:50:17.163][D][ldc1314:450]: TRACE,215695,102,170,106
[19:50:17.178][D][ldc1314:450]: TRACE,215709,102,170,106
[19:50:17.195][D][ldc1314:450]: TRACE,215723,102,170,106
[19:50:17.206][D][ldc1314:450]: TRACE,215735,102,170,106
[19:50:17.310][D][ldc1314:450]: TRACE,215754,102,170,106
[19:50:17.310][D][ldc1314:450]: TRACE,215769,102,170,106
[19:50:17.310][D][ldc1314:450]: TRACE,215779,102,170,106
[19:50:17.310][D][ldc1314:450]: TRACE,215789,102,170,106
[19:50:17.310][D][ldc1314:450]: TRACE,215799,102,170,106
[19:50:17.310][D][ldc1314:450]: TRACE,215809,102,170,106
[19:50:17.310][D][ldc1314:450]: TRACE,215819,102,170,106
[19:50:17.310][D][ldc1314:450]: TRACE,215829,102,170,106
[19:50:17.319][D][ldc1314:450]: TRACE,215839,102,170,106
[19:50:17.320][D][ldc1314:450]: TRACE,215849,102,170,106
[19:50:17.335][D][ldc1314:450]: TRACE,215863,102,170,106
[19:50:17.348][D][ldc1314:450]: TRACE,215877,102,170,106
[19:50:17.368][D][ldc1314:450]: TRACE,215890,102,170,106
[19:50:17.370][D][ldc1314:450]: TRACE,215901,102,170,106
[19:50:17.385][D][ldc1314:450]: TRACE,215915,102,170,107
[19:50:17.400][D][ldc1314:450]: TRACE,215929,102,170,106
[19:50:17.412][D][ldc1314:450]: TRACE,215943,102,170,106
[19:50:17.424][D][ldc1314:450]: TRACE,215956,102,170,106
[19:50:17.446][D][ldc1314:450]: TRACE,215973,102,170,106
[19:50:17.468][D][ldc1314:450]: TRACE,215988,102,170,106
[19:50:17.478][D][ldc1314:450]: TRACE,216006,102,170,106
[19:50:17.490][D][ldc1314:450]: TRACE,216022,102,170,106
[19:50:17.505][D][ldc1314:450]: TRACE,216036,102,170,106
[19:50:17.519][D][ldc1314:450]: TRACE,216048,102,170,106
[19:50:17.531][D][ldc1314:450]: TRACE,216063,102,170,106
[19:50:17.544][D][ldc1314:450]: TRACE,216075,102,170,107
[19:50:17.567][D][ldc1314:450]: TRACE,216093,102,170,106
[19:50:17.576][D][ldc1314:450]: TRACE,216106,102,170,106
[19:50:17.589][D][ldc1314:450]: TRACE,216120,102,170,106
[19:50:17.602][D][ldc1314:450]: TRACE,216134,102,170,106
[19:50:17.615][D][ldc1314:450]: TRACE,216146,102,170,106
[19:50:17.627][D][ldc1314:450]: TRACE,216160,102,170,107
[19:50:17.643][D][ldc1314:450]: TRACE,216173,102,170,106
[19:50:17.658][D][ldc1314:450]: TRACE,216186,102,170,106
[19:50:17.676][D][ldc1314:450]: TRACE,216205,102,170,106
[19:50:17.689][D][ldc1314:450]: TRACE,216218,102,170,106
[19:50:17.705][D][ldc1314:450]: TRACE,216235,102,170,106
[19:50:17.725][D][ldc1314:450]: TRACE,216247,102,170,106
[19:50:17.732][D][ldc1314:450]: TRACE,216261,102,170,106
[19:50:17.743][D][ldc1314:450]: TRACE,216271,102,170,106
[19:50:17.833][D][ldc1314:450]: TRACE,216287,102,170,106
[19:50:17.833][D][ldc1314:450]: TRACE,216298,102,170,106
[19:50:17.833][D][ldc1314:450]: TRACE,216309,102,170,106
[19:50:17.833][D][ldc1314:450]: TRACE,216321,102,170,106
[19:50:17.834][D][ldc1314:450]: TRACE,216331,102,170,106
[19:50:17.834][D][ldc1314:450]: TRACE,216342,102,170,106
[19:50:17.841][D][ldc1314:450]: TRACE,216352,102,170,106
[19:50:17.841][D][ldc1314:450]: TRACE,216362,102,170,106
[19:50:17.847][D][ldc1314:450]: TRACE,216373,102,170,106
[19:50:17.860][D][ldc1314:450]: TRACE,216386,102,170,106
[19:50:17.878][D][ldc1314:450]: TRACE,216401,102,170,106
[19:50:17.884][D][ldc1314:450]: TRACE,216411,102,170,106
[19:50:17.898][D][ldc1314:450]: TRACE,216427,102,170,106
[19:50:17.914][D][ldc1314:450]: TRACE,216443,102,170,106
[19:50:17.928][D][ldc1314:450]: TRACE,216458,102,170,106
[19:50:17.944][D][ldc1314:450]: TRACE,216474,102,170,106
[19:50:17.958][D][ldc1314:450]: TRACE,216489,102,170,106
[19:50:17.979][D][ldc1314:450]: TRACE,216503,102,170,106
[19:50:17.986][D][ldc1314:450]: TRACE,216516,102,170,106
[19:50:18.007][D][ldc1314:450]: TRACE,216535,102,170,106
[19:50:18.019][D][ldc1314:450]: TRACE,216550,102,170,106
[19:50:18.033][D][ldc1314:450]: TRACE,216563,102,170,106
[19:50:18.048][D][ldc1314:450]: TRACE,216577,102,170,106
[19:50:18.061][D][ldc1314:450]: TRACE,216591,102,170,106
[19:50:18.079][D][ldc1314:450]: TRACE,216606,102,170,106
[19:50:18.087][D][ldc1314:450]: TRACE,216620,102,170,106
[19:50:18.102][D][ldc1314:450]: TRACE,216632,102,170,106
[19:50:18.120][D][ldc1314:450]: TRACE,216650,102,170,106
[19:50:18.133][D][ldc1314:450]: TRACE,216665,102,170,106
[19:50:18.148][D][ldc1314:450]: TRACE,216678,102,170,106
[19:50:18.157][D][ldc1314:450]: TRACE,216692,102,170,106
[19:50:18.181][D][ldc1314:450]: TRACE,216704,102,170,106
[19:50:18.190][D][ldc1314:450]: TRACE,216718,102,170,106
[19:50:18.199][D][ldc1314:450]: TRACE,216728,102,170,106
[19:50:18.216][D][ldc1314:450]: TRACE,216743,102,170,106
[19:50:18.230][D][ldc1314:450]: TRACE,216759,102,170,106
[19:50:18.243][D][ldc1314:450]: TRACE,216776,102,170,106
[19:50:18.256][D][ldc1314:450]: TRACE,216789,102,170,106
[19:50:18.358][D][ldc1314:450]: TRACE,216803,102,170,106
[19:50:18.359][D][ldc1314:450]: TRACE,216818,102,170,106
[19:50:18.359][D][ldc1314:450]: TRACE,216827,102,170,106
[19:50:18.359][D][ldc1314:450]: TRACE,216837,102,170,106
[19:50:18.359][D][ldc1314:450]: TRACE,216847,102,170,106
[19:50:18.359][D][ldc1314:450]: TRACE,216857,102,170,106
[19:50:18.368][D][ldc1314:450]: TRACE,216867,102,170,106
[19:50:18.369][D][ldc1314:450]: TRACE,216878,102,170,106
[19:50:18.369][D][ldc1314:450]: TRACE,216887,102,170,106
[19:50:18.369][D][ldc1314:450]: TRACE,216898,102,170,106
[19:50:18.388][D][ldc1314:450]: TRACE,216910,102,170,106
[19:50:18.397][D][ldc1314:450]: TRACE,216922,102,170,106
[19:50:18.405][D][ldc1314:450]: TRACE,216936,102,170,106
[19:50:18.422][D][ldc1314:450]: TRACE,216950,102,170,106
[19:50:18.431][D][ldc1314:450]: TRACE,216962,102,170,106
[19:50:18.444][D][ldc1314:450]: TRACE,216977,102,170,106
[19:50:18.474][D][ldc1314:450]: TRACE,216991,102,170,106
[19:50:18.491][D][ldc1314:450]: TRACE,217014,102,170,106
[19:50:18.499][D][ldc1314:450]: TRACE,217028,102,170,106
[19:50:18.512][D][ldc1314:450]: TRACE,217043,102,170,106
[19:50:18.526][D][ldc1314:450]: TRACE,217057,102,170,106
[19:50:18.543][D][ldc1314:450]: TRACE,217070,102,170,106
[19:50:18.558][D][ldc1314:450]: TRACE,217088,102,170,106
[19:50:18.572][D][ldc1314:450]: TRACE,217102,102,170,106
[19:50:18.591][D][ldc1314:450]: TRACE,217119,102,170,106
[19:50:18.602][D][ldc1314:450]: TRACE,217132,102,170,106
[19:50:18.620][D][ldc1314:450]: TRACE,217147,102,170,106
[19:50:18.629][D][ldc1314:450]: TRACE,217160,102,170,106
[19:50:18.649][D][ldc1314:450]: TRACE,217173,102,170,106
[19:50:18.656][D][ldc1314:450]: TRACE,217188,102,170,106
[19:50:18.669][D][ldc1314:450]: TRACE,217201,102,170,106
[19:50:18.693][D][ldc1314:450]: TRACE,217215,102,170,106
[19:50:18.701][D][ldc1314:450]: TRACE,217229,102,170,106
[19:50:18.717][D][ldc1314:450]: TRACE,217247,102,170,106
[19:50:18.733][D][ldc1314:450]: TRACE,217261,102,170,106
[19:50:18.748][D][ldc1314:450]: TRACE,217276,102,170,106
[19:50:18.760][D][ldc1314:450]: TRACE,217290,102,170,106
[19:50:18.777][D][ldc1314:450]: TRACE,217304,102,170,106
[19:50:18.884][D][ldc1314:450]: TRACE,217318,102,170,106
[19:50:18.885][D][ldc1314:450]: TRACE,217330,102,170,106
[19:50:18.885][D][ldc1314:450]: TRACE,217341,102,170,106
[19:50:18.885][D][ldc1314:450]: TRACE,217357,102,170,106
[19:50:18.885][D][ldc1314:450]: TRACE,217367,102,170,106
[19:50:18.885][D][ldc1314:450]: TRACE,217377,102,170,106
[19:50:18.885][D][ldc1314:450]: TRACE,217387,102,170,106
[19:50:18.899][D][ldc1314:450]: TRACE,217397,102,170,106
[19:50:18.899][D][ldc1314:450]: TRACE,217407,102,170,106
[19:50:18.899][D][ldc1314:450]: TRACE,217417,102,170,106
[19:50:18.899][D][ldc1314:450]: TRACE,217428,102,170,106
[19:50:18.911][D][ldc1314:450]: TRACE,217439,102,170,106
[19:50:18.927][D][ldc1314:450]: TRACE,217456,102,170,106
[19:50:18.938][D][ldc1314:450]: TRACE,217470,102,170,106
[19:50:18.958][D][ldc1314:450]: TRACE,217488,102,170,106
[19:50:18.972][D][ldc1314:450]: TRACE,217502,102,170,106
[19:50:18.989][D][ldc1314:450]: TRACE,217517,102,170,106
[19:50:19.002][D][ldc1314:450]: TRACE,217532,102,170,106
[19:50:19.015][D][ldc1314:450]: TRACE,217545,102,170,106
[19:50:19.030][D][ldc1314:450]: TRACE,217560,102,170,106
[19:50:19.044][D][ldc1314:450]: TRACE,217576,102,170,106
[19:50:19.062][D][ldc1314:450]: TRACE,217588,102,170,106
[19:50:19.081][D][ldc1314:450]: TRACE,217607,102,170,106
[19:50:19.104][D][ldc1314:450]: TRACE,217621,102,170,106
[19:50:19.111][D][ldc1314:450]: TRACE,217637,102,170,106
[19:50:19.122][D][ldc1314:450]: TRACE,217649,102,170,106
[19:50:19.139][D][ldc1314:450]: TRACE,217666,102,170,106
[19:50:19.169][D][ldc1314:450]: TRACE,217680,102,170,106
[19:50:19.169][D][ldc1314:450]: TRACE,217692,103,170,106
[19:50:19.169][D][ldc1314:450]: TRACE,217702,102,170,106
[19:50:19.193][D][ldc1314:450]: TRACE,217713,102,170,106
[19:50:19.193][D][ldc1314:450]: TRACE,217725,102,170,106
[19:50:19.211][D][ldc1314:450]: TRACE,217737,102,170,106
[19:50:19.220][D][ldc1314:450]: TRACE,217747,102,170,106
[19:50:19.234][D][ldc1314:450]: TRACE,217764,102,170,106
[19:50:19.250][D][ldc1314:450]: TRACE,217779,102,170,106
[19:50:19.261][D][ldc1314:450]: TRACE,217791,102,170,106
[19:50:19.270][D][ldc1314:450]: TRACE,217802,102,170,106
[19:50:19.290][D][ldc1314:450]: TRACE,217818,102,170,106
[19:50:19.307][D][ldc1314:450]: TRACE,217834,102,170,106
[19:50:19.410][D][ldc1314:450]: TRACE,217847,102,170,106
[19:50:19.411][D][ldc1314:450]: TRACE,217863,102,170,107
[19:50:19.411][D][ldc1314:450]: TRACE,217873,102,170,106
[19:50:19.411][D][ldc1314:450]: TRACE,217883,102,170,106
[19:50:19.411][D][ldc1314:450]: TRACE,217893,102,170,106
[19:50:19.411][D][ldc1314:450]: TRACE,217903,102,170,106
[19:50:19.411][D][ldc1314:450]: TRACE,217913,102,170,106
[19:50:19.419][D][ldc1314:450]: TRACE,217924,102,170,106
[19:50:19.419][D][ldc1314:450]: TRACE,217935,102,170,106
[19:50:19.419][D][ldc1314:450]: TRACE,217945,102,170,106
[19:50:19.426][D][ldc1314:450]: TRACE,217955,102,170,106
[19:50:19.440][D][ldc1314:450]: TRACE,217971,102,170,106
[19:50:19.452][D][ldc1314:450]: TRACE,217985,102,170,106
[19:50:19.473][D][ldc1314:450]: TRACE,217997,102,170,106
[19:50:19.488][D][ldc1314:450]: TRACE,218016,102,170,106
[19:50:19.500][D][ldc1314:450]: TRACE,218031,102,170,106
[19:50:19.520][D][ldc1314:450]: TRACE,218047,102,170,106
[19:50:19.534][D][ldc1314:450]: TRACE,218060,102,170,106
[19:50:19.548][D][ldc1314:450]: TRACE,218077,102,170,107
[19:50:19.562][D][ldc1314:450]: TRACE,218092,102,170,106
[19:50:19.575][D][ldc1314:450]: TRACE,218106,102,170,106
[19:50:19.587][D][ldc1314:450]: TRACE,218119,102,170,106
[19:50:19.614][D][ldc1314:450]: TRACE,218133,102,170,106
[19:50:19.614][D][ldc1314:450]: TRACE,218147,102,170,106
[19:50:19.633][D][ldc1314:450]: TRACE,218160,102,170,106
[19:50:19.650][D][ldc1314:450]: TRACE,218178,102,170,106
[19:50:19.660][D][ldc1314:450]: TRACE,218192,102,170,106
[19:50:19.673][D][ldc1314:450]: TRACE,218204,102,170,106
[19:50:19.689][D][ldc1314:450]: TRACE,218216,102,170,106
[19:50:19.701][D][ldc1314:450]: TRACE,218231,102,170,106
[19:50:19.720][D][ldc1314:450]: TRACE,218244,102,170,106
[19:50:19.728][D][ldc1314:450]: TRACE,218257,102,170,106
[19:50:19.743][D][ldc1314:450]: TRACE,218272,102,170,106
[19:50:19.761][D][ldc1314:450]: TRACE,218292,102,170,106
[19:50:19.775][D][ldc1314:450]: TRACE,218305,102,170,106
[19:50:19.789][D][ldc1314:450]: TRACE,218319,102,170,106
[19:50:19.804][D][ldc1314:450]: TRACE,218334,102,170,106
[19:50:19.822][D][ldc1314:450]: TRACE,218350,102,170,106
[19:50:19.832][D][ldc1314:450]: TRACE,218360,102,170,106
[19:50:19.933][D][ldc1314:450]: TRACE,218376,102,170,106
[19:50:19.933][D][ldc1314:450]: TRACE,218390,102,170,106
[19:50:19.933][D][ldc1314:450]: TRACE,218403,102,170,106
[19:50:19.933][D][ldc1314:450]: TRACE,218413,102,170,106
[19:50:19.933][D][ldc1314:450]: TRACE,218423,102,170,106
[19:50:19.933][D][ldc1314:450]: TRACE,218433,102,170,106
[19:50:19.941][D][ldc1314:450]: TRACE,218443,102,170,106
[19:50:19.941][D][ldc1314:450]: TRACE,218453,102,170,106
[19:50:19.941][D][ldc1314:450]: TRACE,218463,102,170,106
[19:50:19.942][D][ldc1314:450]: TRACE,218474,102,170,106
[19:50:19.960][D][ldc1314:450]: TRACE,218487,102,170,106
[19:50:19.970][D][ldc1314:450]: TRACE,218499,102,170,106
[19:50:19.988][D][ldc1314:450]: TRACE,218518,102,170,106
[19:50:20.006][D][ldc1314:450]: TRACE,218533,102,170,107
[19:50:20.023][D][ldc1314:450]: TRACE,218547,102,170,106
[19:50:20.033][D][ldc1314:450]: TRACE,218561,102,170,106
[19:50:20.048][D][ldc1314:450]: TRACE,218577,102,170,106
[19:50:20.061][D][ldc1314:450]: TRACE,218592,102,170,106
[19:50:20.078][D][ldc1314:450]: TRACE,218606,102,170,106
[19:50:20.088][D][ldc1314:450]: TRACE,218619,102,170,106
[19:50:20.108][D][ldc1314:450]: TRACE,218636,102,170,106
[19:50:20.126][D][ldc1314:450]: TRACE,218651,102,170,106
[19:50:20.138][D][ldc1314:450]: TRACE,218665,102,170,106
[19:50:20.148][D][ldc1314:450]: TRACE,218680,102,170,106
[19:50:20.164][D][ldc1314:450]: TRACE,218692,102,170,106
[19:50:20.180][D][ldc1314:450]: TRACE,218707,102,170,106
[19:50:20.189][D][ldc1314:450]: TRACE,218721,102,170,106
[19:50:20.201][D][ldc1314:450]: TRACE,218733,102,170,106
[19:50:20.228][D][ldc1314:450]: TRACE,218751,102,170,106
[19:50:20.236][D][ldc1314:450]: TRACE,218765,102,170,106
[19:50:20.248][D][ldc1314:450]: TRACE,218779,102,170,106
[19:50:20.264][D][ldc1314:450]: TRACE,218794,102,170,106
[19:50:20.278][D][ldc1314:450]: TRACE,218807,102,170,106
[19:50:20.296][D][ldc1314:450]: TRACE,218822,102,170,106
[19:50:20.305][D][ldc1314:450]: TRACE,218836,102,170,106
[19:50:20.319][D][ldc1314:450]: TRACE,218848,102,170,106
[19:50:20.336][D][ldc1314:450]: TRACE,218865,102,170,106
[19:50:20.347][D][ldc1314:450]: TRACE,218878,102,170,106
[19:50:20.455][D][ldc1314:450]: TRACE,218893,102,170,106
[19:50:20.456][D][ldc1314:450]: TRACE,218907,102,170,106
[19:50:20.456][D][ldc1314:450]: TRACE,218916,102,169,106
[19:50:20.456][D][ldc1314:450]: TRACE,218926,102,170,106
[19:50:20.456][D][ldc1314:450]: TRACE,218936,102,170,106
[19:50:20.456][D][ldc1314:450]: TRACE,218946,103,170,106
[19:50:20.456][D][ldc1314:450]: TRACE,218956,102,170,106
[19:50:20.456][D][ldc1314:450]: TRACE,218966,102,170,106
[19:50:20.464][D][ldc1314:450]: TRACE,218977,102,170,106
[19:50:20.464][D][ldc1314:450]: TRACE,218989,102,170,106
[19:50:20.473][D][ldc1314:450]: TRACE,218999,102,170,107
[19:50:20.488][D][ldc1314:450]: TRACE,219017,102,170,107
[19:50:20.500][D][ldc1314:450]: TRACE,219031,103,170,107
[19:50:20.515][D][ldc1314:450]: TRACE,219045,103,170,106
[19:50:20.535][D][ldc1314:450]: TRACE,219059,102,170,107
[19:50:20.544][D][ldc1314:450]: TRACE,219072,102,170,107
[19:50:20.557][D][ldc1314:450]: TRACE,219088,103,170,107
[19:50:20.577][D][ldc1314:450]: TRACE,219107,102,170,107
[19:50:20.592][D][ldc1314:450]: TRACE,219120,103,170,107
[19:50:20.603][D][ldc1314:450]: TRACE,219135,103,170,107
[19:50:20.620][D][ldc1314:450]: TRACE,219149,103,170,107
[19:50:20.638][D][ldc1314:450]: TRACE,219164,103,170,107
[19:50:20.647][D][ldc1314:450]: TRACE,219177,103,170,107
[19:50:20.666][D][ldc1314:450]: TRACE,219193,103,171,107
[19:50:20.676][D][ldc1314:450]: TRACE,219207,103,170,107
[19:50:20.694][D][ldc1314:450]: TRACE,219223,102,170,107
[19:50:20.709][D][ldc1314:450]: TRACE,219239,103,170,107
[19:50:20.723][D][ldc1314:450]: TRACE,219253,103,170,107
[19:50:20.740][D][ldc1314:450]: TRACE,219267,103,170,107
[19:50:20.751][D][ldc1314:450]: TRACE,219281,103,170,107
[19:50:20.765][D][ldc1314:450]: TRACE,219294,103,170,107
[19:50:20.777][D][ldc1314:450]: TRACE,219309,103,170,107
[19:50:20.795][D][ldc1314:450]: TRACE,219323,103,170,107
[19:50:20.814][D][ldc1314:450]: TRACE,219342,103,170,107
[19:50:20.831][D][ldc1314:450]: TRACE,219357,103,170,107
[19:50:20.846][D][ldc1314:450]: TRACE,219373,103,170,107
[19:50:20.855][D][ldc1314:450]: TRACE,219385,103,170,107
[19:50:20.872][D][ldc1314:450]: TRACE,219402,102,170,107
[19:50:20.884][D][ldc1314:450]: TRACE,219416,103,170,107
[19:50:20.980][D][ldc1314:450]: TRACE,219428,103,170,107
[19:50:20.980][D][ldc1314:450]: TRACE,219441,103,170,107
[19:50:20.980][D][ldc1314:450]: TRACE,219454,103,170,107
[19:50:20.980][D][ldc1314:450]: TRACE,219463,103,170,107
[19:50:20.980][D][ldc1314:450]: TRACE,219473,103,170,107
[19:50:20.980][D][ldc1314:450]: TRACE,219483,103,170,107
[19:50:20.988][D][ldc1314:450]: TRACE,219493,103,170,107
[19:50:20.989][D][ldc1314:450]: TRACE,219503,103,170,107
[19:50:20.989][D][ldc1314:450]: TRACE,219513,103,170,107
[19:50:20.996][D][ldc1314:450]: TRACE,219523,103,170,107
[19:50:21.011][D][ldc1314:450]: TRACE,219540,103,170,107
[19:50:21.031][D][ldc1314:450]: TRACE,219561,103,170,107
[19:50:21.047][D][ldc1314:450]: TRACE,219575,103,171,107
[19:50:21.057][D][ldc1314:450]: TRACE,219588,103,170,107
[19:50:21.071][D][ldc1314:450]: TRACE,219601,103,170,107
[19:50:21.085][D][ldc1314:450]: TRACE,219615,103,170,107
[19:50:21.100][D][ldc1314:450]: TRACE,219630,103,170,107
[19:50:21.115][D][ldc1314:450]: TRACE,219644,103,170,107
[19:50:21.128][D][ldc1314:450]: TRACE,219656,103,170,107
[19:50:21.152][D][ldc1314:450]: TRACE,219677,103,170,107
[19:50:21.165][D][ldc1314:450]: TRACE,219689,103,170,107
[19:50:21.173][D][ldc1314:450]: TRACE,219704,103,170,107
[19:50:21.186][D][ldc1314:450]: TRACE,219716,102,170,107
[19:50:21.201][D][ldc1314:450]: TRACE,219731,103,170,107
[19:50:21.216][D][ldc1314:450]: TRACE,219745,103,170,107
[19:50:21.227][D][ldc1314:450]: TRACE,219759,103,170,107
[19:50:21.255][D][ldc1314:450]: TRACE,219771,103,170,107
[19:50:21.262][D][ldc1314:450]: TRACE,219788,102,170,107
[19:50:21.274][D][ldc1314:450]: TRACE,219801,102,170,107
[19:50:21.289][D][ldc1314:450]: TRACE,219816,102,170,107
[19:50:21.302][D][ldc1314:450]: TRACE,219831,102,170,107
[19:50:21.316][D][ldc1314:450]: TRACE,219847,103,171,107
[19:50:21.331][D][ldc1314:450]: TRACE,219860,103,171,107
[19:50:21.354][D][ldc1314:450]: TRACE,219877,103,170,107
[19:50:21.358][D][ldc1314:450]: TRACE,219891,103,170,107
[19:50:21.379][D][ldc1314:450]: TRACE,219908,103,170,107
[19:50:21.395][D][ldc1314:450]: TRACE,219923,103,170,107
[19:50:21.404][D][ldc1314:450]: TRACE,219934,103,170,107
[19:50:21.506][D][ldc1314:450]: TRACE,219948,103,170,107
[19:50:21.507][D][ldc1314:450]: TRACE,219960,103,170,107
[19:50:21.507][D][ldc1314:450]: TRACE,219970,103,170,107
[19:50:21.507][D][ldc1314:450]: TRACE,219980,103,170,107
[19:50:21.507][D][ldc1314:450]: TRACE,219991,103,170,107
[19:50:21.507][D][ldc1314:450]: TRACE,220001,103,171,107
[19:50:21.507][D][ldc1314:450]: TRACE,220012,103,170,107
[19:50:21.513][D][ldc1314:450]: TRACE,220022,103,170,107
[19:50:21.514][D][ldc1314:450]: TRACE,220033,103,171,107
[19:50:21.514][D][ldc1314:450]: TRACE,220043,103,171,107
[19:50:21.524][D][ldc1314:450]: TRACE,220053,103,170,107
[19:50:21.540][D][ldc1314:450]: TRACE,220069,103,170,107
[19:50:21.559][D][ldc1314:450]: TRACE,220083,103,171,107
[19:50:21.567][D][ldc1314:450]: TRACE,220097,103,170,107
[19:50:21.591][D][ldc1314:450]: TRACE,220113,103,170,107
[19:50:21.605][D][ldc1314:450]: TRACE,220135,103,170,107
[19:50:21.620][D][ldc1314:450]: TRACE,220151,103,170,107
[19:50:21.632][D][ldc1314:450]: TRACE,220163,103,170,107
[19:50:21.646][D][ldc1314:450]: TRACE,220177,103,170,107
[19:50:21.664][D][ldc1314:450]: TRACE,220190,103,170,107
[19:50:21.675][D][ldc1314:450]: TRACE,220202,103,170,107
[19:50:21.687][D][ldc1314:450]: TRACE,220216,103,170,107
[19:50:21.700][D][ldc1314:450]: TRACE,220232,103,170,107
[19:50:21.718][D][ldc1314:450]: TRACE,220249,103,171,107
[19:50:21.732][D][ldc1314:450]: TRACE,220262,103,171,107
[19:50:21.747][D][ldc1314:450]: TRACE,220276,103,170,107
[19:50:21.763][D][ldc1314:450]: TRACE,220290,103,170,107
[19:50:21.774][D][ldc1314:450]: TRACE,220303,103,170,107
[19:50:21.787][D][ldc1314:450]: TRACE,220318,103,170,107
[19:50:21.806][D][ldc1314:450]: TRACE,220333,103,170,107
[19:50:21.817][D][ldc1314:450]: TRACE,220345,103,170,107
[19:50:21.837][D][ldc1314:450]: TRACE,220363,103,170,107
[19:50:21.849][D][ldc1314:450]: TRACE,220378,103,170,107
[19:50:21.865][D][ldc1314:450]: TRACE,220393,103,170,107
[19:50:21.880][D][ldc1314:450]: TRACE,220406,103,170,107
[19:50:21.891][D][ldc1314:450]: TRACE,220421,103,170,107
[19:50:21.905][D][ldc1314:450]: TRACE,220436,103,170,107
[19:50:21.917][D][ldc1314:450]: TRACE,220448,102,170,107
[19:50:21.928][D][ldc1314:450]: TRACE,220461,103,170,105
[19:50:22.029][D][ldc1314:450]: TRACE,220478,101,169,105
[19:50:22.029][D][ldc1314:450]: TRACE,220488,101,168,105
[19:50:22.029][D][ldc1314:450]: TRACE,220498,101,169,105
[19:50:22.029][D][ldc1314:450]: TRACE,220508,101,169,105
[19:50:22.029][D][ldc1314:450]: TRACE,220518,101,168,105
[19:50:22.029][D][ldc1314:450]: TRACE,220528,101,169,105
[19:50:22.029][D][ldc1314:450]: TRACE,220538,101,169,105
[19:50:22.029][D][ldc1314:450]: TRACE,220548,101,169,105
[19:50:22.039][D][ldc1314:450]: TRACE,220558,101,169,105
[19:50:22.039][D][ldc1314:450]: TRACE,220568,101,169,105
[19:50:22.055][D][ldc1314:450]: TRACE,220584,101,169,105
[19:50:22.074][D][ldc1314:450]: TRACE,220599,101,169,105
[19:50:22.088][D][ldc1314:450]: TRACE,220612,101,169,105
[19:50:22.098][D][ldc1314:450]: TRACE,220627,101,169,105
[19:50:22.110][D][ldc1314:450]: TRACE,220642,101,169,105
[19:50:22.125][D][ldc1314:450]: TRACE,220655,101,169,105
[19:50:22.142][D][ldc1314:450]: TRACE,220671,101,169,105
[19:50:22.154][D][ldc1314:450]: TRACE,220685,101,169,105
[19:50:22.177][D][ldc1314:450]: TRACE,220702,101,169,105
[19:50:22.184][D][ldc1314:450]: TRACE,220712,101,169,105
[19:50:22.196][D][ldc1314:450]: TRACE,220725,101,169,105
[19:50:22.210][D][ldc1314:450]: TRACE,220741,101,169,105
[19:50:22.223][D][ldc1314:450]: TRACE,220753,101,169,105
[19:50:22.236][D][ldc1314:450]: TRACE,220767,101,169,106
[19:50:22.253][D][ldc1314:450]: TRACE,220781,101,169,105
[19:50:22.275][D][ldc1314:450]: TRACE,220797,101,169,106
[19:50:22.281][D][ldc1314:450]: TRACE,220809,101,169,105
[19:50:22.297][D][ldc1314:450]: TRACE,220827,101,169,105
[19:50:22.313][D][ldc1314:450]: TRACE,220841,101,169,106
[19:50:22.323][D][ldc1314:450]: TRACE,220855,101,169,105
[19:50:22.345][D][ldc1314:450]: TRACE,220867,101,169,105
[19:50:22.359][D][ldc1314:450]: TRACE,220881,101,169,105
[19:50:22.366][D][ldc1314:450]: TRACE,220892,101,169,105
[19:50:22.380][D][ldc1314:450]: TRACE,220904,101,169,105
[19:50:22.389][D][ldc1314:450]: TRA